Trade #,Type,Date/Time,Signal,Price USD,Position size (qty),Position size (value),Net P&L USD,Net P&L %,Run-up USD,Run-up %,Drawdown USD,Drawdown %,Cumulative P&L USD,Cumulative P&L %
1,Entry long,2021-01-05 10:05:00-05:00,ORB close above 30m high,12773.0,5,127730.0,,,,,,,,
1,Exit long,2021-01-05 14:00:00-05:00,time,12752.0,5,127730.0,-216.2,-0.1693,92.5,0.0724,847.5,0.6635,-216.2,-0.2162
2,Entry long,2021-01-06 10:15:00-05:00,ORB close above 30m high,12677.0,5,126770.0,,,,,,,,
2,Exit long,2021-01-06 10:50:00-05:00,target,12764.42,5,126770.0,868.05,0.6847,905.0,0.7139,80.0,0.0631,651.85,0.6518
3,Entry long,2021-01-07 10:05:00-05:00,ORB close above 30m high,12871.5,5,128715.0,,,,,,,,
3,Exit long,2021-01-07 14:00:00-05:00,time,12913.0,5,128715.0,408.8,0.3176,492.5,0.3826,127.5,0.0991,1060.65,1.0606
4,Entry long,2021-01-08 12:15:00-05:00,ORB close above 30m high,13056.25,5,130562.5,,,,,,,,
4,Exit long,2021-01-08 13:20:00-05:00,stop,12985.5,5,130562.5,-713.7,-0.5466,92.5,0.0708,1045.0,0.8004,346.95,0.3469
5,Entry long,2021-01-11 10:10:00-05:00,ORB close above 30m high,12980.5,5,129805.0,,,,,,,,
5,Exit long,2021-01-11 14:00:00-05:00,time,12959.75,5,129805.0,-213.7,-0.1646,325.0,0.2504,492.5,0.3794,133.25,0.1332
6,Entry long,2021-01-13 10:40:00-05:00,ORB close above 30m high,12958.5,5,129585.0,,,,,,,,
6,Exit long,2021-01-13 14:00:00-05:00,time,12978.25,5,129585.0,191.3,0.1476,377.5,0.2913,202.5,0.1563,324.55,0.3245
7,Entry long,2021-01-14 10:50:00-05:00,ORB close above 30m high,13021.25,5,130212.5,,,,,,,,
7,Exit long,2021-01-14 11:55:00-05:00,stop,12968.25,5,130212.5,-536.2,-0.4118,75.0,0.0576,535.0,0.4109,-211.65,-0.2117
8,Entry long,2021-01-19 12:40:00-05:00,ORB close above 30m high,12931.25,5,129312.5,,,,,,,,
8,Exit long,2021-01-19 13:45:00-05:00,target,12980.7,5,129312.5,488.3,0.3776,530.0,0.4099,77.5,0.0599,276.65,0.2766
9,Entry long,2021-01-20 10:10:00-05:00,ORB close above 30m high,13206.5,5,132065.0,,,,,,,,
9,Exit long,2021-01-20 12:35:00-05:00,target,13266.1,5,132065.0,589.8,0.4466,650.0,0.4922,12.5,0.0095,866.45,0.8665
10,Entry long,2021-01-21 10:15:00-05:00,ORB close above 30m high,13364.75,5,133647.5,,,,,,,,
10,Exit long,2021-01-21 14:00:00-05:00,time,13364.75,5,133647.5,-6.2,-0.0046,280.0,0.2095,487.5,0.3648,860.25,0.8603
11,Entry long,2021-01-26 10:50:00-05:00,ORB close above 30m high,13514.25,5,135142.5,,,,,,,,
11,Exit long,2021-01-26 14:00:00-05:00,time,13500.0,5,135142.5,-148.7,-0.11,187.5,0.1387,590.0,0.4366,711.55,0.7116
12,Entry long,2021-01-28 10:20:00-05:00,ORB close above 30m high,13267.25,5,132672.5,,,,,,,,
12,Exit long,2021-01-28 12:30:00-05:00,target,13364.3,5,132672.5,964.3,0.7268,1017.5,0.7669,632.5,0.4767,1675.85,1.6758
13,Entry long,2021-01-29 10:25:00-05:00,ORB close above 30m high,13147.5,5,131475.0,,,,,,,,
13,Exit long,2021-01-29 11:20:00-05:00,stop,12998.0,5,131475.0,-1501.2,-1.1418,95.0,0.0723,1587.5,1.2075,174.65,0.1746
14,Entry long,2021-02-01 10:45:00-05:00,ORB close above 30m high,13116.25,5,131162.5,,,,,,,,
14,Exit long,2021-02-01 12:10:00-05:00,target,13218.2,5,131162.5,1013.3,0.7726,1110.0,0.8463,750.0,0.5718,1187.95,1.188
15,Entry long,2021-02-02 10:20:00-05:00,ORB close above 30m high,13434.5,5,134345.0,,,,,,,,
15,Exit long,2021-02-02 14:00:00-05:00,time,13471.5,5,134345.0,363.8,0.2708,510.0,0.3796,517.5,0.3852,1551.75,1.5518
16,Entry long,2021-02-04 13:05:00-05:00,ORB close above 30m high,13487.0,5,134870.0,,,,,,,,
16,Exit long,2021-02-04 14:00:00-05:00,time,13495.0,5,134870.0,73.8,0.0547,175.0,0.1298,55.0,0.0408,1625.55,1.6256
17,Entry long,2021-02-05 12:20:00-05:00,ORB close above 30m high,13596.25,5,135962.5,,,,,,,,
17,Exit long,2021-02-05 13:15:00-05:00,target,13638.17,5,135962.5,413.05,0.3038,422.5,0.3107,22.5,0.0165,2038.6,2.0386
18,Entry long,2021-02-08 10:05:00-05:00,ORB close above 30m high,13675.0,5,136750.0,,,,,,,,
18,Exit long,2021-02-08 11:25:00-05:00,stop,13632.25,5,136750.0,-433.7,-0.3171,175.0,0.128,437.5,0.3199,1604.9,1.6049
19,Entry long,2021-02-09 10:10:00-05:00,ORB close above 30m high,13713.75,5,137137.5,,,,,,,,
19,Exit long,2021-02-09 14:00:00-05:00,time,13671.5,5,137137.5,-428.7,-0.3126,215.0,0.1568,517.5,0.3774,1176.2,1.1762
20,Entry long,2021-02-12 10:15:00-05:00,ORB close above 30m high,13707.25,5,137072.5,,,,,,,,
20,Exit long,2021-02-12 11:30:00-05:00,target,13749.88,5,137072.5,420.05,0.3064,435.0,0.3174,430.0,0.3137,1596.25,1.5962
21,Entry long,2021-02-15 11:00:00-05:00,ORB close above 30m high,13863.0,5,138630.0,,,,,,,,
21,Exit long,2021-02-15 12:40:00-05:00,target,13873.08,5,138630.0,94.55,0.0682,130.0,0.0938,92.5,0.0667,1690.8,1.6908
22,Entry long,2021-02-16 10:40:00-05:00,ORB close above 30m high,13871.0,5,138710.0,,,,,,,,
22,Exit long,2021-02-16 11:05:00-05:00,stop,13811.25,5,138710.0,-603.7,-0.4352,25.0,0.018,697.5,0.5028,1087.1,1.0871
23,Entry long,2021-02-18 13:25:00-05:00,ORB close above 30m high,13596.0,5,135960.0,,,,,,,,
23,Exit long,2021-02-18 14:00:00-05:00,time,13600.25,5,135960.0,36.3,0.0267,292.5,0.2151,45.0,0.0331,1123.4,1.1234
24,Entry long,2021-02-23 10:30:00-05:00,ORB close above 30m high,13025.25,5,130252.5,,,,,,,,
24,Exit long,2021-02-23 14:00:00-05:00,time,13045.5,5,130252.5,196.3,0.1507,940.0,0.7217,1405.0,1.0787,1319.7,1.3197
25,Entry long,2021-02-24 11:15:00-05:00,ORB close above 30m high,13143.25,5,131432.5,,,,,,,,
25,Exit long,2021-02-24 12:30:00-05:00,target,13242.05,5,131432.5,981.8,0.747,1015.0,0.7723,17.5,0.0133,2301.5,2.3015
26,Entry long,2021-02-26 12:10:00-05:00,ORB close above 30m high,13052.25,5,130522.5,,,,,,,,
26,Exit long,2021-02-26 14:00:00-05:00,time,12955.25,5,130522.5,-976.2,-0.7479,375.0,0.2873,1195.0,0.9156,1325.3,1.3253
27,Entry long,2021-03-01 10:20:00-05:00,ORB close above 30m high,13132.0,5,131320.0,,,,,,,,
27,Exit long,2021-03-01 11:05:00-05:00,target,13195.98,5,131320.0,633.55,0.4824,670.0,0.5102,55.0,0.0419,1958.85,1.9588
28,Entry long,2021-03-04 11:45:00-05:00,ORB close above 30m high,12783.0,5,127830.0,,,,,,,,
28,Exit long,2021-03-04 12:25:00-05:00,stop,12568.5,5,127830.0,-2151.2,-1.6829,140.0,0.1095,2220.0,1.7367,-192.35,-0.1924
29,Entry long,2021-03-08 10:35:00-05:00,ORB close above 30m high,12708.25,5,127082.5,,,,,,,,
29,Exit long,2021-03-08 11:50:00-05:00,stop,12526.25,5,127082.5,-1826.2,-1.437,70.0,0.0551,1882.5,1.4813,-2018.55,-2.0186
30,Entry long,2021-03-09 10:05:00-05:00,ORB close above 30m high,12724.75,5,127247.5,,,,,,,,
30,Exit long,2021-03-09 13:00:00-05:00,target,12820.92,5,127247.5,955.55,0.7509,985.0,0.7741,410.0,0.3222,-1063.0,-1.063
31,Entry long,2021-03-11 10:50:00-05:00,ORB close above 30m high,13009.5,5,130095.0,,,,,,,,
31,Exit long,2021-03-11 11:35:00-05:00,target,13063.67,5,130095.0,535.55,0.4117,650.0,0.4996,165.0,0.1268,-527.45,-0.5275
32,Entry long,2021-03-12 12:30:00-05:00,ORB close above 30m high,12903.25,5,129032.5,,,,,,,,
32,Exit long,2021-03-12 14:00:00-05:00,time,12882.5,5,129032.5,-213.7,-0.1656,230.0,0.1782,487.5,0.3778,-741.15,-0.7412
33,Entry long,2021-03-15 10:15:00-04:00,ORB close above 30m high,12987.5,5,129875.0,,,,,,,,
33,Exit long,2021-03-15 11:30:00-04:00,stop,12896.25,5,129875.0,-918.7,-0.7074,12.5,0.0096,920.0,0.7084,-1659.85,-1.6599
34,Entry long,2021-03-16 10:05:00-04:00,ORB close above 30m high,13245.0,5,132450.0,,,,,,,,
34,Exit long,2021-03-16 14:00:00-04:00,time,13189.75,5,132450.0,-558.7,-0.4218,517.5,0.3907,740.0,0.5587,-2218.55,-2.2186
35,Entry long,2021-03-17 10:20:00-04:00,ORB close above 30m high,13066.75,5,130667.5,,,,,,,,
35,Exit long,2021-03-17 14:00:00-04:00,time,12995.0,5,130667.5,-723.7,-0.5538,482.5,0.3693,1280.0,0.9796,-2942.25,-2.9423
36,Entry long,2021-03-19 11:05:00-04:00,ORB close above 30m high,12841.5,5,128415.0,,,,,,,,
36,Exit long,2021-03-19 14:00:00-04:00,time,12869.25,5,128415.0,271.3,0.2113,497.5,0.3874,837.5,0.6522,-2670.95,-2.671
37,Entry long,2021-03-22 10:35:00-04:00,ORB close above 30m high,13026.0,5,130260.0,,,,,,,,
37,Exit long,2021-03-22 11:40:00-04:00,target,13094.52,5,130260.0,679.05,0.5213,692.5,0.5316,140.0,0.1075,-1991.9,-1.9919
38,Entry long,2021-03-23 10:15:00-04:00,ORB close above 30m high,13122.75,5,131227.5,,,,,,,,
38,Exit long,2021-03-23 14:00:00-04:00,time,13080.75,5,131227.5,-426.2,-0.3248,492.5,0.3753,717.5,0.5468,-2418.1,-2.4181
39,Entry long,2021-03-25 10:05:00-04:00,ORB close above 30m high,12823.0,5,128230.0,,,,,,,,
39,Exit long,2021-03-25 10:45:00-04:00,stop,12688.0,5,128230.0,-1356.2,-1.0576,140.0,0.1092,1487.5,1.16,-3774.3,-3.7743
40,Entry long,2021-03-26 10:05:00-04:00,ORB close above 30m high,12850.5,5,128505.0,,,,,,,,
40,Exit long,2021-03-26 14:00:00-04:00,time,12798.75,5,128505.0,-523.7,-0.4075,217.5,0.1693,925.0,0.7198,-4298.0,-4.298
41,Entry long,2021-03-29 13:05:00-04:00,ORB close above 30m high,12986.5,5,129865.0,,,,,,,,
41,Exit long,2021-03-29 14:00:00-04:00,time,12953.5,5,129865.0,-336.2,-0.2589,162.5,0.1251,520.0,0.4004,-4634.2,-4.6342
42,Entry long,2021-03-30 11:35:00-04:00,ORB close above 30m high,12895.25,5,128952.5,,,,,,,,
42,Exit long,2021-03-30 14:00:00-04:00,time,12851.5,5,128952.5,-443.7,-0.3441,210.0,0.1629,700.0,0.5428,-5077.9,-5.0779
43,Entry long,2021-03-31 10:05:00-04:00,ORB close above 30m high,13067.5,5,130675.0,,,,,,,,
43,Exit long,2021-03-31 13:25:00-04:00,target,13147.4,5,130675.0,792.8,0.6067,850.0,0.6505,27.5,0.021,-4285.1,-4.2851
44,Entry long,2021-04-01 10:10:00-04:00,ORB close above 30m high,13306.25,5,133062.5,,,,,,,,
44,Exit long,2021-04-01 14:00:00-04:00,time,13281.5,5,133062.5,-253.7,-0.1907,152.5,0.1146,462.5,0.3476,-4538.8,-4.5388
45,Entry long,2021-04-05 10:10:00-04:00,ORB close above 30m high,13490.75,5,134907.5,,,,,,,,
45,Exit long,2021-04-05 11:35:00-04:00,target,13547.55,5,134907.5,561.8,0.4164,672.5,0.4985,52.5,0.0389,-3977.0,-3.977
46,Entry long,2021-04-06 10:05:00-04:00,ORB close above 30m high,13605.0,5,136050.0,,,,,,,,
46,Exit long,2021-04-06 11:55:00-04:00,target,13651.12,5,136050.0,455.05,0.3345,492.5,0.362,410.0,0.3014,-3521.95,-3.522
47,Entry long,2021-04-07 10:05:00-04:00,ORB close above 30m high,13593.0,5,135930.0,,,,,,,,
47,Exit long,2021-04-07 14:00:00-04:00,time,13598.25,5,135930.0,46.3,0.0341,380.0,0.2796,332.5,0.2446,-3475.65,-3.4757
48,Entry long,2021-04-09 10:05:00-04:00,ORB close above 30m high,13732.5,5,137325.0,,,,,,,,
48,Exit long,2021-04-09 13:30:00-04:00,target,13784.23,5,137325.0,511.05,0.3721,555.0,0.4042,377.5,0.2749,-2964.6,-2.9646
49,Entry long,2021-04-12 12:35:00-04:00,ORB close above 30m high,13814.0,5,138140.0,,,,,,,,
49,Exit long,2021-04-12 14:00:00-04:00,time,13782.5,5,138140.0,-321.2,-0.2325,147.5,0.1068,362.5,0.2624,-3285.8,-3.2858
50,Entry long,2021-04-15 10:30:00-04:00,ORB close above 30m high,13989.25,5,139892.5,,,,,,,,
50,Exit long,2021-04-15 14:00:00-04:00,time,14013.75,5,139892.5,238.8,0.1707,327.5,0.2341,460.0,0.3288,-3047.0,-3.047
51,Entry long,2021-04-21 10:30:00-04:00,ORB close above 30m high,13816.0,5,138160.0,,,,,,,,
51,Exit long,2021-04-21 14:00:00-04:00,time,13859.25,5,138160.0,426.3,0.3086,607.5,0.4397,477.5,0.3456,-2620.7,-2.6207
52,Entry long,2021-04-22 10:35:00-04:00,ORB close above 30m high,13931.0,5,139310.0,,,,,,,,
52,Exit long,2021-04-22 13:10:00-04:00,stop,13855.0,5,139310.0,-766.2,-0.55,130.0,0.0933,1070.0,0.7681,-3386.9,-3.3869
53,Entry long,2021-04-23 10:05:00-04:00,ORB close above 30m high,13838.0,5,138380.0,,,,,,,,
53,Exit long,2021-04-23 11:15:00-04:00,target,13881.33,5,138380.0,427.05,0.3086,570.0,0.4119,130.0,0.0939,-2959.85,-2.9599
54,Entry long,2021-04-26 10:10:00-04:00,ORB close above 30m high,13952.5,5,139525.0,,,,,,,,
54,Exit long,2021-04-26 11:10:00-04:00,target,13987.42,5,139525.0,343.05,0.2459,357.5,0.2562,87.5,0.0627,-2616.8,-2.6168
55,Entry long,2021-04-30 10:25:00-04:00,ORB close above 30m high,13923.5,5,139235.0,,,,,,,,
55,Exit long,2021-04-30 13:50:00-04:00,stop,13840.0,5,139235.0,-841.2,-0.6042,335.0,0.2406,895.0,0.6428,-3458.0,-3.458
56,Entry long,2021-05-03 10:15:00-04:00,ORB close above 30m high,13929.75,5,139297.5,,,,,,,,
56,Exit long,2021-05-03 10:50:00-04:00,stop,13850.75,5,139297.5,-796.2,-0.5716,177.5,0.1274,905.0,0.6497,-4254.2,-4.2542
57,Entry long,2021-05-06 11:35:00-04:00,ORB close above 30m high,13523.75,5,135237.5,,,,,,,,
57,Exit long,2021-05-06 14:00:00-04:00,time,13492.0,5,135237.5,-323.7,-0.2394,675.0,0.4991,352.5,0.2607,-4577.9,-4.5779
58,Entry long,2021-05-07 10:10:00-04:00,ORB close above 30m high,13764.5,5,137645.0,,,,,,,,
58,Exit long,2021-05-07 14:00:00-04:00,time,13681.0,5,137645.0,-841.2,-0.6111,460.0,0.3342,1025.0,0.7447,-5419.1,-5.4191
59,Entry long,2021-05-11 11:20:00-04:00,ORB close above 30m high,13272.25,5,132722.5,,,,,,,,
59,Exit long,2021-05-11 14:00:00-04:00,time,13335.0,5,132722.5,621.3,0.4681,975.0,0.7346,245.0,0.1846,-4797.8,-4.7978
60,Entry long,2021-05-13 10:05:00-04:00,ORB close above 30m high,13189.25,5,131892.5,,,,,,,,
60,Exit long,2021-05-13 11:40:00-04:00,stop,13085.75,5,131892.5,-1041.2,-0.7894,357.5,0.2711,1255.0,0.9515,-5839.0,-5.839
61,Entry long,2021-05-14 10:15:00-04:00,ORB close above 30m high,13287.0,5,132870.0,,,,,,,,
61,Exit long,2021-05-14 11:35:00-04:00,target,13341.88,5,132870.0,542.55,0.4083,602.5,0.4535,120.0,0.0903,-5296.45,-5.2965
62,Entry long,2021-05-18 10:30:00-04:00,ORB close above 30m high,13382.75,5,133827.5,,,,,,,,
62,Exit long,2021-05-18 14:00:00-04:00,time,13331.0,5,133827.5,-523.7,-0.3913,137.5,0.1027,645.0,0.482,-5820.15,-5.8202
63,Entry long,2021-05-19 10:30:00-04:00,ORB close above 30m high,13092.0,5,130920.0,,,,,,,,
63,Exit long,2021-05-19 13:00:00-04:00,target,13177.5,5,130920.0,848.8,0.6483,880.0,0.6722,480.0,0.3666,-4971.35,-4.9714
64,Entry long,2021-05-20 10:05:00-04:00,ORB close above 30m high,13406.5,5,134065.0,,,,,,,,
64,Exit long,2021-05-20 11:45:00-04:00,target,13493.75,5,134065.0,866.3,0.6462,917.5,0.6844,97.5,0.0727,-4105.05,-4.1051
65,Entry long,2021-05-24 10:05:00-04:00,ORB close above 30m high,13590.0,5,135900.0,,,,,,,,
65,Exit long,2021-05-24 11:40:00-04:00,target,13657.65,5,135900.0,670.3,0.4932,692.5,0.5096,57.5,0.0423,-3434.75,-3.4348
66,Entry long,2021-05-26 11:10:00-04:00,ORB close above 30m high,13711.75,5,137117.5,,,,,,,,
66,Exit long,2021-05-26 14:00:00-04:00,time,13686.25,5,137117.5,-261.2,-0.1905,132.5,0.0966,360.0,0.2625,-3695.95,-3.696
67,Entry long,2021-05-27 10:20:00-04:00,ORB close above 30m high,13699.25,5,136992.5,,,,,,,,
67,Exit long,2021-05-27 14:00:00-04:00,time,13686.5,5,136992.5,-133.7,-0.0976,215.0,0.1569,277.5,0.2026,-3829.65,-3.8297
68,Entry long,2021-05-28 11:45:00-04:00,ORB close above 30m high,13745.5,5,137455.0,,,,,,,,
68,Exit long,2021-05-28 14:00:00-04:00,time,13716.25,5,137455.0,-298.7,-0.2173,177.5,0.1291,395.0,0.2874,-4128.35,-4.1284
69,Entry long,2021-06-03 11:00:00-04:00,ORB close above 30m high,13579.25,5,135792.5,,,,,,,,
69,Exit long,2021-06-03 14:00:00-04:00,time,13566.0,5,135792.5,-138.7,-0.1021,305.0,0.2246,527.5,0.3885,-4267.05,-4.2671
70,Entry long,2021-06-04 10:05:00-04:00,ORB close above 30m high,13733.0,5,137330.0,,,,,,,,
70,Exit long,2021-06-04 14:00:00-04:00,time,13774.5,5,137330.0,408.8,0.2977,460.0,0.335,122.5,0.0892,-3858.25,-3.8583
71,Entry long,2021-06-14 12:05:00-04:00,ORB close above 30m high,14041.25,5,140412.5,,,,,,,,
71,Exit long,2021-06-14 14:00:00-04:00,time,14059.0,5,140412.5,171.3,0.122,232.5,0.1656,82.5,0.0588,-3686.95,-3.687
72,Entry long,2021-06-16 10:15:00-04:00,ORB close above 30m high,14089.5,5,140895.0,,,,,,,,
72,Exit long,2021-06-16 11:05:00-04:00,stop,14042.25,5,140895.0,-478.7,-0.3398,60.0,0.0426,485.0,0.3442,-4165.65,-4.1657
73,Entry long,2021-06-17 10:05:00-04:00,ORB close above 30m high,14040.75,5,140407.5,,,,,,,,
73,Exit long,2021-06-17 10:35:00-04:00,target,14116.62,5,140407.5,752.55,0.536,882.5,0.6285,250.0,0.1781,-3413.1,-3.4131
74,Entry long,2021-06-21 10:40:00-04:00,ORB close above 30m high,14081.75,5,140817.5,,,,,,,,
74,Exit long,2021-06-21 14:00:00-04:00,time,14133.5,5,140817.5,511.3,0.3631,622.5,0.4421,22.5,0.016,-2901.8,-2.9018
75,Entry long,2021-06-22 11:10:00-04:00,ORB close above 30m high,14187.75,5,141877.5,,,,,,,,
75,Exit long,2021-06-22 14:00:00-04:00,time,14221.25,5,141877.5,328.8,0.2317,452.5,0.3189,7.5,0.0053,-2573.0,-2.573
76,Entry long,2021-06-24 10:10:00-04:00,ORB close above 30m high,14387.25,5,143872.5,,,,,,,,
76,Exit long,2021-06-24 12:10:00-04:00,target,14417.27,5,143872.5,294.05,0.2044,347.5,0.2415,85.0,0.0591,-2278.95,-2.279
77,Entry long,2021-06-28 10:10:00-04:00,ORB close above 30m high,14467.5,5,144675.0,,,,,,,,
77,Exit long,2021-06-28 14:00:00-04:00,time,14463.0,5,144675.0,-51.2,-0.0354,275.0,0.1901,125.0,0.0864,-2330.15,-2.3302
78,Entry long,2021-06-29 12:20:00-04:00,ORB close above 30m high,14533.75,5,145337.5,,,,,,,,
78,Exit long,2021-06-29 14:00:00-04:00,time,14551.0,5,145337.5,166.3,0.1144,207.5,0.1428,37.5,0.0258,-2163.85,-2.1639
79,Entry long,2021-07-02 11:55:00-04:00,ORB close above 30m high,14670.5,5,146705.0,,,,,,,,
79,Exit long,2021-07-02 14:00:00-04:00,time,14690.25,5,146705.0,191.3,0.1304,235.0,0.1602,150.0,0.1022,-1972.55,-1.9726
80,Entry long,2021-07-06 10:10:00-04:00,ORB close above 30m high,14786.25,5,147862.5,,,,,,,,
80,Exit long,2021-07-06 10:30:00-04:00,stop,14738.5,5,147862.5,-483.7,-0.3271,35.0,0.0237,610.0,0.4125,-2456.25,-2.4563
81,Entry long,2021-07-08 10:30:00-04:00,ORB close above 30m high,14644.75,5,146447.5,,,,,,,,
81,Exit long,2021-07-08 12:40:00-04:00,target,14717.83,5,146447.5,724.55,0.4948,745.0,0.5087,790.0,0.5394,-1731.7,-1.7317
82,Entry long,2021-07-09 10:25:00-04:00,ORB close above 30m high,14728.25,5,147282.5,,,,,,,,
82,Exit long,2021-07-09 10:50:00-04:00,target,14770.0,5,147282.5,411.3,0.2793,440.0,0.2987,247.5,0.168,-1320.4,-1.3204
83,Entry long,2021-07-13 10:05:00-04:00,ORB close above 30m high,14927.5,5,149275.0,,,,,,,,
83,Exit long,2021-07-13 11:20:00-04:00,target,14987.1,5,149275.0,589.8,0.3951,645.0,0.4321,130.0,0.0871,-730.6,-0.7306
84,Entry long,2021-07-14 10:05:00-04:00,ORB close above 30m high,14992.5,5,149925.0,,,,,,,,
84,Exit long,2021-07-14 11:25:00-04:00,stop,14934.5,5,149925.0,-586.2,-0.391,22.5,0.015,847.5,0.5653,-1316.8,-1.3168
85,Entry long,2021-07-20 10:25:00-04:00,ORB close above 30m high,14608.5,5,146085.0,,,,,,,,
85,Exit long,2021-07-20 11:15:00-04:00,target,14672.48,5,146085.0,633.55,0.4337,647.5,0.4432,272.5,0.1865,-683.25,-0.6833
86,Entry long,2021-07-21 10:25:00-04:00,ORB close above 30m high,14761.5,5,147615.0,,,,,,,,
86,Exit long,2021-07-21 14:00:00-04:00,time,14779.0,5,147615.0,168.8,0.1144,277.5,0.188,262.5,0.1778,-514.45,-0.5145
87,Entry long,2021-07-22 10:30:00-04:00,ORB close above 30m high,14904.75,5,149047.5,,,,,,,,
87,Exit long,2021-07-22 14:00:00-04:00,time,14905.5,5,149047.5,1.3,0.0009,185.0,0.1241,542.5,0.364,-513.15,-0.5132
88,Entry long,2021-07-23 10:20:00-04:00,ORB close above 30m high,14997.75,5,149977.5,,,,,,,,
88,Exit long,2021-07-23 11:15:00-04:00,target,15041.95,5,149977.5,435.8,0.2906,470.0,0.3134,140.0,0.0933,-77.35,-0.0774
89,Entry long,2021-07-26 10:05:00-04:00,ORB close above 30m high,15112.75,5,151127.5,,,,,,,,
89,Exit long,2021-07-26 14:00:00-04:00,time,15105.0,5,151127.5,-83.7,-0.0554,215.0,0.1423,305.0,0.2018,-161.05,-0.1611
90,Entry long,2021-07-28 10:20:00-04:00,ORB close above 30m high,15054.25,5,150542.5,,,,,,,,
90,Exit long,2021-07-28 14:00:00-04:00,time,14972.75,5,150542.5,-821.2,-0.5455,205.0,0.1362,1325.0,0.8802,-982.25,-0.9823
91,Entry long,2021-07-30 10:05:00-04:00,ORB close above 30m high,14977.0,5,149770.0,,,,,,,,
91,Exit long,2021-07-30 14:00:00-04:00,time,14964.5,5,149770.0,-131.2,-0.0876,22.5,0.015,667.5,0.4457,-1113.45,-1.1135
92,Entry long,2021-08-02 11:25:00-04:00,ORB close above 30m high,15045.75,5,150457.5,,,,,,,,
92,Exit long,2021-08-02 14:00:00-04:00,time,14985.5,5,150457.5,-608.7,-0.4046,55.0,0.0366,845.0,0.5616,-1722.15,-1.7222
93,Entry long,2021-08-03 12:00:00-04:00,ORB close above 30m high,15011.0,5,150110.0,,,,,,,,
93,Exit long,2021-08-03 14:00:00-04:00,time,15019.5,5,150110.0,78.8,0.0525,257.5,0.1715,312.5,0.2082,-1643.35,-1.6434
94,Entry long,2021-08-04 13:05:00-04:00,ORB close above 30m high,15075.25,5,150752.5,,,,,,,,
94,Exit long,2021-08-04 14:00:00-04:00,time,15074.75,5,150752.5,-11.2,-0.0074,277.5,0.1841,55.0,0.0365,-1654.55,-1.6546
95,Entry long,2021-08-05 10:20:00-04:00,ORB close above 30m high,15131.0,5,151310.0,,,,,,,,
95,Exit long,2021-08-05 14:00:00-04:00,time,15154.75,5,151310.0,231.3,0.1529,355.0,0.2346,280.0,0.1851,-1423.25,-1.4233
96,Entry long,2021-08-12 10:20:00-04:00,ORB close above 30m high,15008.25,5,150082.5,,,,,,,,
96,Exit long,2021-08-12 10:50:00-04:00,target,15051.4,5,150082.5,425.3,0.2834,450.0,0.2998,42.5,0.0283,-997.95,-0.998
97,Entry long,2021-08-13 10:20:00-04:00,ORB close above 30m high,15133.75,5,151337.5,,,,,,,,
97,Exit long,2021-08-13 14:00:00-04:00,time,15115.5,5,151337.5,-188.7,-0.1247,77.5,0.0512,415.0,0.2742,-1186.65,-1.1867
98,Entry long,2021-08-17 10:45:00-04:00,ORB close above 30m high,15050.0,5,150500.0,,,,,,,,
98,Exit long,2021-08-17 11:55:00-04:00,stop,14954.5,5,150500.0,-961.2,-0.6387,77.5,0.0515,1122.5,0.7458,-2147.85,-2.1479
99,Entry long,2021-08-19 10:10:00-04:00,ORB close above 30m high,14846.75,5,148467.5,,,,,,,,
99,Exit long,2021-08-19 11:00:00-04:00,target,14904.77,5,148467.5,574.05,0.3867,637.5,0.4294,232.5,0.1566,-1573.8,-1.5738
100,Entry long,2021-08-20 10:05:00-04:00,ORB close above 30m high,15059.5,5,150595.0,,,,,,,,
100,Exit long,2021-08-20 14:00:00-04:00,time,15053.75,5,150595.0,-63.7,-0.0423,385.0,0.2557,577.5,0.3835,-1637.5,-1.6375
101,Entry long,2021-08-23 10:05:00-04:00,ORB close above 30m high,15230.25,5,152302.5,,,,,,,,
101,Exit long,2021-08-23 11:55:00-04:00,target,15303.85,5,152302.5,729.8,0.4792,840.0,0.5515,80.0,0.0525,-907.7,-0.9077
102,Entry long,2021-08-24 10:10:00-04:00,ORB close above 30m high,15361.25,5,153612.5,,,,,,,,
102,Exit long,2021-08-24 14:00:00-04:00,time,15347.25,5,153612.5,-146.2,-0.0952,190.0,0.1237,310.0,0.2018,-1053.9,-1.0539
103,Entry long,2021-08-27 10:05:00-04:00,ORB close above 30m high,15361.75,5,153617.5,,,,,,,,
103,Exit long,2021-08-27 10:15:00-04:00,target,15415.75,5,153617.5,533.8,0.3475,622.5,0.4052,205.0,0.1334,-520.1,-0.5201
104,Entry long,2021-08-30 10:05:00-04:00,ORB close above 30m high,15545.5,5,155455.0,,,,,,,,
104,Exit long,2021-08-30 13:50:00-04:00,target,15608.42,5,155455.0,623.05,0.4008,642.5,0.4133,80.0,0.0515,102.95,0.1029
105,Entry long,2021-09-03 10:05:00-04:00,ORB close above 30m high,15661.5,5,156615.0,,,,,,,,
105,Exit long,2021-09-03 14:00:00-04:00,time,15656.5,5,156615.0,-56.2,-0.0359,72.5,0.0463,570.0,0.3639,46.75,0.0467
106,Entry long,2021-09-06 10:05:00-04:00,ORB close above 30m high,15706.25,5,157062.5,,,,,,,,
106,Exit long,2021-09-06 18:00:00-04:00,time,15700.75,5,157062.5,-61.2,-0.039,12.5,0.008,127.5,0.0812,-14.45,-0.0145
107,Entry long,2021-09-07 10:55:00-04:00,ORB close above 30m high,15673.5,5,156735.0,,,,,,,,
107,Exit long,2021-09-07 14:00:00-04:00,time,15691.75,5,156735.0,176.3,0.1125,280.0,0.1786,412.5,0.2632,161.85,0.1618
108,Entry long,2021-09-15 13:00:00-04:00,ORB close above 30m high,15439.5,5,154395.0,,,,,,,,
108,Exit long,2021-09-15 14:00:00-04:00,time,15452.5,5,154395.0,123.8,0.0802,285.0,0.1846,50.0,0.0324,285.65,0.2856
109,Entry long,2021-09-22 10:05:00-04:00,ORB close above 30m high,15094.0,5,150940.0,,,,,,,,
109,Exit long,2021-09-22 11:30:00-04:00,target,15149.23,5,150940.0,546.05,0.3618,695.0,0.4604,105.0,0.0696,831.7,0.8317
110,Entry long,2021-09-23 10:05:00-04:00,ORB close above 30m high,15319.0,5,153190.0,,,,,,,,
110,Exit long,2021-09-23 14:00:00-04:00,time,15344.75,5,153190.0,251.3,0.164,277.5,0.1811,532.5,0.3476,1083.0,1.083
111,Entry long,2021-09-24 10:05:00-04:00,ORB close above 30m high,15257.25,5,152572.5,,,,,,,,
111,Exit long,2021-09-24 14:00:00-04:00,time,15261.25,5,152572.5,33.8,0.0222,387.5,0.254,522.5,0.3425,1116.8,1.1168
112,Entry long,2021-09-27 11:05:00-04:00,ORB close above 30m high,15221.5,5,152215.0,,,,,,,,
112,Exit long,2021-09-27 14:00:00-04:00,time,15199.75,5,152215.0,-223.7,-0.147,15.0,0.0099,1015.0,0.6668,893.1,0.8931
113,Entry long,2021-10-01 13:50:00-04:00,ORB close above 30m high,14740.5,5,147405.0,,,,,,,,
113,Exit long,2021-10-01 14:00:00-04:00,time,14717.75,5,147405.0,-233.7,-0.1585,12.5,0.0085,285.0,0.1933,659.4,0.6594
114,Entry long,2021-10-05 10:05:00-04:00,ORB close above 30m high,14606.5,5,146065.0,,,,,,,,
114,Exit long,2021-10-05 11:00:00-04:00,target,14683.25,5,146065.0,761.3,0.5212,882.5,0.6042,135.0,0.0924,1420.7,1.4207
115,Entry long,2021-10-06 10:25:00-04:00,ORB close above 30m high,14658.5,5,146585.0,,,,,,,,
115,Exit long,2021-10-06 14:00:00-04:00,time,14691.5,5,146585.0,323.8,0.2209,510.0,0.3479,910.0,0.6208,1744.5,1.7445
116,Entry long,2021-10-07 10:05:00-04:00,ORB close above 30m high,14971.25,5,149712.5,,,,,,,,
116,Exit long,2021-10-07 14:00:00-04:00,time,14962.25,5,149712.5,-96.2,-0.0643,300.0,0.2004,345.0,0.2304,1648.3,1.6483
117,Entry long,2021-10-11 10:05:00-04:00,ORB close above 30m high,14868.0,5,148680.0,,,,,,,,
117,Exit long,2021-10-11 14:00:00-04:00,time,14782.25,5,148680.0,-863.7,-0.5809,287.5,0.1934,1100.0,0.7398,784.6,0.7846
118,Entry long,2021-10-14 10:05:00-04:00,ORB close above 30m high,14973.5,5,149735.0,,,,,,,,
118,Exit long,2021-10-14 12:10:00-04:00,target,15031.35,5,149735.0,572.3,0.3822,607.5,0.4057,80.0,0.0534,1356.9,1.3569
119,Entry long,2021-10-15 11:00:00-04:00,ORB close above 30m high,15110.75,5,151107.5,,,,,,,,
119,Exit long,2021-10-15 14:00:00-04:00,time,15099.0,5,151107.5,-123.7,-0.0819,102.5,0.0678,522.5,0.3458,1233.2,1.2332
120,Entry long,2021-10-18 10:10:00-04:00,ORB close above 30m high,15153.5,5,151535.0,,,,,,,,
120,Exit long,2021-10-18 12:35:00-04:00,target,15224.48,5,151535.0,703.55,0.4643,737.5,0.4867,277.5,0.1831,1936.75,1.9367
121,Entry long,2021-10-19 10:30:00-04:00,ORB close above 30m high,15359.5,5,153595.0,,,,,,,,
121,Exit long,2021-10-19 14:00:00-04:00,time,15394.25,5,153595.0,341.3,0.2222,375.0,0.2441,317.5,0.2067,2278.05,2.278
122,Entry long,2021-10-20 10:35:00-04:00,ORB close above 30m high,15445.25,5,154452.5,,,,,,,,
122,Exit long,2021-10-20 11:00:00-04:00,stop,15396.5,5,154452.5,-493.7,-0.3196,2.5,0.0016,620.0,0.4014,1784.35,1.7843
123,Entry long,2021-10-21 10:10:00-04:00,ORB close above 30m high,15399.75,5,153997.5,,,,,,,,
123,Exit long,2021-10-21 11:00:00-04:00,target,15445.35,5,153997.5,449.8,0.2921,460.0,0.2987,112.5,0.0731,2234.15,2.2341
124,Entry long,2021-10-22 10:30:00-04:00,ORB close above 30m high,15463.0,5,154630.0,,,,,,,,
124,Exit long,2021-10-22 11:15:00-04:00,stop,15385.25,5,154630.0,-783.7,-0.5068,7.5,0.0049,1150.0,0.7437,1450.45,1.4504
125,Entry long,2021-10-25 12:00:00-04:00,ORB close above 30m high,15436.75,5,154367.5,,,,,,,,
125,Exit long,2021-10-25 14:00:00-04:00,time,15490.5,5,154367.5,531.3,0.3442,700.0,0.4535,27.5,0.0178,1981.75,1.9817
126,Entry long,2021-10-26 10:15:00-04:00,ORB close above 30m high,15674.75,5,156747.5,,,,,,,,
126,Exit long,2021-10-26 12:00:00-04:00,stop,15580.0,5,156747.5,-953.7,-0.6084,262.5,0.1675,1052.5,0.6715,1028.05,1.028
127,Entry long,2021-10-27 10:55:00-04:00,ORB close above 30m high,15649.25,5,156492.5,,,,,,,,
127,Exit long,2021-10-27 13:25:00-04:00,target,15712.7,5,156492.5,628.3,0.4015,657.5,0.4201,365.0,0.2332,1656.35,1.6564
128,Entry long,2021-10-28 10:30:00-04:00,ORB close above 30m high,15699.25,5,156992.5,,,,,,,,
128,Exit long,2021-10-28 10:45:00-04:00,target,15743.45,5,156992.5,435.8,0.2776,480.0,0.3057,37.5,0.0239,2092.15,2.0922
129,Entry long,2021-10-29 11:10:00-04:00,ORB close above 30m high,15708.25,5,157082.5,,,,,,,,
129,Exit long,2021-10-29 12:20:00-04:00,target,15772.58,5,157082.5,637.05,0.4056,837.5,0.5332,7.5,0.0048,2729.2,2.7292
130,Entry long,2021-11-02 11:45:00-04:00,ORB close above 30m high,15972.0,5,159720.0,,,,,,,,
130,Exit long,2021-11-02 14:00:00-04:00,time,15937.75,5,159720.0,-348.7,-0.2183,82.5,0.0517,597.5,0.3741,2380.5,2.3805
131,Entry long,2021-11-04 10:05:00-04:00,ORB close above 30m high,16253.75,5,162537.5,,,,,,,,
131,Exit long,2021-11-04 10:45:00-04:00,target,16321.23,5,162537.5,668.55,0.4113,775.0,0.4768,97.5,0.06,3049.05,3.0491
132,Entry long,2021-11-10 10:05:00-05:00,ORB close above 30m high,16182.75,5,161827.5,,,,,,,,
132,Exit long,2021-11-10 13:15:00-05:00,stop,16041.25,5,161827.5,-1421.2,-0.8782,367.5,0.2271,1550.0,0.9578,1627.85,1.6279
133,Entry long,2021-11-12 10:50:00-05:00,ORB close above 30m high,16087.25,5,160872.5,,,,,,,,
133,Exit long,2021-11-12 11:10:00-05:00,target,16146.85,5,160872.5,589.8,0.3666,600.0,0.373,47.5,0.0295,2217.65,2.2177
134,Entry long,2021-11-16 11:05:00-05:00,ORB close above 30m high,16255.5,5,162555.0,,,,,,,,
134,Exit long,2021-11-16 14:00:00-05:00,time,16311.75,5,162555.0,556.3,0.3422,677.5,0.4168,100.0,0.0615,2773.95,2.774
135,Entry long,2021-11-17 10:40:00-05:00,ORB close above 30m high,16345.0,5,163450.0,,,,,,,,
135,Exit long,2021-11-17 12:00:00-05:00,target,16397.42,5,163450.0,518.05,0.3169,537.5,0.3288,210.0,0.1285,3292.0,3.292
136,Entry long,2021-11-18 11:35:00-05:00,ORB close above 30m high,16430.5,5,164305.0,,,,,,,,
136,Exit long,2021-11-18 12:25:00-05:00,target,16484.15,5,164305.0,530.3,0.3228,565.0,0.3439,92.5,0.0563,3822.3,3.8223
137,Entry long,2021-11-19 11:40:00-05:00,ORB close above 30m high,16618.25,5,166182.5,,,,,,,,
137,Exit long,2021-11-19 14:00:00-05:00,time,16580.75,5,166182.5,-381.2,-0.2294,100.0,0.0602,845.0,0.5085,3441.1,3.4411
138,Entry long,2021-11-22 10:05:00-05:00,ORB close above 30m high,16744.75,5,167447.5,,,,,,,,
138,Exit long,2021-11-22 11:10:00-05:00,stop,16638.0,5,167447.5,-1073.7,-0.6412,227.5,0.1359,1072.5,0.6405,2367.4,2.3674
139,Entry long,2021-11-24 10:05:00-05:00,ORB close above 30m high,16225.75,5,162257.5,,,,,,,,
139,Exit long,2021-11-24 11:20:00-05:00,target,16312.12,5,162257.5,857.55,0.5285,950.0,0.5855,687.5,0.4237,3224.95,3.225
140,Entry long,2021-11-29 11:35:00-05:00,ORB close above 30m high,16317.5,5,163175.0,,,,,,,,
140,Exit long,2021-11-29 12:30:00-05:00,target,16393.9,5,163175.0,757.8,0.4644,825.0,0.5056,57.5,0.0352,3982.75,3.9828
141,Entry long,2021-11-30 10:05:00-05:00,ORB close above 30m high,16422.25,5,164222.5,,,,,,,,
141,Exit long,2021-11-30 10:45:00-05:00,stop,16318.5,5,164222.5,-1043.7,-0.6355,342.5,0.2086,1612.5,0.9819,2939.05,2.9391
142,Entry long,2021-12-01 10:10:00-05:00,ORB close above 30m high,16371.75,5,163717.5,,,,,,,,
142,Exit long,2021-12-01 12:55:00-05:00,stop,16270.5,5,163717.5,-1018.7,-0.6222,560.0,0.3421,1380.0,0.8429,1920.35,1.9204
143,Entry long,2021-12-02 10:05:00-05:00,ORB close above 30m high,16018.75,5,160187.5,,,,,,,,
143,Exit long,2021-12-02 10:40:00-05:00,stop,15786.75,5,160187.5,-2326.2,-1.4522,12.5,0.0078,2467.5,1.5404,-405.85,-0.4058
144,Entry long,2021-12-06 10:20:00-05:00,ORB close above 30m high,15763.25,5,157632.5,,,,,,,,
144,Exit long,2021-12-06 14:00:00-05:00,time,15871.25,5,157632.5,1073.8,0.6812,1310.0,0.831,1072.5,0.6804,667.95,0.668
145,Entry long,2021-12-07 10:10:00-05:00,ORB close above 30m high,16245.5,5,162455.0,,,,,,,,
145,Exit long,2021-12-07 12:55:00-05:00,target,16333.8,5,162455.0,876.8,0.5397,910.0,0.5602,142.5,0.0877,1544.75,1.5448
146,Entry long,2021-12-08 13:45:00-05:00,ORB close above 30m high,16368.75,5,163687.5,,,,,,,,
146,Exit long,2021-12-08 14:00:00-05:00,time,16356.0,5,163687.5,-133.7,-0.0817,102.5,0.0626,210.0,0.1283,1411.05,1.4111
147,Entry long,2021-12-17 10:50:00-05:00,ORB close above 30m high,15882.0,5,158820.0,,,,,,,,
147,Exit long,2021-12-17 14:00:00-05:00,time,15900.75,5,158820.0,181.3,0.1142,747.5,0.4707,1407.5,0.8862,1592.35,1.5924
148,Entry long,2021-12-21 12:15:00-05:00,ORB close above 30m high,15813.25,5,158132.5,,,,,,,,
148,Exit long,2021-12-21 13:40:00-05:00,target,15918.0,5,158132.5,1041.3,0.6585,1080.0,0.683,105.0,0.0664,2633.65,2.6337
149,Entry long,2021-12-22 10:40:00-05:00,ORB close above 30m high,16066.0,5,160660.0,,,,,,,,
149,Exit long,2021-12-22 14:00:00-05:00,time,16065.75,5,160660.0,-8.7,-0.0054,747.5,0.4653,252.5,0.1572,2624.95,2.625
150,Entry long,2021-12-23 10:15:00-05:00,ORB close above 30m high,16258.75,5,162587.5,,,,,,,,
150,Exit long,2021-12-23 11:35:00-05:00,target,16316.08,5,162587.5,567.05,0.3488,592.5,0.3644,135.0,0.083,3192.0,3.192
151,Entry long,2021-12-27 10:05:00-05:00,ORB close above 30m high,16457.75,5,164577.5,,,,,,,,
151,Exit long,2021-12-27 13:15:00-05:00,target,16536.78,5,164577.5,784.05,0.4764,805.0,0.4891,65.0,0.0395,3976.05,3.9761
152,Entry long,2021-12-30 10:10:00-05:00,ORB close above 30m high,16538.0,5,165380.0,,,,,,,,
152,Exit long,2021-12-30 14:00:00-05:00,time,16534.0,5,165380.0,-46.2,-0.0279,295.0,0.1784,337.5,0.2041,3929.85,3.9299
153,Entry long,2022-01-06 11:15:00-05:00,ORB close above 30m high,15861.0,5,158610.0,,,,,,,,
153,Exit long,2022-01-06 14:00:00-05:00,time,15822.5,5,158610.0,-391.2,-0.2466,347.5,0.2191,915.0,0.5769,3538.65,3.5387
154,Entry long,2022-01-10 13:55:00-05:00,ORB close above 30m high,15418.25,5,154182.5,,,,,,,,
154,Exit long,2022-01-10 14:00:00-05:00,time,15409.0,5,154182.5,-98.7,-0.064,345.0,0.2238,265.0,0.1719,3439.95,3.44
155,Entry long,2022-01-11 10:05:00-05:00,ORB close above 30m high,15621.0,5,156210.0,,,,,,,,
155,Exit long,2022-01-11 11:15:00-05:00,target,15723.3,5,156210.0,1016.8,0.6509,1330.0,0.8514,1167.5,0.7474,4456.75,4.4568
156,Entry long,2022-01-12 10:15:00-05:00,ORB close above 30m high,16003.5,5,160035.0,,,,,,,,
156,Exit long,2022-01-12 10:40:00-05:00,stop,15884.25,5,160035.0,-1198.7,-0.749,27.5,0.0172,1455.0,0.9092,3258.05,3.2581
157,Entry long,2022-01-18 10:10:00-05:00,ORB close above 30m high,15408.25,5,154082.5,,,,,,,,
157,Exit long,2022-01-18 11:30:00-05:00,stop,15272.25,5,154082.5,-1366.2,-0.8867,267.5,0.1736,1537.5,0.9978,1891.85,1.8919
158,Entry long,2022-01-20 10:35:00-05:00,ORB close above 30m high,15302.75,5,153027.5,,,,,,,,
158,Exit long,2022-01-20 14:00:00-05:00,time,15179.0,5,153027.5,-1243.7,-0.8127,377.5,0.2467,1302.5,0.8512,648.15,0.6482
159,Entry long,2022-01-21 11:25:00-05:00,ORB close above 30m high,14844.5,5,148445.0,,,,,,,,
159,Exit long,2022-01-21 12:20:00-05:00,stop,14630.5,5,148445.0,-2146.2,-1.4458,75.0,0.0505,2217.5,1.4938,-1498.05,-1.498
160,Entry long,2022-01-26 10:05:00-05:00,ORB close above 30m high,14505.25,5,145052.5,,,,,,,,
160,Exit long,2022-01-26 10:40:00-05:00,stop,14349.75,5,145052.5,-1561.2,-1.0763,92.5,0.0638,1680.0,1.1582,-3059.25,-3.0592
161,Entry long,2022-01-27 10:15:00-05:00,ORB close above 30m high,14401.25,5,144012.5,,,,,,,,
161,Exit long,2022-01-27 10:30:00-05:00,stop,14231.5,5,144012.5,-1703.7,-1.183,52.5,0.0365,1937.5,1.3454,-4762.95,-4.7629
162,Entry long,2022-01-28 10:55:00-05:00,ORB close above 30m high,14109.75,5,141097.5,,,,,,,,
162,Exit long,2022-01-28 11:55:00-05:00,target,14279.42,5,141097.5,1690.55,1.1981,1872.5,1.3271,267.5,0.1896,-3072.4,-3.0724
163,Entry long,2022-01-31 10:05:00-05:00,ORB close above 30m high,14650.0,5,146500.0,,,,,,,,
163,Exit long,2022-01-31 14:00:00-05:00,time,14774.75,5,146500.0,1241.3,0.8473,1370.0,0.9352,102.5,0.07,-1831.1,-1.8311
164,Entry long,2022-02-03 10:30:00-05:00,ORB close above 30m high,14822.5,5,148225.0,,,,,,,,
164,Exit long,2022-02-03 11:55:00-05:00,stop,14677.0,5,148225.0,-1461.2,-0.9858,205.0,0.1383,1587.5,1.071,-3292.3,-3.2923
165,Entry long,2022-02-04 10:05:00-05:00,ORB close above 30m high,14610.0,5,146100.0,,,,,,,,
165,Exit long,2022-02-04 13:40:00-05:00,target,14733.65,5,146100.0,1230.3,0.8421,1365.0,0.9343,1680.0,1.1499,-2062.0,-2.062
166,Entry long,2022-02-08 10:50:00-05:00,ORB close above 30m high,14592.75,5,145927.5,,,,,,,,
166,Exit long,2022-02-08 11:05:00-05:00,target,14656.73,5,145927.5,633.55,0.4342,645.0,0.442,115.0,0.0788,-1428.45,-1.4284
167,Entry long,2022-02-09 11:05:00-05:00,ORB close above 30m high,14964.0,5,149640.0,,,,,,,,
167,Exit long,2022-02-09 14:00:00-05:00,time,14982.25,5,149640.0,176.3,0.1178,350.0,0.2339,545.0,0.3642,-1252.15,-1.2521
168,Entry long,2022-02-10 10:05:00-05:00,ORB close above 30m high,14958.25,5,149582.5,,,,,,,,
168,Exit long,2022-02-10 13:35:00-05:00,stop,14735.0,5,149582.5,-2238.7,-1.4966,707.5,0.473,2297.5,1.5359,-3490.85,-3.4908
169,Entry long,2022-02-14 11:20:00-05:00,ORB close above 30m high,14338.0,5,143380.0,,,,,,,,
169,Exit long,2022-02-14 13:50:00-05:00,stop,14182.0,5,143380.0,-1566.2,-1.0923,560.0,0.3906,1737.5,1.2118,-5057.05,-5.057
170,Entry long,2022-02-15 10:45:00-05:00,ORB close above 30m high,14540.25,5,145402.5,,,,,,,,
170,Exit long,2022-02-15 12:45:00-05:00,stop,14444.75,5,145402.5,-961.2,-0.6611,237.5,0.1633,1122.5,0.772,-6018.25,-6.0182
171,Entry long,2022-02-22 10:30:00-05:00,ORB close above 30m high,14105.5,5,141055.0,,,,,,,,
171,Exit long,2022-02-22 11:50:00-05:00,stop,13861.75,5,141055.0,-2443.7,-1.7324,32.5,0.023,2585.0,1.8326,-8461.95,-8.4619
172,Entry long,2022-02-24 10:15:00-05:00,ORB close above 30m high,13378.5,5,133785.0,,,,,,,,
172,Exit long,2022-02-24 13:40:00-05:00,target,13602.08,5,133785.0,2229.55,1.6665,2285.0,1.708,705.0,0.527,-6232.4,-6.2324
173,Entry long,2022-02-25 10:45:00-05:00,ORB close above 30m high,14038.75,5,140387.5,,,,,,,,
173,Exit long,2022-02-25 12:00:00-05:00,target,14164.15,5,140387.5,1247.8,0.8888,1377.5,0.9812,182.5,0.13,-4984.6,-4.9846
174,Entry long,2022-02-28 10:40:00-05:00,ORB close above 30m high,14181.0,5,141810.0,,,,,,,,
174,Exit long,2022-02-28 11:30:00-05:00,target,14288.55,5,141810.0,1069.3,0.754,1115.0,0.7863,115.0,0.0811,-3915.3,-3.9153
175,Entry long,2022-03-02 11:10:00-05:00,ORB close above 30m high,14159.0,5,141590.0,,,,,,,,
175,Exit long,2022-03-02 13:30:00-05:00,target,14262.52,5,141590.0,1029.05,0.7268,1055.0,0.7451,232.5,0.1642,-2886.25,-2.8862
176,Entry long,2022-03-08 12:15:00-05:00,ORB close above 30m high,13458.75,5,134587.5,,,,,,,,
176,Exit long,2022-03-08 13:00:00-05:00,target,13624.58,5,134587.5,1652.05,1.2275,1935.0,1.4377,230.0,0.1709,-1234.2,-1.2342
177,Entry long,2022-03-09 10:25:00-05:00,ORB close above 30m high,13641.0,5,136410.0,,,,,,,,
177,Exit long,2022-03-09 12:35:00-05:00,target,13741.9,5,136410.0,1002.8,0.7351,1090.0,0.7991,605.0,0.4435,-231.4,-0.2314
178,Entry long,2022-03-10 10:20:00-05:00,ORB close above 30m high,13605.5,5,136055.0,,,,,,,,
178,Exit long,2022-03-10 10:30:00-05:00,stop,13487.0,5,136055.0,-1191.2,-0.8755,2.5,0.0018,1390.0,1.0216,-1422.6,-1.4226
179,Entry long,2022-03-14 10:15:00-04:00,ORB close above 30m high,13373.25,5,133732.5,,,,,,,,
179,Exit long,2022-03-14 11:40:00-04:00,stop,13204.75,5,133732.5,-1691.2,-1.2646,197.5,0.1477,1870.0,1.3983,-3113.8,-3.1138
180,Entry long,2022-03-15 10:05:00-04:00,ORB close above 30m high,13220.5,5,132205.0,,,,,,,,
180,Exit long,2022-03-15 10:40:00-04:00,target,13310.9,5,132205.0,897.8,0.6791,945.0,0.7148,565.0,0.4274,-2216.0,-2.216
181,Entry long,2022-03-16 10:15:00-04:00,ORB close above 30m high,13750.75,5,137507.5,,,,,,,,
181,Exit long,2022-03-16 10:30:00-04:00,target,13847.62,5,137507.5,962.55,0.7,1137.5,0.8272,22.5,0.0164,-1253.45,-1.2534
182,Entry long,2022-03-17 10:05:00-04:00,ORB close above 30m high,13991.25,5,139912.5,,,,,,,,
182,Exit long,2022-03-17 14:00:00-04:00,time,14070.0,5,139912.5,781.3,0.5584,1007.5,0.7201,1490.0,1.065,-472.15,-0.4721
183,Entry long,2022-03-18 10:05:00-04:00,ORB close above 30m high,14179.75,5,141797.5,,,,,,,,
183,Exit long,2022-03-18 12:55:00-04:00,target,14308.65,5,141797.5,1282.8,0.9047,1317.5,0.9291,412.5,0.2909,810.65,0.8107
184,Entry long,2022-03-22 10:05:00-04:00,ORB close above 30m high,14531.0,5,145310.0,,,,,,,,
184,Exit long,2022-03-22 11:05:00-04:00,target,14640.3,5,145310.0,1086.8,0.7479,1192.5,0.8207,125.0,0.086,1897.45,1.8975
185,Entry long,2022-03-23 10:15:00-04:00,ORB close above 30m high,14563.5,5,145635.0,,,,,,,,
185,Exit long,2022-03-23 11:20:00-04:00,target,14635.17,5,145635.0,710.55,0.4879,775.0,0.5322,357.5,0.2455,2608.0,2.608
186,Entry long,2022-03-24 11:15:00-04:00,ORB close above 30m high,14563.5,5,145635.0,,,,,,,,
186,Exit long,2022-03-24 11:25:00-04:00,target,14629.4,5,145635.0,652.8,0.4482,667.5,0.4583,132.5,0.091,3260.8,3.2608
187,Entry long,2022-03-25 10:45:00-04:00,ORB close above 30m high,14792.5,5,147925.0,,,,,,,,
187,Exit long,2022-03-25 11:00:00-04:00,stop,14707.75,5,147925.0,-853.7,-0.5771,150.0,0.1014,915.0,0.6186,2407.1,2.4071
188,Entry long,2022-03-30 10:15:00-04:00,ORB close above 30m high,15219.5,5,152195.0,,,,,,,,
188,Exit long,2022-03-30 11:00:00-04:00,stop,15141.25,5,152195.0,-788.7,-0.5182,155.0,0.1018,857.5,0.5634,1618.4,1.6184
189,Entry long,2022-04-04 10:40:00-04:00,ORB close above 30m high,15062.0,5,150620.0,,,,,,,,
189,Exit long,2022-04-04 14:00:00-04:00,time,15119.0,5,150620.0,563.8,0.3743,690.0,0.4581,337.5,0.2241,2182.2,2.1822
190,Entry long,2022-04-08 11:05:00-04:00,ORB close above 30m high,14477.75,5,144777.5,,,,,,,,
190,Exit long,2022-04-08 14:00:00-04:00,time,14391.25,5,144777.5,-871.2,-0.6018,202.5,0.1399,1032.5,0.7132,1311.0,1.311
191,Entry long,2022-04-13 10:20:00-04:00,ORB close above 30m high,14081.5,5,140815.0,,,,,,,,
191,Exit long,2022-04-13 12:40:00-04:00,target,14193.25,5,140815.0,1111.3,0.7892,1185.0,0.8415,392.5,0.2787,2422.3,2.4223
192,Entry long,2022-04-18 10:15:00-04:00,ORB close above 30m high,13945.75,5,139457.5,,,,,,,,
192,Exit long,2022-04-18 12:10:00-04:00,stop,13826.75,5,139457.5,-1196.2,-0.8578,565.0,0.4051,1305.0,0.9358,1226.1,1.2261
193,Entry long,2022-04-19 10:05:00-04:00,ORB close above 30m high,14023.0,5,140230.0,,,,,,,,
193,Exit long,2022-04-19 11:15:00-04:00,target,14155.23,5,140230.0,1316.05,0.9385,1420.0,1.0126,105.0,0.0749,2542.15,2.5422
194,Entry long,2022-04-25 10:30:00-04:00,ORB close above 30m high,13392.75,5,133927.5,,,,,,,,
194,Exit long,2022-04-25 14:00:00-04:00,time,13351.75,5,133927.5,-416.2,-0.3108,737.5,0.5507,1522.5,1.1368,2125.95,2.126
195,Entry long,2022-04-28 12:40:00-04:00,ORB close above 30m high,13292.0,5,132920.0,,,,,,,,
195,Exit long,2022-04-28 13:15:00-04:00,target,13429.3,5,132920.0,1366.8,1.0283,1395.0,1.0495,5.0,0.0038,3492.75,3.4928
196,Entry long,2022-05-02 10:30:00-04:00,ORB close above 30m high,12983.0,5,129830.0,,,,,,,,
196,Exit long,2022-05-02 13:45:00-04:00,stop,12742.25,5,129830.0,-2413.7,-1.8591,612.5,0.4718,2422.5,1.8659,1079.05,1.0791
197,Entry long,2022-05-03 10:05:00-04:00,ORB close above 30m high,13139.75,5,131397.5,,,,,,,,
197,Exit long,2022-05-03 14:00:00-04:00,time,13137.5,5,131397.5,-28.7,-0.0218,442.5,0.3368,1630.0,1.2405,1050.35,1.0504
198,Entry long,2022-05-04 13:05:00-04:00,ORB close above 30m high,13121.0,5,131210.0,,,,,,,,
198,Exit long,2022-05-04 14:00:00-04:00,time,13141.75,5,131210.0,201.3,0.1534,1105.0,0.8422,717.5,0.5468,1251.65,1.2517
199,Entry long,2022-05-06 10:50:00-04:00,ORB close above 30m high,12807.0,5,128070.0,,,,,,,,
199,Exit long,2022-05-06 14:00:00-04:00,time,12685.0,5,128070.0,-1226.2,-0.9574,1222.5,0.9546,1395.0,1.0892,25.45,0.0255
200,Entry long,2022-05-12 10:10:00-04:00,ORB close above 30m high,11910.0,5,119100.0,,,,,,,,
200,Exit long,2022-05-12 10:55:00-04:00,target,12061.83,5,119100.0,1512.05,1.2696,1765.0,1.4819,125.0,0.105,1537.5,1.5375
201,Entry long,2022-05-13 10:05:00-04:00,ORB close above 30m high,12288.0,5,122880.0,,,,,,,,
201,Exit long,2022-05-13 14:00:00-04:00,time,12303.25,5,122880.0,146.3,0.1191,1425.0,1.1597,575.0,0.4679,1683.8,1.6838
202,Entry long,2022-05-16 10:30:00-04:00,ORB close above 30m high,12366.5,5,123665.0,,,,,,,,
202,Exit long,2022-05-16 10:55:00-04:00,stop,12214.75,5,123665.0,-1523.7,-1.2321,67.5,0.0546,1602.5,1.2958,160.1,0.1601
203,Entry long,2022-05-19 11:25:00-04:00,ORB close above 30m high,11979.25,5,119792.5,,,,,,,,
203,Exit long,2022-05-19 14:00:00-04:00,time,11974.75,5,119792.5,-51.2,-0.0427,977.5,0.816,1282.5,1.0706,108.9,0.1089
204,Entry long,2022-05-23 11:35:00-04:00,ORB close above 30m high,12001.25,5,120012.5,,,,,,,,
204,Exit long,2022-05-23 14:00:00-04:00,time,12002.5,5,120012.5,6.3,0.0052,507.5,0.4229,845.0,0.7041,115.2,0.1152
205,Entry long,2022-05-25 10:30:00-04:00,ORB close above 30m high,11889.75,5,118897.5,,,,,,,,
205,Exit long,2022-05-25 14:00:00-04:00,time,11852.0,5,118897.5,-383.7,-0.3227,397.5,0.3343,1012.5,0.8516,-268.5,-0.2685
206,Entry long,2022-05-26 10:15:00-04:00,ORB close above 30m high,12161.75,5,121617.5,,,,,,,,
206,Exit long,2022-05-26 14:00:00-04:00,time,12318.5,5,121617.5,1561.3,1.2838,1817.5,1.4944,352.5,0.2898,1292.8,1.2928
207,Entry long,2022-05-27 10:05:00-04:00,ORB close above 30m high,12533.25,5,125332.5,,,,,,,,
207,Exit long,2022-05-27 14:00:00-04:00,time,12588.5,5,125332.5,546.3,0.4359,790.0,0.6303,255.0,0.2035,1839.1,1.8391
208,Entry long,2022-05-30 10:50:00-04:00,ORB close above 30m high,12792.25,5,127922.5,,,,,,,,
208,Exit long,2022-05-30 12:25:00-04:00,target,12824.38,5,127922.5,315.05,0.2463,337.5,0.2638,217.5,0.17,2154.15,2.1542
209,Entry long,2022-05-31 11:55:00-04:00,ORB close above 30m high,12698.0,5,126980.0,,,,,,,,
209,Exit long,2022-05-31 14:00:00-04:00,time,12757.75,5,126980.0,591.3,0.4657,695.0,0.5473,392.5,0.3091,2745.45,2.7455
210,Entry long,2022-06-02 10:15:00-04:00,ORB close above 30m high,12618.0,5,126180.0,,,,,,,,
210,Exit long,2022-06-02 12:20:00-04:00,target,12740.77,5,126180.0,1221.55,0.9681,1432.5,1.1353,1205.0,0.955,3967.0,3.967
211,Entry long,2022-06-06 10:05:00-04:00,ORB close above 30m high,12789.5,5,127895.0,,,,,,,,
211,Exit long,2022-06-06 11:15:00-04:00,stop,12673.0,5,127895.0,-1171.2,-0.9158,210.0,0.1642,1530.0,1.1963,2795.8,2.7958
212,Entry long,2022-06-07 10:30:00-04:00,ORB close above 30m high,12591.25,5,125912.5,,,,,,,,
212,Exit long,2022-06-07 14:00:00-04:00,time,12646.75,5,125912.5,548.8,0.4359,1147.5,0.9113,295.0,0.2343,3344.6,3.3446
213,Entry long,2022-06-09 10:40:00-04:00,ORB close above 30m high,12660.0,5,126600.0,,,,,,,,
213,Exit long,2022-06-09 13:40:00-04:00,stop,12506.0,5,126600.0,-1546.2,-1.2213,40.0,0.0316,1570.0,1.2401,1798.4,1.7984
214,Entry long,2022-06-15 10:10:00-04:00,ORB close above 30m high,11556.25,5,115562.5,,,,,,,,
214,Exit long,2022-06-15 14:00:00-04:00,time,11573.25,5,115562.5,163.8,0.1417,875.0,0.7572,1115.0,0.9648,1962.2,1.9622
215,Entry long,2022-06-17 13:10:00-04:00,ORB close above 30m high,11364.75,5,113647.5,,,,,,,,
215,Exit long,2022-06-17 14:00:00-04:00,time,11342.75,5,113647.5,-226.2,-0.199,315.0,0.2772,562.5,0.495,1736.0,1.736
216,Entry long,2022-06-20 10:20:00-04:00,ORB close above 30m high,11377.5,5,113775.0,,,,,,,,
216,Exit long,2022-06-20 11:45:00-04:00,target,11408.4,5,113775.0,302.8,0.2661,325.0,0.2857,87.5,0.0769,2038.8,2.0388
217,Entry long,2022-06-21 10:05:00-04:00,ORB close above 30m high,11646.75,5,116467.5,,,,,,,,
217,Exit long,2022-06-21 14:00:00-04:00,time,11603.0,5,116467.5,-443.7,-0.381,317.5,0.2726,620.0,0.5323,1595.1,1.5951
218,Entry long,2022-06-22 10:15:00-04:00,ORB close above 30m high,11629.75,5,116297.5,,,,,,,,
218,Exit long,2022-06-22 14:00:00-04:00,time,11659.25,5,116297.5,288.8,0.2483,1167.5,1.0039,625.0,0.5374,1883.9,1.8839
219,Entry long,2022-06-23 10:45:00-04:00,ORB close above 30m high,11702.25,5,117022.5,,,,,,,,
219,Exit long,2022-06-23 14:00:00-04:00,time,11618.25,5,117022.5,-846.2,-0.7231,415.0,0.3546,1552.5,1.3267,1037.7,1.0377
220,Entry long,2022-06-24 10:05:00-04:00,ORB close above 30m high,12037.0,5,120370.0,,,,,,,,
220,Exit long,2022-06-24 14:00:00-04:00,time,12007.0,5,120370.0,-306.2,-0.2544,457.5,0.3801,677.5,0.5628,731.5,0.7315
221,Entry long,2022-06-29 10:05:00-04:00,ORB close above 30m high,11732.0,5,117320.0,,,,,,,,
221,Exit long,2022-06-29 14:00:00-04:00,time,11690.75,5,117320.0,-418.7,-0.3569,170.0,0.1449,1280.0,1.091,312.8,0.3128
222,Entry long,2022-06-30 11:55:00-04:00,ORB close above 30m high,11592.5,5,115925.0,,,,,,,,
222,Exit long,2022-06-30 14:00:00-04:00,time,11644.0,5,115925.0,508.8,0.4389,927.5,0.8001,527.5,0.455,821.6,0.8216
223,Entry long,2022-07-05 10:15:00-04:00,ORB close above 30m high,11507.5,5,115075.0,,,,,,,,
223,Exit long,2022-07-05 10:35:00-04:00,target,11590.38,5,115075.0,822.55,0.7148,885.0,0.7691,440.0,0.3824,1644.15,1.6442
224,Entry long,2022-07-07 10:55:00-04:00,ORB close above 30m high,12065.0,5,120650.0,,,,,,,,
224,Exit long,2022-07-07 14:00:00-04:00,time,12125.5,5,120650.0,598.8,0.4963,680.0,0.5636,377.5,0.3129,2242.95,2.243
225,Entry long,2022-07-08 10:30:00-04:00,ORB close above 30m high,12117.75,5,121177.5,,,,,,,,
225,Exit long,2022-07-08 14:00:00-04:00,time,12125.0,5,121177.5,66.3,0.0547,932.5,0.7695,787.5,0.6499,2309.25,2.3093
226,Entry long,2022-07-13 10:35:00-04:00,ORB close above 30m high,11710.0,5,117100.0,,,,,,,,
226,Exit long,2022-07-13 13:00:00-04:00,target,11841.0,5,117100.0,1303.8,1.1134,1445.0,1.234,142.5,0.1217,3613.05,3.6131
227,Entry long,2022-07-14 11:45:00-04:00,ORB close above 30m high,11697.0,5,116970.0,,,,,,,,
227,Exit long,2022-07-14 14:00:00-04:00,time,11726.5,5,116970.0,288.8,0.2469,480.0,0.4104,760.0,0.6497,3901.85,3.9019
228,Entry long,2022-07-15 11:15:00-04:00,ORB close above 30m high,11987.0,5,119870.0,,,,,,,,
228,Exit long,2022-07-15 14:00:00-04:00,time,11980.25,5,119870.0,-73.7,-0.0615,130.0,0.1085,580.0,0.4839,3828.15,3.8282
229,Entry long,2022-07-19 10:30:00-04:00,ORB close above 30m high,12086.0,5,120860.0,,,,,,,,
229,Exit long,2022-07-19 11:00:00-04:00,target,12151.2,5,120860.0,645.8,0.5343,800.0,0.6619,90.0,0.0745,4473.95,4.474
230,Entry long,2022-07-20 10:25:00-04:00,ORB close above 30m high,12358.5,5,123585.0,,,,,,,,
230,Exit long,2022-07-20 10:35:00-04:00,target,12430.0,5,123585.0,708.8,0.5735,762.5,0.617,57.5,0.0465,5182.75,5.1828
231,Entry long,2022-07-21 11:35:00-04:00,ORB close above 30m high,12536.75,5,125367.5,,,,,,,,
231,Exit long,2022-07-21 14:00:00-04:00,time,12578.5,5,125367.5,411.3,0.3281,842.5,0.672,295.0,0.2353,5594.05,5.5941
232,Entry long,2022-07-27 10:15:00-04:00,ORB close above 30m high,12416.25,5,124162.5,,,,,,,,
232,Exit long,2022-07-27 14:00:00-04:00,time,12436.75,5,124162.5,198.8,0.1601,727.5,0.5859,285.0,0.2295,5792.85,5.7929
233,Entry long,2022-07-28 11:30:00-04:00,ORB close above 30m high,12665.75,5,126657.5,,,,,,,,
233,Exit long,2022-07-28 14:00:00-04:00,time,12729.0,5,126657.5,626.3,0.4945,727.5,0.5744,422.5,0.3336,6419.15,6.4192
234,Entry long,2022-07-29 10:05:00-04:00,ORB close above 30m high,12895.75,5,128957.5,,,,,,,,
234,Exit long,2022-07-29 14:00:00-04:00,time,12925.0,5,128957.5,286.3,0.222,427.5,0.3315,1095.0,0.8491,6705.45,6.7055
235,Entry long,2022-08-01 10:10:00-04:00,ORB close above 30m high,13043.25,5,130432.5,,,,,,,,
235,Exit long,2022-08-01 14:00:00-04:00,time,12933.0,5,130432.5,-1108.7,-0.85,652.5,0.5003,1457.5,1.1174,5596.75,5.5968
236,Entry long,2022-08-02 10:55:00-04:00,ORB close above 30m high,12998.0,5,129980.0,,,,,,,,
236,Exit long,2022-08-02 14:00:00-04:00,time,12931.25,5,129980.0,-673.7,-0.5183,990.0,0.7617,947.5,0.729,4923.05,4.9231
237,Entry long,2022-08-03 10:05:00-04:00,ORB close above 30m high,13146.0,5,131460.0,,,,,,,,
237,Exit long,2022-08-03 12:45:00-04:00,target,13255.48,5,131460.0,1088.55,0.828,1215.0,0.9242,852.5,0.6485,6011.6,6.0116
238,Entry long,2022-08-05 10:05:00-04:00,ORB close above 30m high,13228.25,5,132282.5,,,,,,,,
238,Exit long,2022-08-05 10:20:00-04:00,target,13307.8,5,132282.5,789.3,0.5967,817.5,0.618,167.5,0.1266,6800.9,6.8009
239,Entry long,2022-08-10 11:05:00-04:00,ORB close above 30m high,13368.75,5,133687.5,,,,,,,,
239,Exit long,2022-08-10 14:00:00-04:00,time,13370.75,5,133687.5,13.8,0.0103,207.5,0.1552,525.0,0.3927,6814.7,6.8147
240,Entry long,2022-08-11 10:05:00-04:00,ORB close above 30m high,13527.25,5,135272.5,,,,,,,,
240,Exit long,2022-08-11 11:05:00-04:00,stop,13455.75,5,135272.5,-721.2,-0.5331,485.0,0.3585,1217.5,0.9,6093.5,6.0935
241,Entry long,2022-08-12 10:20:00-04:00,ORB close above 30m high,13458.5,5,134585.0,,,,,,,,
241,Exit long,2022-08-12 14:00:00-04:00,time,13504.25,5,134585.0,451.3,0.3353,540.0,0.4012,732.5,0.5443,6544.8,6.5448
242,Entry long,2022-08-15 11:45:00-04:00,ORB close above 30m high,13636.75,5,136367.5,,,,,,,,
242,Exit long,2022-08-15 14:00:00-04:00,time,13661.0,5,136367.5,236.3,0.1733,407.5,0.2988,10.0,0.0073,6781.1,6.7811
243,Entry long,2022-08-16 11:55:00-04:00,ORB close above 30m high,13672.5,5,136725.0,,,,,,,,
243,Exit long,2022-08-16 14:00:00-04:00,time,13698.25,5,136725.0,251.3,0.1838,432.5,0.3163,412.5,0.3017,7032.4,7.0324
244,Entry long,2022-08-18 10:45:00-04:00,ORB close above 30m high,13507.0,5,135070.0,,,,,,,,
244,Exit long,2022-08-18 11:25:00-04:00,target,13556.45,5,135070.0,488.3,0.3615,517.5,0.3831,205.0,0.1518,7520.7,7.5207
245,Entry long,2022-08-23 10:10:00-04:00,ORB close above 30m high,12994.5,5,129945.0,,,,,,,,
245,Exit long,2022-08-23 14:00:00-04:00,time,12919.75,5,129945.0,-753.7,-0.58,245.0,0.1885,1197.5,0.9215,6767.0,6.767
246,Entry long,2022-08-24 10:20:00-04:00,ORB close above 30m high,12941.5,5,129415.0,,,,,,,,
246,Exit long,2022-08-24 11:55:00-04:00,target,13003.73,5,129415.0,616.05,0.476,630.0,0.4868,340.0,0.2627,7383.05,7.3831
247,Entry long,2022-08-25 10:05:00-04:00,ORB close above 30m high,13055.25,5,130552.5,,,,,,,,
247,Exit long,2022-08-25 14:00:00-04:00,time,13081.5,5,130552.5,256.3,0.1963,630.0,0.4826,582.5,0.4462,7639.35,7.6394
248,Entry long,2022-08-26 10:10:00-04:00,ORB close above 30m high,13177.75,5,131777.5,,,,,,,,
248,Exit long,2022-08-26 10:20:00-04:00,stop,13084.5,5,131777.5,-938.7,-0.7123,207.5,0.1575,1530.0,1.161,6700.65,6.7007
249,Entry long,2022-09-02 10:35:00-04:00,ORB close above 30m high,12432.25,5,124322.5,,,,,,,,
249,Exit long,2022-09-02 12:30:00-04:00,stop,12291.0,5,124322.5,-1418.7,-1.1411,297.5,0.2393,1572.5,1.2649,5281.95,5.282
250,Entry long,2022-09-05 10:35:00-04:00,ORB close above 30m high,12154.25,5,121542.5,,,,,,,,
250,Exit long,2022-09-05 18:00:00-04:00,time,12134.75,5,121542.5,-201.2,-0.1655,130.0,0.107,392.5,0.3229,5080.75,5.0808
251,Entry long,2022-09-07 11:15:00-04:00,ORB close above 30m high,12140.75,5,121407.5,,,,,,,,
251,Exit long,2022-09-07 13:45:00-04:00,target,12214.0,5,121407.5,726.3,0.5982,750.0,0.6178,397.5,0.3274,5807.05,5.8071
252,Entry long,2022-09-08 10:35:00-04:00,ORB close above 30m high,12275.25,5,122752.5,,,,,,,,
252,Exit long,2022-09-08 14:00:00-04:00,time,12259.25,5,122752.5,-166.2,-0.1354,1042.5,0.8493,1375.0,1.1201,5640.85,5.6409
253,Entry long,2022-09-09 10:05:00-04:00,ORB close above 30m high,12524.5,5,125245.0,,,,,,,,
253,Exit long,2022-09-09 13:35:00-04:00,target,12600.38,5,125245.0,752.55,0.6009,800.0,0.6387,372.5,0.2974,6393.4,6.3934
254,Entry long,2022-09-12 10:10:00-04:00,ORB close above 30m high,12743.25,5,127432.5,,,,,,,,
254,Exit long,2022-09-12 12:10:00-04:00,stop,12640.75,5,127432.5,-1031.2,-0.8092,127.5,0.1001,1057.5,0.8299,5362.2,5.3622
255,Entry long,2022-09-14 10:55:00-04:00,ORB close above 30m high,12224.25,5,122242.5,,,,,,,,
255,Exit long,2022-09-14 14:00:00-04:00,time,12148.0,5,122242.5,-768.7,-0.6288,285.0,0.2331,947.5,0.7751,4593.5,4.5935
256,Entry long,2022-09-16 10:35:00-04:00,ORB close above 30m high,11898.75,5,118987.5,,,,,,,,
256,Exit long,2022-09-16 12:25:00-04:00,stop,11781.5,5,118987.5,-1178.7,-0.9906,165.0,0.1387,1207.5,1.0148,3414.8,3.4148
257,Entry long,2022-09-19 10:40:00-04:00,ORB close above 30m high,11946.25,5,119462.5,,,,,,,,
257,Exit long,2022-09-19 14:00:00-04:00,time,11918.0,5,119462.5,-288.7,-0.2417,325.0,0.2721,980.0,0.8203,3126.1,3.1261
258,Entry long,2022-09-20 10:55:00-04:00,ORB close above 30m high,11953.5,5,119535.0,,,,,,,,
258,Exit long,2022-09-20 11:50:00-04:00,target,12000.15,5,119535.0,460.3,0.3851,527.5,0.4413,130.0,0.1088,3586.4,3.5864
259,Entry long,2022-09-21 12:35:00-04:00,ORB close above 30m high,12004.75,5,120047.5,,,,,,,,
259,Exit long,2022-09-21 13:55:00-04:00,target,12051.05,5,120047.5,456.8,0.3805,612.5,0.5102,397.5,0.3311,4043.2,4.0432
260,Entry long,2022-09-26 10:20:00-04:00,ORB close above 30m high,11526.5,5,115265.0,,,,,,,,
260,Exit long,2022-09-26 12:25:00-04:00,stop,11342.25,5,115265.0,-1848.7,-1.6039,90.0,0.0781,2082.5,1.8067,2194.5,2.1945
261,Entry long,2022-09-28 10:25:00-04:00,ORB close above 30m high,11371.75,5,113717.5,,,,,,,,
261,Exit long,2022-09-28 11:20:00-04:00,target,11445.52,5,113717.5,731.55,0.6433,912.5,0.8024,125.0,0.1099,2926.05,2.9261
262,Entry long,2022-09-30 10:35:00-04:00,ORB close above 30m high,11299.5,5,112995.0,,,,,,,,
262,Exit long,2022-09-30 14:00:00-04:00,time,11160.5,5,112995.0,-1396.2,-1.2356,575.0,0.5089,1530.0,1.354,1529.85,1.5299
263,Entry long,2022-10-03 10:05:00-04:00,ORB close above 30m high,11157.5,5,111575.0,,,,,,,,
263,Exit long,2022-10-03 13:20:00-04:00,target,11239.5,5,111575.0,813.8,0.7294,992.5,0.8895,225.0,0.2017,2343.65,2.3437
264,Entry long,2022-10-04 10:05:00-04:00,ORB close above 30m high,11650.0,5,116500.0,,,,,,,,
264,Exit long,2022-10-04 14:00:00-04:00,time,11607.75,5,116500.0,-428.7,-0.368,262.5,0.2253,1260.0,1.0815,1914.95,1.915
265,Entry long,2022-10-05 12:50:00-04:00,ORB close above 30m high,11560.75,5,115607.5,,,,,,,,
265,Exit long,2022-10-05 14:00:00-04:00,time,11566.0,5,115607.5,46.3,0.04,652.5,0.5644,230.0,0.1989,1961.25,1.9613
266,Entry long,2022-10-11 11:45:00-04:00,ORB close above 30m high,10972.0,5,109720.0,,,,,,,,
266,Exit long,2022-10-11 14:00:00-04:00,time,10974.0,5,109720.0,13.8,0.0126,677.5,0.6175,590.0,0.5377,1975.05,1.9751
267,Entry long,2022-10-13 10:05:00-04:00,ORB close above 30m high,10638.5,5,106385.0,,,,,,,,
267,Exit long,2022-10-13 11:05:00-04:00,target,10746.05,5,106385.0,1069.3,1.0051,1400.0,1.316,375.0,0.3525,3044.35,3.0444
268,Entry long,2022-10-17 10:15:00-04:00,ORB close above 30m high,11127.5,5,111275.0,,,,,,,,
268,Exit long,2022-10-17 14:00:00-04:00,time,11128.25,5,111275.0,1.3,0.0012,180.0,0.1618,1050.0,0.9436,3045.65,3.0457
269,Entry long,2022-10-19 10:20:00-04:00,ORB close above 30m high,11224.25,5,112242.5,,,,,,,,
269,Exit long,2022-10-19 12:45:00-04:00,stop,11110.0,5,112242.5,-1148.7,-1.0234,602.5,0.5368,1150.0,1.0246,1896.95,1.897
270,Entry long,2022-10-20 10:05:00-04:00,ORB close above 30m high,11245.5,5,112455.0,,,,,,,,
270,Exit long,2022-10-20 13:45:00-04:00,stop,11091.25,5,112455.0,-1548.7,-1.3772,835.0,0.7425,1600.0,1.4228,348.25,0.3483
271,Entry long,2022-10-21 10:05:00-04:00,ORB close above 30m high,11165.0,5,111650.0,,,,,,,,
271,Exit long,2022-10-21 13:50:00-04:00,target,11283.92,5,111650.0,1183.05,1.0596,1237.5,1.1084,1140.0,1.021,1531.3,1.5313
272,Entry long,2022-10-24 12:20:00-04:00,ORB close above 30m high,11442.5,5,114425.0,,,,,,,,
272,Exit long,2022-10-24 14:00:00-04:00,time,11395.0,5,114425.0,-481.2,-0.4205,117.5,0.1027,692.5,0.6052,1050.1,1.0501
273,Entry long,2022-10-25 11:10:00-04:00,ORB close above 30m high,11671.0,5,116710.0,,,,,,,,
273,Exit long,2022-10-25 14:00:00-04:00,time,11647.0,5,116710.0,-246.2,-0.211,350.0,0.2999,560.0,0.4798,803.9,0.8039
274,Entry long,2022-10-26 10:10:00-04:00,ORB close above 30m high,11531.25,5,115312.5,,,,,,,,
274,Exit long,2022-10-26 10:35:00-04:00,target,11599.77,5,115312.5,679.05,0.5889,845.0,0.7328,167.5,0.1453,1482.95,1.483
275,Entry long,2022-10-28 10:30:00-04:00,ORB close above 30m high,11381.0,5,113810.0,,,,,,,,
275,Exit long,2022-10-28 12:20:00-04:00,target,11503.08,5,113810.0,1214.55,1.0672,1272.5,1.1181,40.0,0.0351,2697.5,2.6975
276,Entry long,2022-11-03 10:50:00-04:00,ORB close above 30m high,10873.75,5,108737.5,,,,,,,,
276,Exit long,2022-11-03 14:00:00-04:00,time,10778.25,5,108737.5,-961.2,-0.884,147.5,0.1356,1220.0,1.122,1736.3,1.7363
277,Entry long,2022-11-08 10:20:00-05:00,ORB close above 30m high,11087.75,5,110877.5,,,,,,,,
277,Exit long,2022-11-08 11:10:00-05:00,target,11144.38,5,110877.5,560.05,0.5051,702.5,0.6336,52.5,0.0473,2296.35,2.2964
278,Entry long,2022-11-10 11:15:00-05:00,ORB close above 30m high,11455.25,5,114552.5,,,,,,,,
278,Exit long,2022-11-10 14:00:00-05:00,time,11500.5,5,114552.5,446.3,0.3896,577.5,0.5041,330.0,0.2881,2742.65,2.7427
279,Entry long,2022-11-11 10:15:00-05:00,ORB close above 30m high,11712.5,5,117125.0,,,,,,,,
279,Exit long,2022-11-11 13:15:00-05:00,target,11812.35,5,117125.0,992.3,0.8472,1035.0,0.8837,737.5,0.6297,3734.95,3.735
280,Entry long,2022-11-14 10:10:00-05:00,ORB close above 30m high,11789.0,5,117890.0,,,,,,,,
280,Exit long,2022-11-14 12:35:00-05:00,target,11849.65,5,117890.0,600.3,0.5092,617.5,0.5238,605.0,0.5132,4335.25,4.3353
281,Entry long,2022-11-17 10:20:00-05:00,ORB close above 30m high,11659.5,5,116595.0,,,,,,,,
281,Exit long,2022-11-17 12:55:00-05:00,target,11740.45,5,116595.0,803.3,0.689,982.5,0.8427,615.0,0.5275,5138.55,5.1386
282,Entry long,2022-11-22 10:50:00-05:00,ORB close above 30m high,11642.25,5,116422.5,,,,,,,,
282,Exit long,2022-11-22 14:00:00-05:00,time,11698.25,5,116422.5,553.8,0.4757,647.5,0.5562,262.5,0.2255,5692.35,5.6924
283,Entry long,2022-11-23 10:15:00-05:00,ORB close above 30m high,11854.75,5,118547.5,,,,,,,,
283,Exit long,2022-11-23 12:55:00-05:00,stop,11744.5,5,118547.5,-1108.7,-0.9352,332.5,0.2805,1130.0,0.9532,4583.65,4.5837
284,Entry long,2022-11-24 11:00:00-05:00,ORB close above 30m high,11920.0,5,119200.0,,,,,,,,
284,Exit long,2022-11-24 18:00:00-05:00,time,11912.0,5,119200.0,-86.2,-0.0723,50.0,0.0419,100.0,0.0839,4497.45,4.4975
285,Entry long,2022-11-30 13:35:00-05:00,ORB close above 30m high,11609.75,5,116097.5,,,,,,,,
285,Exit long,2022-11-30 13:35:00-05:00,target,11673.2,5,116097.5,628.3,0.5412,990.0,0.8527,15.0,0.0129,5125.75,5.1258
286,Entry long,2022-12-02 10:15:00-05:00,ORB close above 30m high,11943.0,5,119430.0,,,,,,,,
286,Exit long,2022-12-02 14:00:00-05:00,time,11936.25,5,119430.0,-73.7,-0.0617,367.5,0.3077,642.5,0.538,5052.05,5.0521
287,Entry long,2022-12-08 10:05:00-05:00,ORB close above 30m high,11611.0,5,116110.0,,,,,,,,
287,Exit long,2022-12-08 14:00:00-05:00,time,11649.0,5,116110.0,373.8,0.3219,745.0,0.6416,292.5,0.2519,5425.85,5.4259
288,Entry long,2022-12-09 10:40:00-05:00,ORB close above 30m high,11669.0,5,116690.0,,,,,,,,
288,Exit long,2022-12-09 14:00:00-05:00,time,11661.5,5,116690.0,-81.2,-0.0696,495.0,0.4242,402.5,0.3449,5344.65,5.3447
289,Entry long,2022-12-14 10:05:00-05:00,ORB close above 30m high,12016.75,5,120167.5,,,,,,,,
289,Exit long,2022-12-14 14:00:00-05:00,time,11975.5,5,120167.5,-418.7,-0.3484,527.5,0.439,1747.5,1.4542,4925.95,4.926
290,Entry long,2022-12-20 10:05:00-05:00,ORB close above 30m high,11179.0,5,111790.0,,,,,,,,
290,Exit long,2022-12-20 14:00:00-05:00,time,11189.0,5,111790.0,93.8,0.0839,682.5,0.6105,772.5,0.691,5019.75,5.0198
291,Entry long,2022-12-21 10:10:00-05:00,ORB close above 30m high,11289.5,5,112895.0,,,,,,,,
291,Exit long,2022-12-21 11:00:00-05:00,target,11365.2,5,112895.0,750.8,0.665,815.0,0.7219,125.0,0.1107,5770.55,5.7706
292,Entry long,2022-12-23 10:35:00-05:00,ORB close above 30m high,11071.0,5,110710.0,,,,,,,,
292,Exit long,2022-12-23 14:00:00-05:00,time,11038.25,5,110710.0,-333.7,-0.3014,322.5,0.2913,957.5,0.8649,5436.85,5.4369
293,Entry long,2022-12-29 10:15:00-05:00,ORB close above 30m high,10987.75,5,109877.5,,,,,,,,
293,Exit long,2022-12-29 14:00:00-05:00,time,11045.5,5,109877.5,571.3,0.5199,837.5,0.7622,5.0,0.0046,6008.15,6.0082
294,Entry long,2022-12-30 10:50:00-05:00,ORB close above 30m high,10966.5,5,109665.0,,,,,,,,
294,Exit long,2022-12-30 14:00:00-05:00,time,10906.75,5,109665.0,-603.7,-0.5505,0.0,0.0,917.5,0.8366,5404.45,5.4045
295,Entry long,2023-01-04 11:40:00-05:00,ORB close above 30m high,11057.75,5,110577.5,,,,,,,,
295,Exit long,2023-01-04 14:00:00-05:00,time,11001.0,5,110577.5,-573.7,-0.5188,102.5,0.0927,1175.0,1.0626,4830.75,4.8308
296,Entry long,2023-01-06 10:40:00-05:00,ORB close above 30m high,10954.75,5,109547.5,,,,,,,,
296,Exit long,2023-01-06 14:00:00-05:00,time,11072.5,5,109547.5,1171.3,1.0692,1285.0,1.173,177.5,0.162,6002.05,6.0021
297,Entry long,2023-01-09 10:05:00-05:00,ORB close above 30m high,11323.5,5,113235.0,,,,,,,,
297,Exit long,2023-01-09 14:00:00-05:00,time,11282.5,5,113235.0,-416.2,-0.3676,620.0,0.5475,630.0,0.5564,5585.85,5.5859
298,Entry long,2023-01-10 10:15:00-05:00,ORB close above 30m high,11256.5,5,112565.0,,,,,,,,
298,Exit long,2023-01-10 10:40:00-05:00,stop,11137.5,5,112565.0,-1196.2,-1.0627,267.5,0.2376,1310.0,1.1638,4389.65,4.3897
299,Entry long,2023-01-11 10:25:00-05:00,ORB close above 30m high,11372.0,5,113720.0,,,,,,,,
299,Exit long,2023-01-11 13:10:00-05:00,target,11428.62,5,113720.0,560.05,0.4925,705.0,0.6199,587.5,0.5166,4949.7,4.9497
300,Entry long,2023-01-12 12:20:00-05:00,ORB close above 30m high,11522.5,5,115225.0,,,,,,,,
300,Exit long,2023-01-12 14:00:00-05:00,time,11565.0,5,115225.0,418.8,0.3635,527.5,0.4578,705.0,0.6118,5368.5,5.3685
301,Entry long,2023-01-13 10:10:00-05:00,ORB close above 30m high,11483.25,5,114832.5,,,,,,,,
301,Exit long,2023-01-13 10:45:00-05:00,target,11535.33,5,114832.5,514.55,0.4481,552.5,0.4811,17.5,0.0152,5883.05,5.8831
302,Entry long,2023-01-17 10:05:00-05:00,ORB close above 30m high,11663.0,5,116630.0,,,,,,,,
302,Exit long,2023-01-17 14:00:00-05:00,time,11645.0,5,116630.0,-186.2,-0.1597,220.0,0.1886,1080.0,0.926,5696.85,5.6969
303,Entry long,2023-01-18 10:05:00-05:00,ORB close above 30m high,11739.25,5,117392.5,,,,,,,,
303,Exit long,2023-01-18 10:35:00-05:00,stop,11672.0,5,117392.5,-678.7,-0.5781,202.5,0.1725,882.5,0.7518,5018.15,5.0182
304,Entry long,2023-01-20 10:10:00-05:00,ORB close above 30m high,11475.25,5,114752.5,,,,,,,,
304,Exit long,2023-01-20 11:30:00-05:00,target,11539.58,5,114752.5,637.05,0.5552,685.0,0.5969,245.0,0.2135,5655.2,5.6552
305,Entry long,2023-01-23 10:20:00-05:00,ORB close above 30m high,11827.0,5,118270.0,,,,,,,,
305,Exit long,2023-01-23 11:15:00-05:00,target,11935.42,5,118270.0,1078.05,0.9115,1247.5,1.0548,87.5,0.074,6733.25,6.7333
306,Entry long,2023-01-25 11:20:00-05:00,ORB close above 30m high,11729.75,5,117297.5,,,,,,,,
306,Exit long,2023-01-25 13:25:00-05:00,target,11804.75,5,117297.5,743.8,0.6341,890.0,0.7588,175.0,0.1492,7477.05,7.4771
307,Entry long,2023-01-27 10:05:00-05:00,ORB close above 30m high,12155.75,5,121557.5,,,,,,,,
307,Exit long,2023-01-27 12:40:00-05:00,target,12235.3,5,121557.5,789.3,0.6493,855.0,0.7034,632.5,0.5203,8266.35,8.2664
308,Entry long,2023-01-30 10:05:00-05:00,ORB close above 30m high,12136.0,5,121360.0,,,,,,,,
308,Exit long,2023-01-30 10:20:00-05:00,stop,12059.0,5,121360.0,-776.2,-0.6396,75.0,0.0618,800.0,0.6592,7490.15,7.4902
309,Entry long,2023-01-31 10:30:00-05:00,ORB close above 30m high,12059.5,5,120595.0,,,,,,,,
309,Exit long,2023-01-31 14:00:00-05:00,time,12094.75,5,120595.0,346.3,0.2872,427.5,0.3545,172.5,0.143,7836.45,7.8365
310,Entry long,2023-02-02 10:35:00-05:00,ORB close above 30m high,12790.5,5,127905.0,,,,,,,,
310,Exit long,2023-02-02 13:30:00-05:00,target,12875.3,5,127905.0,841.8,0.6581,885.0,0.6919,192.5,0.1505,8678.25,8.6783
311,Entry long,2023-02-03 10:15:00-05:00,ORB close above 30m high,12756.0,5,127560.0,,,,,,,,
311,Exit long,2023-02-03 14:00:00-05:00,time,12674.5,5,127560.0,-821.2,-0.6438,1217.5,0.9545,1387.5,1.0877,7857.05,7.8571
312,Entry long,2023-02-06 10:05:00-05:00,ORB close above 30m high,12572.0,5,125720.0,,,,,,,,
312,Exit long,2023-02-06 10:20:00-05:00,stop,12501.75,5,125720.0,-708.7,-0.5637,202.5,0.1611,867.5,0.69,7148.35,7.1484
313,Entry long,2023-02-07 11:15:00-05:00,ORB close above 30m high,12555.5,5,125555.0,,,,,,,,
313,Exit long,2023-02-07 12:40:00-05:00,target,12602.15,5,125555.0,460.3,0.3666,725.0,0.5774,195.0,0.1553,7608.65,7.6087
314,Entry long,2023-02-10 10:20:00-05:00,ORB close above 30m high,12397.0,5,123970.0,,,,,,,,
314,Exit long,2023-02-10 10:50:00-05:00,stop,12311.5,5,123970.0,-861.2,-0.6947,247.5,0.1996,895.0,0.7219,6747.45,6.7475
315,Entry long,2023-02-13 10:50:00-05:00,ORB close above 30m high,12486.0,5,124860.0,,,,,,,,
315,Exit long,2023-02-13 14:00:00-05:00,time,12559.5,5,124860.0,728.8,0.5837,817.5,0.6547,35.0,0.028,7476.25,7.4763
316,Entry long,2023-02-14 10:05:00-05:00,ORB close above 30m high,12631.25,5,126312.5,,,,,,,,
316,Exit long,2023-02-14 14:00:00-05:00,time,12583.5,5,126312.5,-483.7,-0.3829,420.0,0.3325,2137.5,1.6922,6992.55,6.9926
317,Entry long,2023-02-15 11:30:00-05:00,ORB close above 30m high,12632.75,5,126327.5,,,,,,,,
317,Exit long,2023-02-15 14:00:00-05:00,time,12682.0,5,126327.5,486.3,0.385,567.5,0.4492,270.0,0.2137,7478.85,7.4789
318,Entry long,2023-02-16 10:25:00-05:00,ORB close above 30m high,12605.0,5,126050.0,,,,,,,,
318,Exit long,2023-02-16 12:30:00-05:00,target,12680.7,5,126050.0,750.8,0.5956,800.0,0.6347,112.5,0.0893,8229.65,8.2297
319,Entry long,2023-02-27 10:05:00-05:00,ORB close above 30m high,12156.25,5,121562.5,,,,,,,,
319,Exit long,2023-02-27 10:35:00-05:00,stop,12106.25,5,121562.5,-506.2,-0.4164,332.5,0.2735,630.0,0.5183,7723.45,7.7235
320,Entry long,2023-02-28 10:05:00-05:00,ORB close above 30m high,12113.75,5,121137.5,,,,,,,,
320,Exit long,2023-02-28 13:30:00-05:00,target,12164.25,5,121137.5,498.8,0.4118,550.0,0.454,680.0,0.5613,8222.25,8.2223
321,Entry long,2023-03-02 10:05:00-05:00,ORB close above 30m high,11923.75,5,119237.5,,,,,,,,
321,Exit long,2023-03-02 13:35:00-05:00,target,11977.75,5,119237.5,533.8,0.4477,565.0,0.4738,515.0,0.4319,8756.05,8.7561
322,Entry long,2023-03-03 10:25:00-05:00,ORB close above 30m high,12207.25,5,122072.5,,,,,,,,
322,Exit long,2023-03-03 13:05:00-05:00,target,12274.38,5,122072.5,665.05,0.5448,687.5,0.5632,367.5,0.3011,9421.1,9.4211
323,Entry long,2023-03-06 10:15:00-05:00,ORB close above 30m high,12409.25,5,124092.5,,,,,,,,
323,Exit long,2023-03-06 10:40:00-05:00,target,12452.4,5,124092.5,425.3,0.3427,645.0,0.5198,52.5,0.0423,9846.4,9.8464
324,Entry long,2023-03-08 10:35:00-05:00,ORB close above 30m high,12217.25,5,122172.5,,,,,,,,
324,Exit long,2023-03-08 13:25:00-05:00,stop,12154.75,5,122172.5,-631.2,-0.5166,372.5,0.3049,665.0,0.5443,9215.2,9.2152
325,Entry long,2023-03-09 10:05:00-05:00,ORB close above 30m high,12342.25,5,123422.5,,,,,,,,
325,Exit long,2023-03-09 12:45:00-05:00,stop,12230.0,5,123422.5,-1128.7,-0.9145,115.0,0.0932,1262.5,1.0229,8086.5,8.0865
326,Entry long,2023-03-10 11:30:00-05:00,ORB close above 30m high,12045.25,5,120452.5,,,,,,,,
326,Exit long,2023-03-10 13:25:00-05:00,stop,11865.5,5,120452.5,-1803.7,-1.4974,342.5,0.2843,2062.5,1.7123,6282.8,6.2828
327,Entry long,2023-03-13 10:35:00-04:00,ORB close above 30m high,11929.75,5,119297.5,,,,,,,,
327,Exit long,2023-03-13 14:00:00-04:00,time,12006.75,5,119297.5,763.8,0.6402,1472.5,1.2343,870.0,0.7293,7046.6,7.0466
328,Entry long,2023-03-14 10:25:00-04:00,ORB close above 30m high,12163.5,5,121635.0,,,,,,,,
328,Exit long,2023-03-14 14:00:00-04:00,time,12112.25,5,121635.0,-518.7,-0.4264,595.0,0.4892,755.0,0.6207,6527.9,6.5279
329,Entry long,2023-03-15 11:50:00-04:00,ORB close above 30m high,12299.25,5,122992.5,,,,,,,,
329,Exit long,2023-03-15 12:55:00-04:00,stop,12193.5,5,122992.5,-1063.7,-0.8648,20.0,0.0163,1172.5,0.9533,5464.2,5.4642
330,Entry long,2023-03-16 10:45:00-04:00,ORB close above 30m high,12444.25,5,124442.5,,,,,,,,
330,Exit long,2023-03-16 10:55:00-04:00,target,12535.17,5,124442.5,903.05,0.7257,917.5,0.7373,35.0,0.0281,6367.25,6.3673
331,Entry long,2023-03-17 10:05:00-04:00,ORB close above 30m high,12793.25,5,127932.5,,,,,,,,
331,Exit long,2023-03-17 10:25:00-04:00,stop,12690.75,5,127932.5,-1031.2,-0.8061,40.0,0.0313,1225.0,0.9575,5336.05,5.3361
332,Entry long,2023-03-20 10:50:00-04:00,ORB close above 30m high,12635.25,5,126352.5,,,,,,,,
332,Exit long,2023-03-20 14:00:00-04:00,time,12660.75,5,126352.5,248.8,0.1969,625.0,0.4946,697.5,0.552,5584.85,5.5849
333,Entry long,2023-03-22 10:25:00-04:00,ORB close above 30m high,12901.25,5,129012.5,,,,,,,,
333,Exit long,2023-03-22 10:25:00-04:00,target,12936.17,5,129012.5,343.05,0.2659,367.5,0.2849,20.0,0.0155,5927.9,5.9279
334,Entry long,2023-03-23 10:10:00-04:00,ORB close above 30m high,12912.5,5,129125.0,,,,,,,,
334,Exit long,2023-03-23 10:40:00-04:00,target,12958.1,5,129125.0,449.8,0.3483,512.5,0.3969,22.5,0.0174,6377.7,6.3777
335,Entry long,2023-03-29 10:05:00-04:00,ORB close above 30m high,12928.5,5,129285.0,,,,,,,,
335,Exit long,2023-03-29 10:30:00-04:00,stop,12881.0,5,129285.0,-481.2,-0.3722,32.5,0.0251,510.0,0.3945,5896.5,5.8965
336,Entry long,2023-03-30 10:30:00-04:00,ORB close above 30m high,13093.5,5,130935.0,,,,,,,,
336,Exit long,2023-03-30 13:30:00-04:00,stop,13036.75,5,130935.0,-573.7,-0.4382,185.0,0.1413,610.0,0.4659,5322.8,5.3228
337,Entry long,2023-03-31 10:35:00-04:00,ORB close above 30m high,13168.25,5,131682.5,,,,,,,,
337,Exit long,2023-03-31 12:25:00-04:00,target,13231.17,5,131682.5,623.05,0.4731,687.5,0.5221,40.0,0.0304,5945.85,5.9459
338,Entry long,2023-04-03 10:25:00-04:00,ORB close above 30m high,13264.25,5,132642.5,,,,,,,,
338,Exit long,2023-04-03 10:50:00-04:00,stop,13197.5,5,132642.5,-673.7,-0.5079,27.5,0.0207,830.0,0.6257,5272.15,5.2722
339,Entry long,2023-04-04 10:05:00-04:00,ORB close above 30m high,13303.0,5,133030.0,,,,,,,,
339,Exit long,2023-04-04 11:05:00-04:00,stop,13229.75,5,133030.0,-738.7,-0.5553,237.5,0.1785,747.5,0.5619,4533.45,4.5335
340,Entry long,2023-04-06 10:10:00-04:00,ORB close above 30m high,13026.5,5,130265.0,,,,,,,,
340,Exit long,2023-04-06 11:20:00-04:00,target,13078.05,5,130265.0,509.3,0.391,545.0,0.4184,190.0,0.1459,5042.75,5.0428
341,Entry long,2023-04-10 11:10:00-04:00,ORB close above 30m high,13052.75,5,130527.5,,,,,,,,
341,Exit long,2023-04-10 12:45:00-04:00,target,13112.17,5,130527.5,588.05,0.4505,650.0,0.498,387.5,0.2969,5630.8,5.6308
342,Entry long,2023-04-13 10:10:00-04:00,ORB close above 30m high,13096.25,5,130962.5,,,,,,,,
342,Exit long,2023-04-13 12:05:00-04:00,target,13149.55,5,130962.5,526.8,0.4023,590.0,0.4505,65.0,0.0496,6157.6,6.1576
343,Entry long,2023-04-19 10:40:00-04:00,ORB close above 30m high,13136.0,5,131360.0,,,,,,,,
343,Exit long,2023-04-19 11:55:00-04:00,target,13176.17,5,131360.0,395.55,0.3011,417.5,0.3178,120.0,0.0914,6553.15,6.5531
344,Entry long,2023-04-20 10:10:00-04:00,ORB close above 30m high,13137.5,5,131375.0,,,,,,,,
344,Exit long,2023-04-20 14:00:00-04:00,time,13169.5,5,131375.0,313.8,0.2389,622.5,0.4738,457.5,0.3482,6866.95,6.8669
345,Entry long,2023-04-21 11:35:00-04:00,ORB close above 30m high,13078.5,5,130785.0,,,,,,,,
345,Exit long,2023-04-21 14:00:00-04:00,time,13100.5,5,130785.0,213.8,0.1635,390.0,0.2982,295.0,0.2256,7080.75,7.0807
346,Entry long,2023-04-26 11:10:00-04:00,ORB close above 30m high,12970.0,5,129700.0,,,,,,,,
346,Exit long,2023-04-26 14:00:00-04:00,time,12921.5,5,129700.0,-491.2,-0.3787,425.0,0.3277,640.0,0.4934,6589.55,6.5895
347,Entry long,2023-04-27 10:15:00-04:00,ORB close above 30m high,13077.5,5,130775.0,,,,,,,,
347,Exit long,2023-04-27 11:20:00-04:00,target,13122.23,5,130775.0,441.05,0.3373,577.5,0.4416,85.0,0.065,7030.6,7.0306
348,Entry long,2023-04-28 10:15:00-04:00,ORB close above 30m high,13266.0,5,132660.0,,,,,,,,
348,Exit long,2023-04-28 14:00:00-04:00,time,13276.75,5,132660.0,101.3,0.0764,287.5,0.2167,822.5,0.62,7131.9,7.1319
349,Entry long,2023-05-01 12:35:00-04:00,ORB close above 30m high,13334.5,5,133345.0,,,,,,,,
349,Exit long,2023-05-01 14:00:00-04:00,time,13349.75,5,133345.0,146.3,0.1097,285.0,0.2137,85.0,0.0637,7278.2,7.2782
350,Entry long,2023-05-04 11:10:00-04:00,ORB close above 30m high,13089.75,5,130897.5,,,,,,,,
350,Exit long,2023-05-04 14:00:00-04:00,time,13109.25,5,130897.5,188.8,0.1442,415.0,0.317,592.5,0.4526,7467.0,7.467
351,Entry long,2023-05-05 10:05:00-04:00,ORB close above 30m high,13200.0,5,132000.0,,,,,,,,
351,Exit long,2023-05-05 10:30:00-04:00,target,13252.77,5,132000.0,521.55,0.3951,535.0,0.4053,47.5,0.036,7988.55,7.9885
352,Entry long,2023-05-08 11:55:00-04:00,ORB close above 30m high,13321.0,5,133210.0,,,,,,,,
352,Exit long,2023-05-08 14:00:00-04:00,time,13345.5,5,133210.0,238.8,0.1793,337.5,0.2534,137.5,0.1032,8227.35,8.2273
353,Entry long,2023-05-10 10:10:00-04:00,ORB close above 30m high,13424.0,5,134240.0,,,,,,,,
353,Exit long,2023-05-10 10:45:00-04:00,stop,13321.25,5,134240.0,-1033.7,-0.77,100.0,0.0745,1075.0,0.8008,7193.65,7.1936
354,Entry long,2023-05-11 11:30:00-04:00,ORB close above 30m high,13434.75,5,134347.5,,,,,,,,
354,Exit long,2023-05-11 14:00:00-04:00,time,13426.25,5,134347.5,-91.2,-0.0679,250.0,0.1861,412.5,0.307,7102.45,7.1024
355,Entry long,2023-05-15 11:25:00-04:00,ORB close above 30m high,13432.0,5,134320.0,,,,,,,,
355,Exit long,2023-05-15 13:10:00-04:00,target,13472.52,5,134320.0,399.05,0.2971,470.0,0.3499,140.0,0.1042,7501.5,7.5015
356,Entry long,2023-05-16 11:00:00-04:00,ORB close above 30m high,13519.25,5,135192.5,,,,,,,,
356,Exit long,2023-05-16 14:00:00-04:00,time,13544.75,5,135192.5,248.8,0.184,350.0,0.2589,182.5,0.135,7750.3,7.7503
357,Entry long,2023-05-17 11:40:00-04:00,ORB close above 30m high,13540.75,5,135407.5,,,,,,,,
357,Exit long,2023-05-17 12:45:00-04:00,target,13586.52,5,135407.5,451.55,0.3335,542.5,0.4006,35.0,0.0258,8201.85,8.2018
358,Entry long,2023-05-18 10:10:00-04:00,ORB close above 30m high,13731.5,5,137315.0,,,,,,,,
358,Exit long,2023-05-18 10:30:00-04:00,target,13786.38,5,137315.0,542.55,0.3951,597.5,0.4351,62.5,0.0455,8744.4,8.7444
359,Entry long,2023-05-25 11:15:00-04:00,ORB close above 30m high,13976.5,5,139765.0,,,,,,,,
359,Exit long,2023-05-25 14:00:00-04:00,time,13990.75,5,139765.0,136.3,0.0975,550.0,0.3935,552.5,0.3953,8880.7,8.8807
360,Entry long,2023-05-26 10:05:00-04:00,ORB close above 30m high,14133.5,5,141335.0,,,,,,,,
360,Exit long,2023-05-26 10:35:00-04:00,target,14216.38,5,141335.0,822.55,0.582,985.0,0.6969,72.5,0.0513,9703.25,9.7032
361,Entry long,2023-05-29 10:25:00-04:00,ORB close above 30m high,14379.75,5,143797.5,,,,,,,,
361,Exit long,2023-05-29 10:50:00-04:00,target,14387.9,5,143797.5,75.3,0.0524,97.5,0.0678,27.5,0.0191,9778.55,9.7785
362,Entry long,2023-06-01 10:05:00-04:00,ORB close above 30m high,14323.5,5,143235.0,,,,,,,,
362,Exit long,2023-06-01 10:45:00-04:00,target,14373.3,5,143235.0,491.8,0.3434,597.5,0.4171,507.5,0.3543,10270.35,10.2703
363,Entry long,2023-06-05 10:55:00-04:00,ORB close above 30m high,14657.25,5,146572.5,,,,,,,,
363,Exit long,2023-06-05 14:00:00-04:00,time,14632.5,5,146572.5,-253.7,-0.1731,380.0,0.2593,472.5,0.3224,10016.65,10.0166
364,Entry long,2023-06-06 10:25:00-04:00,ORB close above 30m high,14578.75,5,145787.5,,,,,,,,
364,Exit long,2023-06-06 14:00:00-04:00,time,14552.25,5,145787.5,-271.2,-0.186,452.5,0.3104,510.0,0.3498,9745.45,9.7454
365,Entry long,2023-06-08 10:15:00-04:00,ORB close above 30m high,14406.5,5,144065.0,,,,,,,,
365,Exit long,2023-06-08 11:00:00-04:00,target,14461.2,5,144065.0,540.8,0.3754,712.5,0.4946,152.5,0.1059,10286.25,10.2862
366,Entry long,2023-06-09 10:15:00-04:00,ORB close above 30m high,14670.5,5,146705.0,,,,,,,,
366,Exit long,2023-06-09 11:25:00-04:00,stop,14556.25,5,146705.0,-1148.7,-0.783,175.0,0.1193,1235.0,0.8418,9137.55,9.1375
367,Entry long,2023-06-12 10:50:00-04:00,ORB close above 30m high,14642.0,5,146420.0,,,,,,,,
367,Exit long,2023-06-12 11:45:00-04:00,target,14670.45,5,146420.0,278.3,0.1901,330.0,0.2254,395.0,0.2698,9415.85,9.4158
368,Entry long,2023-06-14 10:05:00-04:00,ORB close above 30m high,15127.5,5,151275.0,,,,,,,,
368,Exit long,2023-06-14 11:10:00-04:00,target,15179.4,5,151275.0,512.8,0.339,545.0,0.3603,47.5,0.0314,9928.65,9.9286
369,Entry long,2023-06-15 10:10:00-04:00,ORB close above 30m high,15250.75,5,152507.5,,,,,,,,
369,Exit long,2023-06-15 13:50:00-04:00,target,15346.05,5,152507.5,946.8,0.6208,975.0,0.6393,355.0,0.2328,10875.45,10.8754
370,Entry long,2023-06-22 10:15:00-04:00,ORB close above 30m high,15132.75,5,151327.5,,,,,,,,
370,Exit long,2023-06-22 14:00:00-04:00,time,15153.5,5,151327.5,201.3,0.133,480.0,0.3172,767.5,0.5072,11076.75,11.0767
371,Entry long,2023-06-23 12:20:00-04:00,ORB close above 30m high,15103.25,5,151032.5,,,,,,,,
371,Exit long,2023-06-23 14:00:00-04:00,time,15126.0,5,151032.5,221.3,0.1465,522.5,0.346,107.5,0.0712,11298.05,11.298
372,Entry long,2023-06-26 10:15:00-04:00,ORB close above 30m high,15140.75,5,151407.5,,,,,,,,
372,Exit long,2023-06-26 11:05:00-04:00,stop,15024.0,5,151407.5,-1173.7,-0.7752,115.0,0.076,1247.5,0.8239,10124.35,10.1243
373,Entry long,2023-06-27 11:30:00-04:00,ORB close above 30m high,14982.75,5,149827.5,,,,,,,,
373,Exit long,2023-06-27 12:40:00-04:00,target,15041.83,5,149827.5,584.55,0.3901,735.0,0.4906,87.5,0.0584,10708.9,10.7089
374,Entry long,2023-06-28 10:20:00-04:00,ORB close above 30m high,15113.75,5,151137.5,,,,,,,,
374,Exit long,2023-06-28 10:35:00-04:00,target,15175.27,5,151137.5,609.05,0.403,807.5,0.5343,132.5,0.0877,11317.95,11.3179
375,Entry long,2023-06-30 10:15:00-04:00,ORB close above 30m high,15336.75,5,153367.5,,,,,,,,
375,Exit long,2023-06-30 14:00:00-04:00,time,15355.25,5,153367.5,178.8,0.1166,397.5,0.2592,542.5,0.3537,11496.75,11.4967
376,Entry long,2023-07-05 10:20:00-04:00,ORB close above 30m high,15407.0,5,154070.0,,,,,,,,
376,Exit long,2023-07-05 14:00:00-04:00,time,15370.75,5,154070.0,-368.7,-0.2393,247.5,0.1606,685.0,0.4446,11128.05,11.128
377,Entry long,2023-07-06 13:00:00-04:00,ORB close above 30m high,15215.5,5,152155.0,,,,,,,,
377,Exit long,2023-07-06 14:00:00-04:00,time,15237.75,5,152155.0,216.3,0.1422,242.5,0.1594,240.0,0.1577,11344.35,11.3443
378,Entry long,2023-07-07 12:00:00-04:00,ORB close above 30m high,15281.0,5,152810.0,,,,,,,,
378,Exit long,2023-07-07 13:10:00-04:00,target,15345.5,5,152810.0,638.8,0.418,682.5,0.4466,12.5,0.0082,11983.15,11.9831
379,Entry long,2023-07-11 12:00:00-04:00,ORB close above 30m high,15236.0,5,152360.0,,,,,,,,
379,Exit long,2023-07-11 14:00:00-04:00,time,15203.25,5,152360.0,-333.7,-0.219,140.0,0.0919,607.5,0.3987,11649.45,11.6494
380,Entry long,2023-07-12 10:10:00-04:00,ORB close above 30m high,15487.5,5,154875.0,,,,,,,,
380,Exit long,2023-07-12 11:35:00-04:00,stop,15407.75,5,154875.0,-803.7,-0.5189,202.5,0.1308,810.0,0.523,10845.75,10.8457
381,Entry long,2023-07-13 12:00:00-04:00,ORB close above 30m high,15631.25,5,156312.5,,,,,,,,
381,Exit long,2023-07-13 14:00:00-04:00,time,15660.5,5,156312.5,286.3,0.1832,422.5,0.2703,65.0,0.0416,11132.05,11.132
382,Entry long,2023-07-14 10:10:00-04:00,ORB close above 30m high,15812.5,5,158125.0,,,,,,,,
382,Exit long,2023-07-14 14:00:00-04:00,time,15740.5,5,158125.0,-726.2,-0.4593,450.0,0.2846,875.0,0.5534,10405.85,10.4058
383,Entry long,2023-07-17 11:35:00-04:00,ORB close above 30m high,15784.75,5,157847.5,,,,,,,,
383,Exit long,2023-07-17 14:00:00-04:00,time,15819.5,5,157847.5,341.3,0.2162,367.5,0.2328,245.0,0.1552,10747.15,10.7471
384,Entry long,2023-07-18 11:45:00-04:00,ORB close above 30m high,15831.75,5,158317.5,,,,,,,,
384,Exit long,2023-07-18 12:25:00-04:00,target,15900.27,5,158317.5,679.05,0.4289,765.0,0.4832,5.0,0.0032,11426.2,11.4262
385,Entry long,2023-07-19 11:15:00-04:00,ORB close above 30m high,16041.75,5,160417.5,,,,,,,,
385,Exit long,2023-07-19 12:20:00-04:00,stop,15977.75,5,160417.5,-646.2,-0.4028,207.5,0.1293,660.0,0.4114,10780.0,10.78
386,Entry long,2023-07-25 11:40:00-04:00,ORB close above 30m high,15672.5,5,156725.0,,,,,,,,
386,Exit long,2023-07-25 14:00:00-04:00,time,15689.75,5,156725.0,166.3,0.1061,367.5,0.2345,185.0,0.118,10946.3,10.9463
387,Entry long,2023-07-28 10:05:00-04:00,ORB close above 30m high,15824.75,5,158247.5,,,,,,,,
387,Exit long,2023-07-28 14:00:00-04:00,time,15834.5,5,158247.5,91.3,0.0577,710.0,0.4487,497.5,0.3144,11037.6,11.0376
388,Entry long,2023-08-01 10:40:00-04:00,ORB close above 30m high,15811.25,5,158112.5,,,,,,,,
388,Exit long,2023-08-01 13:05:00-04:00,target,15843.38,5,158112.5,315.05,0.1993,327.5,0.2071,332.5,0.2103,11352.65,11.3526
389,Entry long,2023-08-03 11:20:00-04:00,ORB close above 30m high,15473.25,5,154732.5,,,,,,,,
389,Exit long,2023-08-03 14:00:00-04:00,time,15452.5,5,154732.5,-213.7,-0.1381,505.0,0.3264,315.0,0.2036,11138.95,11.1389
390,Entry long,2023-08-04 12:30:00-04:00,ORB close above 30m high,15591.5,5,155915.0,,,,,,,,
390,Exit long,2023-08-04 14:00:00-04:00,time,15524.5,5,155915.0,-676.2,-0.4337,187.5,0.1203,1262.5,0.8097,10462.75,10.4627
391,Entry long,2023-08-10 10:05:00-04:00,ORB close above 30m high,15430.25,5,154302.5,,,,,,,,
391,Exit long,2023-08-10 11:20:00-04:00,stop,15273.0,5,154302.5,-1578.7,-1.0231,82.5,0.0535,1692.5,1.0969,8884.05,8.884
392,Entry long,2023-08-11 10:15:00-04:00,ORB close above 30m high,15132.0,5,151320.0,,,,,,,,
392,Exit long,2023-08-11 11:30:00-04:00,stop,15051.75,5,151320.0,-808.7,-0.5344,422.5,0.2792,947.5,0.6262,8075.35,8.0753
393,Entry long,2023-08-14 10:05:00-04:00,ORB close above 30m high,15130.5,5,151305.0,,,,,,,,
393,Exit long,2023-08-14 10:35:00-04:00,target,15196.23,5,151305.0,651.05,0.4303,770.0,0.5089,167.5,0.1107,8726.4,8.7264
394,Entry long,2023-08-16 10:20:00-04:00,ORB close above 30m high,15135.75,5,151357.5,,,,,,,,
394,Exit long,2023-08-16 11:50:00-04:00,stop,15050.5,5,151357.5,-858.7,-0.5673,87.5,0.0578,897.5,0.593,7867.7,7.8677
395,Entry long,2023-08-18 11:05:00-04:00,ORB close above 30m high,14705.75,5,147057.5,,,,,,,,
395,Exit long,2023-08-18 14:00:00-04:00,time,14729.75,5,147057.5,233.8,0.159,455.0,0.3094,575.0,0.391,8101.5,8.1015
396,Entry long,2023-08-21 10:05:00-04:00,ORB close above 30m high,14916.0,5,149160.0,,,,,,,,
396,Exit long,2023-08-21 11:10:00-04:00,stop,14805.25,5,149160.0,-1113.7,-0.7466,162.5,0.1089,1110.0,0.7442,6987.8,6.9878
397,Entry long,2023-08-23 10:10:00-04:00,ORB close above 30m high,15106.25,5,151062.5,,,,,,,,
397,Exit long,2023-08-23 10:50:00-04:00,target,15180.9,5,151062.5,740.3,0.4901,775.0,0.513,90.0,0.0596,7728.1,7.7281
398,Entry long,2023-08-25 10:15:00-04:00,ORB close above 30m high,14999.25,5,149992.5,,,,,,,,
398,Exit long,2023-08-25 10:25:00-04:00,stop,14891.75,5,149992.5,-1081.2,-0.7208,497.5,0.3317,1292.5,0.8617,6646.9,6.6469
399,Entry long,2023-08-29 10:05:00-04:00,ORB close above 30m high,15229.75,5,152297.5,,,,,,,,
399,Exit long,2023-08-29 11:20:00-04:00,target,15346.75,5,152297.5,1163.8,0.7642,1222.5,0.8027,107.5,0.0706,7810.7,7.8107
400,Entry long,2023-08-30 10:10:00-04:00,ORB close above 30m high,15478.75,5,154787.5,,,,,,,,
400,Exit long,2023-08-30 10:25:00-04:00,stop,15386.25,5,154787.5,-931.2,-0.6016,287.5,0.1857,1045.0,0.6751,6879.5,6.8795
401,Entry long,2023-08-31 10:15:00-04:00,ORB close above 30m high,15582.25,5,155822.5,,,,,,,,
401,Exit long,2023-08-31 14:00:00-04:00,time,15557.5,5,155822.5,-253.7,-0.1628,245.0,0.1572,885.0,0.568,6625.8,6.6258
402,Entry long,2023-09-05 10:25:00-04:00,ORB close above 30m high,15511.0,5,155110.0,,,,,,,,
402,Exit long,2023-09-05 11:00:00-04:00,target,15556.42,5,155110.0,448.05,0.2889,477.5,0.3078,340.0,0.2192,7073.85,7.0738
403,Entry long,2023-09-07 10:45:00-04:00,ORB close above 30m high,15270.5,5,152705.0,,,,,,,,
403,Exit long,2023-09-07 14:00:00-04:00,time,15279.5,5,152705.0,83.8,0.0549,225.0,0.1473,732.5,0.4797,7157.65,7.1576
404,Entry long,2023-09-08 10:20:00-04:00,ORB close above 30m high,15374.5,5,153745.0,,,,,,,,
404,Exit long,2023-09-08 14:00:00-04:00,time,15326.5,5,153745.0,-486.2,-0.3162,160.0,0.1041,870.0,0.5659,6671.45,6.6714
405,Entry long,2023-09-11 13:40:00-04:00,ORB close above 30m high,15453.75,5,154537.5,,,,,,,,
405,Exit long,2023-09-11 14:00:00-04:00,time,15468.0,5,154537.5,136.3,0.0882,177.5,0.1149,75.0,0.0485,6807.75,6.8077
406,Entry long,2023-09-13 11:05:00-04:00,ORB close above 30m high,15581.25,5,155812.5,,,,,,,,
406,Exit long,2023-09-13 14:00:00-04:00,time,15604.0,5,155812.5,221.3,0.142,387.5,0.2487,435.0,0.2792,7029.05,7.029
407,Entry long,2023-09-14 10:45:00-04:00,ORB close above 30m high,15645.5,5,156455.0,,,,,,,,
407,Exit long,2023-09-14 14:00:00-04:00,time,15680.25,5,156455.0,341.3,0.2181,635.0,0.4059,185.0,0.1182,7370.35,7.3703
408,Entry long,2023-09-18 11:35:00-04:00,ORB close above 30m high,15435.25,5,154352.5,,,,,,,,
408,Exit long,2023-09-18 14:00:00-04:00,time,15436.25,5,154352.5,3.8,0.0025,255.0,0.1652,112.5,0.0729,7374.15,7.3741
409,Entry long,2023-09-19 13:55:00-04:00,ORB close above 30m high,15378.0,5,153780.0,,,,,,,,
409,Exit long,2023-09-19 14:00:00-04:00,time,15373.25,5,153780.0,-53.7,-0.0349,60.0,0.039,102.5,0.0667,7320.45,7.3204
410,Entry long,2023-09-22 10:25:00-04:00,ORB close above 30m high,14955.75,5,149557.5,,,,,,,,
410,Exit long,2023-09-22 10:35:00-04:00,target,15002.92,5,149557.5,465.55,0.3113,475.0,0.3176,212.5,0.1421,7786.0,7.786
411,Entry long,2023-09-25 11:20:00-04:00,ORB close above 30m high,14914.0,5,149140.0,,,,,,,,
411,Exit long,2023-09-25 14:00:00-04:00,time,14903.25,5,149140.0,-113.7,-0.0762,220.0,0.1475,497.5,0.3336,7672.3,7.6723
412,Entry long,2023-09-28 10:05:00-04:00,ORB close above 30m high,14771.25,5,147712.5,,,,,,,,
412,Exit long,2023-09-28 11:30:00-04:00,target,14851.5,5,147712.5,796.3,0.5391,870.0,0.589,920.0,0.6228,8468.6,8.4686
413,Entry long,2023-09-29 10:05:00-04:00,ORB close above 30m high,15051.5,5,150515.0,,,,,,,,
413,Exit long,2023-09-29 10:20:00-04:00,stop,14976.5,5,150515.0,-756.2,-0.5024,12.5,0.0083,775.0,0.5149,7712.4,7.7124
414,Entry long,2023-10-02 10:05:00-04:00,ORB close above 30m high,14982.5,5,149825.0,,,,,,,,
414,Exit long,2023-10-02 14:00:00-04:00,time,14909.0,5,149825.0,-741.2,-0.4947,637.5,0.4255,1157.5,0.7726,6971.2,6.9712
415,Entry long,2023-10-04 11:20:00-04:00,ORB close above 30m high,14845.25,5,148452.5,,,,,,,,
415,Exit long,2023-10-04 14:00:00-04:00,time,14820.0,5,148452.5,-258.7,-0.1743,547.5,0.3688,370.0,0.2492,6712.5,6.7125
416,Entry long,2023-10-06 10:25:00-04:00,ORB close above 30m high,14824.0,5,148240.0,,,,,,,,
416,Exit long,2023-10-06 11:00:00-04:00,target,14909.15,5,148240.0,845.3,0.5702,962.5,0.6493,57.5,0.0388,7557.8,7.5578
417,Entry long,2023-10-09 12:20:00-04:00,ORB close above 30m high,15074.5,5,150745.0,,,,,,,,
417,Exit long,2023-10-09 13:40:00-04:00,target,15161.92,5,150745.0,868.05,0.5758,967.5,0.6418,280.0,0.1857,8425.85,8.4258
418,Entry long,2023-10-10 10:05:00-04:00,ORB close above 30m high,15264.0,5,152640.0,,,,,,,,
418,Exit long,2023-10-10 10:50:00-04:00,target,15322.55,5,152640.0,579.3,0.3795,627.5,0.4111,265.0,0.1736,9005.15,9.0051
419,Entry long,2023-10-12 10:10:00-04:00,ORB close above 30m high,15423.0,5,154230.0,,,,,,,,
419,Exit long,2023-10-12 11:20:00-04:00,target,15463.0,5,154230.0,393.8,0.2553,440.0,0.2853,262.5,0.1702,9398.95,9.3989
420,Entry long,2023-10-16 10:20:00-04:00,ORB close above 30m high,15264.0,5,152640.0,,,,,,,,
420,Exit long,2023-10-16 14:00:00-04:00,time,15308.75,5,152640.0,441.3,0.2891,612.5,0.4013,522.5,0.3423,9840.25,9.8402
421,Entry long,2023-10-17 10:15:00-04:00,ORB close above 30m high,15158.75,5,151587.5,,,,,,,,
421,Exit long,2023-10-17 10:35:00-04:00,target,15234.62,5,151587.5,752.55,0.4964,785.0,0.5179,27.5,0.0181,10592.8,10.5928
422,Entry long,2023-10-18 10:20:00-04:00,ORB close above 30m high,15200.5,5,152005.0,,,,,,,,
422,Exit long,2023-10-18 10:35:00-04:00,stop,15121.25,5,152005.0,-798.7,-0.5254,235.0,0.1546,960.0,0.6316,9794.1,9.7941
423,Entry long,2023-10-19 12:25:00-04:00,ORB close above 30m high,15115.25,5,151152.5,,,,,,,,
423,Exit long,2023-10-19 12:30:00-04:00,stop,15020.75,5,151152.5,-951.2,-0.6293,27.5,0.0182,1597.5,1.0569,8842.9,8.8429
424,Entry long,2023-10-23 10:15:00-04:00,ORB close above 30m high,14657.5,5,146575.0,,,,,,,,
424,Exit long,2023-10-23 11:35:00-04:00,target,14757.52,5,146575.0,994.05,0.6782,1097.5,0.7488,237.5,0.162,9836.95,9.8369
425,Entry long,2023-10-24 10:30:00-04:00,ORB close above 30m high,14848.25,5,148482.5,,,,,,,,
425,Exit long,2023-10-24 12:20:00-04:00,stop,14758.75,5,148482.5,-901.2,-0.6069,295.0,0.1987,927.5,0.6247,8935.75,8.9357
426,Entry long,2023-10-27 11:10:00-04:00,ORB close above 30m high,14358.75,5,143587.5,,,,,,,,
426,Exit long,2023-10-27 11:20:00-04:00,target,14405.92,5,143587.5,465.55,0.3242,487.5,0.3395,112.5,0.0783,9401.3,9.4013
427,Entry long,2023-10-31 12:50:00-04:00,ORB close above 30m high,14435.25,5,144352.5,,,,,,,,
427,Exit long,2023-10-31 14:00:00-04:00,time,14477.25,5,144352.5,413.8,0.2867,527.5,0.3654,222.5,0.1541,9815.1,9.8151
428,Entry long,2023-11-01 10:25:00-04:00,ORB close above 30m high,14631.0,5,146310.0,,,,,,,,
428,Exit long,2023-11-01 14:00:00-04:00,time,14605.5,5,146310.0,-261.2,-0.1785,185.0,0.1264,687.5,0.4699,9553.9,9.5539
429,Entry long,2023-11-02 10:55:00-04:00,ORB close above 30m high,14955.25,5,149552.5,,,,,,,,
429,Exit long,2023-11-02 13:50:00-04:00,target,14993.15,5,149552.5,372.8,0.2493,390.0,0.2608,327.5,0.219,9926.7,9.9267
430,Entry long,2023-11-03 11:50:00-04:00,ORB close above 30m high,15143.5,5,151435.0,,,,,,,,
430,Exit long,2023-11-03 14:00:00-04:00,time,15191.25,5,151435.0,471.3,0.3112,607.5,0.4012,77.5,0.0512,10398.0,10.398
431,Entry long,2023-11-07 10:05:00-05:00,ORB close above 30m high,15309.25,5,153092.5,,,,,,,,
431,Exit long,2023-11-07 10:45:00-05:00,target,15368.33,5,153092.5,584.55,0.3818,670.0,0.4376,362.5,0.2368,10982.55,10.9825
432,Entry long,2023-11-09 11:50:00-05:00,ORB close above 30m high,15429.75,5,154297.5,,,,,,,,
432,Exit long,2023-11-09 13:00:00-05:00,stop,15365.5,5,154297.5,-648.7,-0.4204,235.0,0.1523,1087.5,0.7048,10333.85,10.3338
433,Entry long,2023-11-10 11:05:00-05:00,ORB close above 30m high,15404.25,5,154042.5,,,,,,,,
433,Exit long,2023-11-10 12:05:00-05:00,target,15473.12,5,154042.5,682.55,0.4431,757.5,0.4917,10.0,0.0065,11016.4,11.0164
434,Entry long,2023-11-13 10:55:00-05:00,ORB close above 30m high,15543.25,5,155432.5,,,,,,,,
434,Exit long,2023-11-13 14:00:00-05:00,time,15558.5,5,155432.5,146.3,0.0941,462.5,0.2976,137.5,0.0885,11162.7,11.1627
435,Entry long,2023-11-14 10:05:00-05:00,ORB close above 30m high,15884.5,5,158845.0,,,,,,,,
435,Exit long,2023-11-14 14:00:00-05:00,time,15852.25,5,158845.0,-328.7,-0.2069,182.5,0.1149,512.5,0.3226,10834.0,10.834
436,Entry long,2023-11-17 12:05:00-05:00,ORB close above 30m high,15883.5,5,158835.0,,,,,,,,
436,Exit long,2023-11-17 13:35:00-05:00,target,15919.65,5,158835.0,355.3,0.2237,372.5,0.2345,200.0,0.1259,11189.3,11.1893
437,Entry long,2023-11-20 11:00:00-05:00,ORB close above 30m high,15999.75,5,159997.5,,,,,,,,
437,Exit long,2023-11-20 13:25:00-05:00,target,16073.0,5,159997.5,726.3,0.4539,760.0,0.475,5.0,0.0031,11915.6,11.9156
438,Entry long,2023-11-23 11:00:00-05:00,ORB close above 30m high,16073.5,5,160735.0,,,,,,,,
438,Exit long,2023-11-23 18:00:00-05:00,time,16062.25,5,160735.0,-118.7,-0.0738,27.5,0.0171,150.0,0.0933,11796.9,11.7969
439,Entry long,2023-11-27 10:10:00-05:00,ORB close above 30m high,16044.25,5,160442.5,,,,,,,,
439,Exit long,2023-11-27 14:00:00-05:00,time,16052.75,5,160442.5,78.8,0.0491,447.5,0.2789,450.0,0.2805,11875.7,11.8757
440,Entry long,2023-11-28 10:40:00-05:00,ORB close above 30m high,16010.75,5,160107.5,,,,,,,,
440,Exit long,2023-11-28 10:40:00-05:00,target,16047.25,5,160107.5,358.8,0.2241,370.0,0.2311,10.0,0.0062,12234.5,12.2345
441,Entry long,2023-12-01 11:15:00-05:00,ORB close above 30m high,15976.75,5,159767.5,,,,,,,,
441,Exit long,2023-12-01 12:55:00-05:00,target,16047.38,5,159767.5,700.05,0.4382,732.5,0.4585,465.0,0.291,12934.55,12.9345
442,Entry long,2023-12-05 10:05:00-05:00,ORB close above 30m high,15925.75,5,159257.5,,,,,,,,
442,Exit long,2023-12-05 14:00:00-05:00,time,15872.75,5,159257.5,-536.2,-0.3367,360.0,0.226,982.5,0.6169,12398.35,12.3983
443,Entry long,2023-12-07 10:25:00-05:00,ORB close above 30m high,15993.75,5,159937.5,,,,,,,,
443,Exit long,2023-12-07 14:00:00-05:00,time,16033.5,5,159937.5,391.3,0.2447,625.0,0.3908,630.0,0.3939,12789.65,12.7896
444,Entry long,2023-12-08 10:05:00-05:00,ORB close above 30m high,16045.0,5,160450.0,,,,,,,,
444,Exit long,2023-12-08 14:00:00-05:00,time,16086.25,5,160450.0,406.3,0.2532,682.5,0.4254,552.5,0.3443,13195.95,13.1959
445,Entry long,2023-12-11 10:10:00-05:00,ORB close above 30m high,16168.25,5,161682.5,,,,,,,,
445,Exit long,2023-12-11 13:50:00-05:00,target,16237.83,5,161682.5,689.55,0.4265,757.5,0.4685,467.5,0.2891,13885.5,13.8855
446,Entry long,2023-12-12 10:05:00-05:00,ORB close above 30m high,16257.5,5,162575.0,,,,,,,,
446,Exit long,2023-12-12 13:45:00-05:00,target,16308.0,5,162575.0,498.8,0.3068,575.0,0.3537,107.5,0.0661,14384.3,14.3843
447,Entry long,2023-12-15 10:20:00-05:00,ORB close above 30m high,16848.25,5,168482.5,,,,,,,,
447,Exit long,2023-12-15 13:40:00-05:00,stop,16780.0,5,168482.5,-688.7,-0.4088,390.0,0.2315,747.5,0.4437,13695.6,13.6956
448,Entry long,2023-12-18 10:05:00-05:00,ORB close above 30m high,16896.25,5,168962.5,,,,,,,,
448,Exit long,2023-12-18 13:15:00-05:00,target,16940.97,5,168962.5,441.05,0.261,457.5,0.2708,405.0,0.2397,14136.65,14.1366
449,Entry long,2023-12-19 10:35:00-05:00,ORB close above 30m high,16997.75,5,169977.5,,,,,,,,
449,Exit long,2023-12-19 14:00:00-05:00,time,16993.5,5,169977.5,-48.7,-0.0287,150.0,0.0882,327.5,0.1927,14087.95,14.0879
450,Entry long,2023-12-20 10:05:00-05:00,ORB close above 30m high,17026.5,5,170265.0,,,,,,,,
450,Exit long,2023-12-20 10:30:00-05:00,target,17065.28,5,170265.0,381.55,0.2241,470.0,0.276,10.0,0.0059,14469.5,14.4695
451,Entry long,2023-12-26 10:40:00-05:00,ORB close above 30m high,17057.75,5,170577.5,,,,,,,,
451,Exit long,2023-12-26 14:00:00-05:00,time,17049.0,5,170577.5,-93.7,-0.0549,62.5,0.0366,350.0,0.2052,14375.8,14.3758
452,Entry long,2024-01-04 10:10:00-05:00,ORB close above 30m high,16513.75,5,165137.5,,,,,,,,
452,Exit long,2024-01-04 11:10:00-05:00,target,16563.03,5,165137.5,486.55,0.2946,605.0,0.3664,177.5,0.1075,14862.35,14.8623
453,Entry long,2024-01-05 10:05:00-05:00,ORB close above 30m high,16540.5,5,165405.0,,,,,,,,
453,Exit long,2024-01-05 13:15:00-05:00,stop,16437.0,5,165405.0,-1041.2,-0.6295,365.0,0.2207,1102.5,0.6665,13821.15,13.8211
454,Entry long,2024-01-08 10:05:00-05:00,ORB close above 30m high,16641.25,5,166412.5,,,,,,,,
454,Exit long,2024-01-08 13:55:00-05:00,target,16736.2,5,166412.5,943.3,0.5668,1015.0,0.6099,182.5,0.1097,14764.45,14.7644
455,Entry long,2024-01-09 10:10:00-05:00,ORB close above 30m high,16720.75,5,167207.5,,,,,,,,
455,Exit long,2024-01-09 11:10:00-05:00,target,16762.5,5,167207.5,411.3,0.246,425.0,0.2542,90.0,0.0538,15175.75,15.1757
456,Entry long,2024-01-10 10:45:00-05:00,ORB close above 30m high,16885.5,5,168855.0,,,,,,,,
456,Exit long,2024-01-10 14:00:00-05:00,time,16924.25,5,168855.0,381.3,0.2258,495.0,0.2932,310.0,0.1836,15557.05,15.557
457,Entry long,2024-01-15 10:50:00-05:00,ORB close above 30m high,16968.5,5,169685.0,,,,,,,,
457,Exit long,2024-01-15 18:00:00-05:00,time,16965.75,5,169685.0,-33.7,-0.0199,115.0,0.0678,142.5,0.084,15523.35,15.5233
458,Entry long,2024-01-16 10:20:00-05:00,ORB close above 30m high,16965.0,5,169650.0,,,,,,,,
458,Exit long,2024-01-16 14:00:00-05:00,time,16902.25,5,169650.0,-633.7,-0.3735,690.0,0.4067,742.5,0.4377,14889.65,14.8896
459,Entry long,2024-01-18 10:40:00-05:00,ORB close above 30m high,17059.5,5,170595.0,,,,,,,,
459,Exit long,2024-01-18 12:10:00-05:00,stop,16995.25,5,170595.0,-648.7,-0.3803,430.0,0.2521,682.5,0.4001,14240.95,14.2409
460,Entry long,2024-01-19 10:05:00-05:00,ORB close above 30m high,17217.5,5,172175.0,,,,,,,,
460,Exit long,2024-01-19 11:10:00-05:00,target,17253.12,5,172175.0,350.05,0.2033,485.0,0.2817,487.5,0.2831,14591.0,14.591
461,Entry long,2024-01-23 13:00:00-05:00,ORB close above 30m high,17490.0,5,174900.0,,,,,,,,
461,Exit long,2024-01-23 14:00:00-05:00,time,17481.75,5,174900.0,-88.7,-0.0507,30.0,0.0172,300.0,0.1715,14502.3,14.5023
462,Entry long,2024-01-24 10:20:00-05:00,ORB close above 30m high,17703.25,5,177032.5,,,,,,,,
462,Exit long,2024-01-24 10:40:00-05:00,target,17749.2,5,177032.5,453.3,0.2561,600.0,0.3389,85.0,0.048,14955.6,14.9556
463,Entry long,2024-01-25 10:30:00-05:00,ORB close above 30m high,17730.5,5,177305.0,,,,,,,,
463,Exit long,2024-01-25 12:30:00-05:00,stop,17660.25,5,177305.0,-708.7,-0.3997,215.0,0.1213,815.0,0.4597,14246.9,14.2469
464,Entry long,2024-01-26 10:30:00-05:00,ORB close above 30m high,17581.0,5,175810.0,,,,,,,,
464,Exit long,2024-01-26 11:00:00-05:00,target,17626.78,5,175810.0,451.55,0.2568,487.5,0.2773,27.5,0.0156,14698.45,14.6984
465,Entry long,2024-01-29 12:25:00-05:00,ORB close above 30m high,17599.5,5,175995.0,,,,,,,,
465,Exit long,2024-01-29 14:00:00-05:00,time,17587.75,5,175995.0,-123.7,-0.0703,102.5,0.0582,215.0,0.1222,14574.75,14.5747
466,Entry long,2024-02-01 10:10:00-05:00,ORB close above 30m high,17352.75,5,173527.5,,,,,,,,
466,Exit long,2024-02-01 10:55:00-05:00,stop,17284.75,5,173527.5,-686.2,-0.3954,185.0,0.1066,805.0,0.4639,13888.55,13.8885
467,Entry long,2024-02-02 10:45:00-05:00,ORB close above 30m high,17654.0,5,176540.0,,,,,,,,
467,Exit long,2024-02-02 14:00:00-05:00,time,17729.0,5,176540.0,743.8,0.4213,1025.0,0.5806,480.0,0.2719,14632.35,14.6323
468,Entry long,2024-02-07 10:15:00-05:00,ORB close above 30m high,17807.5,5,178075.0,,,,,,,,
468,Exit long,2024-02-07 10:50:00-05:00,target,17869.72,5,178075.0,616.05,0.3459,685.0,0.3847,50.0,0.0281,15248.4,15.2484
469,Entry long,2024-02-08 10:05:00-05:00,ORB close above 30m high,17852.75,5,178527.5,,,,,,,,
469,Exit long,2024-02-08 10:50:00-05:00,target,17884.17,5,178527.5,308.05,0.1726,392.5,0.2199,292.5,0.1638,15556.45,15.5564
470,Entry long,2024-02-09 10:20:00-05:00,ORB close above 30m high,17954.75,5,179547.5,,,,,,,,
470,Exit long,2024-02-09 12:45:00-05:00,target,18010.15,5,179547.5,547.8,0.3051,592.5,0.33,35.0,0.0195,16104.25,16.1042
471,Entry long,2024-02-12 10:45:00-05:00,ORB close above 30m high,18060.0,5,180600.0,,,,,,,,
471,Exit long,2024-02-12 11:25:00-05:00,target,18096.67,5,180600.0,360.55,0.1996,372.5,0.2063,27.5,0.0152,16464.8,16.4648
472,Entry long,2024-02-13 10:25:00-05:00,ORB close above 30m high,17705.0,5,177050.0,,,,,,,,
472,Exit long,2024-02-13 10:40:00-05:00,target,17787.7,5,177050.0,820.8,0.4636,870.0,0.4914,7.5,0.0042,17285.6,17.2856
473,Entry long,2024-02-14 10:20:00-05:00,ORB close above 30m high,17826.0,5,178260.0,,,,,,,,
473,Exit long,2024-02-14 11:00:00-05:00,stop,17742.75,5,178260.0,-838.7,-0.4705,210.0,0.1178,1210.0,0.6788,16446.9,16.4469
474,Entry long,2024-02-15 13:20:00-05:00,ORB close above 30m high,17916.5,5,179165.0,,,,,,,,
474,Exit long,2024-02-15 14:00:00-05:00,time,17911.25,5,179165.0,-58.7,-0.0328,162.5,0.0907,210.0,0.1172,16388.2,16.3882
475,Entry long,2024-02-21 10:05:00-05:00,ORB close above 30m high,17522.75,5,175227.5,,,,,,,,
475,Exit long,2024-02-21 12:10:00-05:00,stop,17448.25,5,175227.5,-751.2,-0.4287,2.5,0.0014,855.0,0.4879,15637.0,15.637
476,Entry long,2024-02-22 11:20:00-05:00,ORB close above 30m high,17971.25,5,179712.5,,,,,,,,
476,Exit long,2024-02-22 13:45:00-05:00,target,18046.08,5,179712.5,742.05,0.4129,822.5,0.4577,362.5,0.2017,16379.05,16.379
477,Entry long,2024-02-26 11:55:00-05:00,ORB close above 30m high,18055.75,5,180557.5,,,,,,,,
477,Exit long,2024-02-26 14:00:00-05:00,time,18014.0,5,180557.5,-423.7,-0.2347,40.0,0.0222,755.0,0.4181,15955.35,15.9553
478,Entry long,2024-02-27 10:20:00-05:00,ORB close above 30m high,18028.5,5,180285.0,,,,,,,,
478,Exit long,2024-02-27 12:50:00-05:00,stop,17937.75,5,180285.0,-913.7,-0.5068,40.0,0.0222,917.5,0.5089,15041.65,15.0416
479,Entry long,2024-02-28 11:05:00-05:00,ORB close above 30m high,17951.25,5,179512.5,,,,,,,,
479,Exit long,2024-02-28 14:00:00-05:00,time,17949.0,5,179512.5,-28.7,-0.016,237.5,0.1323,575.0,0.3203,15012.95,15.0129
480,Entry long,2024-03-01 10:10:00-05:00,ORB close above 30m high,18173.0,5,181730.0,,,,,,,,
480,Exit long,2024-03-01 11:05:00-05:00,target,18228.4,5,181730.0,547.8,0.3014,622.5,0.3425,287.5,0.1582,15560.75,15.5607
481,Entry long,2024-03-06 12:05:00-05:00,ORB close above 30m high,18132.0,5,181320.0,,,,,,,,
481,Exit long,2024-03-06 13:50:00-05:00,stop,18036.5,5,181320.0,-961.2,-0.5301,422.5,0.233,1012.5,0.5584,14599.55,14.5995
482,Entry long,2024-03-07 10:25:00-05:00,ORB close above 30m high,18227.0,5,182270.0,,,,,,,,
482,Exit long,2024-03-07 11:55:00-05:00,target,18302.35,5,182270.0,747.3,0.41,800.0,0.4389,85.0,0.0466,15346.85,15.3468
483,Entry long,2024-03-08 10:05:00-05:00,ORB close above 30m high,18396.5,5,183965.0,,,,,,,,
483,Exit long,2024-03-08 11:05:00-05:00,stop,18287.75,5,183965.0,-1093.7,-0.5945,397.5,0.2161,1315.0,0.7148,14253.15,14.2531
484,Entry long,2024-03-11 10:55:00-04:00,ORB close above 30m high,18008.5,5,180085.0,,,,,,,,
484,Exit long,2024-03-11 14:00:00-04:00,time,17975.0,5,180085.0,-341.2,-0.1895,145.0,0.0805,897.5,0.4984,13911.95,13.9119
485,Entry long,2024-03-12 10:25:00-04:00,ORB close above 30m high,18109.75,5,181097.5,,,,,,,,
485,Exit long,2024-03-12 14:00:00-04:00,time,18154.75,5,181097.5,443.8,0.2451,985.0,0.5439,330.0,0.1822,14355.75,14.3557
486,Entry long,2024-03-18 10:30:00-04:00,ORB close above 30m high,18372.75,5,183727.5,,,,,,,,
486,Exit long,2024-03-18 11:50:00-04:00,stop,18277.25,5,183727.5,-961.2,-0.5232,72.5,0.0395,962.5,0.5239,13394.55,13.3945
487,Entry long,2024-03-19 11:50:00-04:00,ORB close above 30m high,18153.75,5,181537.5,,,,,,,,
487,Exit long,2024-03-19 12:40:00-04:00,target,18223.85,5,181537.5,694.8,0.3827,965.0,0.5316,212.5,0.1171,14089.35,14.0893
488,Entry long,2024-03-22 10:05:00-04:00,ORB close above 30m high,18557.75,5,185577.5,,,,,,,,
488,Exit long,2024-03-22 13:10:00-04:00,target,18597.75,5,185577.5,393.8,0.2122,472.5,0.2546,560.0,0.3018,14483.15,14.4831
489,Entry long,2024-03-25 10:10:00-04:00,ORB close above 30m high,18497.25,5,184972.5,,,,,,,,
489,Exit long,2024-03-25 13:40:00-04:00,target,18554.58,5,184972.5,567.05,0.3066,605.0,0.3271,5.0,0.0027,15050.2,15.0502
490,Entry long,2024-03-26 10:05:00-04:00,ORB close above 30m high,18606.75,5,186067.5,,,,,,,,
490,Exit long,2024-03-26 10:25:00-04:00,stop,18549.75,5,186067.5,-576.2,-0.3097,10.0,0.0054,595.0,0.3198,14474.0,14.474
491,Entry long,2024-04-02 13:05:00-04:00,ORB close above 30m high,18294.25,5,182942.5,,,,,,,,
491,Exit long,2024-04-02 14:00:00-04:00,time,18277.5,5,182942.5,-173.7,-0.0949,62.5,0.0342,245.0,0.1339,14300.3,14.3003
492,Entry long,2024-04-03 10:05:00-04:00,ORB close above 30m high,18352.5,5,183525.0,,,,,,,,
492,Exit long,2024-04-03 10:55:00-04:00,target,18431.7,5,183525.0,785.8,0.4282,820.0,0.4468,240.0,0.1308,15086.1,15.0861
493,Entry long,2024-04-05 10:15:00-04:00,ORB close above 30m high,18239.75,5,182397.5,,,,,,,,
493,Exit long,2024-04-05 11:45:00-04:00,target,18335.58,5,182397.5,952.05,0.522,1055.0,0.5784,582.5,0.3194,16038.15,16.0381
494,Entry long,2024-04-08 10:30:00-04:00,ORB close above 30m high,18340.0,5,183400.0,,,,,,,,
494,Exit long,2024-04-08 14:00:00-04:00,time,18307.25,5,183400.0,-333.7,-0.182,375.0,0.2045,877.5,0.4785,15704.45,15.7044
495,Entry long,2024-04-10 10:40:00-04:00,ORB close above 30m high,18221.5,5,182215.0,,,,,,,,
495,Exit long,2024-04-10 14:00:00-04:00,time,18166.5,5,182215.0,-556.2,-0.3052,30.0,0.0165,1075.0,0.59,15148.25,15.1482
496,Entry long,2024-04-11 11:55:00-04:00,ORB close above 30m high,18278.75,5,182787.5,,,,,,,,
496,Exit long,2024-04-11 11:55:00-04:00,target,18317.88,5,182787.5,385.05,0.2107,437.5,0.2393,20.0,0.0109,15533.3,15.5333
497,Entry long,2024-04-16 10:15:00-04:00,ORB close above 30m high,17912.75,5,179127.5,,,,,,,,
497,Exit long,2024-04-16 13:30:00-04:00,stop,17821.75,5,179127.5,-916.2,-0.5115,247.5,0.1382,947.5,0.529,14617.1,14.6171
498,Entry long,2024-04-18 10:40:00-04:00,ORB close above 30m high,17682.75,5,176827.5,,,,,,,,
498,Exit long,2024-04-18 13:20:00-04:00,stop,17550.75,5,176827.5,-1326.2,-0.75,632.5,0.3577,1437.5,0.8129,13290.9,13.2909
499,Entry long,2024-04-22 13:30:00-04:00,ORB close above 30m high,17344.5,5,173445.0,,,,,,,,
499,Exit long,2024-04-22 13:50:00-04:00,target,17400.6,5,173445.0,554.8,0.3199,660.0,0.3805,30.0,0.0173,13845.7,13.8457
500,Entry long,2024-04-23 10:25:00-04:00,ORB close above 30m high,17529.75,5,175297.5,,,,,,,,
500,Exit long,2024-04-23 12:15:00-04:00,target,17610.88,5,175297.5,805.05,0.4592,855.0,0.4877,72.5,0.0414,14650.75,14.6507
501,Entry long,2024-04-25 10:15:00-04:00,ORB close above 30m high,17410.5,5,174105.0,,,,,,,,
501,Exit long,2024-04-25 12:50:00-04:00,target,17482.0,5,174105.0,708.8,0.4071,767.5,0.4408,690.0,0.3963,15359.55,15.3595
502,Entry long,2024-04-26 10:05:00-04:00,ORB close above 30m high,17808.5,5,178085.0,,,,,,,,
502,Exit long,2024-04-26 14:00:00-04:00,time,17877.5,5,178085.0,683.8,0.384,927.5,0.5208,400.0,0.2246,16043.35,16.0433
503,Entry long,2024-05-02 13:30:00-04:00,ORB close above 30m high,17604.5,5,176045.0,,,,,,,,
503,Exit long,2024-05-02 14:00:00-04:00,time,17594.75,5,176045.0,-103.7,-0.0589,120.0,0.0682,295.0,0.1676,15939.65,15.9396
504,Entry long,2024-05-06 11:45:00-04:00,ORB close above 30m high,18111.5,5,181115.0,,,,,,,,
504,Exit long,2024-05-06 14:00:00-04:00,time,18128.0,5,181115.0,158.8,0.0877,275.0,0.1518,442.5,0.2443,16098.45,16.0984
505,Entry long,2024-05-07 11:00:00-04:00,ORB close above 30m high,18250.5,5,182505.0,,,,,,,,
505,Exit long,2024-05-07 13:55:00-04:00,stop,18187.75,5,182505.0,-633.7,-0.3472,172.5,0.0945,672.5,0.3685,15464.75,15.4647
506,Entry long,2024-05-08 10:25:00-04:00,ORB close above 30m high,18194.5,5,181945.0,,,,,,,,
506,Exit long,2024-05-08 14:00:00-04:00,time,18178.75,5,181945.0,-163.7,-0.09,477.5,0.2624,562.5,0.3092,15301.05,15.301
507,Entry long,2024-05-09 10:40:00-04:00,ORB close above 30m high,18204.0,5,182040.0,,,,,,,,
507,Exit long,2024-05-09 14:00:00-04:00,time,18205.75,5,182040.0,11.3,0.0062,335.0,0.184,340.0,0.1868,15312.35,15.3123
508,Entry long,2024-05-14 10:25:00-04:00,ORB close above 30m high,18344.0,5,183440.0,,,,,,,,
508,Exit long,2024-05-14 14:00:00-04:00,time,18331.0,5,183440.0,-136.2,-0.0742,275.0,0.1499,607.5,0.3312,15176.15,15.1761
509,Entry long,2024-05-15 10:25:00-04:00,ORB close above 30m high,18536.25,5,185362.5,,,,,,,,
509,Exit long,2024-05-15 11:15:00-04:00,target,18598.3,5,185362.5,614.3,0.3314,635.0,0.3426,125.0,0.0674,15790.45,15.7904
510,Entry long,2024-05-16 10:25:00-04:00,ORB close above 30m high,18718.5,5,187185.0,,,,,,,,
510,Exit long,2024-05-16 11:00:00-04:00,target,18750.8,5,187185.0,316.8,0.1692,405.0,0.2164,92.5,0.0494,16107.25,16.1072
511,Entry long,2024-05-17 10:35:00-04:00,ORB close above 30m high,18675.25,5,186752.5,,,,,,,,
511,Exit long,2024-05-17 12:45:00-04:00,stop,18620.25,5,186752.5,-556.2,-0.2978,17.5,0.0094,675.0,0.3614,15551.05,15.551
512,Entry long,2024-05-20 10:45:00-04:00,ORB close above 30m high,18756.0,5,187560.0,,,,,,,,
512,Exit long,2024-05-20 14:00:00-04:00,time,18745.25,5,187560.0,-113.7,-0.0606,385.0,0.2053,275.0,0.1466,15437.35,15.4373
513,Entry long,2024-05-21 10:05:00-04:00,ORB close above 30m high,18723.75,5,187237.5,,,,,,,,
513,Exit long,2024-05-21 10:35:00-04:00,target,18755.53,5,187237.5,311.55,0.1664,347.5,0.1856,237.5,0.1268,15748.9,15.7489
514,Entry long,2024-05-22 11:15:00-04:00,ORB close above 30m high,18834.5,5,188345.0,,,,,,,,
514,Exit long,2024-05-22 13:35:00-04:00,stop,18788.75,5,188345.0,-463.7,-0.2462,40.0,0.0212,672.5,0.3571,15285.2,15.2852
515,Entry long,2024-05-24 10:15:00-04:00,ORB close above 30m high,18791.0,5,187910.0,,,,,,,,
515,Exit long,2024-05-24 10:25:00-04:00,target,18832.22,5,187910.0,406.05,0.2161,470.0,0.2501,7.5,0.004,15691.25,15.6912
516,Entry long,2024-05-27 11:05:00-04:00,ORB close above 30m high,18913.5,5,189135.0,,,,,,,,
516,Exit long,2024-05-27 11:45:00-04:00,target,18938.62,5,189135.0,245.05,0.1296,257.5,0.1361,22.5,0.0119,15936.3,15.9363
517,Entry long,2024-05-28 13:35:00-04:00,ORB close above 30m high,18937.25,5,189372.5,,,,,,,,
517,Exit long,2024-05-28 14:00:00-04:00,time,18902.25,5,189372.5,-356.2,-0.1881,85.0,0.0449,457.5,0.2416,15580.1,15.5801
518,Entry long,2024-05-29 10:25:00-04:00,ORB close above 30m high,18856.75,5,188567.5,,,,,,,,
518,Exit long,2024-05-29 14:00:00-04:00,time,18859.25,5,188567.5,18.8,0.01,232.5,0.1233,405.0,0.2148,15598.9,15.5989
519,Entry long,2024-06-05 10:25:00-04:00,ORB close above 30m high,18876.25,5,188762.5,,,,,,,,
519,Exit long,2024-06-05 10:30:00-04:00,target,18919.92,5,188762.5,430.55,0.2281,562.5,0.298,20.0,0.0106,16029.45,16.0294
520,Entry long,2024-06-07 10:40:00-04:00,ORB close above 30m high,19073.5,5,190735.0,,,,,,,,
520,Exit long,2024-06-07 12:55:00-04:00,target,19130.12,5,190735.0,560.05,0.2936,725.0,0.3801,582.5,0.3054,16589.5,16.5895
521,Entry long,2024-06-10 10:30:00-04:00,ORB close above 30m high,19035.5,5,190355.0,,,,,,,,
521,Exit long,2024-06-10 11:05:00-04:00,target,19075.85,5,190355.0,397.3,0.2087,467.5,0.2456,132.5,0.0696,16986.8,16.9868
522,Entry long,2024-06-11 10:40:00-04:00,ORB close above 30m high,19092.5,5,190925.0,,,,,,,,
522,Exit long,2024-06-11 13:50:00-04:00,target,19160.67,5,190925.0,675.55,0.3538,712.5,0.3732,295.0,0.1545,17662.35,17.6623
523,Entry long,2024-06-12 10:15:00-04:00,ORB close above 30m high,19509.5,5,195095.0,,,,,,,,
523,Exit long,2024-06-12 14:00:00-04:00,time,19514.75,5,195095.0,46.3,0.0237,370.0,0.1897,625.0,0.3204,17708.65,17.7086
524,Entry long,2024-06-14 13:15:00-04:00,ORB close above 30m high,19652.0,5,196520.0,,,,,,,,
524,Exit long,2024-06-14 14:00:00-04:00,time,19657.25,5,196520.0,46.3,0.0236,242.5,0.1234,135.0,0.0687,17754.95,17.7549
525,Entry long,2024-06-17 11:00:00-04:00,ORB close above 30m high,19714.0,5,197140.0,,,,,,,,
525,Exit long,2024-06-17 12:15:00-04:00,target,19765.38,5,197140.0,507.55,0.2575,557.5,0.2828,2.5,0.0013,18262.5,18.2625
526,Entry long,2024-06-18 13:50:00-04:00,ORB close above 30m high,19949.75,5,199497.5,,,,,,,,
526,Exit long,2024-06-18 14:00:00-04:00,time,19927.0,5,199497.5,-233.7,-0.1171,32.5,0.0163,647.5,0.3246,18028.8,18.0288
527,Entry long,2024-06-21 11:20:00-04:00,ORB close above 30m high,20033.5,5,200335.0,,,,,,,,
527,Exit long,2024-06-21 14:00:00-04:00,time,19961.0,5,200335.0,-731.2,-0.365,395.0,0.1972,862.5,0.4305,17297.6,17.2976
528,Entry long,2024-06-24 10:05:00-04:00,ORB close above 30m high,19975.75,5,199757.5,,,,,,,,
528,Exit long,2024-06-24 10:40:00-04:00,stop,19866.5,5,199757.5,-1098.7,-0.55,197.5,0.0989,1167.5,0.5845,16198.9,16.1989
529,Entry long,2024-06-25 10:05:00-04:00,ORB close above 30m high,19874.75,5,198747.5,,,,,,,,
529,Exit long,2024-06-25 11:15:00-04:00,target,19932.25,5,198747.5,568.8,0.2862,690.0,0.3472,215.0,0.1082,16767.7,16.7677
530,Entry long,2024-06-26 10:10:00-04:00,ORB close above 30m high,20002.5,5,200025.0,,,,,,,,
530,Exit long,2024-06-26 11:10:00-04:00,stop,19918.25,5,200025.0,-848.7,-0.4243,215.0,0.1075,905.0,0.4524,15919.0,15.919
531,Entry long,2024-06-27 10:15:00-04:00,ORB close above 30m high,20111.0,5,201110.0,,,,,,,,
531,Exit long,2024-06-27 11:25:00-04:00,stop,19989.5,5,201110.0,-1221.2,-0.6072,55.0,0.0273,1325.0,0.6588,14697.8,14.6978
532,Entry long,2024-06-28 10:05:00-04:00,ORB close above 30m high,20220.0,5,202200.0,,,,,,,,
532,Exit long,2024-06-28 12:15:00-04:00,stop,20038.75,5,202200.0,-1818.7,-0.8995,532.5,0.2634,1982.5,0.9805,12879.1,12.8791
533,Entry long,2024-07-01 12:10:00-04:00,ORB close above 30m high,20004.5,5,200045.0,,,,,,,,
533,Exit long,2024-07-01 14:00:00-04:00,time,19999.5,5,200045.0,-56.2,-0.0281,220.0,0.11,270.0,0.135,12822.9,12.8229
534,Entry long,2024-07-02 10:55:00-04:00,ORB close above 30m high,20113.75,5,201137.5,,,,,,,,
534,Exit long,2024-07-02 13:55:00-04:00,target,20209.58,5,201137.5,952.05,0.4733,1022.5,0.5084,487.5,0.2424,13774.95,13.7749
535,Entry long,2024-07-03 10:20:00-04:00,ORB close above 30m high,20284.5,5,202845.0,,,,,,,,
535,Exit long,2024-07-03 11:10:00-04:00,target,20332.2,5,202845.0,470.8,0.2321,555.0,0.2736,405.0,0.1997,14245.75,14.2457
536,Entry long,2024-07-05 10:05:00-04:00,ORB close above 30m high,20529.5,5,205295.0,,,,,,,,
536,Exit long,2024-07-05 11:45:00-04:00,target,20600.3,5,205295.0,701.8,0.3418,737.5,0.3592,672.5,0.3276,14947.55,14.9475
537,Entry long,2024-07-08 11:25:00-04:00,ORB close above 30m high,20658.5,5,206585.0,,,,,,,,
537,Exit long,2024-07-08 14:00:00-04:00,time,20653.5,5,206585.0,-56.2,-0.0272,127.5,0.0617,495.0,0.2396,14891.35,14.8913
538,Entry long,2024-07-10 10:10:00-04:00,ORB close above 30m high,20785.5,5,207855.0,,,,,,,,
538,Exit long,2024-07-10 11:00:00-04:00,stop,20721.25,5,207855.0,-648.7,-0.3121,102.5,0.0493,825.0,0.3969,14242.65,14.2426
539,Entry long,2024-07-12 10:05:00-04:00,ORB close above 30m high,20557.25,5,205572.5,,,,,,,,
539,Exit long,2024-07-12 10:45:00-04:00,target,20649.4,5,205572.5,915.3,0.4452,965.0,0.4694,352.5,0.1715,15157.95,15.1579
540,Entry long,2024-07-15 10:10:00-04:00,ORB close above 30m high,20668.5,5,206685.0,,,,,,,,
540,Exit long,2024-07-15 10:50:00-04:00,target,20729.15,5,206685.0,600.3,0.2904,617.5,0.2988,190.0,0.0919,15758.25,15.7582
541,Entry long,2024-07-23 11:15:00-04:00,ORB close above 30m high,20052.75,5,200527.5,,,,,,,,
541,Exit long,2024-07-23 12:55:00-04:00,stop,19933.0,5,200527.5,-1203.7,-0.6003,322.5,0.1608,1260.0,0.6283,14554.55,14.5545
542,Entry long,2024-07-25 11:15:00-04:00,ORB close above 30m high,19246.75,5,192467.5,,,,,,,,
542,Exit long,2024-07-25 14:00:00-04:00,time,19289.5,5,192467.5,421.3,0.2189,1437.5,0.7469,1042.5,0.5416,14975.85,14.9758
543,Entry long,2024-07-26 11:50:00-04:00,ORB close above 30m high,19190.0,5,191900.0,,,,,,,,
543,Exit long,2024-07-26 12:45:00-04:00,target,19280.4,5,191900.0,897.8,0.4678,990.0,0.5159,270.0,0.1407,15873.65,15.8736
544,Entry long,2024-07-31 10:10:00-04:00,ORB close above 30m high,19444.75,5,194447.5,,,,,,,,
544,Exit long,2024-07-31 14:00:00-04:00,time,19427.5,5,194447.5,-178.7,-0.0919,712.5,0.3664,1005.0,0.5168,15694.95,15.6949
545,Entry long,2024-08-05 10:05:00-04:00,ORB close above 30m high,18042.5,5,180425.0,,,,,,,,
545,Exit long,2024-08-05 14:00:00-04:00,time,18078.25,5,180425.0,351.3,0.1947,2467.5,1.3676,1922.5,1.0655,16046.25,16.0462
546,Entry long,2024-08-06 10:05:00-04:00,ORB close above 30m high,18181.25,5,181812.5,,,,,,,,
546,Exit long,2024-08-06 10:45:00-04:00,target,18335.0,5,181812.5,1531.3,0.8422,1585.0,0.8718,540.0,0.297,17577.55,17.5775
547,Entry long,2024-08-08 10:05:00-04:00,ORB close above 30m high,18276.0,5,182760.0,,,,,,,,
547,Exit long,2024-08-08 10:45:00-04:00,target,18423.62,5,182760.0,1470.05,0.8044,1532.5,0.8385,457.5,0.2503,19047.6,19.0476
548,Entry long,2024-08-09 10:15:00-04:00,ORB close above 30m high,18547.0,5,185470.0,,,,,,,,
548,Exit long,2024-08-09 13:25:00-04:00,target,18633.55,5,185470.0,859.3,0.4633,1095.0,0.5904,1107.5,0.5971,19906.9,19.9069
549,Entry long,2024-08-12 10:20:00-04:00,ORB close above 30m high,18674.0,5,186740.0,,,,,,,,
549,Exit long,2024-08-12 14:00:00-04:00,time,18617.5,5,186740.0,-571.2,-0.3059,915.0,0.49,977.5,0.5235,19335.7,19.3357
550,Entry long,2024-08-13 10:50:00-04:00,ORB close above 30m high,18946.75,5,189467.5,,,,,,,,
550,Exit long,2024-08-13 12:45:00-04:00,target,19038.2,5,189467.5,908.3,0.4794,1085.0,0.5727,175.0,0.0924,20244.0,20.244
551,Entry long,2024-08-14 11:55:00-04:00,ORB close above 30m high,19176.0,5,191760.0,,,,,,,,
551,Exit long,2024-08-14 14:00:00-04:00,time,19071.75,5,191760.0,-1048.7,-0.5469,277.5,0.1447,1575.0,0.8213,19195.3,19.1953
552,Entry long,2024-08-15 10:25:00-04:00,ORB close above 30m high,19464.25,5,194642.5,,,,,,,,
552,Exit long,2024-08-15 12:15:00-04:00,target,19553.6,5,194642.5,887.3,0.4559,937.5,0.4817,37.5,0.0193,20082.6,20.0826
553,Entry long,2024-08-16 10:10:00-04:00,ORB close above 30m high,19546.75,5,195467.5,,,,,,,,
553,Exit long,2024-08-16 12:10:00-04:00,target,19605.47,5,195467.5,581.05,0.2973,635.0,0.3249,542.5,0.2775,20663.65,20.6636
554,Entry long,2024-08-19 10:55:00-04:00,ORB close above 30m high,19654.0,5,196540.0,,,,,,,,
554,Exit long,2024-08-19 14:00:00-04:00,time,19721.5,5,196540.0,668.8,0.3403,767.5,0.3905,347.5,0.1768,21332.45,21.3324
555,Entry long,2024-08-21 10:05:00-04:00,ORB close above 30m high,19900.0,5,199000.0,,,,,,,,
555,Exit long,2024-08-21 10:40:00-04:00,target,19960.47,5,199000.0,598.55,0.3008,820.0,0.4121,657.5,0.3304,21931.0,21.931
556,Entry long,2024-08-23 10:05:00-04:00,ORB close above 30m high,19846.0,5,198460.0,,,,,,,,
556,Exit long,2024-08-23 10:45:00-04:00,stop,19706.25,5,198460.0,-1403.7,-0.7073,572.5,0.2885,2047.5,1.0317,20527.3,20.5273
557,Entry long,2024-08-27 10:15:00-04:00,ORB close above 30m high,19572.25,5,195722.5,,,,,,,,
557,Exit long,2024-08-27 10:55:00-04:00,target,19663.35,5,195722.5,904.8,0.4623,1012.5,0.5173,195.0,0.0996,21432.1,21.4321
558,Entry long,2024-08-29 10:50:00-04:00,ORB close above 30m high,19681.0,5,196810.0,,,,,,,,
558,Exit long,2024-08-29 14:00:00-04:00,time,19633.25,5,196810.0,-483.7,-0.2458,110.0,0.0559,1055.0,0.536,20948.4,20.9484
559,Entry long,2024-08-30 10:05:00-04:00,ORB close above 30m high,19605.25,5,196052.5,,,,,,,,
559,Exit long,2024-08-30 10:55:00-04:00,stop,19512.75,5,196052.5,-931.2,-0.475,52.5,0.0268,1387.5,0.7077,20017.2,20.0172
560,Entry long,2024-09-02 10:40:00-04:00,ORB close above 30m high,19651.5,5,196515.0,,,,,,,,
560,Exit long,2024-09-02 18:00:00-04:00,time,19646.5,5,196515.0,-56.2,-0.0286,300.0,0.1527,237.5,0.1209,19961.0,19.961
561,Entry long,2024-09-04 10:30:00-04:00,ORB close above 30m high,18992.75,5,189927.5,,,,,,,,
561,Exit long,2024-09-04 10:55:00-04:00,target,19085.42,5,189927.5,920.55,0.4847,1032.5,0.5436,162.5,0.0856,20881.55,20.8815
562,Entry long,2024-09-05 10:05:00-04:00,ORB close above 30m high,19085.0,5,190850.0,,,,,,,,
562,Exit long,2024-09-05 11:25:00-04:00,stop,18884.5,5,190850.0,-2011.2,-1.0538,652.5,0.3419,2217.5,1.1619,18870.35,18.8703
563,Entry long,2024-09-09 10:15:00-04:00,ORB close above 30m high,18698.5,5,186985.0,,,,,,,,
563,Exit long,2024-09-09 10:30:00-04:00,stop,18604.75,5,186985.0,-943.7,-0.5047,27.5,0.0147,1325.0,0.7086,17926.65,17.9266
564,Entry long,2024-09-11 12:30:00-04:00,ORB close above 30m high,18914.25,5,189142.5,,,,,,,,
564,Exit long,2024-09-11 13:40:00-04:00,target,19012.7,5,189142.5,978.3,0.5172,1022.5,0.5406,430.0,0.2273,18904.95,18.9049
565,Entry long,2024-09-12 10:15:00-04:00,ORB close above 30m high,19311.5,5,193115.0,,,,,,,,
565,Exit long,2024-09-12 13:15:00-04:00,target,19399.62,5,193115.0,875.05,0.4531,927.5,0.4803,647.5,0.3353,19780.0,19.78
566,Entry long,2024-09-13 10:10:00-04:00,ORB close above 30m high,19507.5,5,195075.0,,,,,,,,
566,Exit long,2024-09-13 14:00:00-04:00,time,19560.75,5,195075.0,526.3,0.2698,695.0,0.3563,945.0,0.4844,20306.3,20.3063
567,Entry long,2024-09-17 10:50:00-04:00,ORB close above 30m high,19604.25,5,196042.5,,,,,,,,
567,Exit long,2024-09-17 12:15:00-04:00,stop,19475.0,5,196042.5,-1298.7,-0.6625,20.0,0.0102,1337.5,0.6823,19007.6,19.0076
568,Entry long,2024-09-19 10:20:00-04:00,ORB close above 30m high,20085.75,5,200857.5,,,,,,,,
568,Exit long,2024-09-19 12:30:00-04:00,target,20171.25,5,200857.5,848.8,0.4226,860.0,0.4282,367.5,0.183,19856.4,19.8564
569,Entry long,2024-09-23 10:55:00-04:00,ORB close above 30m high,20109.75,5,201097.5,,,,,,,,
569,Exit long,2024-09-23 13:00:00-04:00,stop,20031.5,5,201097.5,-788.7,-0.3922,162.5,0.0808,912.5,0.4538,19067.7,19.0677
570,Entry long,2024-09-24 11:50:00-04:00,ORB close above 30m high,20163.75,5,201637.5,,,,,,,,
570,Exit long,2024-09-24 14:00:00-04:00,time,20165.25,5,201637.5,8.8,0.0044,510.0,0.2529,132.5,0.0657,19076.5,19.0765
571,Entry long,2024-09-25 10:10:00-04:00,ORB close above 30m high,20245.5,5,202455.0,,,,,,,,
571,Exit long,2024-09-25 13:00:00-04:00,stop,20138.0,5,202455.0,-1081.2,-0.534,272.5,0.1346,1100.0,0.5433,17995.3,17.9953
572,Entry long,2024-10-02 10:20:00-04:00,ORB close above 30m high,19997.5,5,199975.0,,,,,,,,
572,Exit long,2024-10-02 14:00:00-04:00,time,20044.5,5,199975.0,463.8,0.2319,920.0,0.4601,515.0,0.2575,18459.1,18.4591
573,Entry long,2024-10-03 10:05:00-04:00,ORB close above 30m high,20091.0,5,200910.0,,,,,,,,
573,Exit long,2024-10-03 13:00:00-04:00,stop,19894.25,5,200910.0,-1973.7,-0.9824,240.0,0.1195,2120.0,1.0552,16485.4,16.4854
574,Entry long,2024-10-07 10:20:00-04:00,ORB close above 30m high,20169.0,5,201690.0,,,,,,,,
574,Exit long,2024-10-07 14:00:00-04:00,time,20148.5,5,201690.0,-211.2,-0.1047,187.5,0.093,675.0,0.3347,16274.2,16.2742
575,Entry long,2024-10-08 10:05:00-04:00,ORB close above 30m high,20188.0,5,201880.0,,,,,,,,
575,Exit long,2024-10-08 10:45:00-04:00,target,20270.7,5,201880.0,820.8,0.4066,862.5,0.4272,325.0,0.161,17095.0,17.095
576,Entry long,2024-10-09 10:15:00-04:00,ORB close above 30m high,20300.5,5,203005.0,,,,,,,,
576,Exit long,2024-10-09 10:25:00-04:00,target,20343.83,5,203005.0,427.05,0.2104,545.0,0.2685,67.5,0.0333,17522.05,17.522
577,Entry long,2024-10-10 10:15:00-04:00,ORB close above 30m high,20402.25,5,204022.5,,,,,,,,
577,Exit long,2024-10-10 11:55:00-04:00,target,20472.7,5,204022.5,698.3,0.3423,752.5,0.3688,420.0,0.2059,18220.35,18.2203
578,Entry long,2024-10-11 10:10:00-04:00,ORB close above 30m high,20414.0,5,204140.0,,,,,,,,
578,Exit long,2024-10-11 14:00:00-04:00,time,20437.0,5,204140.0,223.8,0.1096,670.0,0.3282,230.0,0.1127,18444.15,18.4441
579,Entry long,2024-10-18 10:10:00-04:00,ORB close above 30m high,20514.25,5,205142.5,,,,,,,,
579,Exit long,2024-10-18 14:00:00-04:00,time,20485.25,5,205142.5,-296.2,-0.1444,177.5,0.0865,720.0,0.351,18147.95,18.1479
580,Entry long,2024-10-21 10:10:00-04:00,ORB close above 30m high,20527.75,5,205277.5,,,,,,,,
580,Exit long,2024-10-21 10:40:00-04:00,stop,20422.75,5,205277.5,-1056.2,-0.5145,265.0,0.1291,1122.5,0.5468,17091.75,17.0917
581,Entry long,2024-10-22 10:10:00-04:00,ORB close above 30m high,20491.25,5,204912.5,,,,,,,,
581,Exit long,2024-10-22 13:55:00-04:00,target,20576.75,5,204912.5,848.8,0.4142,857.5,0.4185,660.0,0.3221,17940.55,17.9405
582,Entry long,2024-10-24 13:45:00-04:00,ORB close above 30m high,20381.5,5,203815.0,,,,,,,,
582,Exit long,2024-10-24 14:00:00-04:00,time,20345.0,5,203815.0,-371.2,-0.1821,20.0,0.0098,537.5,0.2637,17569.35,17.5693
583,Entry long,2024-10-25 10:05:00-04:00,ORB close above 30m high,20679.0,5,206790.0,,,,,,,,
583,Exit long,2024-10-25 13:40:00-04:00,stop,20489.75,5,206790.0,-1898.7,-0.9182,285.0,0.1378,1960.0,0.9478,15670.65,15.6706
584,Entry long,2024-10-29 10:05:00-04:00,ORB close above 30m high,20531.5,5,205315.0,,,,,,,,
584,Exit long,2024-10-29 10:25:00-04:00,target,20600.9,5,205315.0,687.8,0.335,715.0,0.3482,205.0,0.0998,16358.45,16.3584
585,Entry long,2024-10-30 10:20:00-04:00,ORB close above 30m high,20679.5,5,206795.0,,,,,,,,
585,Exit long,2024-10-30 14:00:00-04:00,time,20576.25,5,206795.0,-1038.7,-0.5023,200.0,0.0967,1212.5,0.5863,15319.75,15.3197
586,Entry long,2024-11-01 10:15:00-04:00,ORB close above 30m high,20215.5,5,202155.0,,,,,,,,
586,Exit long,2024-11-01 14:00:00-04:00,time,20157.5,5,202155.0,-586.2,-0.29,717.5,0.3549,662.5,0.3277,14733.55,14.7335
587,Entry long,2024-11-04 10:20:00-05:00,ORB close above 30m high,20161.5,5,201615.0,,,,,,,,
587,Exit long,2024-11-04 14:00:00-05:00,time,20148.5,5,201615.0,-136.2,-0.0676,652.5,0.3236,1327.5,0.6584,14597.35,14.5973
588,Entry long,2024-11-05 10:25:00-05:00,ORB close above 30m high,20305.75,5,203057.5,,,,,,,,
588,Exit long,2024-11-05 14:00:00-05:00,time,20308.25,5,203057.5,18.8,0.0093,672.5,0.3312,732.5,0.3607,14616.15,14.6161
589,Entry long,2024-11-06 12:15:00-05:00,ORB close above 30m high,20813.0,5,208130.0,,,,,,,,
589,Exit long,2024-11-06 14:00:00-05:00,time,20861.5,5,208130.0,478.8,0.23,635.0,0.3051,275.0,0.1321,15094.95,15.0949
590,Entry long,2024-11-07 10:10:00-05:00,ORB close above 30m high,21116.0,5,211160.0,,,,,,,,
590,Exit long,2024-11-07 11:50:00-05:00,target,21194.33,5,211160.0,777.05,0.368,815.0,0.386,295.0,0.1397,15872.0,15.872
591,Entry long,2024-11-08 13:30:00-05:00,ORB close above 30m high,21233.0,5,212330.0,,,,,,,,
591,Exit long,2024-11-08 14:00:00-05:00,time,21250.0,5,212330.0,163.8,0.0771,335.0,0.1578,30.0,0.0141,16035.8,16.0358
592,Entry long,2024-11-13 12:15:00-05:00,ORB close above 30m high,21195.75,5,211957.5,,,,,,,,
592,Exit long,2024-11-13 13:45:00-05:00,target,21247.3,5,211957.5,509.3,0.2403,655.0,0.309,265.0,0.125,16545.1,16.5451
593,Entry long,2024-11-18 10:05:00-05:00,ORB close above 30m high,20587.25,5,205872.5,,,,,,,,
593,Exit long,2024-11-18 10:25:00-05:00,target,20647.72,5,205872.5,598.55,0.2907,662.5,0.3218,192.5,0.0935,17143.65,17.1436
594,Entry long,2024-11-19 10:30:00-05:00,ORB close above 30m high,20602.5,5,206025.0,,,,,,,,
594,Exit long,2024-11-19 11:15:00-05:00,target,20668.4,5,206025.0,652.8,0.3169,792.5,0.3847,200.0,0.0971,17796.45,17.7964
595,Entry long,2024-11-28 10:25:00-05:00,ORB close above 30m high,20900.0,5,209000.0,,,,,,,,
595,Exit long,2024-11-28 18:00:00-05:00,time,20886.75,5,209000.0,-138.7,-0.0664,95.0,0.0455,250.0,0.1196,17657.75,17.6577
596,Entry long,2024-12-02 10:05:00-05:00,ORB close above 30m high,21175.0,5,211750.0,,,,,,,,
596,Exit long,2024-12-02 14:00:00-05:00,time,21212.25,5,211750.0,366.3,0.173,845.0,0.3991,340.0,0.1606,18024.05,18.024
597,Entry long,2024-12-03 10:05:00-05:00,ORB close above 30m high,21210.5,5,212105.0,,,,,,,,
597,Exit long,2024-12-03 14:00:00-05:00,time,21232.0,5,212105.0,208.8,0.0984,520.0,0.2452,485.0,0.2287,18232.85,18.2328
598,Entry long,2024-12-04 10:15:00-05:00,ORB close above 30m high,21444.75,5,214447.5,,,,,,,,
598,Exit long,2024-12-04 10:35:00-05:00,target,21484.05,5,214447.5,386.8,0.1804,465.0,0.2168,292.5,0.1364,18619.65,18.6196
599,Entry long,2024-12-05 12:15:00-05:00,ORB close above 30m high,21559.75,5,215597.5,,,,,,,,
599,Exit long,2024-12-05 13:20:00-05:00,stop,21497.5,5,215597.5,-628.7,-0.2916,80.0,0.0371,785.0,0.3641,17990.95,17.9909
600,Entry long,2024-12-06 10:15:00-05:00,ORB close above 30m high,21623.75,5,216237.5,,,,,,,,
600,Exit long,2024-12-06 14:00:00-05:00,time,21658.25,5,216237.5,338.8,0.1567,457.5,0.2116,510.0,0.2359,18329.75,18.3297
601,Entry long,2024-12-10 10:10:00-05:00,ORB close above 30m high,21593.5,5,215935.0,,,,,,,,
601,Exit long,2024-12-10 10:55:00-05:00,stop,21505.0,5,215935.0,-891.2,-0.4127,132.5,0.0614,970.0,0.4492,17438.55,17.4385
602,Entry long,2024-12-11 10:10:00-05:00,ORB close above 30m high,21724.0,5,217240.0,,,,,,,,
602,Exit long,2024-12-11 14:00:00-05:00,time,21792.5,5,217240.0,678.8,0.3125,875.0,0.4028,502.5,0.2313,18117.35,18.1173
603,Entry long,2024-12-12 10:30:00-05:00,ORB close above 30m high,21707.5,5,217075.0,,,,,,,,
603,Exit long,2024-12-12 13:25:00-05:00,target,21743.47,5,217075.0,353.55,0.1629,370.0,0.1704,385.0,0.1774,18470.9,18.4709
604,Entry long,2024-12-16 10:05:00-05:00,ORB close above 30m high,21989.5,5,219895.0,,,,,,,,
604,Exit long,2024-12-16 11:55:00-05:00,target,22054.7,5,219895.0,645.8,0.2937,677.5,0.3081,607.5,0.2763,19116.7,19.1167
605,Entry long,2024-12-17 11:40:00-05:00,ORB close above 30m high,22074.75,5,220747.5,,,,,,,,
605,Exit long,2024-12-17 14:00:00-05:00,time,22004.25,5,220747.5,-711.2,-0.3222,60.0,0.0272,890.0,0.4032,18405.5,18.4055
606,Entry long,2024-12-18 10:15:00-05:00,ORB close above 30m high,22013.0,5,220130.0,,,,,,,,
606,Exit long,2024-12-18 14:00:00-05:00,time,21991.5,5,220130.0,-221.2,-0.1005,410.0,0.1863,1050.0,0.477,18184.3,18.1843
607,Entry long,2024-12-20 10:15:00-05:00,ORB close above 30m high,21341.5,5,213415.0,,,,,,,,
607,Exit long,2024-12-20 10:30:00-05:00,target,21468.12,5,213415.0,1260.05,0.5904,1962.5,0.9196,175.0,0.082,19444.35,19.4443
608,Entry long,2024-12-23 11:55:00-05:00,ORB close above 30m high,21681.0,5,216810.0,,,,,,,,
608,Exit long,2024-12-23 14:00:00-05:00,time,21744.75,5,216810.0,631.3,0.2912,762.5,0.3517,385.0,0.1776,20075.65,20.0756
609,Entry long,2024-12-24 10:05:00-05:00,ORB close above 30m high,21928.25,5,219282.5,,,,,,,,
609,Exit long,2024-12-24 12:55:00-05:00,target,22018.47,5,219282.5,896.05,0.4086,1065.0,0.4857,312.5,0.1425,20971.7,20.9717
610,Entry long,2024-12-26 11:15:00-05:00,ORB close above 30m high,22012.25,5,220122.5,,,,,,,,
610,Exit long,2024-12-26 14:00:00-05:00,time,22016.5,5,220122.5,36.3,0.0165,627.5,0.2851,392.5,0.1783,21008.0,21.008
611,Entry long,2024-12-30 11:40:00-05:00,ORB close above 30m high,21432.0,5,214320.0,,,,,,,,
611,Exit long,2024-12-30 12:40:00-05:00,target,21536.75,5,214320.0,1041.3,0.4859,1100.0,0.5133,187.5,0.0875,22049.3,22.0493
