Trade #,Type,Date/Time,Signal,Price USD,Position size (qty),Position size (value),Net P&L USD,Net P&L %,Run-up USD,Run-up %,Drawdown USD,Drawdown %,Cumulative P&L USD,Cumulative P&L %
1,Entry long,2021-01-05 10:05:00-05:00,ORB close above 30m high,12773.25,5,127732.5,,,,,,,,
1,Exit long,2021-01-05 14:00:00-05:00,time,12751.75,5,127732.5,-221.2,-0.1732,90.0,0.0705,850.0,0.6655,-221.2,-0.2212
2,Entry long,2021-01-06 10:15:00-05:00,ORB close above 30m high,12677.25,5,126772.5,,,,,,,,
2,Exit long,2021-01-06 14:00:00-05:00,time,12769.75,5,126772.5,918.8,0.7248,1187.5,0.9367,82.5,0.0651,697.6,0.6976
3,Entry long,2021-01-07 10:05:00-05:00,ORB close above 30m high,12871.75,5,128717.5,,,,,,,,
3,Exit long,2021-01-07 14:00:00-05:00,time,12912.75,5,128717.5,403.8,0.3137,490.0,0.3807,130.0,0.101,1101.4,1.1014
4,Entry long,2021-01-08 12:15:00-05:00,ORB close above 30m high,13056.5,5,130565.0,,,,,,,,
4,Exit long,2021-01-08 13:20:00-05:00,stop,12985.25,5,130565.0,-718.7,-0.5505,90.0,0.0689,1047.5,0.8023,382.7,0.3827
5,Entry long,2021-01-11 10:10:00-05:00,ORB close above 30m high,12980.75,5,129807.5,,,,,,,,
5,Exit long,2021-01-11 14:00:00-05:00,time,12959.5,5,129807.5,-218.7,-0.1685,322.5,0.2484,495.0,0.3813,164.0,0.164
6,Entry long,2021-01-13 10:40:00-05:00,ORB close above 30m high,12958.75,5,129587.5,,,,,,,,
6,Exit long,2021-01-13 14:00:00-05:00,time,12978.0,5,129587.5,186.3,0.1438,375.0,0.2894,205.0,0.1582,350.3,0.3503
7,Entry long,2021-01-14 10:50:00-05:00,ORB close above 30m high,13021.5,5,130215.0,,,,,,,,
7,Exit long,2021-01-14 11:55:00-05:00,stop,12968.0,5,130215.0,-541.2,-0.4156,72.5,0.0557,537.5,0.4128,-190.9,-0.1909
8,Entry long,2021-01-19 12:40:00-05:00,ORB close above 30m high,12931.5,5,129315.0,,,,,,,,
8,Exit long,2021-01-19 14:00:00-05:00,time,12988.5,5,129315.0,563.8,0.436,615.0,0.4756,80.0,0.0619,372.9,0.3729
9,Entry long,2021-01-20 10:10:00-05:00,ORB close above 30m high,13206.75,5,132067.5,,,,,,,,
9,Exit long,2021-01-20 14:00:00-05:00,time,13280.0,5,132067.5,726.3,0.5499,875.0,0.6625,15.0,0.0114,1099.2,1.0992
10,Entry long,2021-01-21 10:15:00-05:00,ORB close above 30m high,13365.0,5,133650.0,,,,,,,,
10,Exit long,2021-01-21 14:00:00-05:00,time,13364.5,5,133650.0,-11.2,-0.0084,277.5,0.2076,490.0,0.3666,1088.0,1.088
11,Entry long,2021-01-26 10:50:00-05:00,ORB close above 30m high,13514.5,5,135145.0,,,,,,,,
11,Exit long,2021-01-26 14:00:00-05:00,time,13499.75,5,135145.0,-153.7,-0.1137,185.0,0.1369,592.5,0.4384,934.3,0.9343
12,Entry long,2021-01-28 10:20:00-05:00,ORB close above 30m high,13267.5,5,132675.0,,,,,,,,
12,Exit long,2021-01-28 14:00:00-05:00,time,13376.5,5,132675.0,1083.8,0.8169,1265.0,0.9535,635.0,0.4786,2018.1,2.0181
13,Entry long,2021-01-29 10:25:00-05:00,ORB close above 30m high,13147.75,5,131477.5,,,,,,,,
13,Exit long,2021-01-29 11:20:00-05:00,stop,12997.75,5,131477.5,-1506.2,-1.1456,92.5,0.0704,1590.0,1.2093,511.9,0.5119
14,Entry long,2021-02-01 10:45:00-05:00,ORB close above 30m high,13116.5,5,131165.0,,,,,,,,
14,Exit long,2021-02-01 14:00:00-05:00,time,13261.0,5,131165.0,1438.8,1.0969,1552.5,1.1836,752.5,0.5737,1950.7,1.9507
15,Entry long,2021-02-02 10:20:00-05:00,ORB close above 30m high,13434.75,5,134347.5,,,,,,,,
15,Exit long,2021-02-02 14:00:00-05:00,time,13471.25,5,134347.5,358.8,0.2671,507.5,0.3778,520.0,0.3871,2309.5,2.3095
16,Entry long,2021-02-04 13:05:00-05:00,ORB close above 30m high,13487.25,5,134872.5,,,,,,,,
16,Exit long,2021-02-04 14:00:00-05:00,time,13494.75,5,134872.5,68.8,0.051,172.5,0.1279,57.5,0.0426,2378.3,2.3783
17,Entry long,2021-02-05 12:20:00-05:00,ORB close above 30m high,13596.5,5,135965.0,,,,,,,,
17,Exit long,2021-02-05 14:00:00-05:00,time,13587.75,5,135965.0,-93.7,-0.0689,420.0,0.3089,172.5,0.1269,2284.6,2.2846
18,Entry long,2021-02-08 10:05:00-05:00,ORB close above 30m high,13675.25,5,136752.5,,,,,,,,
18,Exit long,2021-02-08 11:25:00-05:00,stop,13632.0,5,136752.5,-438.7,-0.3208,172.5,0.1261,440.0,0.3217,1845.9,1.8459
19,Entry long,2021-02-09 10:10:00-05:00,ORB close above 30m high,13714.0,5,137140.0,,,,,,,,
19,Exit long,2021-02-09 14:00:00-05:00,time,13671.25,5,137140.0,-433.7,-0.3162,212.5,0.155,520.0,0.3792,1412.2,1.4122
20,Entry long,2021-02-12 10:15:00-05:00,ORB close above 30m high,13707.5,5,137075.0,,,,,,,,
20,Exit long,2021-02-12 14:00:00-05:00,time,13721.25,5,137075.0,131.3,0.0958,472.5,0.3447,432.5,0.3155,1543.5,1.5435
21,Entry long,2021-02-15 11:00:00-05:00,ORB close above 30m high,13863.25,5,138632.5,,,,,,,,
21,Exit long,2021-02-15 18:00:00-05:00,time,13871.5,5,138632.5,76.3,0.055,160.0,0.1154,95.0,0.0685,1619.8,1.6198
22,Entry long,2021-02-16 10:40:00-05:00,ORB close above 30m high,13871.25,5,138712.5,,,,,,,,
22,Exit long,2021-02-16 11:05:00-05:00,stop,13811.0,5,138712.5,-608.7,-0.4388,22.5,0.0162,700.0,0.5046,1011.1,1.0111
23,Entry long,2021-02-18 13:25:00-05:00,ORB close above 30m high,13596.25,5,135962.5,,,,,,,,
23,Exit long,2021-02-18 14:00:00-05:00,time,13600.0,5,135962.5,31.3,0.023,290.0,0.2133,47.5,0.0349,1042.4,1.0424
24,Entry long,2021-02-23 10:30:00-05:00,ORB close above 30m high,13025.5,5,130255.0,,,,,,,,
24,Exit long,2021-02-23 14:00:00-05:00,time,13045.25,5,130255.0,191.3,0.1469,937.5,0.7197,1407.5,1.0806,1233.7,1.2337
25,Entry long,2021-02-24 11:15:00-05:00,ORB close above 30m high,13143.5,5,131435.0,,,,,,,,
25,Exit long,2021-02-24 14:00:00-05:00,time,13252.25,5,131435.0,1081.3,0.8227,1235.0,0.9396,20.0,0.0152,2315.0,2.315
26,Entry long,2021-02-26 12:10:00-05:00,ORB close above 30m high,13052.5,5,130525.0,,,,,,,,
26,Exit long,2021-02-26 14:00:00-05:00,time,12955.0,5,130525.0,-981.2,-0.7517,372.5,0.2854,1197.5,0.9174,1333.8,1.3338
27,Entry long,2021-03-01 10:20:00-05:00,ORB close above 30m high,13132.25,5,131322.5,,,,,,,,
27,Exit long,2021-03-01 14:00:00-05:00,time,13207.75,5,131322.5,748.8,0.5702,972.5,0.7405,57.5,0.0438,2082.6,2.0826
28,Entry long,2021-03-04 11:45:00-05:00,ORB close above 30m high,12783.25,5,127832.5,,,,,,,,
28,Exit long,2021-03-04 12:25:00-05:00,stop,12568.25,5,127832.5,-2156.2,-1.6867,137.5,0.1076,2222.5,1.7386,-73.6,-0.0736
29,Entry long,2021-03-08 10:35:00-05:00,ORB close above 30m high,12708.5,5,127085.0,,,,,,,,
29,Exit long,2021-03-08 11:50:00-05:00,stop,12526.0,5,127085.0,-1831.2,-1.4409,67.5,0.0531,1885.0,1.4833,-1904.8,-1.9048
30,Entry long,2021-03-09 10:05:00-05:00,ORB close above 30m high,12725.0,5,127250.0,,,,,,,,
30,Exit long,2021-03-09 14:00:00-05:00,time,12854.0,5,127250.0,1283.8,1.0089,1332.5,1.0472,412.5,0.3242,-621.0,-0.621
31,Entry long,2021-03-11 10:50:00-05:00,ORB close above 30m high,13009.75,5,130097.5,,,,,,,,
31,Exit long,2021-03-11 13:05:00-05:00,target,13118.45,5,130097.5,1080.8,0.8308,1097.5,0.8436,167.5,0.1287,459.8,0.4598
32,Entry long,2021-03-12 12:30:00-05:00,ORB close above 30m high,12903.5,5,129035.0,,,,,,,,
32,Exit long,2021-03-12 14:00:00-05:00,time,12882.25,5,129035.0,-218.7,-0.1695,227.5,0.1763,490.0,0.3797,241.1,0.2411
33,Entry long,2021-03-15 10:15:00-04:00,ORB close above 30m high,12987.75,5,129877.5,,,,,,,,
33,Exit long,2021-03-15 11:30:00-04:00,stop,12896.0,5,129877.5,-923.7,-0.7112,10.0,0.0077,922.5,0.7103,-682.6,-0.6826
34,Entry long,2021-03-16 10:05:00-04:00,ORB close above 30m high,13245.25,5,132452.5,,,,,,,,
34,Exit long,2021-03-16 14:00:00-04:00,time,13189.5,5,132452.5,-563.7,-0.4256,515.0,0.3888,742.5,0.5606,-1246.3,-1.2463
35,Entry long,2021-03-17 10:20:00-04:00,ORB close above 30m high,13067.0,5,130670.0,,,,,,,,
35,Exit long,2021-03-17 14:00:00-04:00,time,12994.75,5,130670.0,-728.7,-0.5577,480.0,0.3673,1282.5,0.9815,-1975.0,-1.975
36,Entry long,2021-03-19 11:05:00-04:00,ORB close above 30m high,12841.75,5,128417.5,,,,,,,,
36,Exit long,2021-03-19 14:00:00-04:00,time,12869.0,5,128417.5,266.3,0.2074,495.0,0.3855,840.0,0.6541,-1708.7,-1.7087
37,Entry long,2021-03-22 10:35:00-04:00,ORB close above 30m high,13026.25,5,130262.5,,,,,,,,
37,Exit long,2021-03-22 14:00:00-04:00,time,13138.5,5,130262.5,1116.3,0.857,1307.5,1.0037,142.5,0.1094,-592.4,-0.5924
38,Entry long,2021-03-23 10:15:00-04:00,ORB close above 30m high,13123.0,5,131230.0,,,,,,,,
38,Exit long,2021-03-23 14:00:00-04:00,time,13080.5,5,131230.0,-431.2,-0.3286,490.0,0.3734,720.0,0.5487,-1023.6,-1.0236
39,Entry long,2021-03-25 10:05:00-04:00,ORB close above 30m high,12823.25,5,128232.5,,,,,,,,
39,Exit long,2021-03-25 10:45:00-04:00,stop,12687.75,5,128232.5,-1361.2,-1.0615,137.5,0.1072,1490.0,1.162,-2384.8,-2.3848
40,Entry long,2021-03-26 10:05:00-04:00,ORB close above 30m high,12850.75,5,128507.5,,,,,,,,
40,Exit long,2021-03-26 14:00:00-04:00,time,12798.5,5,128507.5,-528.7,-0.4114,215.0,0.1673,927.5,0.7217,-2913.5,-2.9135
41,Entry long,2021-03-29 13:05:00-04:00,ORB close above 30m high,12986.75,5,129867.5,,,,,,,,
41,Exit long,2021-03-29 14:00:00-04:00,time,12953.25,5,129867.5,-341.2,-0.2627,160.0,0.1232,522.5,0.4023,-3254.7,-3.2547
42,Entry long,2021-03-30 11:35:00-04:00,ORB close above 30m high,12895.5,5,128955.0,,,,,,,,
42,Exit long,2021-03-30 14:00:00-04:00,time,12851.25,5,128955.0,-448.7,-0.348,207.5,0.1609,702.5,0.5448,-3703.4,-3.7034
43,Entry long,2021-03-31 10:05:00-04:00,ORB close above 30m high,13067.75,5,130677.5,,,,,,,,
43,Exit long,2021-03-31 14:00:00-04:00,time,13124.5,5,130677.5,561.3,0.4295,847.5,0.6485,30.0,0.023,-3142.1,-3.1421
44,Entry long,2021-04-01 10:10:00-04:00,ORB close above 30m high,13306.5,5,133065.0,,,,,,,,
44,Exit long,2021-04-01 14:00:00-04:00,time,13281.25,5,133065.0,-258.7,-0.1944,150.0,0.1127,465.0,0.3495,-3400.8,-3.4008
45,Entry long,2021-04-05 10:10:00-04:00,ORB close above 30m high,13491.0,5,134910.0,,,,,,,,
45,Exit long,2021-04-05 14:00:00-04:00,time,13598.25,5,134910.0,1066.3,0.7904,1172.5,0.8691,55.0,0.0408,-2334.5,-2.3345
46,Entry long,2021-04-06 10:05:00-04:00,ORB close above 30m high,13605.25,5,136052.5,,,,,,,,
46,Exit long,2021-04-06 14:00:00-04:00,time,13592.5,5,136052.5,-133.7,-0.0983,490.0,0.3602,592.5,0.4355,-2468.2,-2.4682
47,Entry long,2021-04-07 10:05:00-04:00,ORB close above 30m high,13593.25,5,135932.5,,,,,,,,
47,Exit long,2021-04-07 14:00:00-04:00,time,13598.0,5,135932.5,41.3,0.0304,377.5,0.2777,335.0,0.2464,-2426.9,-2.4269
48,Entry long,2021-04-09 10:05:00-04:00,ORB close above 30m high,13732.75,5,137327.5,,,,,,,,
48,Exit long,2021-04-09 14:00:00-04:00,time,13781.0,5,137327.5,476.3,0.3468,585.0,0.426,380.0,0.2767,-1950.6,-1.9506
49,Entry long,2021-04-12 12:35:00-04:00,ORB close above 30m high,13814.25,5,138142.5,,,,,,,,
49,Exit long,2021-04-12 14:00:00-04:00,time,13782.25,5,138142.5,-326.2,-0.2361,145.0,0.105,365.0,0.2642,-2276.8,-2.2768
50,Entry long,2021-04-15 10:30:00-04:00,ORB close above 30m high,13989.5,5,139895.0,,,,,,,,
50,Exit long,2021-04-15 14:00:00-04:00,time,14013.5,5,139895.0,233.8,0.1671,325.0,0.2323,462.5,0.3306,-2043.0,-2.043
51,Entry long,2021-04-21 10:30:00-04:00,ORB close above 30m high,13816.25,5,138162.5,,,,,,,,
51,Exit long,2021-04-21 14:00:00-04:00,time,13859.0,5,138162.5,421.3,0.3049,605.0,0.4379,480.0,0.3474,-1621.7,-1.6217
52,Entry long,2021-04-22 10:35:00-04:00,ORB close above 30m high,13931.25,5,139312.5,,,,,,,,
52,Exit long,2021-04-22 13:10:00-04:00,stop,13854.75,5,139312.5,-771.2,-0.5536,127.5,0.0915,1072.5,0.7699,-2392.9,-2.3929
53,Entry long,2021-04-23 10:05:00-04:00,ORB close above 30m high,13838.25,5,138382.5,,,,,,,,
53,Exit long,2021-04-23 11:40:00-04:00,target,13925.25,5,138382.5,863.8,0.6242,877.5,0.6341,132.5,0.0957,-1529.1,-1.5291
54,Entry long,2021-04-26 10:10:00-04:00,ORB close above 30m high,13952.75,5,139527.5,,,,,,,,
54,Exit long,2021-04-26 14:00:00-04:00,time,13992.75,5,139527.5,393.8,0.2822,480.0,0.344,90.0,0.0645,-1135.3,-1.1353
55,Entry long,2021-04-30 10:25:00-04:00,ORB close above 30m high,13923.75,5,139237.5,,,,,,,,
55,Exit long,2021-04-30 13:50:00-04:00,stop,13839.75,5,139237.5,-846.2,-0.6077,332.5,0.2388,897.5,0.6446,-1981.5,-1.9815
56,Entry long,2021-05-03 10:15:00-04:00,ORB close above 30m high,13930.0,5,139300.0,,,,,,,,
56,Exit long,2021-05-03 10:50:00-04:00,stop,13850.5,5,139300.0,-801.2,-0.5752,175.0,0.1256,907.5,0.6515,-2782.7,-2.7827
57,Entry long,2021-05-06 11:35:00-04:00,ORB close above 30m high,13524.0,5,135240.0,,,,,,,,
57,Exit long,2021-05-06 14:00:00-04:00,time,13491.75,5,135240.0,-328.7,-0.243,672.5,0.4973,355.0,0.2625,-3111.4,-3.1114
58,Entry long,2021-05-07 10:10:00-04:00,ORB close above 30m high,13764.75,5,137647.5,,,,,,,,
58,Exit long,2021-05-07 14:00:00-04:00,time,13680.75,5,137647.5,-846.2,-0.6148,457.5,0.3324,1027.5,0.7465,-3957.6,-3.9576
59,Entry long,2021-05-11 11:20:00-04:00,ORB close above 30m high,13272.5,5,132725.0,,,,,,,,
59,Exit long,2021-05-11 14:00:00-04:00,time,13334.75,5,132725.0,616.3,0.4643,972.5,0.7327,247.5,0.1865,-3341.3,-3.3413
60,Entry long,2021-05-13 10:05:00-04:00,ORB close above 30m high,13189.5,5,131895.0,,,,,,,,
60,Exit long,2021-05-13 11:40:00-04:00,stop,13085.5,5,131895.0,-1046.2,-0.7932,355.0,0.2692,1257.5,0.9534,-4387.5,-4.3875
61,Entry long,2021-05-14 10:15:00-04:00,ORB close above 30m high,13287.25,5,132872.5,,,,,,,,
61,Exit long,2021-05-14 14:00:00-04:00,time,13368.5,5,132872.5,806.3,0.6068,862.5,0.6491,122.5,0.0922,-3581.2,-3.5812
62,Entry long,2021-05-18 10:30:00-04:00,ORB close above 30m high,13383.0,5,133830.0,,,,,,,,
62,Exit long,2021-05-18 14:00:00-04:00,time,13330.75,5,133830.0,-528.7,-0.3951,135.0,0.1009,647.5,0.4838,-4109.9,-4.1099
63,Entry long,2021-05-19 10:30:00-04:00,ORB close above 30m high,13092.25,5,130922.5,,,,,,,,
63,Exit long,2021-05-19 14:00:00-04:00,time,13164.0,5,130922.5,711.3,0.5433,1055.0,0.8058,482.5,0.3685,-3398.6,-3.3986
64,Entry long,2021-05-20 10:05:00-04:00,ORB close above 30m high,13406.75,5,134067.5,,,,,,,,
64,Exit long,2021-05-20 14:00:00-04:00,time,13479.25,5,134067.5,718.8,0.5361,972.5,0.7254,100.0,0.0746,-2679.8,-2.6798
65,Entry long,2021-05-24 10:05:00-04:00,ORB close above 30m high,13590.25,5,135902.5,,,,,,,,
65,Exit long,2021-05-24 14:00:00-04:00,time,13657.0,5,135902.5,661.3,0.4866,752.5,0.5537,60.0,0.0441,-2018.5,-2.0185
66,Entry long,2021-05-26 11:10:00-04:00,ORB close above 30m high,13712.0,5,137120.0,,,,,,,,
66,Exit long,2021-05-26 14:00:00-04:00,time,13686.0,5,137120.0,-266.2,-0.1941,130.0,0.0948,362.5,0.2644,-2284.7,-2.2847
67,Entry long,2021-05-27 10:20:00-04:00,ORB close above 30m high,13699.5,5,136995.0,,,,,,,,
67,Exit long,2021-05-27 14:00:00-04:00,time,13686.25,5,136995.0,-138.7,-0.1012,212.5,0.1551,280.0,0.2044,-2423.4,-2.4234
68,Entry long,2021-05-28 11:45:00-04:00,ORB close above 30m high,13745.75,5,137457.5,,,,,,,,
68,Exit long,2021-05-28 14:00:00-04:00,time,13716.0,5,137457.5,-303.7,-0.2209,175.0,0.1273,397.5,0.2892,-2727.1,-2.7271
69,Entry long,2021-06-03 11:00:00-04:00,ORB close above 30m high,13579.5,5,135795.0,,,,,,,,
69,Exit long,2021-06-03 14:00:00-04:00,time,13565.75,5,135795.0,-143.7,-0.1058,302.5,0.2228,530.0,0.3903,-2870.8,-2.8708
70,Entry long,2021-06-04 10:05:00-04:00,ORB close above 30m high,13733.25,5,137332.5,,,,,,,,
70,Exit long,2021-06-04 14:00:00-04:00,time,13774.25,5,137332.5,403.8,0.294,457.5,0.3331,125.0,0.091,-2467.0,-2.467
71,Entry long,2021-06-14 12:05:00-04:00,ORB close above 30m high,14041.5,5,140415.0,,,,,,,,
71,Exit long,2021-06-14 14:00:00-04:00,time,14058.75,5,140415.0,166.3,0.1184,230.0,0.1638,85.0,0.0605,-2300.7,-2.3007
72,Entry long,2021-06-16 10:15:00-04:00,ORB close above 30m high,14089.75,5,140897.5,,,,,,,,
72,Exit long,2021-06-16 11:05:00-04:00,stop,14042.0,5,140897.5,-483.7,-0.3433,57.5,0.0408,487.5,0.346,-2784.4,-2.7844
73,Entry long,2021-06-17 10:05:00-04:00,ORB close above 30m high,14041.0,5,140410.0,,,,,,,,
73,Exit long,2021-06-17 14:00:00-04:00,time,14166.0,5,140410.0,1243.8,0.8858,1502.5,1.0701,252.5,0.1798,-1540.6,-1.5406
74,Entry long,2021-06-21 10:40:00-04:00,ORB close above 30m high,14082.0,5,140820.0,,,,,,,,
74,Exit long,2021-06-21 14:00:00-04:00,time,14133.25,5,140820.0,506.3,0.3595,620.0,0.4403,25.0,0.0178,-1034.3,-1.0343
75,Entry long,2021-06-22 11:10:00-04:00,ORB close above 30m high,14188.0,5,141880.0,,,,,,,,
75,Exit long,2021-06-22 14:00:00-04:00,time,14221.0,5,141880.0,323.8,0.2282,450.0,0.3172,10.0,0.007,-710.5,-0.7105
76,Entry long,2021-06-24 10:10:00-04:00,ORB close above 30m high,14387.5,5,143875.0,,,,,,,,
76,Exit long,2021-06-24 13:20:00-04:00,stop,14343.5,5,143875.0,-446.2,-0.3101,345.0,0.2398,452.5,0.3145,-1156.7,-1.1567
77,Entry long,2021-06-28 10:10:00-04:00,ORB close above 30m high,14467.75,5,144677.5,,,,,,,,
77,Exit long,2021-06-28 14:00:00-04:00,time,14462.75,5,144677.5,-56.2,-0.0388,272.5,0.1883,127.5,0.0881,-1212.9,-1.2129
78,Entry long,2021-06-29 12:20:00-04:00,ORB close above 30m high,14534.0,5,145340.0,,,,,,,,
78,Exit long,2021-06-29 14:00:00-04:00,time,14550.75,5,145340.0,161.3,0.111,205.0,0.141,40.0,0.0275,-1051.6,-1.0516
79,Entry long,2021-07-02 11:55:00-04:00,ORB close above 30m high,14670.75,5,146707.5,,,,,,,,
79,Exit long,2021-07-02 14:00:00-04:00,time,14690.0,5,146707.5,186.3,0.127,232.5,0.1585,152.5,0.1039,-865.3,-0.8653
80,Entry long,2021-07-06 10:10:00-04:00,ORB close above 30m high,14786.5,5,147865.0,,,,,,,,
80,Exit long,2021-07-06 10:30:00-04:00,stop,14738.25,5,147865.0,-488.7,-0.3305,32.5,0.022,612.5,0.4142,-1354.0,-1.354
81,Entry long,2021-07-08 10:30:00-04:00,ORB close above 30m high,14645.0,5,146450.0,,,,,,,,
81,Exit long,2021-07-08 14:00:00-04:00,time,14733.5,5,146450.0,878.8,0.6001,1115.0,0.7614,792.5,0.5411,-475.2,-0.4752
82,Entry long,2021-07-09 10:25:00-04:00,ORB close above 30m high,14728.5,5,147285.0,,,,,,,,
82,Exit long,2021-07-09 12:15:00-04:00,target,14812.35,5,147285.0,832.3,0.5651,855.0,0.5805,250.0,0.1697,357.1,0.3571
83,Entry long,2021-07-13 10:05:00-04:00,ORB close above 30m high,14927.75,5,149277.5,,,,,,,,
83,Exit long,2021-07-13 14:00:00-04:00,time,14885.0,5,149277.5,-433.7,-0.2905,667.5,0.4472,940.0,0.6297,-76.6,-0.0766
84,Entry long,2021-07-14 10:05:00-04:00,ORB close above 30m high,14992.75,5,149927.5,,,,,,,,
84,Exit long,2021-07-14 11:25:00-04:00,stop,14934.25,5,149927.5,-591.2,-0.3943,20.0,0.0133,850.0,0.5669,-667.8,-0.6678
85,Entry long,2021-07-20 10:25:00-04:00,ORB close above 30m high,14608.75,5,146087.5,,,,,,,,
85,Exit long,2021-07-20 12:45:00-04:00,target,14737.05,5,146087.5,1276.8,0.874,1307.5,0.895,275.0,0.1882,609.0,0.609
86,Entry long,2021-07-21 10:25:00-04:00,ORB close above 30m high,14761.75,5,147617.5,,,,,,,,
86,Exit long,2021-07-21 14:00:00-04:00,time,14778.75,5,147617.5,163.8,0.111,275.0,0.1863,265.0,0.1795,772.8,0.7728
87,Entry long,2021-07-22 10:30:00-04:00,ORB close above 30m high,14905.0,5,149050.0,,,,,,,,
87,Exit long,2021-07-22 14:00:00-04:00,time,14905.25,5,149050.0,-3.7,-0.0025,182.5,0.1224,545.0,0.3656,769.1,0.7691
88,Entry long,2021-07-23 10:20:00-04:00,ORB close above 30m high,14998.0,5,149980.0,,,,,,,,
88,Exit long,2021-07-23 13:05:00-04:00,target,15086.75,5,149980.0,881.3,0.5876,937.5,0.6251,142.5,0.095,1650.4,1.6504
89,Entry long,2021-07-26 10:05:00-04:00,ORB close above 30m high,15113.0,5,151130.0,,,,,,,,
89,Exit long,2021-07-26 14:00:00-04:00,time,15104.75,5,151130.0,-88.7,-0.0587,212.5,0.1406,307.5,0.2035,1561.7,1.5617
90,Entry long,2021-07-28 10:20:00-04:00,ORB close above 30m high,15054.5,5,150545.0,,,,,,,,
90,Exit long,2021-07-28 14:00:00-04:00,time,14972.5,5,150545.0,-826.2,-0.5488,202.5,0.1345,1327.5,0.8818,735.5,0.7355
91,Entry long,2021-07-30 10:05:00-04:00,ORB close above 30m high,14977.25,5,149772.5,,,,,,,,
91,Exit long,2021-07-30 14:00:00-04:00,time,14964.25,5,149772.5,-136.2,-0.0909,20.0,0.0134,670.0,0.4473,599.3,0.5993
92,Entry long,2021-08-02 11:25:00-04:00,ORB close above 30m high,15046.0,5,150460.0,,,,,,,,
92,Exit long,2021-08-02 14:00:00-04:00,time,14985.25,5,150460.0,-613.7,-0.4079,52.5,0.0349,847.5,0.5633,-14.4,-0.0144
93,Entry long,2021-08-03 12:00:00-04:00,ORB close above 30m high,15011.25,5,150112.5,,,,,,,,
93,Exit long,2021-08-03 14:00:00-04:00,time,15019.25,5,150112.5,73.8,0.0492,255.0,0.1699,315.0,0.2098,59.4,0.0594
94,Entry long,2021-08-04 13:05:00-04:00,ORB close above 30m high,15075.5,5,150755.0,,,,,,,,
94,Exit long,2021-08-04 14:00:00-04:00,time,15074.5,5,150755.0,-16.2,-0.0107,275.0,0.1824,57.5,0.0381,43.2,0.0432
95,Entry long,2021-08-05 10:20:00-04:00,ORB close above 30m high,15131.25,5,151312.5,,,,,,,,
95,Exit long,2021-08-05 14:00:00-04:00,time,15154.5,5,151312.5,226.3,0.1496,352.5,0.233,282.5,0.1867,269.5,0.2695
96,Entry long,2021-08-12 10:20:00-04:00,ORB close above 30m high,15008.5,5,150085.0,,,,,,,,
96,Exit long,2021-08-12 14:00:00-04:00,time,15051.75,5,150085.0,426.3,0.284,650.0,0.4331,45.0,0.03,695.8,0.6958
97,Entry long,2021-08-13 10:20:00-04:00,ORB close above 30m high,15134.0,5,151340.0,,,,,,,,
97,Exit long,2021-08-13 14:00:00-04:00,time,15115.25,5,151340.0,-193.7,-0.128,75.0,0.0496,417.5,0.2759,502.1,0.5021
98,Entry long,2021-08-17 10:45:00-04:00,ORB close above 30m high,15050.25,5,150502.5,,,,,,,,
98,Exit long,2021-08-17 11:55:00-04:00,stop,14954.25,5,150502.5,-966.2,-0.642,75.0,0.0498,1125.0,0.7475,-464.1,-0.4641
99,Entry long,2021-08-19 10:10:00-04:00,ORB close above 30m high,14847.0,5,148470.0,,,,,,,,
99,Exit long,2021-08-19 11:45:00-04:00,target,14963.4,5,148470.0,1157.8,0.7798,1352.5,0.911,235.0,0.1583,693.7,0.6937
100,Entry long,2021-08-20 10:05:00-04:00,ORB close above 30m high,15059.75,5,150597.5,,,,,,,,
100,Exit long,2021-08-20 14:00:00-04:00,time,15053.5,5,150597.5,-68.7,-0.0456,382.5,0.254,580.0,0.3851,625.0,0.625
101,Entry long,2021-08-23 10:05:00-04:00,ORB close above 30m high,15230.5,5,152305.0,,,,,,,,
101,Exit long,2021-08-23 14:00:00-04:00,time,15314.0,5,152305.0,828.8,0.5442,967.5,0.6352,82.5,0.0542,1453.8,1.4538
102,Entry long,2021-08-24 10:10:00-04:00,ORB close above 30m high,15361.5,5,153615.0,,,,,,,,
102,Exit long,2021-08-24 14:00:00-04:00,time,15347.0,5,153615.0,-151.2,-0.0984,187.5,0.1221,312.5,0.2034,1302.6,1.3026
103,Entry long,2021-08-27 10:05:00-04:00,ORB close above 30m high,15362.0,5,153620.0,,,,,,,,
103,Exit long,2021-08-27 14:00:00-04:00,time,15433.75,5,153620.0,711.3,0.463,770.0,0.5012,207.5,0.1351,2013.9,2.0139
104,Entry long,2021-08-30 10:05:00-04:00,ORB close above 30m high,15545.75,5,155457.5,,,,,,,,
104,Exit long,2021-08-30 14:00:00-04:00,time,15612.0,5,155457.5,656.3,0.4222,690.0,0.4439,82.5,0.0531,2670.2,2.6702
105,Entry long,2021-09-03 10:05:00-04:00,ORB close above 30m high,15661.75,5,156617.5,,,,,,,,
105,Exit long,2021-09-03 14:00:00-04:00,time,15656.25,5,156617.5,-61.2,-0.0391,70.0,0.0447,572.5,0.3655,2609.0,2.609
106,Entry long,2021-09-06 10:05:00-04:00,ORB close above 30m high,15706.5,5,157065.0,,,,,,,,
106,Exit long,2021-09-06 18:00:00-04:00,time,15700.5,5,157065.0,-66.2,-0.0421,10.0,0.0064,130.0,0.0828,2542.8,2.5428
107,Entry long,2021-09-07 10:55:00-04:00,ORB close above 30m high,15673.75,5,156737.5,,,,,,,,
107,Exit long,2021-09-07 14:00:00-04:00,time,15691.5,5,156737.5,171.3,0.1093,277.5,0.177,415.0,0.2648,2714.1,2.7141
108,Entry long,2021-09-15 13:00:00-04:00,ORB close above 30m high,15439.75,5,154397.5,,,,,,,,
108,Exit long,2021-09-15 14:00:00-04:00,time,15452.25,5,154397.5,118.8,0.0769,282.5,0.183,52.5,0.034,2832.9,2.8329
109,Entry long,2021-09-22 10:05:00-04:00,ORB close above 30m high,15094.25,5,150942.5,,,,,,,,
109,Exit long,2021-09-22 14:00:00-04:00,time,15133.75,5,150942.5,388.8,0.2576,1095.0,0.7254,107.5,0.0712,3221.7,3.2217
110,Entry long,2021-09-23 10:05:00-04:00,ORB close above 30m high,15319.25,5,153192.5,,,,,,,,
110,Exit long,2021-09-23 14:00:00-04:00,time,15344.5,5,153192.5,246.3,0.1608,275.0,0.1795,535.0,0.3492,3468.0,3.468
111,Entry long,2021-09-24 10:05:00-04:00,ORB close above 30m high,15257.5,5,152575.0,,,,,,,,
111,Exit long,2021-09-24 14:00:00-04:00,time,15261.0,5,152575.0,28.8,0.0189,385.0,0.2523,525.0,0.3441,3496.8,3.4968
112,Entry long,2021-09-27 11:05:00-04:00,ORB close above 30m high,15221.75,5,152217.5,,,,,,,,
112,Exit long,2021-09-27 14:00:00-04:00,time,15199.5,5,152217.5,-228.7,-0.1502,12.5,0.0082,1017.5,0.6685,3268.1,3.2681
113,Entry long,2021-10-01 13:50:00-04:00,ORB close above 30m high,14740.75,5,147407.5,,,,,,,,
113,Exit long,2021-10-01 14:00:00-04:00,time,14717.5,5,147407.5,-238.7,-0.1619,10.0,0.0068,287.5,0.195,3029.4,3.0294
114,Entry long,2021-10-05 10:05:00-04:00,ORB close above 30m high,14606.75,5,146067.5,,,,,,,,
114,Exit long,2021-10-05 14:00:00-04:00,time,14739.0,5,146067.5,1316.3,0.9012,1462.5,1.0012,137.5,0.0941,4345.7,4.3457
115,Entry long,2021-10-06 10:25:00-04:00,ORB close above 30m high,14658.75,5,146587.5,,,,,,,,
115,Exit long,2021-10-06 14:00:00-04:00,time,14691.25,5,146587.5,318.8,0.2175,507.5,0.3462,912.5,0.6225,4664.5,4.6645
116,Entry long,2021-10-07 10:05:00-04:00,ORB close above 30m high,14971.5,5,149715.0,,,,,,,,
116,Exit long,2021-10-07 14:00:00-04:00,time,14962.0,5,149715.0,-101.2,-0.0676,297.5,0.1987,347.5,0.2321,4563.3,4.5633
117,Entry long,2021-10-11 10:05:00-04:00,ORB close above 30m high,14868.25,5,148682.5,,,,,,,,
117,Exit long,2021-10-11 14:00:00-04:00,time,14782.0,5,148682.5,-868.7,-0.5843,285.0,0.1917,1102.5,0.7415,3694.6,3.6946
118,Entry long,2021-10-14 10:05:00-04:00,ORB close above 30m high,14973.75,5,149737.5,,,,,,,,
118,Exit long,2021-10-14 14:00:00-04:00,time,15034.5,5,149737.5,601.3,0.4016,702.5,0.4692,82.5,0.0551,4295.9,4.2959
119,Entry long,2021-10-15 11:00:00-04:00,ORB close above 30m high,15111.0,5,151110.0,,,,,,,,
119,Exit long,2021-10-15 14:00:00-04:00,time,15098.75,5,151110.0,-128.7,-0.0852,100.0,0.0662,525.0,0.3474,4167.2,4.1672
120,Entry long,2021-10-18 10:10:00-04:00,ORB close above 30m high,15153.75,5,151537.5,,,,,,,,
120,Exit long,2021-10-18 14:00:00-04:00,time,15246.5,5,151537.5,921.3,0.608,1005.0,0.6632,280.0,0.1848,5088.5,5.0885
121,Entry long,2021-10-19 10:30:00-04:00,ORB close above 30m high,15359.75,5,153597.5,,,,,,,,
121,Exit long,2021-10-19 14:00:00-04:00,time,15394.0,5,153597.5,336.3,0.2189,372.5,0.2425,320.0,0.2083,5424.8,5.4248
122,Entry long,2021-10-20 10:35:00-04:00,ORB close above 30m high,15445.5,5,154455.0,,,,,,,,
122,Exit long,2021-10-20 11:00:00-04:00,stop,15396.25,5,154455.0,-498.7,-0.3229,0.0,0.0,622.5,0.403,4926.1,4.9261
123,Entry long,2021-10-21 10:10:00-04:00,ORB close above 30m high,15400.0,5,154000.0,,,,,,,,
123,Exit long,2021-10-21 14:00:00-04:00,time,15416.25,5,154000.0,156.3,0.1015,457.5,0.2971,115.0,0.0747,5082.4,5.0824
124,Entry long,2021-10-22 10:30:00-04:00,ORB close above 30m high,15463.25,5,154632.5,,,,,,,,
124,Exit long,2021-10-22 11:15:00-04:00,stop,15385.0,5,154632.5,-788.7,-0.51,5.0,0.0032,1152.5,0.7453,4293.7,4.2937
125,Entry long,2021-10-25 12:00:00-04:00,ORB close above 30m high,15437.0,5,154370.0,,,,,,,,
125,Exit long,2021-10-25 14:00:00-04:00,time,15490.25,5,154370.0,526.3,0.3409,697.5,0.4518,30.0,0.0194,4820.0,4.82
126,Entry long,2021-10-26 10:15:00-04:00,ORB close above 30m high,15675.0,5,156750.0,,,,,,,,
126,Exit long,2021-10-26 12:00:00-04:00,stop,15579.75,5,156750.0,-958.7,-0.6116,260.0,0.1659,1055.0,0.673,3861.3,3.8613
127,Entry long,2021-10-27 10:55:00-04:00,ORB close above 30m high,15649.5,5,156495.0,,,,,,,,
127,Exit long,2021-10-27 14:00:00-04:00,time,15710.0,5,156495.0,598.8,0.3826,677.5,0.4329,367.5,0.2348,4460.1,4.4601
128,Entry long,2021-10-28 10:30:00-04:00,ORB close above 30m high,15699.5,5,156995.0,,,,,,,,
128,Exit long,2021-10-28 14:00:00-04:00,time,15729.25,5,156995.0,291.3,0.1855,542.5,0.3456,122.5,0.078,4751.4,4.7514
129,Entry long,2021-10-29 11:10:00-04:00,ORB close above 30m high,15708.5,5,157085.0,,,,,,,,
129,Exit long,2021-10-29 14:00:00-04:00,time,15783.0,5,157085.0,738.8,0.4703,1002.5,0.6382,10.0,0.0064,5490.2,5.4902
130,Entry long,2021-11-02 11:45:00-04:00,ORB close above 30m high,15972.25,5,159722.5,,,,,,,,
130,Exit long,2021-11-02 14:00:00-04:00,time,15937.5,5,159722.5,-353.7,-0.2214,80.0,0.0501,600.0,0.3757,5136.5,5.1365
131,Entry long,2021-11-04 10:05:00-04:00,ORB close above 30m high,16254.0,5,162540.0,,,,,,,,
131,Exit long,2021-11-04 14:00:00-04:00,time,16348.75,5,162540.0,941.3,0.5791,1000.0,0.6152,107.5,0.0661,6077.8,6.0778
132,Entry long,2021-11-10 10:05:00-05:00,ORB close above 30m high,16183.0,5,161830.0,,,,,,,,
132,Exit long,2021-11-10 13:15:00-05:00,stop,16041.0,5,161830.0,-1426.2,-0.8813,365.0,0.2255,1552.5,0.9593,4651.6,4.6516
133,Entry long,2021-11-12 10:50:00-05:00,ORB close above 30m high,16087.5,5,160875.0,,,,,,,,
133,Exit long,2021-11-12 14:00:00-05:00,time,16186.25,5,160875.0,981.3,0.61,1125.0,0.6993,50.0,0.0311,5632.9,5.6329
134,Entry long,2021-11-16 11:05:00-05:00,ORB close above 30m high,16255.75,5,162557.5,,,,,,,,
134,Exit long,2021-11-16 14:00:00-05:00,time,16311.5,5,162557.5,551.3,0.3391,675.0,0.4152,102.5,0.0631,6184.2,6.1842
135,Entry long,2021-11-17 10:40:00-05:00,ORB close above 30m high,16345.25,5,163452.5,,,,,,,,
135,Exit long,2021-11-17 14:00:00-05:00,time,16347.5,5,163452.5,16.3,0.01,535.0,0.3273,572.5,0.3503,6200.5,6.2005
136,Entry long,2021-11-18 11:35:00-05:00,ORB close above 30m high,16430.75,5,164307.5,,,,,,,,
136,Exit long,2021-11-18 14:00:00-05:00,time,16436.0,5,164307.5,46.3,0.0282,602.5,0.3667,137.5,0.0837,6246.8,6.2468
137,Entry long,2021-11-19 11:40:00-05:00,ORB close above 30m high,16618.5,5,166185.0,,,,,,,,
137,Exit long,2021-11-19 14:00:00-05:00,time,16580.5,5,166185.0,-386.2,-0.2324,97.5,0.0587,847.5,0.51,5860.6,5.8606
138,Entry long,2021-11-22 10:05:00-05:00,ORB close above 30m high,16745.0,5,167450.0,,,,,,,,
138,Exit long,2021-11-22 11:10:00-05:00,stop,16637.75,5,167450.0,-1078.7,-0.6442,225.0,0.1344,1075.0,0.642,4781.9,4.7819
139,Entry long,2021-11-24 10:05:00-05:00,ORB close above 30m high,16226.0,5,162260.0,,,,,,,,
139,Exit long,2021-11-24 14:00:00-05:00,time,16303.0,5,162260.0,763.8,0.4707,1117.5,0.6887,690.0,0.4252,5545.7,5.5457
140,Entry long,2021-11-29 11:35:00-05:00,ORB close above 30m high,16317.75,5,163177.5,,,,,,,,
140,Exit long,2021-11-29 14:00:00-05:00,time,16412.75,5,163177.5,943.8,0.5784,1045.0,0.6404,60.0,0.0368,6489.5,6.4895
141,Entry long,2021-11-30 10:05:00-05:00,ORB close above 30m high,16422.5,5,164225.0,,,,,,,,
141,Exit long,2021-11-30 10:45:00-05:00,stop,16318.25,5,164225.0,-1048.7,-0.6386,340.0,0.207,1615.0,0.9834,5440.8,5.4408
142,Entry long,2021-12-01 10:10:00-05:00,ORB close above 30m high,16372.0,5,163720.0,,,,,,,,
142,Exit long,2021-12-01 12:55:00-05:00,stop,16270.25,5,163720.0,-1023.7,-0.6253,557.5,0.3405,1382.5,0.8444,4417.1,4.4171
143,Entry long,2021-12-02 10:05:00-05:00,ORB close above 30m high,16019.0,5,160190.0,,,,,,,,
143,Exit long,2021-12-02 10:40:00-05:00,stop,15786.5,5,160190.0,-2331.2,-1.4553,10.0,0.0062,2470.0,1.5419,2085.9,2.0859
144,Entry long,2021-12-06 10:20:00-05:00,ORB close above 30m high,15763.5,5,157635.0,,,,,,,,
144,Exit long,2021-12-06 14:00:00-05:00,time,15871.0,5,157635.0,1068.8,0.678,1307.5,0.8294,1075.0,0.682,3154.7,3.1547
145,Entry long,2021-12-07 10:10:00-05:00,ORB close above 30m high,16245.75,5,162457.5,,,,,,,,
145,Exit long,2021-12-07 14:00:00-05:00,time,16336.25,5,162457.5,898.8,0.5533,985.0,0.6063,145.0,0.0893,4053.5,4.0535
146,Entry long,2021-12-08 13:45:00-05:00,ORB close above 30m high,16369.0,5,163690.0,,,,,,,,
146,Exit long,2021-12-08 14:00:00-05:00,time,16355.75,5,163690.0,-138.7,-0.0847,100.0,0.0611,212.5,0.1298,3914.8,3.9148
147,Entry long,2021-12-17 10:50:00-05:00,ORB close above 30m high,15882.25,5,158822.5,,,,,,,,
147,Exit long,2021-12-17 14:00:00-05:00,time,15900.5,5,158822.5,176.3,0.111,745.0,0.4691,1410.0,0.8878,4091.1,4.0911
148,Entry long,2021-12-21 12:15:00-05:00,ORB close above 30m high,15813.5,5,158135.0,,,,,,,,
148,Exit long,2021-12-21 14:00:00-05:00,time,15915.5,5,158135.0,1013.8,0.6411,1222.5,0.7731,107.5,0.068,5104.9,5.1049
149,Entry long,2021-12-22 10:40:00-05:00,ORB close above 30m high,16066.25,5,160662.5,,,,,,,,
149,Exit long,2021-12-22 14:00:00-05:00,time,16065.5,5,160662.5,-13.7,-0.0085,745.0,0.4637,255.0,0.1587,5091.2,5.0912
150,Entry long,2021-12-23 10:15:00-05:00,ORB close above 30m high,16259.0,5,162590.0,,,,,,,,
150,Exit long,2021-12-23 14:00:00-05:00,time,16327.5,5,162590.0,678.8,0.4175,780.0,0.4797,137.5,0.0846,5770.0,5.77
151,Entry long,2021-12-27 10:05:00-05:00,ORB close above 30m high,16458.0,5,164580.0,,,,,,,,
151,Exit long,2021-12-27 14:00:00-05:00,time,16548.75,5,164580.0,901.3,0.5476,915.0,0.556,67.5,0.041,6671.3,6.6713
152,Entry long,2021-12-30 10:10:00-05:00,ORB close above 30m high,16538.25,5,165382.5,,,,,,,,
152,Exit long,2021-12-30 14:00:00-05:00,time,16533.75,5,165382.5,-51.2,-0.031,292.5,0.1769,340.0,0.2056,6620.1,6.6201
153,Entry long,2022-01-06 11:15:00-05:00,ORB close above 30m high,15861.25,5,158612.5,,,,,,,,
153,Exit long,2022-01-06 14:00:00-05:00,time,15822.25,5,158612.5,-396.2,-0.2498,345.0,0.2175,917.5,0.5785,6223.9,6.2239
154,Entry long,2022-01-10 13:55:00-05:00,ORB close above 30m high,15418.5,5,154185.0,,,,,,,,
154,Exit long,2022-01-10 14:00:00-05:00,time,15408.75,5,154185.0,-103.7,-0.0673,342.5,0.2221,267.5,0.1735,6120.2,6.1202
155,Entry long,2022-01-11 10:05:00-05:00,ORB close above 30m high,15621.25,5,156212.5,,,,,,,,
155,Exit long,2022-01-11 12:00:00-05:00,target,15826.2,5,156212.5,2043.3,1.308,2102.5,1.3459,1170.0,0.749,8163.5,8.1635
156,Entry long,2022-01-12 10:15:00-05:00,ORB close above 30m high,16003.75,5,160037.5,,,,,,,,
156,Exit long,2022-01-12 10:40:00-05:00,stop,15884.0,5,160037.5,-1203.7,-0.7521,25.0,0.0156,1457.5,0.9107,6959.8,6.9598
157,Entry long,2022-01-18 10:10:00-05:00,ORB close above 30m high,15408.5,5,154085.0,,,,,,,,
157,Exit long,2022-01-18 11:30:00-05:00,stop,15272.0,5,154085.0,-1371.2,-0.8899,265.0,0.172,1540.0,0.9994,5588.6,5.5886
158,Entry long,2022-01-20 10:35:00-05:00,ORB close above 30m high,15303.0,5,153030.0,,,,,,,,
158,Exit long,2022-01-20 14:00:00-05:00,time,15178.75,5,153030.0,-1248.7,-0.816,375.0,0.245,1305.0,0.8528,4339.9,4.3399
159,Entry long,2022-01-21 11:25:00-05:00,ORB close above 30m high,14844.75,5,148447.5,,,,,,,,
159,Exit long,2022-01-21 12:20:00-05:00,stop,14630.25,5,148447.5,-2151.2,-1.4491,72.5,0.0488,2220.0,1.4955,2188.7,2.1887
160,Entry long,2022-01-26 10:05:00-05:00,ORB close above 30m high,14505.5,5,145055.0,,,,,,,,
160,Exit long,2022-01-26 10:40:00-05:00,stop,14349.5,5,145055.0,-1566.2,-1.0797,90.0,0.062,1682.5,1.1599,622.5,0.6225
161,Entry long,2022-01-27 10:15:00-05:00,ORB close above 30m high,14401.5,5,144015.0,,,,,,,,
161,Exit long,2022-01-27 10:30:00-05:00,stop,14231.25,5,144015.0,-1708.7,-1.1865,50.0,0.0347,1940.0,1.3471,-1086.2,-1.0862
162,Entry long,2022-01-28 10:55:00-05:00,ORB close above 30m high,14110.0,5,141100.0,,,,,,,,
162,Exit long,2022-01-28 14:00:00-05:00,time,14230.0,5,141100.0,1193.8,0.8461,2015.0,1.4281,270.0,0.1914,107.6,0.1076
163,Entry long,2022-01-31 10:05:00-05:00,ORB close above 30m high,14650.25,5,146502.5,,,,,,,,
163,Exit long,2022-01-31 14:00:00-05:00,time,14774.5,5,146502.5,1236.3,0.8439,1367.5,0.9334,105.0,0.0717,1343.9,1.3439
164,Entry long,2022-02-03 10:30:00-05:00,ORB close above 30m high,14822.75,5,148227.5,,,,,,,,
164,Exit long,2022-02-03 11:55:00-05:00,stop,14676.75,5,148227.5,-1466.2,-0.9892,202.5,0.1366,1590.0,1.0727,-122.3,-0.1223
165,Entry long,2022-02-04 10:05:00-05:00,ORB close above 30m high,14610.25,5,146102.5,,,,,,,,
165,Exit long,2022-02-04 14:00:00-05:00,time,14744.25,5,146102.5,1333.8,0.9129,1437.5,0.9839,1682.5,1.1516,1211.5,1.2115
166,Entry long,2022-02-08 10:50:00-05:00,ORB close above 30m high,14593.0,5,145930.0,,,,,,,,
166,Exit long,2022-02-08 12:30:00-05:00,target,14721.3,5,145930.0,1276.8,0.8749,1377.5,0.9439,117.5,0.0805,2488.3,2.4883
167,Entry long,2022-02-09 11:05:00-05:00,ORB close above 30m high,14964.25,5,149642.5,,,,,,,,
167,Exit long,2022-02-09 14:00:00-05:00,time,14982.0,5,149642.5,171.3,0.1145,347.5,0.2322,547.5,0.3659,2659.6,2.6596
168,Entry long,2022-02-10 10:05:00-05:00,ORB close above 30m high,14958.5,5,149585.0,,,,,,,,
168,Exit long,2022-02-10 13:35:00-05:00,stop,14734.75,5,149585.0,-2243.7,-1.4999,705.0,0.4713,2300.0,1.5376,415.9,0.4159
169,Entry long,2022-02-14 11:20:00-05:00,ORB close above 30m high,14338.25,5,143382.5,,,,,,,,
169,Exit long,2022-02-14 13:50:00-05:00,stop,14181.75,5,143382.5,-1571.2,-1.0958,557.5,0.3888,1740.0,1.2135,-1155.3,-1.1553
170,Entry long,2022-02-15 10:45:00-05:00,ORB close above 30m high,14540.5,5,145405.0,,,,,,,,
170,Exit long,2022-02-15 12:45:00-05:00,stop,14444.5,5,145405.0,-966.2,-0.6645,235.0,0.1616,1125.0,0.7737,-2121.5,-2.1215
171,Entry long,2022-02-22 10:30:00-05:00,ORB close above 30m high,14105.75,5,141057.5,,,,,,,,
171,Exit long,2022-02-22 11:50:00-05:00,stop,13861.5,5,141057.5,-2448.7,-1.736,30.0,0.0213,2587.5,1.8344,-4570.2,-4.5702
172,Entry long,2022-02-24 10:15:00-05:00,ORB close above 30m high,13378.75,5,133787.5,,,,,,,,
172,Exit long,2022-02-24 14:00:00-05:00,time,13601.5,5,133787.5,2221.3,1.6603,3217.5,2.4049,707.5,0.5288,-2348.9,-2.3489
173,Entry long,2022-02-25 10:45:00-05:00,ORB close above 30m high,14039.0,5,140390.0,,,,,,,,
173,Exit long,2022-02-25 14:00:00-05:00,time,14110.25,5,140390.0,706.3,0.5031,1375.0,0.9794,185.0,0.1318,-1642.6,-1.6426
174,Entry long,2022-02-28 10:40:00-05:00,ORB close above 30m high,14181.25,5,141812.5,,,,,,,,
174,Exit long,2022-02-28 14:00:00-05:00,time,14139.0,5,141812.5,-428.7,-0.3023,1112.5,0.7845,1290.0,0.9097,-2071.3,-2.0713
175,Entry long,2022-03-02 11:10:00-05:00,ORB close above 30m high,14159.25,5,141592.5,,,,,,,,
175,Exit long,2022-03-02 14:00:00-05:00,time,14233.25,5,141592.5,733.8,0.5182,1052.5,0.7433,235.0,0.166,-1337.5,-1.3375
176,Entry long,2022-03-08 12:15:00-05:00,ORB close above 30m high,13459.0,5,134590.0,,,,,,,,
176,Exit long,2022-03-08 14:00:00-05:00,time,13354.5,5,134590.0,-1051.2,-0.781,2072.5,1.5399,1680.0,1.2482,-2388.7,-2.3887
177,Entry long,2022-03-09 10:25:00-05:00,ORB close above 30m high,13641.25,5,136412.5,,,,,,,,
177,Exit long,2022-03-09 14:00:00-05:00,time,13690.75,5,136412.5,488.8,0.3583,1087.5,0.7972,607.5,0.4453,-1899.9,-1.8999
178,Entry long,2022-03-10 10:20:00-05:00,ORB close above 30m high,13605.75,5,136057.5,,,,,,,,
178,Exit long,2022-03-10 10:30:00-05:00,stop,13486.75,5,136057.5,-1196.2,-0.8792,0.0,0.0,1392.5,1.0235,-3096.1,-3.0961
179,Entry long,2022-03-14 10:15:00-04:00,ORB close above 30m high,13373.5,5,133735.0,,,,,,,,
179,Exit long,2022-03-14 11:40:00-04:00,stop,13204.5,5,133735.0,-1696.2,-1.2683,195.0,0.1458,1872.5,1.4002,-4792.3,-4.7923
180,Entry long,2022-03-15 10:05:00-04:00,ORB close above 30m high,13220.75,5,132207.5,,,,,,,,
180,Exit long,2022-03-15 11:35:00-04:00,target,13401.9,5,132207.5,1805.3,1.3655,1900.0,1.4371,567.5,0.4292,-2987.0,-2.987
181,Entry long,2022-03-16 10:15:00-04:00,ORB close above 30m high,13751.0,5,137510.0,,,,,,,,
181,Exit long,2022-03-16 14:00:00-04:00,time,13742.0,5,137510.0,-96.2,-0.07,1155.0,0.8399,1250.0,0.909,-3083.2,-3.0832
182,Entry long,2022-03-17 10:05:00-04:00,ORB close above 30m high,13991.5,5,139915.0,,,,,,,,
182,Exit long,2022-03-17 14:00:00-04:00,time,14069.75,5,139915.0,776.3,0.5548,1005.0,0.7183,1492.5,1.0667,-2306.9,-2.3069
183,Entry long,2022-03-18 10:05:00-04:00,ORB close above 30m high,14180.0,5,141800.0,,,,,,,,
183,Exit long,2022-03-18 14:00:00-04:00,time,14306.5,5,141800.0,1258.8,0.8877,1440.0,1.0155,415.0,0.2927,-1048.1,-1.0481
184,Entry long,2022-03-22 10:05:00-04:00,ORB close above 30m high,14531.25,5,145312.5,,,,,,,,
184,Exit long,2022-03-22 14:00:00-04:00,time,14645.0,5,145312.5,1131.3,0.7785,1530.0,1.0529,127.5,0.0877,83.2,0.0832
185,Entry long,2022-03-23 10:15:00-04:00,ORB close above 30m high,14563.75,5,145637.5,,,,,,,,
185,Exit long,2022-03-23 14:00:00-04:00,time,14531.5,5,145637.5,-328.7,-0.2257,1190.0,0.8171,722.5,0.4961,-245.5,-0.2455
186,Entry long,2022-03-24 11:15:00-04:00,ORB close above 30m high,14563.75,5,145637.5,,,,,,,,
186,Exit long,2022-03-24 14:00:00-04:00,time,14655.0,5,145637.5,906.3,0.6223,1237.5,0.8497,135.0,0.0927,660.8,0.6608
187,Entry long,2022-03-25 10:45:00-04:00,ORB close above 30m high,14792.75,5,147927.5,,,,,,,,
187,Exit long,2022-03-25 11:00:00-04:00,stop,14707.5,5,147927.5,-858.7,-0.5805,147.5,0.0997,917.5,0.6202,-197.9,-0.1979
188,Entry long,2022-03-30 10:15:00-04:00,ORB close above 30m high,15219.75,5,152197.5,,,,,,,,
188,Exit long,2022-03-30 11:00:00-04:00,stop,15141.0,5,152197.5,-793.7,-0.5215,152.5,0.1002,860.0,0.5651,-991.6,-0.9916
189,Entry long,2022-04-04 10:40:00-04:00,ORB close above 30m high,15062.25,5,150622.5,,,,,,,,
189,Exit long,2022-04-04 14:00:00-04:00,time,15118.75,5,150622.5,558.8,0.371,687.5,0.4564,340.0,0.2257,-432.8,-0.4328
190,Entry long,2022-04-08 11:05:00-04:00,ORB close above 30m high,14478.0,5,144780.0,,,,,,,,
190,Exit long,2022-04-08 14:00:00-04:00,time,14391.0,5,144780.0,-876.2,-0.6052,200.0,0.1381,1035.0,0.7149,-1309.0,-1.309
191,Entry long,2022-04-13 10:20:00-04:00,ORB close above 30m high,14081.75,5,140817.5,,,,,,,,
191,Exit long,2022-04-13 14:00:00-04:00,time,14161.0,5,140817.5,786.3,0.5584,1262.5,0.8966,395.0,0.2805,-522.7,-0.5227
192,Entry long,2022-04-18 10:15:00-04:00,ORB close above 30m high,13946.0,5,139460.0,,,,,,,,
192,Exit long,2022-04-18 12:10:00-04:00,stop,13826.5,5,139460.0,-1201.2,-0.8613,562.5,0.4033,1307.5,0.9375,-1723.9,-1.7239
193,Entry long,2022-04-19 10:05:00-04:00,ORB close above 30m high,14023.25,5,140232.5,,,,,,,,
193,Exit long,2022-04-19 14:00:00-04:00,time,14156.25,5,140232.5,1323.8,0.944,1737.5,1.239,107.5,0.0767,-400.1,-0.4001
194,Entry long,2022-04-25 10:30:00-04:00,ORB close above 30m high,13393.0,5,133930.0,,,,,,,,
194,Exit long,2022-04-25 14:00:00-04:00,time,13351.5,5,133930.0,-421.2,-0.3145,735.0,0.5488,1525.0,1.1387,-821.3,-0.8213
195,Entry long,2022-04-28 12:40:00-04:00,ORB close above 30m high,13292.25,5,132922.5,,,,,,,,
195,Exit long,2022-04-28 14:00:00-04:00,time,13446.75,5,132922.5,1538.8,1.1577,1612.5,1.2131,7.5,0.0056,717.5,0.7175
196,Entry long,2022-05-02 10:30:00-04:00,ORB close above 30m high,12983.25,5,129832.5,,,,,,,,
196,Exit long,2022-05-02 13:45:00-04:00,stop,12742.0,5,129832.5,-2418.7,-1.8629,610.0,0.4698,2425.0,1.8678,-1701.2,-1.7012
197,Entry long,2022-05-03 10:05:00-04:00,ORB close above 30m high,13140.0,5,131400.0,,,,,,,,
197,Exit long,2022-05-03 14:00:00-04:00,time,13137.25,5,131400.0,-33.7,-0.0256,440.0,0.3349,1632.5,1.2424,-1734.9,-1.7349
198,Entry long,2022-05-04 13:05:00-04:00,ORB close above 30m high,13121.25,5,131212.5,,,,,,,,
198,Exit long,2022-05-04 14:00:00-04:00,time,13141.5,5,131212.5,196.3,0.1496,1102.5,0.8402,720.0,0.5487,-1538.6,-1.5386
199,Entry long,2022-05-06 10:50:00-04:00,ORB close above 30m high,12807.25,5,128072.5,,,,,,,,
199,Exit long,2022-05-06 14:00:00-04:00,time,12684.75,5,128072.5,-1231.2,-0.9613,1220.0,0.9526,1397.5,1.0912,-2769.8,-2.7698
200,Entry long,2022-05-12 10:10:00-04:00,ORB close above 30m high,11910.25,5,119102.5,,,,,,,,
200,Exit long,2022-05-12 14:00:00-04:00,time,11739.75,5,119102.5,-1711.2,-1.4367,2225.0,1.8681,1942.5,1.6309,-4481.0,-4.481
201,Entry long,2022-05-13 10:05:00-04:00,ORB close above 30m high,12288.25,5,122882.5,,,,,,,,
201,Exit long,2022-05-13 14:00:00-04:00,time,12303.0,5,122882.5,141.3,0.115,1422.5,1.1576,577.5,0.47,-4339.7,-4.3397
202,Entry long,2022-05-16 10:30:00-04:00,ORB close above 30m high,12366.75,5,123667.5,,,,,,,,
202,Exit long,2022-05-16 10:55:00-04:00,stop,12214.5,5,123667.5,-1528.7,-1.2361,65.0,0.0526,1605.0,1.2978,-5868.4,-5.8684
203,Entry long,2022-05-19 11:25:00-04:00,ORB close above 30m high,11979.5,5,119795.0,,,,,,,,
203,Exit long,2022-05-19 14:00:00-04:00,time,11974.5,5,119795.0,-56.2,-0.0469,975.0,0.8139,1285.0,1.0727,-5924.6,-5.9246
204,Entry long,2022-05-23 11:35:00-04:00,ORB close above 30m high,12001.5,5,120015.0,,,,,,,,
204,Exit long,2022-05-23 14:00:00-04:00,time,12002.25,5,120015.0,1.3,0.0011,505.0,0.4208,847.5,0.7062,-5923.3,-5.9233
205,Entry long,2022-05-25 10:30:00-04:00,ORB close above 30m high,11890.0,5,118900.0,,,,,,,,
205,Exit long,2022-05-25 14:00:00-04:00,time,11851.75,5,118900.0,-388.7,-0.3269,395.0,0.3322,1015.0,0.8537,-6312.0,-6.312
206,Entry long,2022-05-26 10:15:00-04:00,ORB close above 30m high,12162.0,5,121620.0,,,,,,,,
206,Exit long,2022-05-26 14:00:00-04:00,time,12318.25,5,121620.0,1556.3,1.2796,1815.0,1.4924,355.0,0.2919,-4755.7,-4.7557
207,Entry long,2022-05-27 10:05:00-04:00,ORB close above 30m high,12533.5,5,125335.0,,,,,,,,
207,Exit long,2022-05-27 14:00:00-04:00,time,12588.25,5,125335.0,541.3,0.4319,787.5,0.6283,257.5,0.2054,-4214.4,-4.2144
208,Entry long,2022-05-30 10:50:00-04:00,ORB close above 30m high,12792.5,5,127925.0,,,,,,,,
208,Exit long,2022-05-30 18:00:00-04:00,time,12813.5,5,127925.0,203.8,0.1593,442.5,0.3459,220.0,0.172,-4010.6,-4.0106
209,Entry long,2022-05-31 11:55:00-04:00,ORB close above 30m high,12698.25,5,126982.5,,,,,,,,
209,Exit long,2022-05-31 14:00:00-04:00,time,12757.5,5,126982.5,586.3,0.4617,692.5,0.5454,395.0,0.3111,-3424.3,-3.4243
210,Entry long,2022-06-02 10:15:00-04:00,ORB close above 30m high,12618.25,5,126182.5,,,,,,,,
210,Exit long,2022-06-02 14:00:00-04:00,time,12831.0,5,126182.5,2121.3,1.6811,2302.5,1.8247,1207.5,0.9569,-1303.0,-1.303
211,Entry long,2022-06-06 10:05:00-04:00,ORB close above 30m high,12789.75,5,127897.5,,,,,,,,
211,Exit long,2022-06-06 11:15:00-04:00,stop,12672.75,5,127897.5,-1176.2,-0.9196,207.5,0.1622,1532.5,1.1982,-2479.2,-2.4792
212,Entry long,2022-06-07 10:30:00-04:00,ORB close above 30m high,12591.5,5,125915.0,,,,,,,,
212,Exit long,2022-06-07 14:00:00-04:00,time,12646.5,5,125915.0,543.8,0.4319,1145.0,0.9093,297.5,0.2363,-1935.4,-1.9354
213,Entry long,2022-06-09 10:40:00-04:00,ORB close above 30m high,12660.25,5,126602.5,,,,,,,,
213,Exit long,2022-06-09 13:40:00-04:00,stop,12505.75,5,126602.5,-1551.2,-1.2253,37.5,0.0296,1572.5,1.2421,-3486.6,-3.4866
214,Entry long,2022-06-15 10:10:00-04:00,ORB close above 30m high,11556.5,5,115565.0,,,,,,,,
214,Exit long,2022-06-15 14:00:00-04:00,time,11573.0,5,115565.0,158.8,0.1374,872.5,0.755,1117.5,0.967,-3327.8,-3.3278
215,Entry long,2022-06-17 13:10:00-04:00,ORB close above 30m high,11365.0,5,113650.0,,,,,,,,
215,Exit long,2022-06-17 14:00:00-04:00,time,11342.5,5,113650.0,-231.2,-0.2034,312.5,0.275,565.0,0.4971,-3559.0,-3.559
216,Entry long,2022-06-20 10:20:00-04:00,ORB close above 30m high,11377.75,5,113777.5,,,,,,,,
216,Exit long,2022-06-20 18:00:00-04:00,time,11426.5,5,113777.5,481.3,0.423,560.0,0.4922,90.0,0.0791,-3077.7,-3.0777
217,Entry long,2022-06-21 10:05:00-04:00,ORB close above 30m high,11647.0,5,116470.0,,,,,,,,
217,Exit long,2022-06-21 14:00:00-04:00,time,11602.75,5,116470.0,-448.7,-0.3852,315.0,0.2705,622.5,0.5345,-3526.4,-3.5264
218,Entry long,2022-06-22 10:15:00-04:00,ORB close above 30m high,11630.0,5,116300.0,,,,,,,,
218,Exit long,2022-06-22 14:00:00-04:00,time,11659.0,5,116300.0,283.8,0.244,1165.0,1.0017,627.5,0.5396,-3242.6,-3.2426
219,Entry long,2022-06-23 10:45:00-04:00,ORB close above 30m high,11702.5,5,117025.0,,,,,,,,
219,Exit long,2022-06-23 14:00:00-04:00,time,11618.0,5,117025.0,-851.2,-0.7274,412.5,0.3525,1555.0,1.3288,-4093.8,-4.0938
220,Entry long,2022-06-24 10:05:00-04:00,ORB close above 30m high,12037.25,5,120372.5,,,,,,,,
220,Exit long,2022-06-24 14:00:00-04:00,time,12006.75,5,120372.5,-311.2,-0.2585,455.0,0.378,680.0,0.5649,-4405.0,-4.405
221,Entry long,2022-06-29 10:05:00-04:00,ORB close above 30m high,11732.25,5,117322.5,,,,,,,,
221,Exit long,2022-06-29 14:00:00-04:00,time,11690.5,5,117322.5,-423.7,-0.3611,167.5,0.1428,1282.5,1.0931,-4828.7,-4.8287
222,Entry long,2022-06-30 11:55:00-04:00,ORB close above 30m high,11592.75,5,115927.5,,,,,,,,
222,Exit long,2022-06-30 14:00:00-04:00,time,11643.75,5,115927.5,503.8,0.4346,925.0,0.7979,530.0,0.4572,-4324.9,-4.3249
223,Entry long,2022-07-05 10:15:00-04:00,ORB close above 30m high,11507.75,5,115077.5,,,,,,,,
223,Exit long,2022-07-05 13:20:00-04:00,target,11673.85,5,115077.5,1654.8,1.438,1670.0,1.4512,442.5,0.3845,-2670.1,-2.6701
224,Entry long,2022-07-07 10:55:00-04:00,ORB close above 30m high,12065.25,5,120652.5,,,,,,,,
224,Exit long,2022-07-07 14:00:00-04:00,time,12125.25,5,120652.5,593.8,0.4922,677.5,0.5615,380.0,0.315,-2076.3,-2.0763
225,Entry long,2022-07-08 10:30:00-04:00,ORB close above 30m high,12118.0,5,121180.0,,,,,,,,
225,Exit long,2022-07-08 14:00:00-04:00,time,12124.75,5,121180.0,61.3,0.0506,930.0,0.7675,790.0,0.6519,-2015.0,-2.015
226,Entry long,2022-07-13 10:35:00-04:00,ORB close above 30m high,11710.25,5,117102.5,,,,,,,,
226,Exit long,2022-07-13 14:00:00-04:00,time,11822.25,5,117102.5,1113.8,0.9511,1442.5,1.2318,145.0,0.1238,-901.2,-0.9012
227,Entry long,2022-07-14 11:45:00-04:00,ORB close above 30m high,11697.25,5,116972.5,,,,,,,,
227,Exit long,2022-07-14 14:00:00-04:00,time,11726.25,5,116972.5,283.8,0.2426,477.5,0.4082,762.5,0.6519,-617.4,-0.6174
228,Entry long,2022-07-15 11:15:00-04:00,ORB close above 30m high,11987.25,5,119872.5,,,,,,,,
228,Exit long,2022-07-15 14:00:00-04:00,time,11980.0,5,119872.5,-78.7,-0.0657,127.5,0.1064,582.5,0.4859,-696.1,-0.6961
229,Entry long,2022-07-19 10:30:00-04:00,ORB close above 30m high,12086.25,5,120862.5,,,,,,,,
229,Exit long,2022-07-19 13:30:00-04:00,target,12217.0,5,120862.5,1301.3,1.0767,1320.0,1.0922,92.5,0.0765,605.2,0.6052
230,Entry long,2022-07-20 10:25:00-04:00,ORB close above 30m high,12358.75,5,123587.5,,,,,,,,
230,Exit long,2022-07-20 11:50:00-04:00,target,12502.1,5,123587.5,1427.3,1.1549,1495.0,1.2097,60.0,0.0485,2032.5,2.0325
231,Entry long,2022-07-21 11:35:00-04:00,ORB close above 30m high,12537.0,5,125370.0,,,,,,,,
231,Exit long,2022-07-21 14:00:00-04:00,time,12578.25,5,125370.0,406.3,0.3241,840.0,0.67,297.5,0.2373,2438.8,2.4388
232,Entry long,2022-07-27 10:15:00-04:00,ORB close above 30m high,12416.5,5,124165.0,,,,,,,,
232,Exit long,2022-07-27 14:00:00-04:00,time,12436.5,5,124165.0,193.8,0.1561,725.0,0.5839,287.5,0.2315,2632.6,2.6326
233,Entry long,2022-07-28 11:30:00-04:00,ORB close above 30m high,12666.0,5,126660.0,,,,,,,,
233,Exit long,2022-07-28 14:00:00-04:00,time,12728.75,5,126660.0,621.3,0.4905,725.0,0.5724,425.0,0.3355,3253.9,3.2539
234,Entry long,2022-07-29 10:05:00-04:00,ORB close above 30m high,12896.0,5,128960.0,,,,,,,,
234,Exit long,2022-07-29 14:00:00-04:00,time,12924.75,5,128960.0,281.3,0.2181,425.0,0.3296,1097.5,0.851,3535.2,3.5352
235,Entry long,2022-08-01 10:10:00-04:00,ORB close above 30m high,13043.5,5,130435.0,,,,,,,,
235,Exit long,2022-08-01 14:00:00-04:00,time,12932.75,5,130435.0,-1113.7,-0.8538,650.0,0.4983,1460.0,1.1193,2421.5,2.4215
236,Entry long,2022-08-02 10:55:00-04:00,ORB close above 30m high,12998.25,5,129982.5,,,,,,,,
236,Exit long,2022-08-02 14:00:00-04:00,time,12931.0,5,129982.5,-678.7,-0.5221,987.5,0.7597,950.0,0.7309,1742.8,1.7428
237,Entry long,2022-08-03 10:05:00-04:00,ORB close above 30m high,13146.25,5,131462.5,,,,,,,,
237,Exit long,2022-08-03 14:00:00-04:00,time,13267.5,5,131462.5,1206.3,0.9176,1325.0,1.0079,855.0,0.6504,2949.1,2.9491
238,Entry long,2022-08-05 10:05:00-04:00,ORB close above 30m high,13228.5,5,132285.0,,,,,,,,
238,Exit long,2022-08-05 11:25:00-04:00,stop,13113.75,5,132285.0,-1153.7,-0.8721,815.0,0.6161,1380.0,1.0432,1795.4,1.7954
239,Entry long,2022-08-10 11:05:00-04:00,ORB close above 30m high,13369.0,5,133690.0,,,,,,,,
239,Exit long,2022-08-10 14:00:00-04:00,time,13370.5,5,133690.0,8.8,0.0066,205.0,0.1533,527.5,0.3946,1804.2,1.8042
240,Entry long,2022-08-11 10:05:00-04:00,ORB close above 30m high,13527.5,5,135275.0,,,,,,,,
240,Exit long,2022-08-11 11:05:00-04:00,stop,13455.5,5,135275.0,-726.2,-0.5368,482.5,0.3567,1220.0,0.9019,1078.0,1.078
241,Entry long,2022-08-12 10:20:00-04:00,ORB close above 30m high,13458.75,5,134587.5,,,,,,,,
241,Exit long,2022-08-12 14:00:00-04:00,time,13504.0,5,134587.5,446.3,0.3316,537.5,0.3994,735.0,0.5461,1524.3,1.5243
242,Entry long,2022-08-15 11:45:00-04:00,ORB close above 30m high,13637.0,5,136370.0,,,,,,,,
242,Exit long,2022-08-15 14:00:00-04:00,time,13660.75,5,136370.0,231.3,0.1696,405.0,0.297,12.5,0.0092,1755.6,1.7556
243,Entry long,2022-08-16 11:55:00-04:00,ORB close above 30m high,13672.75,5,136727.5,,,,,,,,
243,Exit long,2022-08-16 14:00:00-04:00,time,13698.0,5,136727.5,246.3,0.1801,430.0,0.3145,415.0,0.3035,2001.9,2.0019
244,Entry long,2022-08-18 10:45:00-04:00,ORB close above 30m high,13507.25,5,135072.5,,,,,,,,
244,Exit long,2022-08-18 14:00:00-04:00,time,13540.25,5,135072.5,323.8,0.2397,682.5,0.5053,235.0,0.174,2325.7,2.3257
245,Entry long,2022-08-23 10:10:00-04:00,ORB close above 30m high,12994.75,5,129947.5,,,,,,,,
245,Exit long,2022-08-23 14:00:00-04:00,time,12919.5,5,129947.5,-758.7,-0.5839,242.5,0.1866,1200.0,0.9234,1567.0,1.567
246,Entry long,2022-08-24 10:20:00-04:00,ORB close above 30m high,12941.75,5,129417.5,,,,,,,,
246,Exit long,2022-08-24 14:00:00-04:00,time,12938.0,5,129417.5,-43.7,-0.0338,702.5,0.5428,342.5,0.2646,1523.3,1.5233
247,Entry long,2022-08-25 10:05:00-04:00,ORB close above 30m high,13055.5,5,130555.0,,,,,,,,
247,Exit long,2022-08-25 14:00:00-04:00,time,13081.25,5,130555.0,251.3,0.1925,627.5,0.4806,585.0,0.4481,1774.6,1.7746
248,Entry long,2022-08-26 10:10:00-04:00,ORB close above 30m high,13178.0,5,131780.0,,,,,,,,
248,Exit long,2022-08-26 10:20:00-04:00,stop,13084.25,5,131780.0,-943.7,-0.7161,205.0,0.1556,1532.5,1.1629,830.9,0.8309
249,Entry long,2022-09-02 10:35:00-04:00,ORB close above 30m high,12432.5,5,124325.0,,,,,,,,
249,Exit long,2022-09-02 12:30:00-04:00,stop,12290.75,5,124325.0,-1423.7,-1.1451,295.0,0.2373,1575.0,1.2668,-592.8,-0.5928
250,Entry long,2022-09-05 10:35:00-04:00,ORB close above 30m high,12154.5,5,121545.0,,,,,,,,
250,Exit long,2022-09-05 18:00:00-04:00,time,12134.5,5,121545.0,-206.2,-0.1696,127.5,0.1049,395.0,0.325,-799.0,-0.799
251,Entry long,2022-09-07 11:15:00-04:00,ORB close above 30m high,12141.0,5,121410.0,,,,,,,,
251,Exit long,2022-09-07 14:00:00-04:00,time,12210.5,5,121410.0,688.8,0.5673,1145.0,0.9431,400.0,0.3295,-110.2,-0.1102
252,Entry long,2022-09-08 10:35:00-04:00,ORB close above 30m high,12275.5,5,122755.0,,,,,,,,
252,Exit long,2022-09-08 14:00:00-04:00,time,12259.0,5,122755.0,-171.2,-0.1395,1040.0,0.8472,1377.5,1.1222,-281.4,-0.2814
253,Entry long,2022-09-09 10:05:00-04:00,ORB close above 30m high,12524.75,5,125247.5,,,,,,,,
253,Exit long,2022-09-09 14:00:00-04:00,time,12586.75,5,125247.5,613.8,0.4901,797.5,0.6367,375.0,0.2994,332.4,0.3324
254,Entry long,2022-09-12 10:10:00-04:00,ORB close above 30m high,12743.5,5,127435.0,,,,,,,,
254,Exit long,2022-09-12 12:10:00-04:00,stop,12640.5,5,127435.0,-1036.2,-0.8131,125.0,0.0981,1060.0,0.8318,-703.8,-0.7038
255,Entry long,2022-09-14 10:55:00-04:00,ORB close above 30m high,12224.5,5,122245.0,,,,,,,,
255,Exit long,2022-09-14 14:00:00-04:00,time,12147.75,5,122245.0,-773.7,-0.6329,282.5,0.2311,950.0,0.7771,-1477.5,-1.4775
256,Entry long,2022-09-16 10:35:00-04:00,ORB close above 30m high,11899.0,5,118990.0,,,,,,,,
256,Exit long,2022-09-16 12:25:00-04:00,stop,11781.25,5,118990.0,-1183.7,-0.9948,162.5,0.1366,1210.0,1.0169,-2661.2,-2.6612
257,Entry long,2022-09-19 10:40:00-04:00,ORB close above 30m high,11946.5,5,119465.0,,,,,,,,
257,Exit long,2022-09-19 14:00:00-04:00,time,11917.75,5,119465.0,-293.7,-0.2458,322.5,0.27,982.5,0.8224,-2954.9,-2.9549
258,Entry long,2022-09-20 10:55:00-04:00,ORB close above 30m high,11953.75,5,119537.5,,,,,,,,
258,Exit long,2022-09-20 13:25:00-04:00,stop,11886.0,5,119537.5,-683.7,-0.572,692.5,0.5793,722.5,0.6044,-3638.6,-3.6386
259,Entry long,2022-09-21 12:35:00-04:00,ORB close above 30m high,12005.0,5,120050.0,,,,,,,,
259,Exit long,2022-09-21 14:00:00-04:00,time,12032.0,5,120050.0,263.8,0.2197,627.5,0.5227,2177.5,1.8138,-3374.8,-3.3748
260,Entry long,2022-09-26 10:20:00-04:00,ORB close above 30m high,11526.75,5,115267.5,,,,,,,,
260,Exit long,2022-09-26 12:25:00-04:00,stop,11342.0,5,115267.5,-1853.7,-1.6082,87.5,0.0759,2085.0,1.8088,-5228.5,-5.2285
261,Entry long,2022-09-28 10:25:00-04:00,ORB close above 30m high,11372.0,5,113720.0,,,,,,,,
261,Exit long,2022-09-28 14:00:00-04:00,time,11476.5,5,113720.0,1038.8,0.9135,1470.0,1.2926,127.5,0.1121,-4189.7,-4.1897
262,Entry long,2022-09-30 10:35:00-04:00,ORB close above 30m high,11299.75,5,112997.5,,,,,,,,
262,Exit long,2022-09-30 14:00:00-04:00,time,11160.25,5,112997.5,-1401.2,-1.24,572.5,0.5066,1532.5,1.3562,-5590.9,-5.5909
263,Entry long,2022-10-03 10:05:00-04:00,ORB close above 30m high,11157.75,5,111577.5,,,,,,,,
263,Exit long,2022-10-03 14:00:00-04:00,time,11263.75,5,111577.5,1053.8,0.9445,1242.5,1.1136,227.5,0.2039,-4537.1,-4.5371
264,Entry long,2022-10-04 10:05:00-04:00,ORB close above 30m high,11650.25,5,116502.5,,,,,,,,
264,Exit long,2022-10-04 14:00:00-04:00,time,11607.5,5,116502.5,-433.7,-0.3723,260.0,0.2232,1262.5,1.0837,-4970.8,-4.9708
265,Entry long,2022-10-05 12:50:00-04:00,ORB close above 30m high,11561.0,5,115610.0,,,,,,,,
265,Exit long,2022-10-05 14:00:00-04:00,time,11565.75,5,115610.0,41.3,0.0357,650.0,0.5622,232.5,0.2011,-4929.5,-4.9295
266,Entry long,2022-10-11 11:45:00-04:00,ORB close above 30m high,10972.25,5,109722.5,,,,,,,,
266,Exit long,2022-10-11 14:00:00-04:00,time,10973.75,5,109722.5,8.8,0.008,675.0,0.6152,592.5,0.54,-4920.7,-4.9207
267,Entry long,2022-10-13 10:05:00-04:00,ORB close above 30m high,10638.75,5,106387.5,,,,,,,,
267,Exit long,2022-10-13 11:15:00-04:00,target,10854.2,5,106387.5,2148.3,2.0193,2780.0,2.6131,377.5,0.3548,-2772.4,-2.7724
268,Entry long,2022-10-17 10:15:00-04:00,ORB close above 30m high,11127.75,5,111277.5,,,,,,,,
268,Exit long,2022-10-17 14:00:00-04:00,time,11128.0,5,111277.5,-3.7,-0.0033,177.5,0.1595,1052.5,0.9458,-2776.1,-2.7761
269,Entry long,2022-10-19 10:20:00-04:00,ORB close above 30m high,11224.5,5,112245.0,,,,,,,,
269,Exit long,2022-10-19 12:45:00-04:00,stop,11109.75,5,112245.0,-1153.7,-1.0278,600.0,0.5345,1152.5,1.0268,-3929.8,-3.9298
270,Entry long,2022-10-20 10:05:00-04:00,ORB close above 30m high,11245.75,5,112457.5,,,,,,,,
270,Exit long,2022-10-20 13:45:00-04:00,stop,11091.0,5,112457.5,-1553.7,-1.3816,832.5,0.7403,1602.5,1.425,-5483.5,-5.4835
271,Entry long,2022-10-21 10:05:00-04:00,ORB close above 30m high,11165.25,5,111652.5,,,,,,,,
271,Exit long,2022-10-21 14:00:00-04:00,time,11291.0,5,111652.5,1251.3,1.1207,1427.5,1.2785,1142.5,1.0233,-4232.2,-4.2322
272,Entry long,2022-10-24 12:20:00-04:00,ORB close above 30m high,11442.75,5,114427.5,,,,,,,,
272,Exit long,2022-10-24 14:00:00-04:00,time,11394.75,5,114427.5,-486.2,-0.4249,115.0,0.1005,695.0,0.6074,-4718.4,-4.7184
273,Entry long,2022-10-25 11:10:00-04:00,ORB close above 30m high,11671.25,5,116712.5,,,,,,,,
273,Exit long,2022-10-25 14:00:00-04:00,time,11646.75,5,116712.5,-251.2,-0.2152,347.5,0.2977,562.5,0.482,-4969.6,-4.9696
274,Entry long,2022-10-26 10:10:00-04:00,ORB close above 30m high,11531.5,5,115315.0,,,,,,,,
274,Exit long,2022-10-26 11:05:00-04:00,target,11668.9,5,115315.0,1367.8,1.1861,1417.5,1.2292,170.0,0.1474,-3601.8,-3.6018
275,Entry long,2022-10-28 10:30:00-04:00,ORB close above 30m high,11381.25,5,113812.5,,,,,,,,
275,Exit long,2022-10-28 14:00:00-04:00,time,11528.0,5,113812.5,1461.3,1.284,1732.5,1.5222,42.5,0.0373,-2140.5,-2.1405
276,Entry long,2022-11-03 10:50:00-04:00,ORB close above 30m high,10874.0,5,108740.0,,,,,,,,
276,Exit long,2022-11-03 14:00:00-04:00,time,10778.0,5,108740.0,-966.2,-0.8885,145.0,0.1333,1222.5,1.1242,-3106.7,-3.1067
277,Entry long,2022-11-08 10:20:00-05:00,ORB close above 30m high,11088.0,5,110880.0,,,,,,,,
277,Exit long,2022-11-08 11:30:00-05:00,target,11201.6,5,110880.0,1129.8,1.0189,1252.5,1.1296,55.0,0.0496,-1976.9,-1.9769
278,Entry long,2022-11-10 11:15:00-05:00,ORB close above 30m high,11455.5,5,114555.0,,,,,,,,
278,Exit long,2022-11-10 14:00:00-05:00,time,11500.25,5,114555.0,441.3,0.3852,575.0,0.5019,332.5,0.2903,-1535.6,-1.5356
279,Entry long,2022-11-11 10:15:00-05:00,ORB close above 30m high,11712.75,5,117127.5,,,,,,,,
279,Exit long,2022-11-11 14:00:00-05:00,time,11843.25,5,117127.5,1298.8,1.1089,1382.5,1.1803,740.0,0.6318,-236.8,-0.2368
280,Entry long,2022-11-14 10:10:00-05:00,ORB close above 30m high,11789.25,5,117892.5,,,,,,,,
280,Exit long,2022-11-14 14:00:00-05:00,time,11891.5,5,117892.5,1016.3,0.8621,1092.5,0.9267,607.5,0.5153,779.5,0.7795
281,Entry long,2022-11-17 10:20:00-05:00,ORB close above 30m high,11659.75,5,116597.5,,,,,,,,
281,Exit long,2022-11-17 14:00:00-05:00,time,11745.75,5,116597.5,853.8,0.7323,1152.5,0.9884,617.5,0.5296,1633.3,1.6333
282,Entry long,2022-11-22 10:50:00-05:00,ORB close above 30m high,11642.5,5,116425.0,,,,,,,,
282,Exit long,2022-11-22 14:00:00-05:00,time,11698.0,5,116425.0,548.8,0.4714,645.0,0.554,265.0,0.2276,2182.1,2.1821
283,Entry long,2022-11-23 10:15:00-05:00,ORB close above 30m high,11855.0,5,118550.0,,,,,,,,
283,Exit long,2022-11-23 12:55:00-05:00,stop,11744.25,5,118550.0,-1113.7,-0.9394,330.0,0.2784,1132.5,0.9553,1068.4,1.0684
284,Entry long,2022-11-24 11:00:00-05:00,ORB close above 30m high,11920.25,5,119202.5,,,,,,,,
284,Exit long,2022-11-24 18:00:00-05:00,time,11911.75,5,119202.5,-91.2,-0.0765,47.5,0.0398,102.5,0.086,977.2,0.9772
285,Entry long,2022-11-30 13:35:00-05:00,ORB close above 30m high,11610.0,5,116100.0,,,,,,,,
285,Exit long,2022-11-30 13:55:00-05:00,target,11737.25,5,116100.0,1266.3,1.0907,1572.5,1.3544,17.5,0.0151,2243.5,2.2435
286,Entry long,2022-12-02 10:15:00-05:00,ORB close above 30m high,11943.25,5,119432.5,,,,,,,,
286,Exit long,2022-12-02 14:00:00-05:00,time,11936.0,5,119432.5,-78.7,-0.0659,365.0,0.3056,645.0,0.5401,2164.8,2.1648
287,Entry long,2022-12-08 10:05:00-05:00,ORB close above 30m high,11611.25,5,116112.5,,,,,,,,
287,Exit long,2022-12-08 14:00:00-05:00,time,11648.75,5,116112.5,368.8,0.3176,742.5,0.6395,295.0,0.2541,2533.6,2.5336
288,Entry long,2022-12-09 10:40:00-05:00,ORB close above 30m high,11669.25,5,116692.5,,,,,,,,
288,Exit long,2022-12-09 14:00:00-05:00,time,11661.25,5,116692.5,-86.2,-0.0739,492.5,0.422,405.0,0.3471,2447.4,2.4474
289,Entry long,2022-12-14 10:05:00-05:00,ORB close above 30m high,12017.0,5,120170.0,,,,,,,,
289,Exit long,2022-12-14 14:00:00-05:00,time,11975.25,5,120170.0,-423.7,-0.3526,525.0,0.4369,1750.0,1.4563,2023.7,2.0237
290,Entry long,2022-12-20 10:05:00-05:00,ORB close above 30m high,11179.25,5,111792.5,,,,,,,,
290,Exit long,2022-12-20 14:00:00-05:00,time,11188.75,5,111792.5,88.8,0.0794,680.0,0.6083,775.0,0.6932,2112.5,2.1125
291,Entry long,2022-12-21 10:10:00-05:00,ORB close above 30m high,11289.75,5,112897.5,,,,,,,,
291,Exit long,2022-12-21 14:00:00-05:00,time,11350.25,5,112897.5,598.8,0.5304,907.5,0.8038,127.5,0.1129,2711.3,2.7113
292,Entry long,2022-12-23 10:35:00-05:00,ORB close above 30m high,11071.25,5,110712.5,,,,,,,,
292,Exit long,2022-12-23 14:00:00-05:00,time,11038.0,5,110712.5,-338.7,-0.3059,320.0,0.289,960.0,0.8671,2372.6,2.3726
293,Entry long,2022-12-29 10:15:00-05:00,ORB close above 30m high,10988.0,5,109880.0,,,,,,,,
293,Exit long,2022-12-29 14:00:00-05:00,time,11045.25,5,109880.0,566.3,0.5154,835.0,0.7599,7.5,0.0068,2938.9,2.9389
294,Entry long,2022-12-30 10:50:00-05:00,ORB close above 30m high,10966.75,5,109667.5,,,,,,,,
294,Exit long,2022-12-30 14:00:00-05:00,time,10906.5,5,109667.5,-608.7,-0.555,0.0,0.0,920.0,0.8389,2330.2,2.3302
295,Entry long,2023-01-04 11:40:00-05:00,ORB close above 30m high,11058.0,5,110580.0,,,,,,,,
295,Exit long,2023-01-04 14:00:00-05:00,time,11000.75,5,110580.0,-578.7,-0.5233,100.0,0.0904,1177.5,1.0648,1751.5,1.7515
296,Entry long,2023-01-06 10:40:00-05:00,ORB close above 30m high,10955.0,5,109550.0,,,,,,,,
296,Exit long,2023-01-06 14:00:00-05:00,time,11072.25,5,109550.0,1166.3,1.0646,1282.5,1.1707,180.0,0.1643,2917.8,2.9178
297,Entry long,2023-01-09 10:05:00-05:00,ORB close above 30m high,11323.75,5,113237.5,,,,,,,,
297,Exit long,2023-01-09 14:00:00-05:00,time,11282.25,5,113237.5,-421.2,-0.372,617.5,0.5453,632.5,0.5586,2496.6,2.4966
298,Entry long,2023-01-10 10:15:00-05:00,ORB close above 30m high,11256.75,5,112567.5,,,,,,,,
298,Exit long,2023-01-10 10:40:00-05:00,stop,11137.25,5,112567.5,-1201.2,-1.0671,265.0,0.2354,1312.5,1.166,1295.4,1.2954
299,Entry long,2023-01-11 10:25:00-05:00,ORB close above 30m high,11372.25,5,113722.5,,,,,,,,
299,Exit long,2023-01-11 14:00:00-05:00,time,11409.0,5,113722.5,361.3,0.3177,702.5,0.6177,590.0,0.5188,1656.7,1.6567
300,Entry long,2023-01-12 12:20:00-05:00,ORB close above 30m high,11522.75,5,115227.5,,,,,,,,
300,Exit long,2023-01-12 14:00:00-05:00,time,11564.75,5,115227.5,413.8,0.3591,525.0,0.4556,707.5,0.614,2070.5,2.0705
301,Entry long,2023-01-13 10:10:00-05:00,ORB close above 30m high,11483.5,5,114835.0,,,,,,,,
301,Exit long,2023-01-13 14:00:00-05:00,time,11560.5,5,114835.0,763.8,0.6651,852.5,0.7424,297.5,0.2591,2834.3,2.8343
302,Entry long,2023-01-17 10:05:00-05:00,ORB close above 30m high,11663.25,5,116632.5,,,,,,,,
302,Exit long,2023-01-17 14:00:00-05:00,time,11644.75,5,116632.5,-191.2,-0.1639,217.5,0.1865,1082.5,0.9281,2643.1,2.6431
303,Entry long,2023-01-18 10:05:00-05:00,ORB close above 30m high,11739.5,5,117395.0,,,,,,,,
303,Exit long,2023-01-18 10:35:00-05:00,stop,11671.75,5,117395.0,-683.7,-0.5824,200.0,0.1704,885.0,0.7539,1959.4,1.9594
304,Entry long,2023-01-20 10:10:00-05:00,ORB close above 30m high,11475.5,5,114755.0,,,,,,,,
304,Exit long,2023-01-20 14:00:00-05:00,time,11599.5,5,114755.0,1233.8,1.0752,1305.0,1.1372,247.5,0.2157,3193.2,3.1932
305,Entry long,2023-01-23 10:20:00-05:00,ORB close above 30m high,11827.25,5,118272.5,,,,,,,,
305,Exit long,2023-01-23 14:00:00-05:00,time,11958.0,5,118272.5,1301.3,1.1003,1557.5,1.3169,90.0,0.0761,4494.5,4.4945
306,Entry long,2023-01-25 11:20:00-05:00,ORB close above 30m high,11730.0,5,117300.0,,,,,,,,
306,Exit long,2023-01-25 14:00:00-05:00,time,11817.5,5,117300.0,868.8,0.7407,1057.5,0.9015,177.5,0.1513,5363.3,5.3633
307,Entry long,2023-01-27 10:05:00-05:00,ORB close above 30m high,12156.0,5,121560.0,,,,,,,,
307,Exit long,2023-01-27 14:00:00-05:00,time,12255.5,5,121560.0,988.8,0.8134,1102.5,0.907,635.0,0.5224,6352.1,6.3521
308,Entry long,2023-01-30 10:05:00-05:00,ORB close above 30m high,12136.25,5,121362.5,,,,,,,,
308,Exit long,2023-01-30 10:20:00-05:00,stop,12058.75,5,121362.5,-781.2,-0.6437,72.5,0.0597,802.5,0.6612,5570.9,5.5709
309,Entry long,2023-01-31 10:30:00-05:00,ORB close above 30m high,12059.75,5,120597.5,,,,,,,,
309,Exit long,2023-01-31 14:00:00-05:00,time,12094.5,5,120597.5,341.3,0.283,425.0,0.3524,175.0,0.1451,5912.2,5.9122
310,Entry long,2023-02-02 10:35:00-05:00,ORB close above 30m high,12790.75,5,127907.5,,,,,,,,
310,Exit long,2023-02-02 14:00:00-05:00,time,12926.75,5,127907.5,1353.8,1.0584,1440.0,1.1258,195.0,0.1525,7266.0,7.266
311,Entry long,2023-02-03 10:15:00-05:00,ORB close above 30m high,12756.25,5,127562.5,,,,,,,,
311,Exit long,2023-02-03 14:00:00-05:00,time,12674.25,5,127562.5,-826.2,-0.6477,1215.0,0.9525,1390.0,1.0897,6439.8,6.4398
312,Entry long,2023-02-06 10:05:00-05:00,ORB close above 30m high,12572.25,5,125722.5,,,,,,,,
312,Exit long,2023-02-06 10:20:00-05:00,stop,12501.5,5,125722.5,-713.7,-0.5677,200.0,0.1591,870.0,0.692,5726.1,5.7261
313,Entry long,2023-02-07 11:15:00-05:00,ORB close above 30m high,12555.75,5,125557.5,,,,,,,,
313,Exit long,2023-02-07 12:45:00-05:00,target,12649.4,5,125557.5,930.3,0.7409,1402.5,1.117,197.5,0.1573,6656.4,6.6564
314,Entry long,2023-02-10 10:20:00-05:00,ORB close above 30m high,12397.25,5,123972.5,,,,,,,,
314,Exit long,2023-02-10 10:50:00-05:00,stop,12311.25,5,123972.5,-866.2,-0.6987,245.0,0.1976,897.5,0.724,5790.2,5.7902
315,Entry long,2023-02-13 10:50:00-05:00,ORB close above 30m high,12486.25,5,124862.5,,,,,,,,
315,Exit long,2023-02-13 14:00:00-05:00,time,12559.25,5,124862.5,723.8,0.5797,815.0,0.6527,37.5,0.03,6514.0,6.514
316,Entry long,2023-02-14 10:05:00-05:00,ORB close above 30m high,12631.5,5,126315.0,,,,,,,,
316,Exit long,2023-02-14 14:00:00-05:00,time,12583.25,5,126315.0,-488.7,-0.3869,417.5,0.3305,2140.0,1.6942,6025.3,6.0253
317,Entry long,2023-02-15 11:30:00-05:00,ORB close above 30m high,12633.0,5,126330.0,,,,,,,,
317,Exit long,2023-02-15 14:00:00-05:00,time,12681.75,5,126330.0,481.3,0.381,565.0,0.4472,272.5,0.2157,6506.6,6.5066
318,Entry long,2023-02-16 10:25:00-05:00,ORB close above 30m high,12605.25,5,126052.5,,,,,,,,
318,Exit long,2023-02-16 14:00:00-05:00,time,12663.25,5,126052.5,573.8,0.4552,892.5,0.708,115.0,0.0912,7080.4,7.0804
319,Entry long,2023-02-27 10:05:00-05:00,ORB close above 30m high,12156.5,5,121565.0,,,,,,,,
319,Exit long,2023-02-27 10:35:00-05:00,stop,12106.0,5,121565.0,-511.2,-0.4205,330.0,0.2715,632.5,0.5203,6569.2,6.5692
320,Entry long,2023-02-28 10:05:00-05:00,ORB close above 30m high,12114.0,5,121140.0,,,,,,,,
320,Exit long,2023-02-28 14:00:00-05:00,time,12162.0,5,121140.0,473.8,0.3911,597.5,0.4932,682.5,0.5634,7043.0,7.043
321,Entry long,2023-03-02 10:05:00-05:00,ORB close above 30m high,11924.0,5,119240.0,,,,,,,,
321,Exit long,2023-03-02 14:00:00-05:00,time,11998.75,5,119240.0,741.3,0.6217,1102.5,0.9246,517.5,0.434,7784.3,7.7843
322,Entry long,2023-03-03 10:25:00-05:00,ORB close above 30m high,12207.5,5,122075.0,,,,,,,,
322,Exit long,2023-03-03 14:00:00-05:00,time,12269.0,5,122075.0,608.8,0.4987,702.5,0.5755,370.0,0.3031,8393.1,8.3931
323,Entry long,2023-03-06 10:15:00-05:00,ORB close above 30m high,12409.5,5,124095.0,,,,,,,,
323,Exit long,2023-03-06 14:00:00-05:00,time,12361.75,5,124095.0,-483.7,-0.3898,762.5,0.6144,555.0,0.4472,7909.4,7.9094
324,Entry long,2023-03-08 10:35:00-05:00,ORB close above 30m high,12217.5,5,122175.0,,,,,,,,
324,Exit long,2023-03-08 13:25:00-05:00,stop,12154.5,5,122175.0,-636.2,-0.5207,370.0,0.3028,667.5,0.5463,7273.2,7.2732
325,Entry long,2023-03-09 10:05:00-05:00,ORB close above 30m high,12342.5,5,123425.0,,,,,,,,
325,Exit long,2023-03-09 12:45:00-05:00,stop,12229.75,5,123425.0,-1133.7,-0.9185,112.5,0.0911,1265.0,1.0249,6139.5,6.1395
326,Entry long,2023-03-10 11:30:00-05:00,ORB close above 30m high,12045.5,5,120455.0,,,,,,,,
326,Exit long,2023-03-10 13:25:00-05:00,stop,11865.25,5,120455.0,-1808.7,-1.5016,340.0,0.2823,2065.0,1.7143,4330.8,4.3308
327,Entry long,2023-03-13 10:35:00-04:00,ORB close above 30m high,11930.0,5,119300.0,,,,,,,,
327,Exit long,2023-03-13 14:00:00-04:00,time,12006.5,5,119300.0,758.8,0.636,1470.0,1.2322,872.5,0.7313,5089.6,5.0896
328,Entry long,2023-03-14 10:25:00-04:00,ORB close above 30m high,12163.75,5,121637.5,,,,,,,,
328,Exit long,2023-03-14 14:00:00-04:00,time,12112.0,5,121637.5,-523.7,-0.4305,592.5,0.4871,757.5,0.6228,4565.9,4.5659
329,Entry long,2023-03-15 11:50:00-04:00,ORB close above 30m high,12299.5,5,122995.0,,,,,,,,
329,Exit long,2023-03-15 12:55:00-04:00,stop,12193.25,5,122995.0,-1068.7,-0.8689,17.5,0.0142,1175.0,0.9553,3497.2,3.4972
330,Entry long,2023-03-16 10:45:00-04:00,ORB close above 30m high,12444.5,5,124445.0,,,,,,,,
330,Exit long,2023-03-16 11:40:00-04:00,target,12626.7,5,124445.0,1815.8,1.4591,1925.0,1.5469,37.5,0.0301,5313.0,5.313
331,Entry long,2023-03-17 10:05:00-04:00,ORB close above 30m high,12793.5,5,127935.0,,,,,,,,
331,Exit long,2023-03-17 10:25:00-04:00,stop,12690.5,5,127935.0,-1036.2,-0.8099,37.5,0.0293,1227.5,0.9595,4276.8,4.2768
332,Entry long,2023-03-20 10:50:00-04:00,ORB close above 30m high,12635.5,5,126355.0,,,,,,,,
332,Exit long,2023-03-20 14:00:00-04:00,time,12660.5,5,126355.0,243.8,0.1929,622.5,0.4927,700.0,0.554,4520.6,4.5206
333,Entry long,2023-03-22 10:25:00-04:00,ORB close above 30m high,12901.5,5,129015.0,,,,,,,,
333,Exit long,2023-03-22 14:00:00-04:00,time,12920.0,5,129015.0,178.8,0.1386,947.5,0.7344,302.5,0.2345,4699.4,4.6994
334,Entry long,2023-03-23 10:10:00-04:00,ORB close above 30m high,12912.75,5,129127.5,,,,,,,,
334,Exit long,2023-03-23 10:50:00-04:00,target,13004.3,5,129127.5,909.3,0.7042,935.0,0.7241,25.0,0.0194,5608.7,5.6087
335,Entry long,2023-03-29 10:05:00-04:00,ORB close above 30m high,12928.75,5,129287.5,,,,,,,,
335,Exit long,2023-03-29 10:30:00-04:00,stop,12880.75,5,129287.5,-486.2,-0.3761,30.0,0.0232,512.5,0.3964,5122.5,5.1225
336,Entry long,2023-03-30 10:30:00-04:00,ORB close above 30m high,13093.75,5,130937.5,,,,,,,,
336,Exit long,2023-03-30 13:30:00-04:00,stop,13036.5,5,130937.5,-578.7,-0.442,182.5,0.1394,612.5,0.4678,4543.8,4.5438
337,Entry long,2023-03-31 10:35:00-04:00,ORB close above 30m high,13168.5,5,131685.0,,,,,,,,
337,Exit long,2023-03-31 14:00:00-04:00,time,13228.0,5,131685.0,588.8,0.4471,742.5,0.5638,42.5,0.0323,5132.6,5.1326
338,Entry long,2023-04-03 10:25:00-04:00,ORB close above 30m high,13264.5,5,132645.0,,,,,,,,
338,Exit long,2023-04-03 10:50:00-04:00,stop,13197.25,5,132645.0,-678.7,-0.5117,25.0,0.0188,832.5,0.6276,4453.9,4.4539
339,Entry long,2023-04-04 10:05:00-04:00,ORB close above 30m high,13303.25,5,133032.5,,,,,,,,
339,Exit long,2023-04-04 11:05:00-04:00,stop,13229.5,5,133032.5,-743.7,-0.559,235.0,0.1766,750.0,0.5638,3710.2,3.7102
340,Entry long,2023-04-06 10:10:00-04:00,ORB close above 30m high,13026.75,5,130267.5,,,,,,,,
340,Exit long,2023-04-06 12:00:00-04:00,target,13130.2,5,130267.5,1028.3,0.7894,1262.5,0.9692,192.5,0.1478,4738.5,4.7385
341,Entry long,2023-04-10 11:10:00-04:00,ORB close above 30m high,13053.0,5,130530.0,,,,,,,,
341,Exit long,2023-04-10 14:00:00-04:00,time,13124.0,5,130530.0,703.8,0.5392,852.5,0.6531,390.0,0.2988,5442.3,5.4423
342,Entry long,2023-04-13 10:10:00-04:00,ORB close above 30m high,13096.5,5,130965.0,,,,,,,,
342,Exit long,2023-04-13 14:00:00-04:00,time,13192.0,5,130965.0,948.8,0.7245,1025.0,0.7827,67.5,0.0515,6391.1,6.3911
343,Entry long,2023-04-19 10:40:00-04:00,ORB close above 30m high,13136.25,5,131362.5,,,,,,,,
343,Exit long,2023-04-19 14:00:00-04:00,time,13207.5,5,131362.5,706.3,0.5377,907.5,0.6908,122.5,0.0933,7097.4,7.0974
344,Entry long,2023-04-20 10:10:00-04:00,ORB close above 30m high,13137.75,5,131377.5,,,,,,,,
344,Exit long,2023-04-20 14:00:00-04:00,time,13169.25,5,131377.5,308.8,0.235,620.0,0.4719,460.0,0.3501,7406.2,7.4062
345,Entry long,2023-04-21 11:35:00-04:00,ORB close above 30m high,13078.75,5,130787.5,,,,,,,,
345,Exit long,2023-04-21 14:00:00-04:00,time,13100.25,5,130787.5,208.8,0.1596,387.5,0.2963,297.5,0.2275,7615.0,7.615
346,Entry long,2023-04-26 11:10:00-04:00,ORB close above 30m high,12970.25,5,129702.5,,,,,,,,
346,Exit long,2023-04-26 14:00:00-04:00,time,12921.25,5,129702.5,-496.2,-0.3826,422.5,0.3257,642.5,0.4954,7118.8,7.1188
347,Entry long,2023-04-27 10:15:00-04:00,ORB close above 30m high,13077.75,5,130777.5,,,,,,,,
347,Exit long,2023-04-27 12:40:00-04:00,target,13167.55,5,130777.5,891.8,0.6819,915.0,0.6997,87.5,0.0669,8010.6,8.0106
348,Entry long,2023-04-28 10:15:00-04:00,ORB close above 30m high,13266.25,5,132662.5,,,,,,,,
348,Exit long,2023-04-28 14:00:00-04:00,time,13276.5,5,132662.5,96.3,0.0726,285.0,0.2148,825.0,0.6219,8106.9,8.1069
349,Entry long,2023-05-01 12:35:00-04:00,ORB close above 30m high,13334.75,5,133347.5,,,,,,,,
349,Exit long,2023-05-01 14:00:00-04:00,time,13349.5,5,133347.5,141.3,0.106,282.5,0.2119,87.5,0.0656,8248.2,8.2482
350,Entry long,2023-05-04 11:10:00-04:00,ORB close above 30m high,13090.0,5,130900.0,,,,,,,,
350,Exit long,2023-05-04 14:00:00-04:00,time,13109.0,5,130900.0,183.8,0.1404,412.5,0.3151,595.0,0.4545,8432.0,8.432
351,Entry long,2023-05-05 10:05:00-04:00,ORB close above 30m high,13200.25,5,132002.5,,,,,,,,
351,Exit long,2023-05-05 14:00:00-04:00,time,13304.75,5,132002.5,1038.8,0.787,1147.5,0.8693,50.0,0.0379,9470.8,9.4708
352,Entry long,2023-05-08 11:55:00-04:00,ORB close above 30m high,13321.25,5,133212.5,,,,,,,,
352,Exit long,2023-05-08 14:00:00-04:00,time,13345.25,5,133212.5,233.8,0.1755,335.0,0.2515,140.0,0.1051,9704.6,9.7046
353,Entry long,2023-05-10 10:10:00-04:00,ORB close above 30m high,13424.25,5,134242.5,,,,,,,,
353,Exit long,2023-05-10 10:45:00-04:00,stop,13321.0,5,134242.5,-1038.7,-0.7737,97.5,0.0726,1077.5,0.8027,8665.9,8.6659
354,Entry long,2023-05-11 11:30:00-04:00,ORB close above 30m high,13435.0,5,134350.0,,,,,,,,
354,Exit long,2023-05-11 14:00:00-04:00,time,13426.0,5,134350.0,-96.2,-0.0716,247.5,0.1842,415.0,0.3089,8569.7,8.5697
355,Entry long,2023-05-15 11:25:00-04:00,ORB close above 30m high,13432.25,5,134322.5,,,,,,,,
355,Exit long,2023-05-15 14:00:00-04:00,time,13450.0,5,134322.5,171.3,0.1275,467.5,0.348,142.5,0.1061,8741.0,8.741
356,Entry long,2023-05-16 11:00:00-04:00,ORB close above 30m high,13519.5,5,135195.0,,,,,,,,
356,Exit long,2023-05-16 14:00:00-04:00,time,13544.5,5,135195.0,243.8,0.1803,347.5,0.257,185.0,0.1368,8984.8,8.9848
357,Entry long,2023-05-17 11:40:00-04:00,ORB close above 30m high,13541.0,5,135410.0,,,,,,,,
357,Exit long,2023-05-17 13:20:00-04:00,target,13632.9,5,135410.0,912.8,0.6741,997.5,0.7367,37.5,0.0277,9897.6,9.8976
358,Entry long,2023-05-18 10:10:00-04:00,ORB close above 30m high,13731.75,5,137317.5,,,,,,,,
358,Exit long,2023-05-18 11:45:00-04:00,target,13841.85,5,137317.5,1094.8,0.7973,1220.0,0.8885,65.0,0.0473,10992.4,10.9924
359,Entry long,2023-05-25 11:15:00-04:00,ORB close above 30m high,13976.75,5,139767.5,,,,,,,,
359,Exit long,2023-05-25 14:00:00-04:00,time,13990.5,5,139767.5,131.3,0.0939,547.5,0.3917,555.0,0.3971,11123.7,11.1237
360,Entry long,2023-05-26 10:05:00-04:00,ORB close above 30m high,14133.75,5,141337.5,,,,,,,,
360,Exit long,2023-05-26 11:50:00-04:00,target,14299.85,5,141337.5,1654.8,1.1708,1680.0,1.1886,75.0,0.0531,12778.5,12.7785
361,Entry long,2023-05-29 10:25:00-04:00,ORB close above 30m high,14380.0,5,143800.0,,,,,,,,
361,Exit long,2023-05-29 12:55:00-04:00,target,14396.65,5,143800.0,160.3,0.1115,312.5,0.2173,47.5,0.033,12938.8,12.9388
362,Entry long,2023-06-01 10:05:00-04:00,ORB close above 30m high,14323.75,5,143237.5,,,,,,,,
362,Exit long,2023-06-01 12:00:00-04:00,target,14423.7,5,143237.5,993.3,0.6935,1207.5,0.843,510.0,0.3561,13932.1,13.9321
363,Entry long,2023-06-05 10:55:00-04:00,ORB close above 30m high,14657.5,5,146575.0,,,,,,,,
363,Exit long,2023-06-05 14:00:00-04:00,time,14632.25,5,146575.0,-258.7,-0.1765,377.5,0.2575,475.0,0.3241,13673.4,13.6734
364,Entry long,2023-06-06 10:25:00-04:00,ORB close above 30m high,14579.0,5,145790.0,,,,,,,,
364,Exit long,2023-06-06 14:00:00-04:00,time,14552.0,5,145790.0,-276.2,-0.1895,450.0,0.3087,512.5,0.3515,13397.2,13.3972
365,Entry long,2023-06-08 10:15:00-04:00,ORB close above 30m high,14406.75,5,144067.5,,,,,,,,
365,Exit long,2023-06-08 12:25:00-04:00,target,14516.5,5,144067.5,1091.3,0.7575,1167.5,0.8104,155.0,0.1076,14488.5,14.4885
366,Entry long,2023-06-09 10:15:00-04:00,ORB close above 30m high,14670.75,5,146707.5,,,,,,,,
366,Exit long,2023-06-09 11:25:00-04:00,stop,14556.0,5,146707.5,-1153.7,-0.7864,172.5,0.1176,1237.5,0.8435,13334.8,13.3348
367,Entry long,2023-06-12 10:50:00-04:00,ORB close above 30m high,14642.25,5,146422.5,,,,,,,,
367,Exit long,2023-06-12 13:45:00-04:00,target,14699.5,5,146422.5,566.3,0.3868,640.0,0.4371,397.5,0.2715,13901.1,13.9011
368,Entry long,2023-06-14 10:05:00-04:00,ORB close above 30m high,15127.75,5,151277.5,,,,,,,,
368,Exit long,2023-06-14 14:00:00-04:00,time,15133.25,5,151277.5,48.8,0.0323,880.0,0.5817,927.5,0.6131,13949.9,13.9499
369,Entry long,2023-06-15 10:10:00-04:00,ORB close above 30m high,15251.0,5,152510.0,,,,,,,,
369,Exit long,2023-06-15 14:00:00-04:00,time,15351.5,5,152510.0,998.8,0.6549,1122.5,0.736,357.5,0.2344,14948.7,14.9487
370,Entry long,2023-06-22 10:15:00-04:00,ORB close above 30m high,15133.0,5,151330.0,,,,,,,,
370,Exit long,2023-06-22 14:00:00-04:00,time,15153.25,5,151330.0,196.3,0.1297,477.5,0.3155,770.0,0.5088,15145.0,15.145
371,Entry long,2023-06-23 12:20:00-04:00,ORB close above 30m high,15103.5,5,151035.0,,,,,,,,
371,Exit long,2023-06-23 14:00:00-04:00,time,15125.75,5,151035.0,216.3,0.1432,520.0,0.3443,110.0,0.0728,15361.3,15.3613
372,Entry long,2023-06-26 10:15:00-04:00,ORB close above 30m high,15141.0,5,151410.0,,,,,,,,
372,Exit long,2023-06-26 11:05:00-04:00,stop,15023.75,5,151410.0,-1178.7,-0.7785,112.5,0.0743,1250.0,0.8256,14182.6,14.1826
373,Entry long,2023-06-27 11:30:00-04:00,ORB close above 30m high,14983.0,5,149830.0,,,,,,,,
373,Exit long,2023-06-27 13:45:00-04:00,target,15101.5,5,149830.0,1178.8,0.7868,1275.0,0.851,90.0,0.0601,15361.4,15.3614
374,Entry long,2023-06-28 10:20:00-04:00,ORB close above 30m high,15114.0,5,151140.0,,,,,,,,
374,Exit long,2023-06-28 14:00:00-04:00,time,15105.0,5,151140.0,-96.2,-0.0636,1047.5,0.6931,550.0,0.3639,15265.2,15.2652
375,Entry long,2023-06-30 10:15:00-04:00,ORB close above 30m high,15337.0,5,153370.0,,,,,,,,
375,Exit long,2023-06-30 14:00:00-04:00,time,15355.0,5,153370.0,173.8,0.1133,395.0,0.2575,545.0,0.3553,15439.0,15.439
376,Entry long,2023-07-05 10:20:00-04:00,ORB close above 30m high,15407.25,5,154072.5,,,,,,,,
376,Exit long,2023-07-05 14:00:00-04:00,time,15370.5,5,154072.5,-373.7,-0.2425,245.0,0.159,687.5,0.4462,15065.3,15.0653
377,Entry long,2023-07-06 13:00:00-04:00,ORB close above 30m high,15215.75,5,152157.5,,,,,,,,
377,Exit long,2023-07-06 14:00:00-04:00,time,15237.5,5,152157.5,211.3,0.1389,240.0,0.1577,242.5,0.1594,15276.6,15.2766
378,Entry long,2023-07-07 12:00:00-04:00,ORB close above 30m high,15281.25,5,152812.5,,,,,,,,
378,Exit long,2023-07-07 14:00:00-04:00,time,15329.5,5,152812.5,476.3,0.3117,785.0,0.5137,15.0,0.0098,15752.9,15.7529
379,Entry long,2023-07-11 12:00:00-04:00,ORB close above 30m high,15236.25,5,152362.5,,,,,,,,
379,Exit long,2023-07-11 14:00:00-04:00,time,15203.0,5,152362.5,-338.7,-0.2223,137.5,0.0902,610.0,0.4004,15414.2,15.4142
380,Entry long,2023-07-12 10:10:00-04:00,ORB close above 30m high,15487.75,5,154877.5,,,,,,,,
380,Exit long,2023-07-12 11:35:00-04:00,stop,15407.5,5,154877.5,-808.7,-0.5222,200.0,0.1291,812.5,0.5246,14605.5,14.6055
381,Entry long,2023-07-13 12:00:00-04:00,ORB close above 30m high,15631.5,5,156315.0,,,,,,,,
381,Exit long,2023-07-13 14:00:00-04:00,time,15660.25,5,156315.0,281.3,0.18,420.0,0.2687,67.5,0.0432,14886.8,14.8868
382,Entry long,2023-07-14 10:10:00-04:00,ORB close above 30m high,15812.75,5,158127.5,,,,,,,,
382,Exit long,2023-07-14 14:00:00-04:00,time,15740.25,5,158127.5,-731.2,-0.4624,447.5,0.283,877.5,0.5549,14155.6,14.1556
383,Entry long,2023-07-17 11:35:00-04:00,ORB close above 30m high,15785.0,5,157850.0,,,,,,,,
383,Exit long,2023-07-17 14:00:00-04:00,time,15819.25,5,157850.0,336.3,0.2131,365.0,0.2312,247.5,0.1568,14491.9,14.4919
384,Entry long,2023-07-18 11:45:00-04:00,ORB close above 30m high,15832.0,5,158320.0,,,,,,,,
384,Exit long,2023-07-18 14:00:00-04:00,time,15951.75,5,158320.0,1191.3,0.7525,1310.0,0.8274,7.5,0.0047,15683.2,15.6832
385,Entry long,2023-07-19 11:15:00-04:00,ORB close above 30m high,16042.0,5,160420.0,,,,,,,,
385,Exit long,2023-07-19 12:20:00-04:00,stop,15977.5,5,160420.0,-651.2,-0.4059,205.0,0.1278,662.5,0.413,15032.0,15.032
386,Entry long,2023-07-25 11:40:00-04:00,ORB close above 30m high,15672.75,5,156727.5,,,,,,,,
386,Exit long,2023-07-25 14:00:00-04:00,time,15689.5,5,156727.5,161.3,0.1029,365.0,0.2329,187.5,0.1196,15193.3,15.1933
387,Entry long,2023-07-28 10:05:00-04:00,ORB close above 30m high,15825.0,5,158250.0,,,,,,,,
387,Exit long,2023-07-28 14:00:00-04:00,time,15834.25,5,158250.0,86.3,0.0545,707.5,0.4471,500.0,0.316,15279.6,15.2796
388,Entry long,2023-08-01 10:40:00-04:00,ORB close above 30m high,15811.5,5,158115.0,,,,,,,,
388,Exit long,2023-08-01 14:00:00-04:00,time,15828.25,5,158115.0,161.3,0.102,325.0,0.2055,335.0,0.2119,15440.9,15.4409
389,Entry long,2023-08-03 11:20:00-04:00,ORB close above 30m high,15473.5,5,154735.0,,,,,,,,
389,Exit long,2023-08-03 14:00:00-04:00,time,15452.25,5,154735.0,-218.7,-0.1413,502.5,0.3247,317.5,0.2052,15222.2,15.2222
390,Entry long,2023-08-04 12:30:00-04:00,ORB close above 30m high,15591.75,5,155917.5,,,,,,,,
390,Exit long,2023-08-04 14:00:00-04:00,time,15524.25,5,155917.5,-681.2,-0.4369,185.0,0.1187,1265.0,0.8113,14541.0,14.541
391,Entry long,2023-08-10 10:05:00-04:00,ORB close above 30m high,15430.5,5,154305.0,,,,,,,,
391,Exit long,2023-08-10 11:20:00-04:00,stop,15272.75,5,154305.0,-1583.7,-1.0263,80.0,0.0518,1695.0,1.0985,12957.3,12.9573
392,Entry long,2023-08-11 10:15:00-04:00,ORB close above 30m high,15132.25,5,151322.5,,,,,,,,
392,Exit long,2023-08-11 11:30:00-04:00,stop,15051.5,5,151322.5,-813.7,-0.5377,420.0,0.2776,950.0,0.6278,12143.6,12.1436
393,Entry long,2023-08-14 10:05:00-04:00,ORB close above 30m high,15130.75,5,151307.5,,,,,,,,
393,Exit long,2023-08-14 14:00:00-04:00,time,15223.25,5,151307.5,918.8,0.6072,1177.5,0.7782,170.0,0.1124,13062.4,13.0624
394,Entry long,2023-08-16 10:20:00-04:00,ORB close above 30m high,15136.0,5,151360.0,,,,,,,,
394,Exit long,2023-08-16 11:50:00-04:00,stop,15050.25,5,151360.0,-863.7,-0.5706,85.0,0.0562,900.0,0.5946,12198.7,12.1987
395,Entry long,2023-08-18 11:05:00-04:00,ORB close above 30m high,14706.0,5,147060.0,,,,,,,,
395,Exit long,2023-08-18 14:00:00-04:00,time,14729.5,5,147060.0,228.8,0.1556,452.5,0.3077,577.5,0.3927,12427.5,12.4275
396,Entry long,2023-08-21 10:05:00-04:00,ORB close above 30m high,14916.25,5,149162.5,,,,,,,,
396,Exit long,2023-08-21 11:10:00-04:00,stop,14805.0,5,149162.5,-1118.7,-0.75,160.0,0.1073,1112.5,0.7458,11308.8,11.3088
397,Entry long,2023-08-23 10:10:00-04:00,ORB close above 30m high,15106.5,5,151065.0,,,,,,,,
397,Exit long,2023-08-23 14:00:00-04:00,time,15236.25,5,151065.0,1291.3,0.8548,1360.0,0.9003,92.5,0.0612,12600.1,12.6001
398,Entry long,2023-08-25 10:15:00-04:00,ORB close above 30m high,14999.5,5,149995.0,,,,,,,,
398,Exit long,2023-08-25 10:25:00-04:00,stop,14891.5,5,149995.0,-1086.2,-0.7242,495.0,0.33,1295.0,0.8634,11513.9,11.5139
399,Entry long,2023-08-29 10:05:00-04:00,ORB close above 30m high,15230.0,5,152300.0,,,,,,,,
399,Exit long,2023-08-29 14:00:00-04:00,time,15371.5,5,152300.0,1408.8,0.925,1702.5,1.1179,110.0,0.0722,12922.7,12.9227
400,Entry long,2023-08-30 10:10:00-04:00,ORB close above 30m high,15479.0,5,154790.0,,,,,,,,
400,Exit long,2023-08-30 10:25:00-04:00,stop,15386.0,5,154790.0,-936.2,-0.6048,285.0,0.1841,1047.5,0.6767,11986.5,11.9865
401,Entry long,2023-08-31 10:15:00-04:00,ORB close above 30m high,15582.5,5,155825.0,,,,,,,,
401,Exit long,2023-08-31 14:00:00-04:00,time,15557.25,5,155825.0,-258.7,-0.166,242.5,0.1556,887.5,0.5695,11727.8,11.7278
402,Entry long,2023-09-05 10:25:00-04:00,ORB close above 30m high,15511.25,5,155112.5,,,,,,,,
402,Exit long,2023-09-05 14:00:00-04:00,time,15551.0,5,155112.5,391.3,0.2523,660.0,0.4255,342.5,0.2208,12119.1,12.1191
403,Entry long,2023-09-07 10:45:00-04:00,ORB close above 30m high,15270.75,5,152707.5,,,,,,,,
403,Exit long,2023-09-07 14:00:00-04:00,time,15279.25,5,152707.5,78.8,0.0516,222.5,0.1457,735.0,0.4813,12197.9,12.1979
404,Entry long,2023-09-08 10:20:00-04:00,ORB close above 30m high,15374.75,5,153747.5,,,,,,,,
404,Exit long,2023-09-08 14:00:00-04:00,time,15326.25,5,153747.5,-491.2,-0.3195,157.5,0.1024,872.5,0.5675,11706.7,11.7067
405,Entry long,2023-09-11 13:40:00-04:00,ORB close above 30m high,15454.0,5,154540.0,,,,,,,,
405,Exit long,2023-09-11 14:00:00-04:00,time,15467.75,5,154540.0,131.3,0.085,175.0,0.1132,77.5,0.0501,11838.0,11.838
406,Entry long,2023-09-13 11:05:00-04:00,ORB close above 30m high,15581.5,5,155815.0,,,,,,,,
406,Exit long,2023-09-13 14:00:00-04:00,time,15603.75,5,155815.0,216.3,0.1388,385.0,0.2471,437.5,0.2808,12054.3,12.0543
407,Entry long,2023-09-14 10:45:00-04:00,ORB close above 30m high,15645.75,5,156457.5,,,,,,,,
407,Exit long,2023-09-14 14:00:00-04:00,time,15680.0,5,156457.5,336.3,0.2149,632.5,0.4043,187.5,0.1198,12390.6,12.3906
408,Entry long,2023-09-18 11:35:00-04:00,ORB close above 30m high,15435.5,5,154355.0,,,,,,,,
408,Exit long,2023-09-18 14:00:00-04:00,time,15436.0,5,154355.0,-1.2,-0.0008,252.5,0.1636,115.0,0.0745,12389.4,12.3894
409,Entry long,2023-09-19 13:55:00-04:00,ORB close above 30m high,15378.25,5,153782.5,,,,,,,,
409,Exit long,2023-09-19 14:00:00-04:00,time,15373.0,5,153782.5,-58.7,-0.0382,57.5,0.0374,105.0,0.0683,12330.7,12.3307
410,Entry long,2023-09-22 10:25:00-04:00,ORB close above 30m high,14956.0,5,149560.0,,,,,,,,
410,Exit long,2023-09-22 14:00:00-04:00,time,14915.75,5,149560.0,-408.7,-0.2733,712.5,0.4764,485.0,0.3243,11922.0,11.922
411,Entry long,2023-09-25 11:20:00-04:00,ORB close above 30m high,14914.25,5,149142.5,,,,,,,,
411,Exit long,2023-09-25 14:00:00-04:00,time,14903.0,5,149142.5,-118.7,-0.0796,217.5,0.1458,500.0,0.3352,11803.3,11.8033
412,Entry long,2023-09-28 10:05:00-04:00,ORB close above 30m high,14771.5,5,147715.0,,,,,,,,
412,Exit long,2023-09-28 12:25:00-04:00,target,14932.35,5,147715.0,1602.3,1.0847,1765.0,1.1949,922.5,0.6245,13405.6,13.4056
413,Entry long,2023-09-29 10:05:00-04:00,ORB close above 30m high,15051.75,5,150517.5,,,,,,,,
413,Exit long,2023-09-29 10:20:00-04:00,stop,14976.25,5,150517.5,-761.2,-0.5057,10.0,0.0066,777.5,0.5166,12644.4,12.6444
414,Entry long,2023-10-02 10:05:00-04:00,ORB close above 30m high,14982.75,5,149827.5,,,,,,,,
414,Exit long,2023-10-02 14:00:00-04:00,time,14908.75,5,149827.5,-746.2,-0.498,635.0,0.4238,1160.0,0.7742,11898.2,11.8982
415,Entry long,2023-10-04 11:20:00-04:00,ORB close above 30m high,14845.5,5,148455.0,,,,,,,,
415,Exit long,2023-10-04 14:00:00-04:00,time,14819.75,5,148455.0,-263.7,-0.1776,545.0,0.3671,372.5,0.2509,11634.5,11.6345
416,Entry long,2023-10-06 10:25:00-04:00,ORB close above 30m high,14824.25,5,148242.5,,,,,,,,
416,Exit long,2023-10-06 11:35:00-04:00,target,14994.9,5,148242.5,1700.3,1.147,1712.5,1.1552,60.0,0.0405,13334.8,13.3348
417,Entry long,2023-10-09 12:20:00-04:00,ORB close above 30m high,15074.75,5,150747.5,,,,,,,,
417,Exit long,2023-10-09 14:00:00-04:00,time,15191.0,5,150747.5,1156.3,0.767,1187.5,0.7877,282.5,0.1874,14491.1,14.4911
418,Entry long,2023-10-10 10:05:00-04:00,ORB close above 30m high,15264.25,5,152642.5,,,,,,,,
418,Exit long,2023-10-10 11:55:00-04:00,target,15381.7,5,152642.5,1168.3,0.7654,1192.5,0.7812,267.5,0.1752,15659.4,15.6594
419,Entry long,2023-10-12 10:10:00-04:00,ORB close above 30m high,15423.25,5,154232.5,,,,,,,,
419,Exit long,2023-10-12 13:05:00-04:00,stop,15365.0,5,154232.5,-588.7,-0.3817,462.5,0.2999,650.0,0.4214,15070.7,15.0707
420,Entry long,2023-10-16 10:20:00-04:00,ORB close above 30m high,15264.25,5,152642.5,,,,,,,,
420,Exit long,2023-10-16 14:00:00-04:00,time,15308.5,5,152642.5,436.3,0.2858,610.0,0.3996,525.0,0.3439,15507.0,15.507
421,Entry long,2023-10-17 10:15:00-04:00,ORB close above 30m high,15159.0,5,151590.0,,,,,,,,
421,Exit long,2023-10-17 14:00:00-04:00,time,15204.25,5,151590.0,446.3,0.2944,1502.5,0.9912,30.0,0.0198,15953.3,15.9533
422,Entry long,2023-10-18 10:20:00-04:00,ORB close above 30m high,15200.75,5,152007.5,,,,,,,,
422,Exit long,2023-10-18 10:35:00-04:00,stop,15121.0,5,152007.5,-803.7,-0.5287,232.5,0.153,962.5,0.6332,15149.6,15.1496
423,Entry long,2023-10-19 12:25:00-04:00,ORB close above 30m high,15115.5,5,151155.0,,,,,,,,
423,Exit long,2023-10-19 12:30:00-04:00,stop,15020.5,5,151155.0,-956.2,-0.6326,25.0,0.0165,1600.0,1.0585,14193.4,14.1934
424,Entry long,2023-10-23 10:15:00-04:00,ORB close above 30m high,14657.75,5,146577.5,,,,,,,,
424,Exit long,2023-10-23 14:00:00-04:00,time,14798.25,5,146577.5,1398.8,0.9543,1965.0,1.3406,240.0,0.1637,15592.2,15.5922
425,Entry long,2023-10-24 10:30:00-04:00,ORB close above 30m high,14848.5,5,148485.0,,,,,,,,
425,Exit long,2023-10-24 12:20:00-04:00,stop,14758.5,5,148485.0,-906.2,-0.6103,292.5,0.197,930.0,0.6263,14686.0,14.686
426,Entry long,2023-10-27 11:10:00-04:00,ORB close above 30m high,14359.0,5,143590.0,,,,,,,,
426,Exit long,2023-10-27 13:05:00-04:00,stop,14290.5,5,143590.0,-691.2,-0.4814,485.0,0.3378,1055.0,0.7347,13994.8,13.9948
427,Entry long,2023-10-31 12:50:00-04:00,ORB close above 30m high,14435.5,5,144355.0,,,,,,,,
427,Exit long,2023-10-31 14:00:00-04:00,time,14477.0,5,144355.0,408.8,0.2832,525.0,0.3637,225.0,0.1559,14403.6,14.4036
428,Entry long,2023-11-01 10:25:00-04:00,ORB close above 30m high,14631.25,5,146312.5,,,,,,,,
428,Exit long,2023-11-01 14:00:00-04:00,time,14605.25,5,146312.5,-266.2,-0.1819,182.5,0.1247,690.0,0.4716,14137.4,14.1374
429,Entry long,2023-11-02 10:55:00-04:00,ORB close above 30m high,14955.5,5,149555.0,,,,,,,,
429,Exit long,2023-11-02 14:00:00-04:00,time,14993.25,5,149555.0,371.3,0.2483,445.0,0.2975,330.0,0.2207,14508.7,14.5087
430,Entry long,2023-11-03 11:50:00-04:00,ORB close above 30m high,15143.75,5,151437.5,,,,,,,,
430,Exit long,2023-11-03 14:00:00-04:00,time,15191.0,5,151437.5,466.3,0.3079,605.0,0.3995,80.0,0.0528,14975.0,14.975
431,Entry long,2023-11-07 10:05:00-05:00,ORB close above 30m high,15309.5,5,153095.0,,,,,,,,
431,Exit long,2023-11-07 14:00:00-05:00,time,15400.5,5,153095.0,903.8,0.5904,1017.5,0.6646,365.0,0.2384,15878.8,15.8788
432,Entry long,2023-11-09 11:50:00-05:00,ORB close above 30m high,15430.0,5,154300.0,,,,,,,,
432,Exit long,2023-11-09 13:00:00-05:00,stop,15365.25,5,154300.0,-653.7,-0.4237,232.5,0.1507,1090.0,0.7064,15225.1,15.2251
433,Entry long,2023-11-10 11:05:00-05:00,ORB close above 30m high,15404.5,5,154045.0,,,,,,,,
433,Exit long,2023-11-10 13:25:00-05:00,target,15542.6,5,154045.0,1374.8,0.8925,1402.5,0.9104,12.5,0.0081,16599.9,16.5999
434,Entry long,2023-11-13 10:55:00-05:00,ORB close above 30m high,15543.5,5,155435.0,,,,,,,,
434,Exit long,2023-11-13 14:00:00-05:00,time,15558.25,5,155435.0,141.3,0.0909,460.0,0.2959,140.0,0.0901,16741.2,16.7412
435,Entry long,2023-11-14 10:05:00-05:00,ORB close above 30m high,15884.75,5,158847.5,,,,,,,,
435,Exit long,2023-11-14 14:00:00-05:00,time,15852.0,5,158847.5,-333.7,-0.2101,180.0,0.1133,515.0,0.3242,16407.5,16.4075
436,Entry long,2023-11-17 12:05:00-05:00,ORB close above 30m high,15883.75,5,158837.5,,,,,,,,
436,Exit long,2023-11-17 14:00:00-05:00,time,15909.75,5,158837.5,253.8,0.1598,437.5,0.2754,202.5,0.1275,16661.3,16.6613
437,Entry long,2023-11-20 11:00:00-05:00,ORB close above 30m high,16000.0,5,160000.0,,,,,,,,
437,Exit long,2023-11-20 14:00:00-05:00,time,16070.5,5,160000.0,698.8,0.4367,767.5,0.4797,7.5,0.0047,17360.1,17.3601
438,Entry long,2023-11-23 11:00:00-05:00,ORB close above 30m high,16073.75,5,160737.5,,,,,,,,
438,Exit long,2023-11-23 18:00:00-05:00,time,16062.0,5,160737.5,-123.7,-0.077,25.0,0.0156,152.5,0.0949,17236.4,17.2364
439,Entry long,2023-11-27 10:10:00-05:00,ORB close above 30m high,16044.5,5,160445.0,,,,,,,,
439,Exit long,2023-11-27 14:00:00-05:00,time,16052.5,5,160445.0,73.8,0.046,445.0,0.2774,452.5,0.282,17310.2,17.3102
440,Entry long,2023-11-28 10:40:00-05:00,ORB close above 30m high,16011.0,5,160110.0,,,,,,,,
440,Exit long,2023-11-28 14:00:00-05:00,time,16002.25,5,160110.0,-93.7,-0.0585,605.0,0.3779,422.5,0.2639,17216.5,17.2165
441,Entry long,2023-12-01 11:15:00-05:00,ORB close above 30m high,15977.0,5,159770.0,,,,,,,,
441,Exit long,2023-12-01 14:00:00-05:00,time,15994.25,5,159770.0,166.3,0.1041,730.0,0.4569,467.5,0.2926,17382.8,17.3828
442,Entry long,2023-12-05 10:05:00-05:00,ORB close above 30m high,15926.0,5,159260.0,,,,,,,,
442,Exit long,2023-12-05 14:00:00-05:00,time,15872.5,5,159260.0,-541.2,-0.3398,357.5,0.2245,985.0,0.6185,16841.6,16.8416
443,Entry long,2023-12-07 10:25:00-05:00,ORB close above 30m high,15994.0,5,159940.0,,,,,,,,
443,Exit long,2023-12-07 14:00:00-05:00,time,16033.25,5,159940.0,386.3,0.2415,622.5,0.3892,632.5,0.3955,17227.9,17.2279
444,Entry long,2023-12-08 10:05:00-05:00,ORB close above 30m high,16045.25,5,160452.5,,,,,,,,
444,Exit long,2023-12-08 14:00:00-05:00,time,16086.0,5,160452.5,401.3,0.2501,680.0,0.4238,555.0,0.3459,17629.2,17.6292
445,Entry long,2023-12-11 10:10:00-05:00,ORB close above 30m high,16168.5,5,161685.0,,,,,,,,
445,Exit long,2023-12-11 14:00:00-05:00,time,16234.25,5,161685.0,651.3,0.4028,755.0,0.467,470.0,0.2907,18280.5,18.2805
446,Entry long,2023-12-12 10:05:00-05:00,ORB close above 30m high,16257.75,5,162577.5,,,,,,,,
446,Exit long,2023-12-12 14:00:00-05:00,time,16317.5,5,162577.5,591.3,0.3637,642.5,0.3952,110.0,0.0677,18871.8,18.8718
447,Entry long,2023-12-15 10:20:00-05:00,ORB close above 30m high,16848.5,5,168485.0,,,,,,,,
447,Exit long,2023-12-15 13:40:00-05:00,stop,16779.75,5,168485.0,-693.7,-0.4117,387.5,0.23,750.0,0.4451,18178.1,18.1781
448,Entry long,2023-12-18 10:05:00-05:00,ORB close above 30m high,16896.5,5,168965.0,,,,,,,,
448,Exit long,2023-12-18 14:00:00-05:00,time,16954.0,5,168965.0,568.8,0.3366,612.5,0.3625,407.5,0.2412,18746.9,18.7469
449,Entry long,2023-12-19 10:35:00-05:00,ORB close above 30m high,16998.0,5,169980.0,,,,,,,,
449,Exit long,2023-12-19 14:00:00-05:00,time,16993.25,5,169980.0,-53.7,-0.0316,147.5,0.0868,330.0,0.1941,18693.2,18.6932
450,Entry long,2023-12-20 10:05:00-05:00,ORB close above 30m high,17026.75,5,170267.5,,,,,,,,
450,Exit long,2023-12-20 14:00:00-05:00,time,17038.75,5,170267.5,113.8,0.0668,467.5,0.2746,70.0,0.0411,18807.0,18.807
451,Entry long,2023-12-26 10:40:00-05:00,ORB close above 30m high,17058.0,5,170580.0,,,,,,,,
451,Exit long,2023-12-26 14:00:00-05:00,time,17048.75,5,170580.0,-98.7,-0.0579,60.0,0.0352,352.5,0.2066,18708.3,18.7083
452,Entry long,2024-01-04 10:10:00-05:00,ORB close above 30m high,16514.0,5,165140.0,,,,,,,,
452,Exit long,2024-01-04 14:00:00-05:00,time,16505.0,5,165140.0,-96.2,-0.0583,700.0,0.4239,335.0,0.2029,18612.1,18.6121
453,Entry long,2024-01-05 10:05:00-05:00,ORB close above 30m high,16540.75,5,165407.5,,,,,,,,
453,Exit long,2024-01-05 13:15:00-05:00,stop,16436.75,5,165407.5,-1046.2,-0.6325,362.5,0.2192,1105.0,0.668,17565.9,17.5659
454,Entry long,2024-01-08 10:05:00-05:00,ORB close above 30m high,16641.5,5,166415.0,,,,,,,,
454,Exit long,2024-01-08 14:00:00-05:00,time,16740.75,5,166415.0,986.3,0.5927,1012.5,0.6084,185.0,0.1112,18552.2,18.5522
455,Entry long,2024-01-09 10:10:00-05:00,ORB close above 30m high,16721.0,5,167210.0,,,,,,,,
455,Exit long,2024-01-09 11:50:00-05:00,target,16804.85,5,167210.0,832.3,0.4978,962.5,0.5756,92.5,0.0553,19384.5,19.3845
456,Entry long,2024-01-10 10:45:00-05:00,ORB close above 30m high,16885.75,5,168857.5,,,,,,,,
456,Exit long,2024-01-10 14:00:00-05:00,time,16924.0,5,168857.5,376.3,0.2229,492.5,0.2917,312.5,0.1851,19760.8,19.7608
457,Entry long,2024-01-15 10:50:00-05:00,ORB close above 30m high,16968.75,5,169687.5,,,,,,,,
457,Exit long,2024-01-15 18:00:00-05:00,time,16965.5,5,169687.5,-38.7,-0.0228,112.5,0.0663,145.0,0.0855,19722.1,19.7221
458,Entry long,2024-01-16 10:20:00-05:00,ORB close above 30m high,16965.25,5,169652.5,,,,,,,,
458,Exit long,2024-01-16 14:00:00-05:00,time,16902.0,5,169652.5,-638.7,-0.3765,687.5,0.4052,745.0,0.4391,19083.4,19.0834
459,Entry long,2024-01-18 10:40:00-05:00,ORB close above 30m high,17059.75,5,170597.5,,,,,,,,
459,Exit long,2024-01-18 12:10:00-05:00,stop,16995.0,5,170597.5,-653.7,-0.3832,427.5,0.2506,685.0,0.4015,18429.7,18.4297
460,Entry long,2024-01-19 10:05:00-05:00,ORB close above 30m high,17217.75,5,172177.5,,,,,,,,
460,Exit long,2024-01-19 12:25:00-05:00,target,17289.35,5,172177.5,709.8,0.4122,757.5,0.44,490.0,0.2846,19139.5,19.1395
461,Entry long,2024-01-23 13:00:00-05:00,ORB close above 30m high,17490.25,5,174902.5,,,,,,,,
461,Exit long,2024-01-23 14:00:00-05:00,time,17481.5,5,174902.5,-93.7,-0.0536,27.5,0.0157,302.5,0.173,19045.8,19.0458
462,Entry long,2024-01-24 10:20:00-05:00,ORB close above 30m high,17703.5,5,177035.0,,,,,,,,
462,Exit long,2024-01-24 14:00:00-05:00,time,17714.25,5,177035.0,101.3,0.0572,905.0,0.5112,155.0,0.0876,19147.1,19.1471
463,Entry long,2024-01-25 10:30:00-05:00,ORB close above 30m high,17730.75,5,177307.5,,,,,,,,
463,Exit long,2024-01-25 12:30:00-05:00,stop,17660.0,5,177307.5,-713.7,-0.4025,212.5,0.1198,817.5,0.4611,18433.4,18.4334
464,Entry long,2024-01-26 10:30:00-05:00,ORB close above 30m high,17581.25,5,175812.5,,,,,,,,
464,Exit long,2024-01-26 12:50:00-05:00,stop,17514.75,5,175812.5,-671.2,-0.3818,500.0,0.2844,662.5,0.3768,17762.2,17.7622
465,Entry long,2024-01-29 12:25:00-05:00,ORB close above 30m high,17599.75,5,175997.5,,,,,,,,
465,Exit long,2024-01-29 14:00:00-05:00,time,17587.5,5,175997.5,-128.7,-0.0731,100.0,0.0568,217.5,0.1236,17633.5,17.6335
466,Entry long,2024-02-01 10:10:00-05:00,ORB close above 30m high,17353.0,5,173530.0,,,,,,,,
466,Exit long,2024-02-01 10:55:00-05:00,stop,17284.5,5,173530.0,-691.2,-0.3983,182.5,0.1052,807.5,0.4653,16942.3,16.9423
467,Entry long,2024-02-02 10:45:00-05:00,ORB close above 30m high,17654.25,5,176542.5,,,,,,,,
467,Exit long,2024-02-02 14:00:00-05:00,time,17728.75,5,176542.5,738.8,0.4185,1022.5,0.5792,482.5,0.2733,17681.1,17.6811
468,Entry long,2024-02-07 10:15:00-05:00,ORB close above 30m high,17807.75,5,178077.5,,,,,,,,
468,Exit long,2024-02-07 14:00:00-05:00,time,17851.75,5,178077.5,433.8,0.2436,682.5,0.3833,282.5,0.1586,18114.9,18.1149
469,Entry long,2024-02-08 10:05:00-05:00,ORB close above 30m high,17853.0,5,178530.0,,,,,,,,
469,Exit long,2024-02-08 14:00:00-05:00,time,17868.25,5,178530.0,146.3,0.0819,435.0,0.2437,295.0,0.1652,18261.2,18.2612
470,Entry long,2024-02-09 10:20:00-05:00,ORB close above 30m high,17955.0,5,179550.0,,,,,,,,
470,Exit long,2024-02-09 14:00:00-05:00,time,18038.0,5,179550.0,823.8,0.4588,897.5,0.4999,37.5,0.0209,19085.0,19.085
471,Entry long,2024-02-12 10:45:00-05:00,ORB close above 30m high,18060.25,5,180602.5,,,,,,,,
471,Exit long,2024-02-12 13:35:00-05:00,stop,18006.75,5,180602.5,-541.2,-0.2997,612.5,0.3391,642.5,0.3558,18543.8,18.5438
472,Entry long,2024-02-13 10:25:00-05:00,ORB close above 30m high,17705.25,5,177052.5,,,,,,,,
472,Exit long,2024-02-13 14:00:00-05:00,time,17656.5,5,177052.5,-493.7,-0.2788,867.5,0.49,797.5,0.4504,18050.1,18.0501
473,Entry long,2024-02-14 10:20:00-05:00,ORB close above 30m high,17826.25,5,178262.5,,,,,,,,
473,Exit long,2024-02-14 11:00:00-05:00,stop,17742.5,5,178262.5,-843.7,-0.4733,207.5,0.1164,1212.5,0.6802,17206.4,17.2064
474,Entry long,2024-02-15 13:20:00-05:00,ORB close above 30m high,17916.75,5,179167.5,,,,,,,,
474,Exit long,2024-02-15 14:00:00-05:00,time,17911.0,5,179167.5,-63.7,-0.0356,160.0,0.0893,212.5,0.1186,17142.7,17.1427
475,Entry long,2024-02-21 10:05:00-05:00,ORB close above 30m high,17523.0,5,175230.0,,,,,,,,
475,Exit long,2024-02-21 12:10:00-05:00,stop,17448.0,5,175230.0,-756.2,-0.4315,0.0,0.0,857.5,0.4894,16386.5,16.3865
476,Entry long,2024-02-22 11:20:00-05:00,ORB close above 30m high,17971.5,5,179715.0,,,,,,,,
476,Exit long,2024-02-22 14:00:00-05:00,time,18052.0,5,179715.0,798.8,0.4445,937.5,0.5217,365.0,0.2031,17185.3,17.1853
477,Entry long,2024-02-26 11:55:00-05:00,ORB close above 30m high,18056.0,5,180560.0,,,,,,,,
477,Exit long,2024-02-26 14:00:00-05:00,time,18013.75,5,180560.0,-428.7,-0.2374,37.5,0.0208,757.5,0.4195,16756.6,16.7566
478,Entry long,2024-02-27 10:20:00-05:00,ORB close above 30m high,18028.75,5,180287.5,,,,,,,,
478,Exit long,2024-02-27 12:50:00-05:00,stop,17937.5,5,180287.5,-918.7,-0.5096,37.5,0.0208,920.0,0.5103,15837.9,15.8379
479,Entry long,2024-02-28 11:05:00-05:00,ORB close above 30m high,17951.5,5,179515.0,,,,,,,,
479,Exit long,2024-02-28 14:00:00-05:00,time,17948.75,5,179515.0,-33.7,-0.0188,235.0,0.1309,577.5,0.3217,15804.2,15.8042
480,Entry long,2024-03-01 10:10:00-05:00,ORB close above 30m high,18173.25,5,181732.5,,,,,,,,
480,Exit long,2024-03-01 12:50:00-05:00,target,18284.4,5,181732.5,1105.3,0.6082,1145.0,0.63,290.0,0.1596,16909.5,16.9095
481,Entry long,2024-03-06 12:05:00-05:00,ORB close above 30m high,18132.25,5,181322.5,,,,,,,,
481,Exit long,2024-03-06 13:50:00-05:00,stop,18036.25,5,181322.5,-966.2,-0.5329,420.0,0.2316,1015.0,0.5598,15943.3,15.9433
482,Entry long,2024-03-07 10:25:00-05:00,ORB close above 30m high,18227.25,5,182272.5,,,,,,,,
482,Exit long,2024-03-07 14:00:00-05:00,time,18353.0,5,182272.5,1251.3,0.6865,1327.5,0.7283,87.5,0.048,17194.6,17.1946
483,Entry long,2024-03-08 10:05:00-05:00,ORB close above 30m high,18396.75,5,183967.5,,,,,,,,
483,Exit long,2024-03-08 11:05:00-05:00,stop,18287.5,5,183967.5,-1098.7,-0.5972,395.0,0.2147,1317.5,0.7162,16095.9,16.0959
484,Entry long,2024-03-11 10:55:00-04:00,ORB close above 30m high,18008.75,5,180087.5,,,,,,,,
484,Exit long,2024-03-11 14:00:00-04:00,time,17974.75,5,180087.5,-346.2,-0.1922,142.5,0.0791,900.0,0.4998,15749.7,15.7497
485,Entry long,2024-03-12 10:25:00-04:00,ORB close above 30m high,18110.0,5,181100.0,,,,,,,,
485,Exit long,2024-03-12 14:00:00-04:00,time,18154.5,5,181100.0,438.8,0.2423,982.5,0.5425,332.5,0.1836,16188.5,16.1885
486,Entry long,2024-03-18 10:30:00-04:00,ORB close above 30m high,18373.0,5,183730.0,,,,,,,,
486,Exit long,2024-03-18 11:50:00-04:00,stop,18277.0,5,183730.0,-966.2,-0.5259,70.0,0.0381,965.0,0.5252,15222.3,15.2223
487,Entry long,2024-03-19 11:50:00-04:00,ORB close above 30m high,18154.0,5,181540.0,,,,,,,,
487,Exit long,2024-03-19 14:00:00-04:00,time,18263.75,5,181540.0,1091.3,0.6011,1322.5,0.7285,215.0,0.1184,16313.6,16.3136
488,Entry long,2024-03-22 10:05:00-04:00,ORB close above 30m high,18558.0,5,185580.0,,,,,,,,
488,Exit long,2024-03-22 14:00:00-04:00,time,18622.0,5,185580.0,633.8,0.3415,680.0,0.3664,562.5,0.3031,16947.4,16.9474
489,Entry long,2024-03-25 10:10:00-04:00,ORB close above 30m high,18497.5,5,184975.0,,,,,,,,
489,Exit long,2024-03-25 14:00:00-04:00,time,18552.0,5,184975.0,538.8,0.2913,602.5,0.3257,7.5,0.0041,17486.2,17.4862
490,Entry long,2024-03-26 10:05:00-04:00,ORB close above 30m high,18607.0,5,186070.0,,,,,,,,
490,Exit long,2024-03-26 10:25:00-04:00,stop,18549.5,5,186070.0,-581.2,-0.3124,7.5,0.004,597.5,0.3211,16905.0,16.905
491,Entry long,2024-04-02 13:05:00-04:00,ORB close above 30m high,18294.5,5,182945.0,,,,,,,,
491,Exit long,2024-04-02 14:00:00-04:00,time,18277.25,5,182945.0,-178.7,-0.0977,60.0,0.0328,247.5,0.1353,16726.3,16.7263
492,Entry long,2024-04-03 10:05:00-04:00,ORB close above 30m high,18352.75,5,183527.5,,,,,,,,
492,Exit long,2024-04-03 14:00:00-04:00,time,18416.75,5,183527.5,633.8,0.3453,992.5,0.5408,242.5,0.1321,17360.1,17.3601
493,Entry long,2024-04-05 10:15:00-04:00,ORB close above 30m high,18240.0,5,182400.0,,,,,,,,
493,Exit long,2024-04-05 14:00:00-04:00,time,18291.0,5,182400.0,503.8,0.2762,1677.5,0.9197,585.0,0.3207,17863.9,17.8639
494,Entry long,2024-04-08 10:30:00-04:00,ORB close above 30m high,18340.25,5,183402.5,,,,,,,,
494,Exit long,2024-04-08 14:00:00-04:00,time,18307.0,5,183402.5,-338.7,-0.1847,372.5,0.2031,880.0,0.4798,17525.2,17.5252
495,Entry long,2024-04-10 10:40:00-04:00,ORB close above 30m high,18221.75,5,182217.5,,,,,,,,
495,Exit long,2024-04-10 14:00:00-04:00,time,18166.25,5,182217.5,-561.2,-0.308,27.5,0.0151,1077.5,0.5913,16964.0,16.964
496,Entry long,2024-04-11 11:55:00-04:00,ORB close above 30m high,18279.0,5,182790.0,,,,,,,,
496,Exit long,2024-04-11 13:05:00-04:00,target,18357.6,5,182790.0,779.8,0.4266,1030.0,0.5635,22.5,0.0123,17743.8,17.7438
497,Entry long,2024-04-16 10:15:00-04:00,ORB close above 30m high,17913.0,5,179130.0,,,,,,,,
497,Exit long,2024-04-16 13:30:00-04:00,stop,17821.5,5,179130.0,-921.2,-0.5143,245.0,0.1368,950.0,0.5303,16822.6,16.8226
498,Entry long,2024-04-18 10:40:00-04:00,ORB close above 30m high,17683.0,5,176830.0,,,,,,,,
498,Exit long,2024-04-18 13:20:00-04:00,stop,17550.5,5,176830.0,-1331.2,-0.7528,630.0,0.3563,1440.0,0.8143,15491.4,15.4914
499,Entry long,2024-04-22 13:30:00-04:00,ORB close above 30m high,17344.75,5,173447.5,,,,,,,,
499,Exit long,2024-04-22 14:00:00-04:00,time,17396.5,5,173447.5,511.3,0.2948,700.0,0.4036,32.5,0.0187,16002.7,16.0027
500,Entry long,2024-04-23 10:25:00-04:00,ORB close above 30m high,17530.0,5,175300.0,,,,,,,,
500,Exit long,2024-04-23 14:00:00-04:00,time,17636.5,5,175300.0,1058.8,0.604,1127.5,0.6432,75.0,0.0428,17061.5,17.0615
501,Entry long,2024-04-25 10:15:00-04:00,ORB close above 30m high,17410.75,5,174107.5,,,,,,,,
501,Exit long,2024-04-25 13:45:00-04:00,target,17554.1,5,174107.5,1427.3,0.8198,1572.5,0.9032,692.5,0.3977,18488.8,18.4888
502,Entry long,2024-04-26 10:05:00-04:00,ORB close above 30m high,17808.75,5,178087.5,,,,,,,,
502,Exit long,2024-04-26 14:00:00-04:00,time,17877.25,5,178087.5,678.8,0.3812,925.0,0.5194,402.5,0.226,19167.6,19.1676
503,Entry long,2024-05-02 13:30:00-04:00,ORB close above 30m high,17604.75,5,176047.5,,,,,,,,
503,Exit long,2024-05-02 14:00:00-04:00,time,17594.5,5,176047.5,-108.7,-0.0617,117.5,0.0667,297.5,0.169,19058.9,19.0589
504,Entry long,2024-05-06 11:45:00-04:00,ORB close above 30m high,18111.75,5,181117.5,,,,,,,,
504,Exit long,2024-05-06 14:00:00-04:00,time,18127.75,5,181117.5,153.8,0.0849,272.5,0.1505,445.0,0.2457,19212.7,19.2127
505,Entry long,2024-05-07 11:00:00-04:00,ORB close above 30m high,18250.75,5,182507.5,,,,,,,,
505,Exit long,2024-05-07 13:55:00-04:00,stop,18187.5,5,182507.5,-638.7,-0.35,170.0,0.0931,675.0,0.3698,18574.0,18.574
506,Entry long,2024-05-08 10:25:00-04:00,ORB close above 30m high,18194.75,5,181947.5,,,,,,,,
506,Exit long,2024-05-08 14:00:00-04:00,time,18178.5,5,181947.5,-168.7,-0.0927,475.0,0.2611,565.0,0.3105,18405.3,18.4053
507,Entry long,2024-05-09 10:40:00-04:00,ORB close above 30m high,18204.25,5,182042.5,,,,,,,,
507,Exit long,2024-05-09 14:00:00-04:00,time,18205.5,5,182042.5,6.3,0.0035,332.5,0.1826,342.5,0.1881,18411.6,18.4116
508,Entry long,2024-05-14 10:25:00-04:00,ORB close above 30m high,18344.25,5,183442.5,,,,,,,,
508,Exit long,2024-05-14 14:00:00-04:00,time,18330.75,5,183442.5,-141.2,-0.077,272.5,0.1485,610.0,0.3325,18270.4,18.2704
509,Entry long,2024-05-15 10:25:00-04:00,ORB close above 30m high,18536.5,5,185365.0,,,,,,,,
509,Exit long,2024-05-15 13:35:00-04:00,target,18660.95,5,185365.0,1238.3,0.668,1282.5,0.6919,127.5,0.0688,19508.7,19.5087
510,Entry long,2024-05-16 10:25:00-04:00,ORB close above 30m high,18718.75,5,187187.5,,,,,,,,
510,Exit long,2024-05-16 13:25:00-04:00,stop,18671.5,5,187187.5,-478.7,-0.2557,420.0,0.2244,472.5,0.2524,19030.0,19.03
511,Entry long,2024-05-17 10:35:00-04:00,ORB close above 30m high,18675.5,5,186755.0,,,,,,,,
511,Exit long,2024-05-17 12:45:00-04:00,stop,18620.0,5,186755.0,-561.2,-0.3005,15.0,0.008,677.5,0.3628,18468.8,18.4688
512,Entry long,2024-05-20 10:45:00-04:00,ORB close above 30m high,18756.25,5,187562.5,,,,,,,,
512,Exit long,2024-05-20 14:00:00-04:00,time,18745.0,5,187562.5,-118.7,-0.0633,382.5,0.2039,277.5,0.148,18350.1,18.3501
513,Entry long,2024-05-21 10:05:00-04:00,ORB close above 30m high,18724.0,5,187240.0,,,,,,,,
513,Exit long,2024-05-21 14:00:00-04:00,time,18775.25,5,187240.0,506.3,0.2704,567.5,0.3031,240.0,0.1282,18856.4,18.8564
514,Entry long,2024-05-22 11:15:00-04:00,ORB close above 30m high,18834.75,5,188347.5,,,,,,,,
514,Exit long,2024-05-22 13:35:00-04:00,stop,18788.5,5,188347.5,-468.7,-0.2488,37.5,0.0199,675.0,0.3584,18387.7,18.3877
515,Entry long,2024-05-24 10:15:00-04:00,ORB close above 30m high,18791.25,5,187912.5,,,,,,,,
515,Exit long,2024-05-24 11:00:00-04:00,target,18874.05,5,187912.5,821.8,0.4373,980.0,0.5215,10.0,0.0053,19209.5,19.2095
516,Entry long,2024-05-27 11:05:00-04:00,ORB close above 30m high,18913.75,5,189137.5,,,,,,,,
516,Exit long,2024-05-27 18:00:00-04:00,time,18949.5,5,189137.5,351.3,0.1857,435.0,0.23,25.0,0.0132,19560.8,19.5608
517,Entry long,2024-05-28 13:35:00-04:00,ORB close above 30m high,18937.5,5,189375.0,,,,,,,,
517,Exit long,2024-05-28 14:00:00-04:00,time,18902.0,5,189375.0,-361.2,-0.1907,82.5,0.0436,460.0,0.2429,19199.6,19.1996
518,Entry long,2024-05-29 10:25:00-04:00,ORB close above 30m high,18857.0,5,188570.0,,,,,,,,
518,Exit long,2024-05-29 14:00:00-04:00,time,18859.0,5,188570.0,13.8,0.0073,230.0,0.122,407.5,0.2161,19213.4,19.2134
519,Entry long,2024-06-05 10:25:00-04:00,ORB close above 30m high,18876.5,5,188765.0,,,,,,,,
519,Exit long,2024-06-05 11:15:00-04:00,target,18964.2,5,188765.0,870.8,0.4613,1005.0,0.5324,22.5,0.0119,20084.2,20.0842
520,Entry long,2024-06-07 10:40:00-04:00,ORB close above 30m high,19073.75,5,190737.5,,,,,,,,
520,Exit long,2024-06-07 14:00:00-04:00,time,19114.0,5,190737.5,396.3,0.2078,815.0,0.4273,585.0,0.3067,20480.5,20.4805
521,Entry long,2024-06-10 10:30:00-04:00,ORB close above 30m high,19035.75,5,190357.5,,,,,,,,
521,Exit long,2024-06-10 12:15:00-04:00,target,19116.8,5,190357.5,804.3,0.4225,855.0,0.4492,135.0,0.0709,21284.8,21.2848
522,Entry long,2024-06-11 10:40:00-04:00,ORB close above 30m high,19092.75,5,190927.5,,,,,,,,
522,Exit long,2024-06-11 14:00:00-04:00,time,19164.0,5,190927.5,706.3,0.3699,855.0,0.4478,297.5,0.1558,21991.1,21.9911
523,Entry long,2024-06-12 10:15:00-04:00,ORB close above 30m high,19509.75,5,195097.5,,,,,,,,
523,Exit long,2024-06-12 14:00:00-04:00,time,19514.5,5,195097.5,41.3,0.0212,367.5,0.1884,627.5,0.3216,22032.4,22.0324
524,Entry long,2024-06-14 13:15:00-04:00,ORB close above 30m high,19652.25,5,196522.5,,,,,,,,
524,Exit long,2024-06-14 14:00:00-04:00,time,19657.0,5,196522.5,41.3,0.021,240.0,0.1221,137.5,0.07,22073.7,22.0737
525,Entry long,2024-06-17 11:00:00-04:00,ORB close above 30m high,19714.25,5,197142.5,,,,,,,,
525,Exit long,2024-06-17 12:25:00-04:00,target,19817.35,5,197142.5,1024.8,0.5198,1047.5,0.5313,5.0,0.0025,23098.5,23.0985
526,Entry long,2024-06-18 13:50:00-04:00,ORB close above 30m high,19950.0,5,199500.0,,,,,,,,
526,Exit long,2024-06-18 14:00:00-04:00,time,19926.75,5,199500.0,-238.7,-0.1196,30.0,0.015,650.0,0.3258,22859.8,22.8598
527,Entry long,2024-06-21 11:20:00-04:00,ORB close above 30m high,20033.75,5,200337.5,,,,,,,,
527,Exit long,2024-06-21 14:00:00-04:00,time,19960.75,5,200337.5,-736.2,-0.3675,392.5,0.1959,865.0,0.4318,22123.6,22.1236
528,Entry long,2024-06-24 10:05:00-04:00,ORB close above 30m high,19976.0,5,199760.0,,,,,,,,
528,Exit long,2024-06-24 10:40:00-04:00,stop,19866.25,5,199760.0,-1103.7,-0.5525,195.0,0.0976,1170.0,0.5857,21019.9,21.0199
529,Entry long,2024-06-25 10:05:00-04:00,ORB close above 30m high,19875.0,5,198750.0,,,,,,,,
529,Exit long,2024-06-25 14:00:00-04:00,time,19924.0,5,198750.0,483.8,0.2434,930.0,0.4679,375.0,0.1887,21503.7,21.5037
530,Entry long,2024-06-26 10:10:00-04:00,ORB close above 30m high,20002.75,5,200027.5,,,,,,,,
530,Exit long,2024-06-26 11:10:00-04:00,stop,19918.0,5,200027.5,-853.7,-0.4268,212.5,0.1062,907.5,0.4537,20650.0,20.65
531,Entry long,2024-06-27 10:15:00-04:00,ORB close above 30m high,20111.25,5,201112.5,,,,,,,,
531,Exit long,2024-06-27 11:25:00-04:00,stop,19989.25,5,201112.5,-1226.2,-0.6097,52.5,0.0261,1327.5,0.6601,19423.8,19.4238
532,Entry long,2024-06-28 10:05:00-04:00,ORB close above 30m high,20220.25,5,202202.5,,,,,,,,
532,Exit long,2024-06-28 12:15:00-04:00,stop,20038.5,5,202202.5,-1823.7,-0.9019,530.0,0.2621,1985.0,0.9817,17600.1,17.6001
533,Entry long,2024-07-01 12:10:00-04:00,ORB close above 30m high,20004.75,5,200047.5,,,,,,,,
533,Exit long,2024-07-01 14:00:00-04:00,time,19999.25,5,200047.5,-61.2,-0.0306,217.5,0.1087,272.5,0.1362,17538.9,17.5389
534,Entry long,2024-07-02 10:55:00-04:00,ORB close above 30m high,20114.0,5,201140.0,,,,,,,,
534,Exit long,2024-07-02 14:00:00-04:00,time,20208.5,5,201140.0,938.8,0.4667,1035.0,0.5146,490.0,0.2436,18477.7,18.4777
535,Entry long,2024-07-03 10:20:00-04:00,ORB close above 30m high,20284.75,5,202847.5,,,,,,,,
535,Exit long,2024-07-03 11:55:00-04:00,target,20380.5,5,202847.5,951.3,0.469,970.0,0.4782,407.5,0.2009,19429.0,19.429
536,Entry long,2024-07-05 10:05:00-04:00,ORB close above 30m high,20529.75,5,205297.5,,,,,,,,
536,Exit long,2024-07-05 14:00:00-04:00,time,20623.75,5,205297.5,933.8,0.4549,1090.0,0.5309,675.0,0.3288,20362.8,20.3628
537,Entry long,2024-07-08 11:25:00-04:00,ORB close above 30m high,20658.75,5,206587.5,,,,,,,,
537,Exit long,2024-07-08 14:00:00-04:00,time,20653.25,5,206587.5,-61.2,-0.0296,125.0,0.0605,497.5,0.2408,20301.6,20.3016
538,Entry long,2024-07-10 10:10:00-04:00,ORB close above 30m high,20785.75,5,207857.5,,,,,,,,
538,Exit long,2024-07-10 11:00:00-04:00,stop,20721.0,5,207857.5,-653.7,-0.3145,100.0,0.0481,827.5,0.3981,19647.9,19.6479
539,Entry long,2024-07-12 10:05:00-04:00,ORB close above 30m high,20557.5,5,205575.0,,,,,,,,
539,Exit long,2024-07-12 14:00:00-04:00,time,20709.75,5,205575.0,1516.3,0.7376,1835.0,0.8926,355.0,0.1727,21164.2,21.1642
540,Entry long,2024-07-15 10:10:00-04:00,ORB close above 30m high,20668.75,5,206687.5,,,,,,,,
540,Exit long,2024-07-15 11:20:00-04:00,target,20790.4,5,206687.5,1210.3,0.5856,1277.5,0.6181,192.5,0.0931,22374.5,22.3745
541,Entry long,2024-07-23 11:15:00-04:00,ORB close above 30m high,20053.0,5,200530.0,,,,,,,,
541,Exit long,2024-07-23 12:55:00-04:00,stop,19932.75,5,200530.0,-1208.7,-0.6028,320.0,0.1596,1262.5,0.6296,21165.8,21.1658
542,Entry long,2024-07-25 11:15:00-04:00,ORB close above 30m high,19247.0,5,192470.0,,,,,,,,
542,Exit long,2024-07-25 14:00:00-04:00,time,19289.25,5,192470.0,416.3,0.2163,1435.0,0.7456,1045.0,0.5429,21582.1,21.5821
543,Entry long,2024-07-26 11:50:00-04:00,ORB close above 30m high,19190.25,5,191902.5,,,,,,,,
543,Exit long,2024-07-26 14:00:00-04:00,time,19194.25,5,191902.5,33.8,0.0176,1087.5,0.5667,410.0,0.2137,21615.9,21.6159
544,Entry long,2024-07-31 10:10:00-04:00,ORB close above 30m high,19445.0,5,194450.0,,,,,,,,
544,Exit long,2024-07-31 14:00:00-04:00,time,19427.25,5,194450.0,-183.7,-0.0945,710.0,0.3651,1007.5,0.5181,21432.2,21.4322
545,Entry long,2024-08-05 10:05:00-04:00,ORB close above 30m high,18042.75,5,180427.5,,,,,,,,
545,Exit long,2024-08-05 14:00:00-04:00,time,18078.0,5,180427.5,346.3,0.1919,2465.0,1.3662,1925.0,1.0669,21778.5,21.7785
546,Entry long,2024-08-06 10:05:00-04:00,ORB close above 30m high,18181.5,5,181815.0,,,,,,,,
546,Exit long,2024-08-06 14:00:00-04:00,time,18418.25,5,181815.0,2361.3,1.2987,2682.5,1.4754,542.5,0.2984,24139.8,24.1398
547,Entry long,2024-08-08 10:05:00-04:00,ORB close above 30m high,18276.25,5,182762.5,,,,,,,,
547,Exit long,2024-08-08 14:00:00-04:00,time,18513.75,5,182762.5,2368.8,1.2961,2675.0,1.4636,460.0,0.2517,26508.6,26.5086
548,Entry long,2024-08-09 10:15:00-04:00,ORB close above 30m high,18547.25,5,185472.5,,,,,,,,
548,Exit long,2024-08-09 14:00:00-04:00,time,18609.25,5,185472.5,613.8,0.3309,1275.0,0.6874,1110.0,0.5985,27122.4,27.1224
549,Entry long,2024-08-12 10:20:00-04:00,ORB close above 30m high,18674.25,5,186742.5,,,,,,,,
549,Exit long,2024-08-12 14:00:00-04:00,time,18617.25,5,186742.5,-576.2,-0.3086,912.5,0.4886,980.0,0.5248,26546.2,26.5462
550,Entry long,2024-08-13 10:50:00-04:00,ORB close above 30m high,18947.0,5,189470.0,,,,,,,,
550,Exit long,2024-08-13 14:00:00-04:00,time,19057.0,5,189470.0,1093.8,0.5773,1410.0,0.7442,177.5,0.0937,27640.0,27.64
551,Entry long,2024-08-14 11:55:00-04:00,ORB close above 30m high,19176.25,5,191762.5,,,,,,,,
551,Exit long,2024-08-14 14:00:00-04:00,time,19071.5,5,191762.5,-1053.7,-0.5495,275.0,0.1434,1577.5,0.8226,26586.3,26.5863
552,Entry long,2024-08-15 10:25:00-04:00,ORB close above 30m high,19464.5,5,194645.0,,,,,,,,
552,Exit long,2024-08-15 14:00:00-04:00,time,19583.5,5,194645.0,1183.8,0.6082,1260.0,0.6473,40.0,0.0206,27770.1,27.7701
553,Entry long,2024-08-16 10:10:00-04:00,ORB close above 30m high,19547.0,5,195470.0,,,,,,,,
553,Exit long,2024-08-16 14:00:00-04:00,time,19628.25,5,195470.0,806.3,0.4125,1155.0,0.5909,545.0,0.2788,28576.4,28.5764
554,Entry long,2024-08-19 10:55:00-04:00,ORB close above 30m high,19654.25,5,196542.5,,,,,,,,
554,Exit long,2024-08-19 14:00:00-04:00,time,19721.25,5,196542.5,663.8,0.3377,765.0,0.3892,350.0,0.1781,29240.2,29.2402
555,Entry long,2024-08-21 10:05:00-04:00,ORB close above 30m high,19900.25,5,199002.5,,,,,,,,
555,Exit long,2024-08-21 10:50:00-04:00,stop,19812.75,5,199002.5,-881.2,-0.4428,817.5,0.4108,937.5,0.4711,28359.0,28.359
556,Entry long,2024-08-23 10:05:00-04:00,ORB close above 30m high,19846.25,5,198462.5,,,,,,,,
556,Exit long,2024-08-23 10:45:00-04:00,stop,19706.0,5,198462.5,-1408.7,-0.7098,570.0,0.2872,2050.0,1.0329,26950.3,26.9503
557,Entry long,2024-08-27 10:15:00-04:00,ORB close above 30m high,19572.5,5,195725.0,,,,,,,,
557,Exit long,2024-08-27 14:00:00-04:00,time,19686.25,5,195725.0,1131.3,0.578,1220.0,0.6233,197.5,0.1009,28081.6,28.0816
558,Entry long,2024-08-29 10:50:00-04:00,ORB close above 30m high,19681.25,5,196812.5,,,,,,,,
558,Exit long,2024-08-29 14:00:00-04:00,time,19633.0,5,196812.5,-488.7,-0.2483,107.5,0.0546,1057.5,0.5373,27592.9,27.5929
559,Entry long,2024-08-30 10:05:00-04:00,ORB close above 30m high,19605.5,5,196055.0,,,,,,,,
559,Exit long,2024-08-30 10:55:00-04:00,stop,19512.5,5,196055.0,-936.2,-0.4775,50.0,0.0255,1390.0,0.709,26656.7,26.6567
560,Entry long,2024-09-02 10:40:00-04:00,ORB close above 30m high,19651.75,5,196517.5,,,,,,,,
560,Exit long,2024-09-02 18:00:00-04:00,time,19646.25,5,196517.5,-61.2,-0.0311,297.5,0.1514,240.0,0.1221,26595.5,26.5955
561,Entry long,2024-09-04 10:30:00-04:00,ORB close above 30m high,18993.0,5,189930.0,,,,,,,,
561,Exit long,2024-09-04 14:00:00-04:00,time,19005.25,5,189930.0,116.3,0.0612,1220.0,0.6423,167.5,0.0882,26711.8,26.7118
562,Entry long,2024-09-05 10:05:00-04:00,ORB close above 30m high,19085.25,5,190852.5,,,,,,,,
562,Exit long,2024-09-05 11:25:00-04:00,stop,18884.25,5,190852.5,-2016.2,-1.0564,650.0,0.3406,2220.0,1.1632,24695.6,24.6956
563,Entry long,2024-09-09 10:15:00-04:00,ORB close above 30m high,18698.75,5,186987.5,,,,,,,,
563,Exit long,2024-09-09 10:30:00-04:00,stop,18604.5,5,186987.5,-948.7,-0.5074,25.0,0.0134,1327.5,0.7099,23746.9,23.7469
564,Entry long,2024-09-11 12:30:00-04:00,ORB close above 30m high,18914.5,5,189145.0,,,,,,,,
564,Exit long,2024-09-11 14:00:00-04:00,time,19039.75,5,189145.0,1246.3,0.6589,1570.0,0.8301,432.5,0.2287,24993.2,24.9932
565,Entry long,2024-09-12 10:15:00-04:00,ORB close above 30m high,19311.75,5,193117.5,,,,,,,,
565,Exit long,2024-09-12 14:00:00-04:00,time,19466.0,5,193117.5,1536.3,0.7955,1632.5,0.8453,650.0,0.3366,26529.5,26.5295
566,Entry long,2024-09-13 10:10:00-04:00,ORB close above 30m high,19507.75,5,195077.5,,,,,,,,
566,Exit long,2024-09-13 14:00:00-04:00,time,19560.5,5,195077.5,521.3,0.2672,692.5,0.355,947.5,0.4857,27050.8,27.0508
567,Entry long,2024-09-17 10:50:00-04:00,ORB close above 30m high,19604.5,5,196045.0,,,,,,,,
567,Exit long,2024-09-17 12:15:00-04:00,stop,19474.75,5,196045.0,-1303.7,-0.665,17.5,0.0089,1340.0,0.6835,25747.1,25.7471
568,Entry long,2024-09-19 10:20:00-04:00,ORB close above 30m high,20086.0,5,200860.0,,,,,,,,
568,Exit long,2024-09-19 14:00:00-04:00,time,20192.75,5,200860.0,1061.3,0.5284,1170.0,0.5825,370.0,0.1842,26808.4,26.8084
569,Entry long,2024-09-23 10:55:00-04:00,ORB close above 30m high,20110.0,5,201100.0,,,,,,,,
569,Exit long,2024-09-23 13:00:00-04:00,stop,20031.25,5,201100.0,-793.7,-0.3947,160.0,0.0796,915.0,0.455,26014.7,26.0147
570,Entry long,2024-09-24 11:50:00-04:00,ORB close above 30m high,20164.0,5,201640.0,,,,,,,,
570,Exit long,2024-09-24 14:00:00-04:00,time,20165.0,5,201640.0,3.8,0.0019,507.5,0.2517,135.0,0.067,26018.5,26.0185
571,Entry long,2024-09-25 10:10:00-04:00,ORB close above 30m high,20245.75,5,202457.5,,,,,,,,
571,Exit long,2024-09-25 13:00:00-04:00,stop,20137.75,5,202457.5,-1086.2,-0.5365,270.0,0.1334,1102.5,0.5446,24932.3,24.9323
572,Entry long,2024-10-02 10:20:00-04:00,ORB close above 30m high,19997.75,5,199977.5,,,,,,,,
572,Exit long,2024-10-02 14:00:00-04:00,time,20044.25,5,199977.5,458.8,0.2294,917.5,0.4588,517.5,0.2588,25391.1,25.3911
573,Entry long,2024-10-03 10:05:00-04:00,ORB close above 30m high,20091.25,5,200912.5,,,,,,,,
573,Exit long,2024-10-03 13:00:00-04:00,stop,19894.0,5,200912.5,-1978.7,-0.9849,237.5,0.1182,2122.5,1.0564,23412.4,23.4124
574,Entry long,2024-10-07 10:20:00-04:00,ORB close above 30m high,20169.25,5,201692.5,,,,,,,,
574,Exit long,2024-10-07 14:00:00-04:00,time,20148.25,5,201692.5,-216.2,-0.1072,185.0,0.0917,677.5,0.3359,23196.2,23.1962
575,Entry long,2024-10-08 10:05:00-04:00,ORB close above 30m high,20188.25,5,201882.5,,,,,,,,
575,Exit long,2024-10-08 14:00:00-04:00,time,20231.0,5,201882.5,421.3,0.2087,860.0,0.426,327.5,0.1622,23617.5,23.6175
576,Entry long,2024-10-09 10:15:00-04:00,ORB close above 30m high,20300.75,5,203007.5,,,,,,,,
576,Exit long,2024-10-09 11:10:00-04:00,target,20387.75,5,203007.5,863.8,0.4255,917.5,0.452,70.0,0.0345,24481.3,24.4813
577,Entry long,2024-10-10 10:15:00-04:00,ORB close above 30m high,20402.5,5,204025.0,,,,,,,,
577,Exit long,2024-10-10 14:00:00-04:00,time,20445.25,5,204025.0,421.3,0.2065,1055.0,0.5171,422.5,0.2071,24902.6,24.9026
578,Entry long,2024-10-11 10:10:00-04:00,ORB close above 30m high,20414.25,5,204142.5,,,,,,,,
578,Exit long,2024-10-11 14:00:00-04:00,time,20436.75,5,204142.5,218.8,0.1072,667.5,0.327,232.5,0.1139,25121.4,25.1214
579,Entry long,2024-10-18 10:10:00-04:00,ORB close above 30m high,20514.5,5,205145.0,,,,,,,,
579,Exit long,2024-10-18 14:00:00-04:00,time,20485.0,5,205145.0,-301.2,-0.1468,175.0,0.0853,722.5,0.3522,24820.2,24.8202
580,Entry long,2024-10-21 10:10:00-04:00,ORB close above 30m high,20528.0,5,205280.0,,,,,,,,
580,Exit long,2024-10-21 10:40:00-04:00,stop,20422.5,5,205280.0,-1061.2,-0.517,262.5,0.1279,1125.0,0.548,23759.0,23.759
581,Entry long,2024-10-22 10:10:00-04:00,ORB close above 30m high,20491.5,5,204915.0,,,,,,,,
581,Exit long,2024-10-22 14:00:00-04:00,time,20574.0,5,204915.0,818.8,0.3996,1105.0,0.5392,662.5,0.3233,24577.8,24.5778
582,Entry long,2024-10-24 13:45:00-04:00,ORB close above 30m high,20381.75,5,203817.5,,,,,,,,
582,Exit long,2024-10-24 14:00:00-04:00,time,20344.75,5,203817.5,-376.2,-0.1846,17.5,0.0086,540.0,0.2649,24201.6,24.2016
583,Entry long,2024-10-25 10:05:00-04:00,ORB close above 30m high,20679.25,5,206792.5,,,,,,,,
583,Exit long,2024-10-25 13:40:00-04:00,stop,20489.5,5,206792.5,-1903.7,-0.9206,282.5,0.1366,1962.5,0.949,22297.9,22.2979
584,Entry long,2024-10-29 10:05:00-04:00,ORB close above 30m high,20531.75,5,205317.5,,,,,,,,
584,Exit long,2024-10-29 13:00:00-04:00,target,20670.9,5,205317.5,1385.3,0.6747,1512.5,0.7367,207.5,0.1011,23683.2,23.6832
585,Entry long,2024-10-30 10:20:00-04:00,ORB close above 30m high,20679.75,5,206797.5,,,,,,,,
585,Exit long,2024-10-30 14:00:00-04:00,time,20576.0,5,206797.5,-1043.7,-0.5047,197.5,0.0955,1215.0,0.5875,22639.5,22.6395
586,Entry long,2024-11-01 10:15:00-04:00,ORB close above 30m high,20215.75,5,202157.5,,,,,,,,
586,Exit long,2024-11-01 14:00:00-04:00,time,20157.25,5,202157.5,-591.2,-0.2924,715.0,0.3537,665.0,0.329,22048.3,22.0483
587,Entry long,2024-11-04 10:20:00-05:00,ORB close above 30m high,20161.75,5,201617.5,,,,,,,,
587,Exit long,2024-11-04 14:00:00-05:00,time,20148.25,5,201617.5,-141.2,-0.07,650.0,0.3224,1330.0,0.6597,21907.1,21.9071
588,Entry long,2024-11-05 10:25:00-05:00,ORB close above 30m high,20306.0,5,203060.0,,,,,,,,
588,Exit long,2024-11-05 14:00:00-05:00,time,20308.0,5,203060.0,13.8,0.0068,670.0,0.33,735.0,0.362,21920.9,21.9209
589,Entry long,2024-11-06 12:15:00-05:00,ORB close above 30m high,20813.25,5,208132.5,,,,,,,,
589,Exit long,2024-11-06 14:00:00-05:00,time,20861.25,5,208132.5,473.8,0.2276,632.5,0.3039,277.5,0.1333,22394.7,22.3947
590,Entry long,2024-11-07 10:10:00-05:00,ORB close above 30m high,21116.25,5,211162.5,,,,,,,,
590,Exit long,2024-11-07 14:00:00-05:00,time,21181.25,5,211162.5,643.8,0.3049,925.0,0.4381,297.5,0.1409,23038.5,23.0385
591,Entry long,2024-11-08 13:30:00-05:00,ORB close above 30m high,21233.25,5,212332.5,,,,,,,,
591,Exit long,2024-11-08 14:00:00-05:00,time,21249.75,5,212332.5,158.8,0.0748,332.5,0.1566,32.5,0.0153,23197.3,23.1973
592,Entry long,2024-11-13 12:15:00-05:00,ORB close above 30m high,21196.0,5,211960.0,,,,,,,,
592,Exit long,2024-11-13 14:00:00-05:00,time,21257.25,5,211960.0,606.3,0.286,727.5,0.3432,267.5,0.1262,23803.6,23.8036
593,Entry long,2024-11-18 10:05:00-05:00,ORB close above 30m high,20587.5,5,205875.0,,,,,,,,
593,Exit long,2024-11-18 11:20:00-05:00,target,20708.8,5,205875.0,1206.8,0.5862,1245.0,0.6047,195.0,0.0947,25010.4,25.0104
594,Entry long,2024-11-19 10:30:00-05:00,ORB close above 30m high,20602.75,5,206027.5,,,,,,,,
594,Exit long,2024-11-19 13:35:00-05:00,target,20734.9,5,206027.5,1315.3,0.6384,1515.0,0.7353,202.5,0.0983,26325.7,26.3257
595,Entry long,2024-11-28 10:25:00-05:00,ORB close above 30m high,20900.25,5,209002.5,,,,,,,,
595,Exit long,2024-11-28 18:00:00-05:00,time,20886.5,5,209002.5,-143.7,-0.0688,92.5,0.0443,252.5,0.1208,26182.0,26.182
596,Entry long,2024-12-02 10:05:00-05:00,ORB close above 30m high,21175.25,5,211752.5,,,,,,,,
596,Exit long,2024-12-02 14:00:00-05:00,time,21212.0,5,211752.5,361.3,0.1706,842.5,0.3979,342.5,0.1617,26543.3,26.5433
597,Entry long,2024-12-03 10:05:00-05:00,ORB close above 30m high,21210.75,5,212107.5,,,,,,,,
597,Exit long,2024-12-03 14:00:00-05:00,time,21231.75,5,212107.5,203.8,0.0961,517.5,0.244,487.5,0.2298,26747.1,26.7471
598,Entry long,2024-12-04 10:15:00-05:00,ORB close above 30m high,21445.0,5,214450.0,,,,,,,,
598,Exit long,2024-12-04 14:00:00-05:00,time,21471.5,5,214450.0,258.8,0.1207,515.0,0.2401,295.0,0.1376,27005.9,27.0059
599,Entry long,2024-12-05 12:15:00-05:00,ORB close above 30m high,21560.0,5,215600.0,,,,,,,,
599,Exit long,2024-12-05 13:20:00-05:00,stop,21497.25,5,215600.0,-633.7,-0.2939,77.5,0.0359,787.5,0.3653,26372.2,26.3722
600,Entry long,2024-12-06 10:15:00-05:00,ORB close above 30m high,21624.0,5,216240.0,,,,,,,,
600,Exit long,2024-12-06 14:00:00-05:00,time,21658.0,5,216240.0,333.8,0.1544,455.0,0.2104,512.5,0.237,26706.0,26.706
601,Entry long,2024-12-10 10:10:00-05:00,ORB close above 30m high,21593.75,5,215937.5,,,,,,,,
601,Exit long,2024-12-10 10:55:00-05:00,stop,21504.75,5,215937.5,-896.2,-0.415,130.0,0.0602,972.5,0.4504,25809.8,25.8098
602,Entry long,2024-12-11 10:10:00-05:00,ORB close above 30m high,21724.25,5,217242.5,,,,,,,,
602,Exit long,2024-12-11 14:00:00-05:00,time,21792.25,5,217242.5,673.8,0.3102,872.5,0.4016,505.0,0.2325,26483.6,26.4836
603,Entry long,2024-12-12 10:30:00-05:00,ORB close above 30m high,21707.75,5,217077.5,,,,,,,,
603,Exit long,2024-12-12 14:00:00-05:00,time,21696.5,5,217077.5,-118.7,-0.0547,367.5,0.1693,387.5,0.1785,26364.9,26.3649
604,Entry long,2024-12-16 10:05:00-05:00,ORB close above 30m high,21989.75,5,219897.5,,,,,,,,
604,Exit long,2024-12-16 13:20:00-05:00,target,22120.5,5,219897.5,1301.3,0.5918,1350.0,0.6139,610.0,0.2774,27666.2,27.6662
605,Entry long,2024-12-17 11:40:00-05:00,ORB close above 30m high,22075.0,5,220750.0,,,,,,,,
605,Exit long,2024-12-17 14:00:00-05:00,time,22004.0,5,220750.0,-716.2,-0.3244,57.5,0.026,892.5,0.4043,26950.0,26.95
606,Entry long,2024-12-18 10:15:00-05:00,ORB close above 30m high,22013.25,5,220132.5,,,,,,,,
606,Exit long,2024-12-18 14:00:00-05:00,time,21991.25,5,220132.5,-226.2,-0.1028,407.5,0.1851,1052.5,0.4781,26723.8,26.7238
607,Entry long,2024-12-20 10:15:00-05:00,ORB close above 30m high,21341.75,5,213417.5,,,,,,,,
607,Exit long,2024-12-20 11:00:00-05:00,target,21595.35,5,213417.5,2529.8,1.1854,2582.5,1.2101,177.5,0.0832,29253.6,29.2536
608,Entry long,2024-12-23 11:55:00-05:00,ORB close above 30m high,21681.25,5,216812.5,,,,,,,,
608,Exit long,2024-12-23 14:00:00-05:00,time,21744.5,5,216812.5,626.3,0.2889,760.0,0.3505,387.5,0.1787,29879.9,29.8799
609,Entry long,2024-12-26 11:15:00-05:00,ORB close above 30m high,22012.5,5,220125.0,,,,,,,,
609,Exit long,2024-12-26 14:00:00-05:00,time,22016.25,5,220125.0,31.3,0.0142,625.0,0.2839,395.0,0.1794,29911.2,29.9112
610,Entry long,2024-12-30 11:40:00-05:00,ORB close above 30m high,21432.25,5,214322.5,,,,,,,,
610,Exit long,2024-12-30 14:00:00-05:00,time,21542.0,5,214322.5,1091.3,0.5092,1372.5,0.6404,190.0,0.0887,31002.5,31.0025
