Trade #,Type,Date/Time,Signal,Price USD,Position size (qty),Position size (value),Net P&L USD,Net P&L %,Run-up USD,Run-up %,Drawdown USD,Drawdown %,Cumulative P&L USD,Cumulative P&L %
1,Entry long,2021-01-05 10:05:00-05:00,ORB close above 30m high,12773.0,5,127730.0,,,,,,,,
1,Exit long,2021-01-05 14:00:00-05:00,time,12752.0,5,127730.0,-216.2,-0.1693,92.5,0.0724,847.5,0.6635,-216.2,-0.2162
2,Entry long,2021-01-06 10:15:00-05:00,ORB close above 30m high,12677.0,5,126770.0,,,,,,,,
2,Exit long,2021-01-06 14:00:00-05:00,time,12770.0,5,126770.0,923.8,0.7287,1190.0,0.9387,80.0,0.0631,707.6,0.7076
3,Entry long,2021-01-07 10:05:00-05:00,ORB close above 30m high,12871.5,5,128715.0,,,,,,,,
3,Exit long,2021-01-07 14:00:00-05:00,time,12913.0,5,128715.0,408.8,0.3176,492.5,0.3826,127.5,0.0991,1116.4,1.1164
4,Entry long,2021-01-08 12:15:00-05:00,ORB close above 30m high,13056.25,5,130562.5,,,,,,,,
4,Exit long,2021-01-08 13:20:00-05:00,stop,12985.5,5,130562.5,-713.7,-0.5466,92.5,0.0708,1045.0,0.8004,402.7,0.4027
5,Entry long,2021-01-11 10:10:00-05:00,ORB close above 30m high,12980.5,5,129805.0,,,,,,,,
5,Exit long,2021-01-11 14:00:00-05:00,time,12959.75,5,129805.0,-213.7,-0.1646,325.0,0.2504,492.5,0.3794,189.0,0.189
6,Entry long,2021-01-13 10:40:00-05:00,ORB close above 30m high,12958.5,5,129585.0,,,,,,,,
6,Exit long,2021-01-13 14:00:00-05:00,time,12978.25,5,129585.0,191.3,0.1476,377.5,0.2913,202.5,0.1563,380.3,0.3803
7,Entry long,2021-01-14 10:50:00-05:00,ORB close above 30m high,13021.25,5,130212.5,,,,,,,,
7,Exit long,2021-01-14 11:55:00-05:00,stop,12968.25,5,130212.5,-536.2,-0.4118,75.0,0.0576,535.0,0.4109,-155.9,-0.1559
8,Entry long,2021-01-19 12:40:00-05:00,ORB close above 30m high,12931.25,5,129312.5,,,,,,,,
8,Exit long,2021-01-19 14:00:00-05:00,time,12988.75,5,129312.5,568.8,0.4399,617.5,0.4775,77.5,0.0599,412.9,0.4129
9,Entry long,2021-01-20 10:10:00-05:00,ORB close above 30m high,13206.5,5,132065.0,,,,,,,,
9,Exit long,2021-01-20 14:00:00-05:00,time,13280.25,5,132065.0,731.3,0.5537,877.5,0.6644,12.5,0.0095,1144.2,1.1442
10,Entry long,2021-01-21 10:15:00-05:00,ORB close above 30m high,13364.75,5,133647.5,,,,,,,,
10,Exit long,2021-01-21 14:00:00-05:00,time,13364.75,5,133647.5,-6.2,-0.0046,280.0,0.2095,487.5,0.3648,1138.0,1.138
11,Entry long,2021-01-26 10:50:00-05:00,ORB close above 30m high,13514.25,5,135142.5,,,,,,,,
11,Exit long,2021-01-26 14:00:00-05:00,time,13500.0,5,135142.5,-148.7,-0.11,187.5,0.1387,590.0,0.4366,989.3,0.9893
12,Entry long,2021-01-28 10:20:00-05:00,ORB close above 30m high,13267.25,5,132672.5,,,,,,,,
12,Exit long,2021-01-28 14:00:00-05:00,time,13376.75,5,132672.5,1088.8,0.8207,1267.5,0.9554,632.5,0.4767,2078.1,2.0781
13,Entry long,2021-01-29 10:25:00-05:00,ORB close above 30m high,13147.5,5,131475.0,,,,,,,,
13,Exit long,2021-01-29 11:20:00-05:00,stop,12998.0,5,131475.0,-1501.2,-1.1418,95.0,0.0723,1587.5,1.2075,576.9,0.5769
14,Entry long,2021-02-01 10:45:00-05:00,ORB close above 30m high,13116.25,5,131162.5,,,,,,,,
14,Exit long,2021-02-01 14:00:00-05:00,time,13261.25,5,131162.5,1443.8,1.1008,1555.0,1.1856,750.0,0.5718,2020.7,2.0207
15,Entry long,2021-02-02 10:20:00-05:00,ORB close above 30m high,13434.5,5,134345.0,,,,,,,,
15,Exit long,2021-02-02 14:00:00-05:00,time,13471.5,5,134345.0,363.8,0.2708,510.0,0.3796,517.5,0.3852,2384.5,2.3845
16,Entry long,2021-02-04 13:05:00-05:00,ORB close above 30m high,13487.0,5,134870.0,,,,,,,,
16,Exit long,2021-02-04 14:00:00-05:00,time,13495.0,5,134870.0,73.8,0.0547,175.0,0.1298,55.0,0.0408,2458.3,2.4583
17,Entry long,2021-02-05 12:20:00-05:00,ORB close above 30m high,13596.25,5,135962.5,,,,,,,,
17,Exit long,2021-02-05 14:00:00-05:00,time,13588.0,5,135962.5,-88.7,-0.0652,422.5,0.3107,170.0,0.125,2369.6,2.3696
18,Entry long,2021-02-08 10:05:00-05:00,ORB close above 30m high,13675.0,5,136750.0,,,,,,,,
18,Exit long,2021-02-08 11:25:00-05:00,stop,13632.25,5,136750.0,-433.7,-0.3171,175.0,0.128,437.5,0.3199,1935.9,1.9359
19,Entry long,2021-02-09 10:10:00-05:00,ORB close above 30m high,13713.75,5,137137.5,,,,,,,,
19,Exit long,2021-02-09 14:00:00-05:00,time,13671.5,5,137137.5,-428.7,-0.3126,215.0,0.1568,517.5,0.3774,1507.2,1.5072
20,Entry long,2021-02-12 10:15:00-05:00,ORB close above 30m high,13707.25,5,137072.5,,,,,,,,
20,Exit long,2021-02-12 14:00:00-05:00,time,13721.5,5,137072.5,136.3,0.0994,475.0,0.3465,430.0,0.3137,1643.5,1.6435
21,Entry long,2021-02-15 11:00:00-05:00,ORB close above 30m high,13863.0,5,138630.0,,,,,,,,
21,Exit long,2021-02-15 18:00:00-05:00,time,13871.75,5,138630.0,81.3,0.0586,162.5,0.1172,92.5,0.0667,1724.8,1.7248
22,Entry long,2021-02-16 10:40:00-05:00,ORB close above 30m high,13871.0,5,138710.0,,,,,,,,
22,Exit long,2021-02-16 11:05:00-05:00,stop,13811.25,5,138710.0,-603.7,-0.4352,25.0,0.018,697.5,0.5028,1121.1,1.1211
23,Entry long,2021-02-18 13:25:00-05:00,ORB close above 30m high,13596.0,5,135960.0,,,,,,,,
23,Exit long,2021-02-18 14:00:00-05:00,time,13600.25,5,135960.0,36.3,0.0267,292.5,0.2151,45.0,0.0331,1157.4,1.1574
24,Entry long,2021-02-23 10:30:00-05:00,ORB close above 30m high,13025.25,5,130252.5,,,,,,,,
24,Exit long,2021-02-23 14:00:00-05:00,time,13045.5,5,130252.5,196.3,0.1507,940.0,0.7217,1405.0,1.0787,1353.7,1.3537
25,Entry long,2021-02-24 11:15:00-05:00,ORB close above 30m high,13143.25,5,131432.5,,,,,,,,
25,Exit long,2021-02-24 14:00:00-05:00,time,13252.5,5,131432.5,1086.3,0.8265,1237.5,0.9415,17.5,0.0133,2440.0,2.44
26,Entry long,2021-02-26 12:10:00-05:00,ORB close above 30m high,13052.25,5,130522.5,,,,,,,,
26,Exit long,2021-02-26 14:00:00-05:00,time,12955.25,5,130522.5,-976.2,-0.7479,375.0,0.2873,1195.0,0.9156,1463.8,1.4638
27,Entry long,2021-03-01 10:20:00-05:00,ORB close above 30m high,13132.0,5,131320.0,,,,,,,,
27,Exit long,2021-03-01 14:00:00-05:00,time,13208.0,5,131320.0,753.8,0.574,975.0,0.7425,55.0,0.0419,2217.6,2.2176
28,Entry long,2021-03-04 11:45:00-05:00,ORB close above 30m high,12783.0,5,127830.0,,,,,,,,
28,Exit long,2021-03-04 12:25:00-05:00,stop,12568.5,5,127830.0,-2151.2,-1.6829,140.0,0.1095,2220.0,1.7367,66.4,0.0664
29,Entry long,2021-03-08 10:35:00-05:00,ORB close above 30m high,12708.25,5,127082.5,,,,,,,,
29,Exit long,2021-03-08 11:50:00-05:00,stop,12526.25,5,127082.5,-1826.2,-1.437,70.0,0.0551,1882.5,1.4813,-1759.8,-1.7598
30,Entry long,2021-03-09 10:05:00-05:00,ORB close above 30m high,12724.75,5,127247.5,,,,,,,,
30,Exit long,2021-03-09 14:00:00-05:00,time,12854.25,5,127247.5,1288.8,1.0128,1335.0,1.0491,410.0,0.3222,-471.0,-0.471
31,Entry long,2021-03-11 10:50:00-05:00,ORB close above 30m high,13009.5,5,130095.0,,,,,,,,
31,Exit long,2021-03-11 14:00:00-05:00,time,13074.25,5,130095.0,641.3,0.4929,1100.0,0.8455,165.0,0.1268,170.3,0.1703
32,Entry long,2021-03-12 12:30:00-05:00,ORB close above 30m high,12903.25,5,129032.5,,,,,,,,
32,Exit long,2021-03-12 14:00:00-05:00,time,12882.5,5,129032.5,-213.7,-0.1656,230.0,0.1782,487.5,0.3778,-43.4,-0.0434
33,Entry long,2021-03-15 10:15:00-04:00,ORB close above 30m high,12987.5,5,129875.0,,,,,,,,
33,Exit long,2021-03-15 11:30:00-04:00,stop,12896.25,5,129875.0,-918.7,-0.7074,12.5,0.0096,920.0,0.7084,-962.1,-0.9621
34,Entry long,2021-03-16 10:05:00-04:00,ORB close above 30m high,13245.0,5,132450.0,,,,,,,,
34,Exit long,2021-03-16 14:00:00-04:00,time,13189.75,5,132450.0,-558.7,-0.4218,517.5,0.3907,740.0,0.5587,-1520.8,-1.5208
35,Entry long,2021-03-17 10:20:00-04:00,ORB close above 30m high,13066.75,5,130667.5,,,,,,,,
35,Exit long,2021-03-17 14:00:00-04:00,time,12995.0,5,130667.5,-723.7,-0.5538,482.5,0.3693,1280.0,0.9796,-2244.5,-2.2445
36,Entry long,2021-03-19 11:05:00-04:00,ORB close above 30m high,12841.5,5,128415.0,,,,,,,,
36,Exit long,2021-03-19 14:00:00-04:00,time,12869.25,5,128415.0,271.3,0.2113,497.5,0.3874,837.5,0.6522,-1973.2,-1.9732
37,Entry long,2021-03-22 10:35:00-04:00,ORB close above 30m high,13026.0,5,130260.0,,,,,,,,
37,Exit long,2021-03-22 14:00:00-04:00,time,13138.75,5,130260.0,1121.3,0.8608,1310.0,1.0057,140.0,0.1075,-851.9,-0.8519
38,Entry long,2021-03-23 10:15:00-04:00,ORB close above 30m high,13122.75,5,131227.5,,,,,,,,
38,Exit long,2021-03-23 14:00:00-04:00,time,13080.75,5,131227.5,-426.2,-0.3248,492.5,0.3753,717.5,0.5468,-1278.1,-1.2781
39,Entry long,2021-03-25 10:05:00-04:00,ORB close above 30m high,12823.0,5,128230.0,,,,,,,,
39,Exit long,2021-03-25 10:45:00-04:00,stop,12688.0,5,128230.0,-1356.2,-1.0576,140.0,0.1092,1487.5,1.16,-2634.3,-2.6343
40,Entry long,2021-03-26 10:05:00-04:00,ORB close above 30m high,12850.5,5,128505.0,,,,,,,,
40,Exit long,2021-03-26 14:00:00-04:00,time,12798.75,5,128505.0,-523.7,-0.4075,217.5,0.1693,925.0,0.7198,-3158.0,-3.158
41,Entry long,2021-03-29 13:05:00-04:00,ORB close above 30m high,12986.5,5,129865.0,,,,,,,,
41,Exit long,2021-03-29 14:00:00-04:00,time,12953.5,5,129865.0,-336.2,-0.2589,162.5,0.1251,520.0,0.4004,-3494.2,-3.4942
42,Entry long,2021-03-30 11:35:00-04:00,ORB close above 30m high,12895.25,5,128952.5,,,,,,,,
42,Exit long,2021-03-30 14:00:00-04:00,time,12851.5,5,128952.5,-443.7,-0.3441,210.0,0.1629,700.0,0.5428,-3937.9,-3.9379
43,Entry long,2021-03-31 10:05:00-04:00,ORB close above 30m high,13067.5,5,130675.0,,,,,,,,
43,Exit long,2021-03-31 14:00:00-04:00,time,13124.75,5,130675.0,566.3,0.4334,850.0,0.6505,27.5,0.021,-3371.6,-3.3716
44,Entry long,2021-04-01 10:10:00-04:00,ORB close above 30m high,13306.25,5,133062.5,,,,,,,,
44,Exit long,2021-04-01 14:00:00-04:00,time,13281.5,5,133062.5,-253.7,-0.1907,152.5,0.1146,462.5,0.3476,-3625.3,-3.6253
45,Entry long,2021-04-05 10:10:00-04:00,ORB close above 30m high,13490.75,5,134907.5,,,,,,,,
45,Exit long,2021-04-05 14:00:00-04:00,time,13598.5,5,134907.5,1071.3,0.7941,1175.0,0.871,52.5,0.0389,-2554.0,-2.554
46,Entry long,2021-04-06 10:05:00-04:00,ORB close above 30m high,13605.0,5,136050.0,,,,,,,,
46,Exit long,2021-04-06 14:00:00-04:00,time,13592.75,5,136050.0,-128.7,-0.0946,492.5,0.362,590.0,0.4337,-2682.7,-2.6827
47,Entry long,2021-04-07 10:05:00-04:00,ORB close above 30m high,13593.0,5,135930.0,,,,,,,,
47,Exit long,2021-04-07 14:00:00-04:00,time,13598.25,5,135930.0,46.3,0.0341,380.0,0.2796,332.5,0.2446,-2636.4,-2.6364
48,Entry long,2021-04-09 10:05:00-04:00,ORB close above 30m high,13732.5,5,137325.0,,,,,,,,
48,Exit long,2021-04-09 14:00:00-04:00,time,13781.25,5,137325.0,481.3,0.3505,587.5,0.4278,377.5,0.2749,-2155.1,-2.1551
49,Entry long,2021-04-12 12:35:00-04:00,ORB close above 30m high,13814.0,5,138140.0,,,,,,,,
49,Exit long,2021-04-12 14:00:00-04:00,time,13782.5,5,138140.0,-321.2,-0.2325,147.5,0.1068,362.5,0.2624,-2476.3,-2.4763
50,Entry long,2021-04-15 10:30:00-04:00,ORB close above 30m high,13989.25,5,139892.5,,,,,,,,
50,Exit long,2021-04-15 14:00:00-04:00,time,14013.75,5,139892.5,238.8,0.1707,327.5,0.2341,460.0,0.3288,-2237.5,-2.2375
51,Entry long,2021-04-21 10:30:00-04:00,ORB close above 30m high,13816.0,5,138160.0,,,,,,,,
51,Exit long,2021-04-21 14:00:00-04:00,time,13859.25,5,138160.0,426.3,0.3086,607.5,0.4397,477.5,0.3456,-1811.2,-1.8112
52,Entry long,2021-04-22 10:35:00-04:00,ORB close above 30m high,13931.0,5,139310.0,,,,,,,,
52,Exit long,2021-04-22 13:10:00-04:00,stop,13855.0,5,139310.0,-766.2,-0.55,130.0,0.0933,1070.0,0.7681,-2577.4,-2.5774
53,Entry long,2021-04-23 10:05:00-04:00,ORB close above 30m high,13838.0,5,138380.0,,,,,,,,
53,Exit long,2021-04-23 12:45:00-04:00,target,13943.58,5,138380.0,1049.55,0.7585,1155.0,0.8347,130.0,0.0939,-1527.85,-1.5278
54,Entry long,2021-04-26 10:10:00-04:00,ORB close above 30m high,13952.5,5,139525.0,,,,,,,,
54,Exit long,2021-04-26 14:00:00-04:00,time,13993.0,5,139525.0,398.8,0.2858,482.5,0.3458,87.5,0.0627,-1129.05,-1.129
55,Entry long,2021-04-30 10:25:00-04:00,ORB close above 30m high,13923.5,5,139235.0,,,,,,,,
55,Exit long,2021-04-30 13:50:00-04:00,stop,13840.0,5,139235.0,-841.2,-0.6042,335.0,0.2406,895.0,0.6428,-1970.25,-1.9702
56,Entry long,2021-05-03 10:15:00-04:00,ORB close above 30m high,13929.75,5,139297.5,,,,,,,,
56,Exit long,2021-05-03 10:50:00-04:00,stop,13850.75,5,139297.5,-796.2,-0.5716,177.5,0.1274,905.0,0.6497,-2766.45,-2.7664
57,Entry long,2021-05-06 11:35:00-04:00,ORB close above 30m high,13523.75,5,135237.5,,,,,,,,
57,Exit long,2021-05-06 14:00:00-04:00,time,13492.0,5,135237.5,-323.7,-0.2394,675.0,0.4991,352.5,0.2607,-3090.15,-3.0901
58,Entry long,2021-05-07 10:10:00-04:00,ORB close above 30m high,13764.5,5,137645.0,,,,,,,,
58,Exit long,2021-05-07 14:00:00-04:00,time,13681.0,5,137645.0,-841.2,-0.6111,460.0,0.3342,1025.0,0.7447,-3931.35,-3.9313
59,Entry long,2021-05-11 11:20:00-04:00,ORB close above 30m high,13272.25,5,132722.5,,,,,,,,
59,Exit long,2021-05-11 14:00:00-04:00,time,13335.0,5,132722.5,621.3,0.4681,975.0,0.7346,245.0,0.1846,-3310.05,-3.31
60,Entry long,2021-05-13 10:05:00-04:00,ORB close above 30m high,13189.25,5,131892.5,,,,,,,,
60,Exit long,2021-05-13 11:40:00-04:00,stop,13085.75,5,131892.5,-1041.2,-0.7894,357.5,0.2711,1255.0,0.9515,-4351.25,-4.3512
61,Entry long,2021-05-14 10:15:00-04:00,ORB close above 30m high,13287.0,5,132870.0,,,,,,,,
61,Exit long,2021-05-14 14:00:00-04:00,time,13368.75,5,132870.0,811.3,0.6106,865.0,0.651,120.0,0.0903,-3539.95,-3.5399
62,Entry long,2021-05-18 10:30:00-04:00,ORB close above 30m high,13382.75,5,133827.5,,,,,,,,
62,Exit long,2021-05-18 14:00:00-04:00,time,13331.0,5,133827.5,-523.7,-0.3913,137.5,0.1027,645.0,0.482,-4063.65,-4.0636
63,Entry long,2021-05-19 10:30:00-04:00,ORB close above 30m high,13092.0,5,130920.0,,,,,,,,
63,Exit long,2021-05-19 14:00:00-04:00,time,13164.25,5,130920.0,716.3,0.5471,1057.5,0.8077,480.0,0.3666,-3347.35,-3.3473
64,Entry long,2021-05-20 10:05:00-04:00,ORB close above 30m high,13406.5,5,134065.0,,,,,,,,
64,Exit long,2021-05-20 14:00:00-04:00,time,13479.5,5,134065.0,723.8,0.5399,975.0,0.7273,97.5,0.0727,-2623.55,-2.6235
65,Entry long,2021-05-24 10:05:00-04:00,ORB close above 30m high,13590.0,5,135900.0,,,,,,,,
65,Exit long,2021-05-24 14:00:00-04:00,time,13657.25,5,135900.0,666.3,0.4903,755.0,0.5556,57.5,0.0423,-1957.25,-1.9572
66,Entry long,2021-05-26 11:10:00-04:00,ORB close above 30m high,13711.75,5,137117.5,,,,,,,,
66,Exit long,2021-05-26 14:00:00-04:00,time,13686.25,5,137117.5,-261.2,-0.1905,132.5,0.0966,360.0,0.2625,-2218.45,-2.2184
67,Entry long,2021-05-27 10:20:00-04:00,ORB close above 30m high,13699.25,5,136992.5,,,,,,,,
67,Exit long,2021-05-27 14:00:00-04:00,time,13686.5,5,136992.5,-133.7,-0.0976,215.0,0.1569,277.5,0.2026,-2352.15,-2.3521
68,Entry long,2021-05-28 11:45:00-04:00,ORB close above 30m high,13745.5,5,137455.0,,,,,,,,
68,Exit long,2021-05-28 14:00:00-04:00,time,13716.25,5,137455.0,-298.7,-0.2173,177.5,0.1291,395.0,0.2874,-2650.85,-2.6508
69,Entry long,2021-06-03 11:00:00-04:00,ORB close above 30m high,13579.25,5,135792.5,,,,,,,,
69,Exit long,2021-06-03 14:00:00-04:00,time,13566.0,5,135792.5,-138.7,-0.1021,305.0,0.2246,527.5,0.3885,-2789.55,-2.7895
70,Entry long,2021-06-04 10:05:00-04:00,ORB close above 30m high,13733.0,5,137330.0,,,,,,,,
70,Exit long,2021-06-04 14:00:00-04:00,time,13774.5,5,137330.0,408.8,0.2977,460.0,0.335,122.5,0.0892,-2380.75,-2.3807
71,Entry long,2021-06-14 12:05:00-04:00,ORB close above 30m high,14041.25,5,140412.5,,,,,,,,
71,Exit long,2021-06-14 14:00:00-04:00,time,14059.0,5,140412.5,171.3,0.122,232.5,0.1656,82.5,0.0588,-2209.45,-2.2094
72,Entry long,2021-06-16 10:15:00-04:00,ORB close above 30m high,14089.5,5,140895.0,,,,,,,,
72,Exit long,2021-06-16 11:05:00-04:00,stop,14042.25,5,140895.0,-478.7,-0.3398,60.0,0.0426,485.0,0.3442,-2688.15,-2.6881
73,Entry long,2021-06-17 10:05:00-04:00,ORB close above 30m high,14040.75,5,140407.5,,,,,,,,
73,Exit long,2021-06-17 14:00:00-04:00,time,14166.25,5,140407.5,1248.8,0.8894,1505.0,1.0719,250.0,0.1781,-1439.35,-1.4393
74,Entry long,2021-06-21 10:40:00-04:00,ORB close above 30m high,14081.75,5,140817.5,,,,,,,,
74,Exit long,2021-06-21 14:00:00-04:00,time,14133.5,5,140817.5,511.3,0.3631,622.5,0.4421,22.5,0.016,-928.05,-0.928
75,Entry long,2021-06-22 11:10:00-04:00,ORB close above 30m high,14187.75,5,141877.5,,,,,,,,
75,Exit long,2021-06-22 14:00:00-04:00,time,14221.25,5,141877.5,328.8,0.2317,452.5,0.3189,7.5,0.0053,-599.25,-0.5992
76,Entry long,2021-06-24 10:10:00-04:00,ORB close above 30m high,14387.25,5,143872.5,,,,,,,,
76,Exit long,2021-06-24 13:20:00-04:00,stop,14343.75,5,143872.5,-441.2,-0.3067,347.5,0.2415,450.0,0.3128,-1040.45,-1.0404
77,Entry long,2021-06-28 10:10:00-04:00,ORB close above 30m high,14467.5,5,144675.0,,,,,,,,
77,Exit long,2021-06-28 14:00:00-04:00,time,14463.0,5,144675.0,-51.2,-0.0354,275.0,0.1901,125.0,0.0864,-1091.65,-1.0916
78,Entry long,2021-06-29 12:20:00-04:00,ORB close above 30m high,14533.75,5,145337.5,,,,,,,,
78,Exit long,2021-06-29 14:00:00-04:00,time,14551.0,5,145337.5,166.3,0.1144,207.5,0.1428,37.5,0.0258,-925.35,-0.9253
79,Entry long,2021-07-02 11:55:00-04:00,ORB close above 30m high,14670.5,5,146705.0,,,,,,,,
79,Exit long,2021-07-02 14:00:00-04:00,time,14690.25,5,146705.0,191.3,0.1304,235.0,0.1602,150.0,0.1022,-734.05,-0.734
80,Entry long,2021-07-06 10:10:00-04:00,ORB close above 30m high,14786.25,5,147862.5,,,,,,,,
80,Exit long,2021-07-06 10:30:00-04:00,stop,14738.5,5,147862.5,-483.7,-0.3271,35.0,0.0237,610.0,0.4125,-1217.75,-1.2177
81,Entry long,2021-07-08 10:30:00-04:00,ORB close above 30m high,14644.75,5,146447.5,,,,,,,,
81,Exit long,2021-07-08 14:00:00-04:00,time,14733.75,5,146447.5,883.8,0.6035,1117.5,0.7631,790.0,0.5394,-333.95,-0.3339
82,Entry long,2021-07-09 10:25:00-04:00,ORB close above 30m high,14728.25,5,147282.5,,,,,,,,
82,Exit long,2021-07-09 12:45:00-04:00,target,14830.0,5,147282.5,1011.3,0.6866,1037.5,0.7044,247.5,0.168,677.35,0.6774
83,Entry long,2021-07-13 10:05:00-04:00,ORB close above 30m high,14927.5,5,149275.0,,,,,,,,
83,Exit long,2021-07-13 14:00:00-04:00,time,14885.25,5,149275.0,-428.7,-0.2872,670.0,0.4488,937.5,0.628,248.65,0.2487
84,Entry long,2021-07-14 10:05:00-04:00,ORB close above 30m high,14992.5,5,149925.0,,,,,,,,
84,Exit long,2021-07-14 11:25:00-04:00,stop,14934.5,5,149925.0,-586.2,-0.391,22.5,0.015,847.5,0.5653,-337.55,-0.3375
85,Entry long,2021-07-20 10:25:00-04:00,ORB close above 30m high,14608.5,5,146085.0,,,,,,,,
85,Exit long,2021-07-20 14:00:00-04:00,time,14723.5,5,146085.0,1143.8,0.783,1362.5,0.9327,272.5,0.1865,806.25,0.8063
86,Entry long,2021-07-21 10:25:00-04:00,ORB close above 30m high,14761.5,5,147615.0,,,,,,,,
86,Exit long,2021-07-21 14:00:00-04:00,time,14779.0,5,147615.0,168.8,0.1144,277.5,0.188,262.5,0.1778,975.05,0.9751
87,Entry long,2021-07-22 10:30:00-04:00,ORB close above 30m high,14904.75,5,149047.5,,,,,,,,
87,Exit long,2021-07-22 14:00:00-04:00,time,14905.5,5,149047.5,1.3,0.0009,185.0,0.1241,542.5,0.364,976.35,0.9764
88,Entry long,2021-07-23 10:20:00-04:00,ORB close above 30m high,14997.75,5,149977.5,,,,,,,,
88,Exit long,2021-07-23 13:20:00-04:00,target,15105.45,5,149977.5,1070.8,0.714,1120.0,0.7468,140.0,0.0933,2047.15,2.0472
89,Entry long,2021-07-26 10:05:00-04:00,ORB close above 30m high,15112.75,5,151127.5,,,,,,,,
89,Exit long,2021-07-26 14:00:00-04:00,time,15105.0,5,151127.5,-83.7,-0.0554,215.0,0.1423,305.0,0.2018,1963.45,1.9635
90,Entry long,2021-07-28 10:20:00-04:00,ORB close above 30m high,15054.25,5,150542.5,,,,,,,,
90,Exit long,2021-07-28 14:00:00-04:00,time,14972.75,5,150542.5,-821.2,-0.5455,205.0,0.1362,1325.0,0.8802,1142.25,1.1423
91,Entry long,2021-07-30 10:05:00-04:00,ORB close above 30m high,14977.0,5,149770.0,,,,,,,,
91,Exit long,2021-07-30 14:00:00-04:00,time,14964.5,5,149770.0,-131.2,-0.0876,22.5,0.015,667.5,0.4457,1011.05,1.0111
92,Entry long,2021-08-02 11:25:00-04:00,ORB close above 30m high,15045.75,5,150457.5,,,,,,,,
92,Exit long,2021-08-02 14:00:00-04:00,time,14985.5,5,150457.5,-608.7,-0.4046,55.0,0.0366,845.0,0.5616,402.35,0.4024
93,Entry long,2021-08-03 12:00:00-04:00,ORB close above 30m high,15011.0,5,150110.0,,,,,,,,
93,Exit long,2021-08-03 14:00:00-04:00,time,15019.5,5,150110.0,78.8,0.0525,257.5,0.1715,312.5,0.2082,481.15,0.4812
94,Entry long,2021-08-04 13:05:00-04:00,ORB close above 30m high,15075.25,5,150752.5,,,,,,,,
94,Exit long,2021-08-04 14:00:00-04:00,time,15074.75,5,150752.5,-11.2,-0.0074,277.5,0.1841,55.0,0.0365,469.95,0.47
95,Entry long,2021-08-05 10:20:00-04:00,ORB close above 30m high,15131.0,5,151310.0,,,,,,,,
95,Exit long,2021-08-05 14:00:00-04:00,time,15154.75,5,151310.0,231.3,0.1529,355.0,0.2346,280.0,0.1851,701.25,0.7013
96,Entry long,2021-08-12 10:20:00-04:00,ORB close above 30m high,15008.25,5,150082.5,,,,,,,,
96,Exit long,2021-08-12 14:00:00-04:00,time,15052.0,5,150082.5,431.3,0.2874,652.5,0.4348,42.5,0.0283,1132.55,1.1326
97,Entry long,2021-08-13 10:20:00-04:00,ORB close above 30m high,15133.75,5,151337.5,,,,,,,,
97,Exit long,2021-08-13 14:00:00-04:00,time,15115.5,5,151337.5,-188.7,-0.1247,77.5,0.0512,415.0,0.2742,943.85,0.9439
98,Entry long,2021-08-17 10:45:00-04:00,ORB close above 30m high,15050.0,5,150500.0,,,,,,,,
98,Exit long,2021-08-17 11:55:00-04:00,stop,14954.5,5,150500.0,-961.2,-0.6387,77.5,0.0515,1122.5,0.7458,-17.35,-0.0173
99,Entry long,2021-08-19 10:10:00-04:00,ORB close above 30m high,14846.75,5,148467.5,,,,,,,,
99,Exit long,2021-08-19 11:55:00-04:00,target,14988.02,5,148467.5,1406.55,0.9474,1417.5,0.9548,232.5,0.1566,1389.2,1.3892
100,Entry long,2021-08-20 10:05:00-04:00,ORB close above 30m high,15059.5,5,150595.0,,,,,,,,
100,Exit long,2021-08-20 14:00:00-04:00,time,15053.75,5,150595.0,-63.7,-0.0423,385.0,0.2557,577.5,0.3835,1325.5,1.3255
101,Entry long,2021-08-23 10:05:00-04:00,ORB close above 30m high,15230.25,5,152302.5,,,,,,,,
101,Exit long,2021-08-23 14:00:00-04:00,time,15314.25,5,152302.5,833.8,0.5475,970.0,0.6369,80.0,0.0525,2159.3,2.1593
102,Entry long,2021-08-24 10:10:00-04:00,ORB close above 30m high,15361.25,5,153612.5,,,,,,,,
102,Exit long,2021-08-24 14:00:00-04:00,time,15347.25,5,153612.5,-146.2,-0.0952,190.0,0.1237,310.0,0.2018,2013.1,2.0131
103,Entry long,2021-08-27 10:05:00-04:00,ORB close above 30m high,15361.75,5,153617.5,,,,,,,,
103,Exit long,2021-08-27 14:00:00-04:00,time,15434.0,5,153617.5,716.3,0.4663,772.5,0.5029,205.0,0.1334,2729.4,2.7294
104,Entry long,2021-08-30 10:05:00-04:00,ORB close above 30m high,15545.5,5,155455.0,,,,,,,,
104,Exit long,2021-08-30 14:00:00-04:00,time,15612.25,5,155455.0,661.3,0.4254,692.5,0.4455,80.0,0.0515,3390.7,3.3907
105,Entry long,2021-09-03 10:05:00-04:00,ORB close above 30m high,15661.5,5,156615.0,,,,,,,,
105,Exit long,2021-09-03 14:00:00-04:00,time,15656.5,5,156615.0,-56.2,-0.0359,72.5,0.0463,570.0,0.3639,3334.5,3.3345
106,Entry long,2021-09-06 10:05:00-04:00,ORB close above 30m high,15706.25,5,157062.5,,,,,,,,
106,Exit long,2021-09-06 18:00:00-04:00,time,15700.75,5,157062.5,-61.2,-0.039,12.5,0.008,127.5,0.0812,3273.3,3.2733
107,Entry long,2021-09-07 10:55:00-04:00,ORB close above 30m high,15673.5,5,156735.0,,,,,,,,
107,Exit long,2021-09-07 14:00:00-04:00,time,15691.75,5,156735.0,176.3,0.1125,280.0,0.1786,412.5,0.2632,3449.6,3.4496
108,Entry long,2021-09-15 13:00:00-04:00,ORB close above 30m high,15439.5,5,154395.0,,,,,,,,
108,Exit long,2021-09-15 14:00:00-04:00,time,15452.5,5,154395.0,123.8,0.0802,285.0,0.1846,50.0,0.0324,3573.4,3.5734
109,Entry long,2021-09-22 10:05:00-04:00,ORB close above 30m high,15094.0,5,150940.0,,,,,,,,
109,Exit long,2021-09-22 14:00:00-04:00,time,15134.0,5,150940.0,393.8,0.2609,1097.5,0.7271,105.0,0.0696,3967.2,3.9672
110,Entry long,2021-09-23 10:05:00-04:00,ORB close above 30m high,15319.0,5,153190.0,,,,,,,,
110,Exit long,2021-09-23 14:00:00-04:00,time,15344.75,5,153190.0,251.3,0.164,277.5,0.1811,532.5,0.3476,4218.5,4.2185
111,Entry long,2021-09-24 10:05:00-04:00,ORB close above 30m high,15257.25,5,152572.5,,,,,,,,
111,Exit long,2021-09-24 14:00:00-04:00,time,15261.25,5,152572.5,33.8,0.0222,387.5,0.254,522.5,0.3425,4252.3,4.2523
112,Entry long,2021-09-27 11:05:00-04:00,ORB close above 30m high,15221.5,5,152215.0,,,,,,,,
112,Exit long,2021-09-27 14:00:00-04:00,time,15199.75,5,152215.0,-223.7,-0.147,15.0,0.0099,1015.0,0.6668,4028.6,4.0286
113,Entry long,2021-10-01 13:50:00-04:00,ORB close above 30m high,14740.5,5,147405.0,,,,,,,,
113,Exit long,2021-10-01 14:00:00-04:00,time,14717.75,5,147405.0,-233.7,-0.1585,12.5,0.0085,285.0,0.1933,3794.9,3.7949
114,Entry long,2021-10-05 10:05:00-04:00,ORB close above 30m high,14606.5,5,146065.0,,,,,,,,
114,Exit long,2021-10-05 14:00:00-04:00,time,14739.25,5,146065.0,1321.3,0.9046,1465.0,1.003,135.0,0.0924,5116.2,5.1162
115,Entry long,2021-10-06 10:25:00-04:00,ORB close above 30m high,14658.5,5,146585.0,,,,,,,,
115,Exit long,2021-10-06 14:00:00-04:00,time,14691.5,5,146585.0,323.8,0.2209,510.0,0.3479,910.0,0.6208,5440.0,5.44
116,Entry long,2021-10-07 10:05:00-04:00,ORB close above 30m high,14971.25,5,149712.5,,,,,,,,
116,Exit long,2021-10-07 14:00:00-04:00,time,14962.25,5,149712.5,-96.2,-0.0643,300.0,0.2004,345.0,0.2304,5343.8,5.3438
117,Entry long,2021-10-11 10:05:00-04:00,ORB close above 30m high,14868.0,5,148680.0,,,,,,,,
117,Exit long,2021-10-11 14:00:00-04:00,time,14782.25,5,148680.0,-863.7,-0.5809,287.5,0.1934,1100.0,0.7398,4480.1,4.4801
118,Entry long,2021-10-14 10:05:00-04:00,ORB close above 30m high,14973.5,5,149735.0,,,,,,,,
118,Exit long,2021-10-14 14:00:00-04:00,time,15034.75,5,149735.0,606.3,0.4049,705.0,0.4708,80.0,0.0534,5086.4,5.0864
119,Entry long,2021-10-15 11:00:00-04:00,ORB close above 30m high,15110.75,5,151107.5,,,,,,,,
119,Exit long,2021-10-15 14:00:00-04:00,time,15099.0,5,151107.5,-123.7,-0.0819,102.5,0.0678,522.5,0.3458,4962.7,4.9627
120,Entry long,2021-10-18 10:10:00-04:00,ORB close above 30m high,15153.5,5,151535.0,,,,,,,,
120,Exit long,2021-10-18 14:00:00-04:00,time,15246.75,5,151535.0,926.3,0.6113,1007.5,0.6649,277.5,0.1831,5889.0,5.889
121,Entry long,2021-10-19 10:30:00-04:00,ORB close above 30m high,15359.5,5,153595.0,,,,,,,,
121,Exit long,2021-10-19 14:00:00-04:00,time,15394.25,5,153595.0,341.3,0.2222,375.0,0.2441,317.5,0.2067,6230.3,6.2303
122,Entry long,2021-10-20 10:35:00-04:00,ORB close above 30m high,15445.25,5,154452.5,,,,,,,,
122,Exit long,2021-10-20 11:00:00-04:00,stop,15396.5,5,154452.5,-493.7,-0.3196,2.5,0.0016,620.0,0.4014,5736.6,5.7366
123,Entry long,2021-10-21 10:10:00-04:00,ORB close above 30m high,15399.75,5,153997.5,,,,,,,,
123,Exit long,2021-10-21 14:00:00-04:00,time,15416.5,5,153997.5,161.3,0.1047,460.0,0.2987,112.5,0.0731,5897.9,5.8979
124,Entry long,2021-10-22 10:30:00-04:00,ORB close above 30m high,15463.0,5,154630.0,,,,,,,,
124,Exit long,2021-10-22 11:15:00-04:00,stop,15385.25,5,154630.0,-783.7,-0.5068,7.5,0.0049,1150.0,0.7437,5114.2,5.1142
125,Entry long,2021-10-25 12:00:00-04:00,ORB close above 30m high,15436.75,5,154367.5,,,,,,,,
125,Exit long,2021-10-25 14:00:00-04:00,time,15490.5,5,154367.5,531.3,0.3442,700.0,0.4535,27.5,0.0178,5645.5,5.6455
126,Entry long,2021-10-26 10:15:00-04:00,ORB close above 30m high,15674.75,5,156747.5,,,,,,,,
126,Exit long,2021-10-26 12:00:00-04:00,stop,15580.0,5,156747.5,-953.7,-0.6084,262.5,0.1675,1052.5,0.6715,4691.8,4.6918
127,Entry long,2021-10-27 10:55:00-04:00,ORB close above 30m high,15649.25,5,156492.5,,,,,,,,
127,Exit long,2021-10-27 14:00:00-04:00,time,15710.25,5,156492.5,603.8,0.3858,680.0,0.4345,365.0,0.2332,5295.6,5.2956
128,Entry long,2021-10-28 10:30:00-04:00,ORB close above 30m high,15699.25,5,156992.5,,,,,,,,
128,Exit long,2021-10-28 14:00:00-04:00,time,15729.5,5,156992.5,296.3,0.1887,545.0,0.3472,120.0,0.0764,5591.9,5.5919
129,Entry long,2021-10-29 11:10:00-04:00,ORB close above 30m high,15708.25,5,157082.5,,,,,,,,
129,Exit long,2021-10-29 14:00:00-04:00,time,15783.25,5,157082.5,743.8,0.4735,1005.0,0.6398,7.5,0.0048,6335.7,6.3357
130,Entry long,2021-11-02 11:45:00-04:00,ORB close above 30m high,15972.0,5,159720.0,,,,,,,,
130,Exit long,2021-11-02 14:00:00-04:00,time,15937.75,5,159720.0,-348.7,-0.2183,82.5,0.0517,597.5,0.3741,5987.0,5.987
131,Entry long,2021-11-04 10:05:00-04:00,ORB close above 30m high,16253.75,5,162537.5,,,,,,,,
131,Exit long,2021-11-04 14:00:00-04:00,time,16349.0,5,162537.5,946.3,0.5822,1002.5,0.6168,105.0,0.0646,6933.3,6.9333
132,Entry long,2021-11-10 10:05:00-05:00,ORB close above 30m high,16182.75,5,161827.5,,,,,,,,
132,Exit long,2021-11-10 13:15:00-05:00,stop,16041.25,5,161827.5,-1421.2,-0.8782,367.5,0.2271,1550.0,0.9578,5512.1,5.5121
133,Entry long,2021-11-12 10:50:00-05:00,ORB close above 30m high,16087.25,5,160872.5,,,,,,,,
133,Exit long,2021-11-12 14:00:00-05:00,time,16186.5,5,160872.5,986.3,0.6131,1127.5,0.7009,47.5,0.0295,6498.4,6.4984
134,Entry long,2021-11-16 11:05:00-05:00,ORB close above 30m high,16255.5,5,162555.0,,,,,,,,
134,Exit long,2021-11-16 14:00:00-05:00,time,16311.75,5,162555.0,556.3,0.3422,677.5,0.4168,100.0,0.0615,7054.7,7.0547
135,Entry long,2021-11-17 10:40:00-05:00,ORB close above 30m high,16345.0,5,163450.0,,,,,,,,
135,Exit long,2021-11-17 14:00:00-05:00,time,16347.75,5,163450.0,21.3,0.013,537.5,0.3288,570.0,0.3487,7076.0,7.076
136,Entry long,2021-11-18 11:35:00-05:00,ORB close above 30m high,16430.5,5,164305.0,,,,,,,,
136,Exit long,2021-11-18 14:00:00-05:00,time,16436.25,5,164305.0,51.3,0.0312,605.0,0.3682,135.0,0.0822,7127.3,7.1273
137,Entry long,2021-11-19 11:40:00-05:00,ORB close above 30m high,16618.25,5,166182.5,,,,,,,,
137,Exit long,2021-11-19 14:00:00-05:00,time,16580.75,5,166182.5,-381.2,-0.2294,100.0,0.0602,845.0,0.5085,6746.1,6.7461
138,Entry long,2021-11-22 10:05:00-05:00,ORB close above 30m high,16744.75,5,167447.5,,,,,,,,
138,Exit long,2021-11-22 11:10:00-05:00,stop,16638.0,5,167447.5,-1073.7,-0.6412,227.5,0.1359,1072.5,0.6405,5672.4,5.6724
139,Entry long,2021-11-24 10:05:00-05:00,ORB close above 30m high,16225.75,5,162257.5,,,,,,,,
139,Exit long,2021-11-24 14:00:00-05:00,time,16303.25,5,162257.5,768.8,0.4738,1120.0,0.6903,687.5,0.4237,6441.2,6.4412
140,Entry long,2021-11-29 11:35:00-05:00,ORB close above 30m high,16317.5,5,163175.0,,,,,,,,
140,Exit long,2021-11-29 14:00:00-05:00,time,16413.0,5,163175.0,948.8,0.5815,1047.5,0.6419,57.5,0.0352,7390.0,7.39
141,Entry long,2021-11-30 10:05:00-05:00,ORB close above 30m high,16422.25,5,164222.5,,,,,,,,
141,Exit long,2021-11-30 10:45:00-05:00,stop,16318.5,5,164222.5,-1043.7,-0.6355,342.5,0.2086,1612.5,0.9819,6346.3,6.3463
142,Entry long,2021-12-01 10:10:00-05:00,ORB close above 30m high,16371.75,5,163717.5,,,,,,,,
142,Exit long,2021-12-01 12:55:00-05:00,stop,16270.5,5,163717.5,-1018.7,-0.6222,560.0,0.3421,1380.0,0.8429,5327.6,5.3276
143,Entry long,2021-12-02 10:05:00-05:00,ORB close above 30m high,16018.75,5,160187.5,,,,,,,,
143,Exit long,2021-12-02 10:40:00-05:00,stop,15786.75,5,160187.5,-2326.2,-1.4522,12.5,0.0078,2467.5,1.5404,3001.4,3.0014
144,Entry long,2021-12-06 10:20:00-05:00,ORB close above 30m high,15763.25,5,157632.5,,,,,,,,
144,Exit long,2021-12-06 14:00:00-05:00,time,15871.25,5,157632.5,1073.8,0.6812,1310.0,0.831,1072.5,0.6804,4075.2,4.0752
145,Entry long,2021-12-07 10:10:00-05:00,ORB close above 30m high,16245.5,5,162455.0,,,,,,,,
145,Exit long,2021-12-07 14:00:00-05:00,time,16336.5,5,162455.0,903.8,0.5563,987.5,0.6079,142.5,0.0877,4979.0,4.979
146,Entry long,2021-12-08 13:45:00-05:00,ORB close above 30m high,16368.75,5,163687.5,,,,,,,,
146,Exit long,2021-12-08 14:00:00-05:00,time,16356.0,5,163687.5,-133.7,-0.0817,102.5,0.0626,210.0,0.1283,4845.3,4.8453
147,Entry long,2021-12-17 10:50:00-05:00,ORB close above 30m high,15882.0,5,158820.0,,,,,,,,
147,Exit long,2021-12-17 14:00:00-05:00,time,15900.75,5,158820.0,181.3,0.1142,747.5,0.4707,1407.5,0.8862,5026.6,5.0266
148,Entry long,2021-12-21 12:15:00-05:00,ORB close above 30m high,15813.25,5,158132.5,,,,,,,,
148,Exit long,2021-12-21 14:00:00-05:00,time,15915.75,5,158132.5,1018.8,0.6443,1225.0,0.7747,105.0,0.0664,6045.4,6.0454
149,Entry long,2021-12-22 10:40:00-05:00,ORB close above 30m high,16066.0,5,160660.0,,,,,,,,
149,Exit long,2021-12-22 14:00:00-05:00,time,16065.75,5,160660.0,-8.7,-0.0054,747.5,0.4653,252.5,0.1572,6036.7,6.0367
150,Entry long,2021-12-23 10:15:00-05:00,ORB close above 30m high,16258.75,5,162587.5,,,,,,,,
150,Exit long,2021-12-23 14:00:00-05:00,time,16327.75,5,162587.5,683.8,0.4206,782.5,0.4813,135.0,0.083,6720.5,6.7205
151,Entry long,2021-12-27 10:05:00-05:00,ORB close above 30m high,16457.75,5,164577.5,,,,,,,,
151,Exit long,2021-12-27 14:00:00-05:00,time,16549.0,5,164577.5,906.3,0.5507,917.5,0.5575,65.0,0.0395,7626.8,7.6268
152,Entry long,2021-12-30 10:10:00-05:00,ORB close above 30m high,16538.0,5,165380.0,,,,,,,,
152,Exit long,2021-12-30 14:00:00-05:00,time,16534.0,5,165380.0,-46.2,-0.0279,295.0,0.1784,337.5,0.2041,7580.6,7.5806
153,Entry long,2022-01-06 11:15:00-05:00,ORB close above 30m high,15861.0,5,158610.0,,,,,,,,
153,Exit long,2022-01-06 14:00:00-05:00,time,15822.5,5,158610.0,-391.2,-0.2466,347.5,0.2191,915.0,0.5769,7189.4,7.1894
154,Entry long,2022-01-10 13:55:00-05:00,ORB close above 30m high,15418.25,5,154182.5,,,,,,,,
154,Exit long,2022-01-10 14:00:00-05:00,time,15409.0,5,154182.5,-98.7,-0.064,345.0,0.2238,265.0,0.1719,7090.7,7.0907
155,Entry long,2022-01-11 10:05:00-05:00,ORB close above 30m high,15621.0,5,156210.0,,,,,,,,
155,Exit long,2022-01-11 14:00:00-05:00,time,15803.75,5,156210.0,1821.3,1.1659,2105.0,1.3475,1167.5,0.7474,8912.0,8.912
156,Entry long,2022-01-12 10:15:00-05:00,ORB close above 30m high,16003.5,5,160035.0,,,,,,,,
156,Exit long,2022-01-12 10:40:00-05:00,stop,15884.25,5,160035.0,-1198.7,-0.749,27.5,0.0172,1455.0,0.9092,7713.3,7.7133
157,Entry long,2022-01-18 10:10:00-05:00,ORB close above 30m high,15408.25,5,154082.5,,,,,,,,
157,Exit long,2022-01-18 11:30:00-05:00,stop,15272.25,5,154082.5,-1366.2,-0.8867,267.5,0.1736,1537.5,0.9978,6347.1,6.3471
158,Entry long,2022-01-20 10:35:00-05:00,ORB close above 30m high,15302.75,5,153027.5,,,,,,,,
158,Exit long,2022-01-20 14:00:00-05:00,time,15179.0,5,153027.5,-1243.7,-0.8127,377.5,0.2467,1302.5,0.8512,5103.4,5.1034
159,Entry long,2022-01-21 11:25:00-05:00,ORB close above 30m high,14844.5,5,148445.0,,,,,,,,
159,Exit long,2022-01-21 12:20:00-05:00,stop,14630.5,5,148445.0,-2146.2,-1.4458,75.0,0.0505,2217.5,1.4938,2957.2,2.9572
160,Entry long,2022-01-26 10:05:00-05:00,ORB close above 30m high,14505.25,5,145052.5,,,,,,,,
160,Exit long,2022-01-26 10:40:00-05:00,stop,14349.75,5,145052.5,-1561.2,-1.0763,92.5,0.0638,1680.0,1.1582,1396.0,1.396
161,Entry long,2022-01-27 10:15:00-05:00,ORB close above 30m high,14401.25,5,144012.5,,,,,,,,
161,Exit long,2022-01-27 10:30:00-05:00,stop,14231.5,5,144012.5,-1703.7,-1.183,52.5,0.0365,1937.5,1.3454,-307.7,-0.3077
162,Entry long,2022-01-28 10:55:00-05:00,ORB close above 30m high,14109.75,5,141097.5,,,,,,,,
162,Exit long,2022-01-28 14:00:00-05:00,time,14230.25,5,141097.5,1198.8,0.8496,2017.5,1.4299,267.5,0.1896,891.1,0.8911
163,Entry long,2022-01-31 10:05:00-05:00,ORB close above 30m high,14650.0,5,146500.0,,,,,,,,
163,Exit long,2022-01-31 14:00:00-05:00,time,14774.75,5,146500.0,1241.3,0.8473,1370.0,0.9352,102.5,0.07,2132.4,2.1324
164,Entry long,2022-02-03 10:30:00-05:00,ORB close above 30m high,14822.5,5,148225.0,,,,,,,,
164,Exit long,2022-02-03 11:55:00-05:00,stop,14677.0,5,148225.0,-1461.2,-0.9858,205.0,0.1383,1587.5,1.071,671.2,0.6712
165,Entry long,2022-02-04 10:05:00-05:00,ORB close above 30m high,14610.0,5,146100.0,,,,,,,,
165,Exit long,2022-02-04 14:00:00-05:00,time,14744.5,5,146100.0,1338.8,0.9164,1440.0,0.9856,1680.0,1.1499,2010.0,2.01
166,Entry long,2022-02-08 10:50:00-05:00,ORB close above 30m high,14592.75,5,145927.5,,,,,,,,
166,Exit long,2022-02-08 12:35:00-05:00,target,14748.48,5,145927.5,1551.05,1.0629,1632.5,1.1187,115.0,0.0788,3561.05,3.5611
167,Entry long,2022-02-09 11:05:00-05:00,ORB close above 30m high,14964.0,5,149640.0,,,,,,,,
167,Exit long,2022-02-09 14:00:00-05:00,time,14982.25,5,149640.0,176.3,0.1178,350.0,0.2339,545.0,0.3642,3737.35,3.7374
168,Entry long,2022-02-10 10:05:00-05:00,ORB close above 30m high,14958.25,5,149582.5,,,,,,,,
168,Exit long,2022-02-10 13:35:00-05:00,stop,14735.0,5,149582.5,-2238.7,-1.4966,707.5,0.473,2297.5,1.5359,1498.65,1.4987
169,Entry long,2022-02-14 11:20:00-05:00,ORB close above 30m high,14338.0,5,143380.0,,,,,,,,
169,Exit long,2022-02-14 13:50:00-05:00,stop,14182.0,5,143380.0,-1566.2,-1.0923,560.0,0.3906,1737.5,1.2118,-67.55,-0.0675
170,Entry long,2022-02-15 10:45:00-05:00,ORB close above 30m high,14540.25,5,145402.5,,,,,,,,
170,Exit long,2022-02-15 12:45:00-05:00,stop,14444.75,5,145402.5,-961.2,-0.6611,237.5,0.1633,1122.5,0.772,-1028.75,-1.0287
171,Entry long,2022-02-22 10:30:00-05:00,ORB close above 30m high,14105.5,5,141055.0,,,,,,,,
171,Exit long,2022-02-22 11:50:00-05:00,stop,13861.75,5,141055.0,-2443.7,-1.7324,32.5,0.023,2585.0,1.8326,-3472.45,-3.4724
172,Entry long,2022-02-24 10:15:00-05:00,ORB close above 30m high,13378.5,5,133785.0,,,,,,,,
172,Exit long,2022-02-24 14:00:00-05:00,time,13601.75,5,133785.0,2226.3,1.6641,3220.0,2.4068,705.0,0.527,-1246.15,-1.2461
173,Entry long,2022-02-25 10:45:00-05:00,ORB close above 30m high,14038.75,5,140387.5,,,,,,,,
173,Exit long,2022-02-25 14:00:00-05:00,time,14110.5,5,140387.5,711.3,0.5067,1377.5,0.9812,182.5,0.13,-534.85,-0.5348
174,Entry long,2022-02-28 10:40:00-05:00,ORB close above 30m high,14181.0,5,141810.0,,,,,,,,
174,Exit long,2022-02-28 14:00:00-05:00,time,14139.25,5,141810.0,-423.7,-0.2988,1115.0,0.7863,1287.5,0.9079,-958.55,-0.9585
175,Entry long,2022-03-02 11:10:00-05:00,ORB close above 30m high,14159.0,5,141590.0,,,,,,,,
175,Exit long,2022-03-02 14:00:00-05:00,time,14233.5,5,141590.0,738.8,0.5218,1055.0,0.7451,232.5,0.1642,-219.75,-0.2197
176,Entry long,2022-03-08 12:15:00-05:00,ORB close above 30m high,13458.75,5,134587.5,,,,,,,,
176,Exit long,2022-03-08 14:00:00-05:00,time,13354.75,5,134587.5,-1046.2,-0.7773,2075.0,1.5417,1677.5,1.2464,-1265.95,-1.2659
177,Entry long,2022-03-09 10:25:00-05:00,ORB close above 30m high,13641.0,5,136410.0,,,,,,,,
177,Exit long,2022-03-09 14:00:00-05:00,time,13691.0,5,136410.0,493.8,0.362,1090.0,0.7991,605.0,0.4435,-772.15,-0.7721
178,Entry long,2022-03-10 10:20:00-05:00,ORB close above 30m high,13605.5,5,136055.0,,,,,,,,
178,Exit long,2022-03-10 10:30:00-05:00,stop,13487.0,5,136055.0,-1191.2,-0.8755,2.5,0.0018,1390.0,1.0216,-1963.35,-1.9633
179,Entry long,2022-03-14 10:15:00-04:00,ORB close above 30m high,13373.25,5,133732.5,,,,,,,,
179,Exit long,2022-03-14 11:40:00-04:00,stop,13204.75,5,133732.5,-1691.2,-1.2646,197.5,0.1477,1870.0,1.3983,-3654.55,-3.6545
180,Entry long,2022-03-15 10:05:00-04:00,ORB close above 30m high,13220.5,5,132205.0,,,,,,,,
180,Exit long,2022-03-15 14:00:00-04:00,time,13334.75,5,132205.0,1136.3,0.8595,1902.5,1.4391,565.0,0.4274,-2518.25,-2.5182
181,Entry long,2022-03-16 10:15:00-04:00,ORB close above 30m high,13750.75,5,137507.5,,,,,,,,
181,Exit long,2022-03-16 14:00:00-04:00,time,13742.25,5,137507.5,-91.2,-0.0663,1157.5,0.8418,1247.5,0.9072,-2609.45,-2.6094
182,Entry long,2022-03-17 10:05:00-04:00,ORB close above 30m high,13991.25,5,139912.5,,,,,,,,
182,Exit long,2022-03-17 14:00:00-04:00,time,14070.0,5,139912.5,781.3,0.5584,1007.5,0.7201,1490.0,1.065,-1828.15,-1.8281
183,Entry long,2022-03-18 10:05:00-04:00,ORB close above 30m high,14179.75,5,141797.5,,,,,,,,
183,Exit long,2022-03-18 14:00:00-04:00,time,14306.75,5,141797.5,1263.8,0.8913,1442.5,1.0173,412.5,0.2909,-564.35,-0.5643
184,Entry long,2022-03-22 10:05:00-04:00,ORB close above 30m high,14531.0,5,145310.0,,,,,,,,
184,Exit long,2022-03-22 14:00:00-04:00,time,14645.25,5,145310.0,1136.3,0.782,1532.5,1.0546,125.0,0.086,571.95,0.572
185,Entry long,2022-03-23 10:15:00-04:00,ORB close above 30m high,14563.5,5,145635.0,,,,,,,,
185,Exit long,2022-03-23 14:00:00-04:00,time,14531.75,5,145635.0,-323.7,-0.2223,1192.5,0.8188,720.0,0.4944,248.25,0.2483
186,Entry long,2022-03-24 11:15:00-04:00,ORB close above 30m high,14563.5,5,145635.0,,,,,,,,
186,Exit long,2022-03-24 14:00:00-04:00,time,14655.25,5,145635.0,911.3,0.6257,1240.0,0.8514,132.5,0.091,1159.55,1.1596
187,Entry long,2022-03-25 10:45:00-04:00,ORB close above 30m high,14792.5,5,147925.0,,,,,,,,
187,Exit long,2022-03-25 11:00:00-04:00,stop,14707.75,5,147925.0,-853.7,-0.5771,150.0,0.1014,915.0,0.6186,305.85,0.3059
188,Entry long,2022-03-30 10:15:00-04:00,ORB close above 30m high,15219.5,5,152195.0,,,,,,,,
188,Exit long,2022-03-30 11:00:00-04:00,stop,15141.25,5,152195.0,-788.7,-0.5182,155.0,0.1018,857.5,0.5634,-482.85,-0.4828
189,Entry long,2022-04-04 10:40:00-04:00,ORB close above 30m high,15062.0,5,150620.0,,,,,,,,
189,Exit long,2022-04-04 14:00:00-04:00,time,15119.0,5,150620.0,563.8,0.3743,690.0,0.4581,337.5,0.2241,80.95,0.081
190,Entry long,2022-04-08 11:05:00-04:00,ORB close above 30m high,14477.75,5,144777.5,,,,,,,,
190,Exit long,2022-04-08 14:00:00-04:00,time,14391.25,5,144777.5,-871.2,-0.6018,202.5,0.1399,1032.5,0.7132,-790.25,-0.7902
191,Entry long,2022-04-13 10:20:00-04:00,ORB close above 30m high,14081.5,5,140815.0,,,,,,,,
191,Exit long,2022-04-13 14:00:00-04:00,time,14161.25,5,140815.0,791.3,0.5619,1265.0,0.8983,392.5,0.2787,1.05,0.0011
192,Entry long,2022-04-18 10:15:00-04:00,ORB close above 30m high,13945.75,5,139457.5,,,,,,,,
192,Exit long,2022-04-18 12:10:00-04:00,stop,13826.75,5,139457.5,-1196.2,-0.8578,565.0,0.4051,1305.0,0.9358,-1195.15,-1.1951
193,Entry long,2022-04-19 10:05:00-04:00,ORB close above 30m high,14023.0,5,140230.0,,,,,,,,
193,Exit long,2022-04-19 14:00:00-04:00,time,14156.5,5,140230.0,1328.8,0.9476,1740.0,1.2408,105.0,0.0749,133.65,0.1337
194,Entry long,2022-04-25 10:30:00-04:00,ORB close above 30m high,13392.75,5,133927.5,,,,,,,,
194,Exit long,2022-04-25 14:00:00-04:00,time,13351.75,5,133927.5,-416.2,-0.3108,737.5,0.5507,1522.5,1.1368,-282.55,-0.2825
195,Entry long,2022-04-28 12:40:00-04:00,ORB close above 30m high,13292.0,5,132920.0,,,,,,,,
195,Exit long,2022-04-28 14:00:00-04:00,time,13447.0,5,132920.0,1543.8,1.1615,1615.0,1.215,5.0,0.0038,1261.25,1.2613
196,Entry long,2022-05-02 10:30:00-04:00,ORB close above 30m high,12983.0,5,129830.0,,,,,,,,
196,Exit long,2022-05-02 13:45:00-04:00,stop,12742.25,5,129830.0,-2413.7,-1.8591,612.5,0.4718,2422.5,1.8659,-1152.45,-1.1524
197,Entry long,2022-05-03 10:05:00-04:00,ORB close above 30m high,13139.75,5,131397.5,,,,,,,,
197,Exit long,2022-05-03 14:00:00-04:00,time,13137.5,5,131397.5,-28.7,-0.0218,442.5,0.3368,1630.0,1.2405,-1181.15,-1.1811
198,Entry long,2022-05-04 13:05:00-04:00,ORB close above 30m high,13121.0,5,131210.0,,,,,,,,
198,Exit long,2022-05-04 14:00:00-04:00,time,13141.75,5,131210.0,201.3,0.1534,1105.0,0.8422,717.5,0.5468,-979.85,-0.9798
199,Entry long,2022-05-06 10:50:00-04:00,ORB close above 30m high,12807.0,5,128070.0,,,,,,,,
199,Exit long,2022-05-06 14:00:00-04:00,time,12685.0,5,128070.0,-1226.2,-0.9574,1222.5,0.9546,1395.0,1.0892,-2206.05,-2.206
200,Entry long,2022-05-12 10:10:00-04:00,ORB close above 30m high,11910.0,5,119100.0,,,,,,,,
200,Exit long,2022-05-12 14:00:00-04:00,time,11740.0,5,119100.0,-1706.2,-1.4326,2227.5,1.8703,1940.0,1.6289,-3912.25,-3.9122
201,Entry long,2022-05-13 10:05:00-04:00,ORB close above 30m high,12288.0,5,122880.0,,,,,,,,
201,Exit long,2022-05-13 14:00:00-04:00,time,12303.25,5,122880.0,146.3,0.1191,1425.0,1.1597,575.0,0.4679,-3765.95,-3.7659
202,Entry long,2022-05-16 10:30:00-04:00,ORB close above 30m high,12366.5,5,123665.0,,,,,,,,
202,Exit long,2022-05-16 10:55:00-04:00,stop,12214.75,5,123665.0,-1523.7,-1.2321,67.5,0.0546,1602.5,1.2958,-5289.65,-5.2896
203,Entry long,2022-05-19 11:25:00-04:00,ORB close above 30m high,11979.25,5,119792.5,,,,,,,,
203,Exit long,2022-05-19 14:00:00-04:00,time,11974.75,5,119792.5,-51.2,-0.0427,977.5,0.816,1282.5,1.0706,-5340.85,-5.3408
204,Entry long,2022-05-23 11:35:00-04:00,ORB close above 30m high,12001.25,5,120012.5,,,,,,,,
204,Exit long,2022-05-23 14:00:00-04:00,time,12002.5,5,120012.5,6.3,0.0052,507.5,0.4229,845.0,0.7041,-5334.55,-5.3345
205,Entry long,2022-05-25 10:30:00-04:00,ORB close above 30m high,11889.75,5,118897.5,,,,,,,,
205,Exit long,2022-05-25 14:00:00-04:00,time,11852.0,5,118897.5,-383.7,-0.3227,397.5,0.3343,1012.5,0.8516,-5718.25,-5.7182
206,Entry long,2022-05-26 10:15:00-04:00,ORB close above 30m high,12161.75,5,121617.5,,,,,,,,
206,Exit long,2022-05-26 14:00:00-04:00,time,12318.5,5,121617.5,1561.3,1.2838,1817.5,1.4944,352.5,0.2898,-4156.95,-4.1569
207,Entry long,2022-05-27 10:05:00-04:00,ORB close above 30m high,12533.25,5,125332.5,,,,,,,,
207,Exit long,2022-05-27 14:00:00-04:00,time,12588.5,5,125332.5,546.3,0.4359,790.0,0.6303,255.0,0.2035,-3610.65,-3.6106
208,Entry long,2022-05-30 10:50:00-04:00,ORB close above 30m high,12792.25,5,127922.5,,,,,,,,
208,Exit long,2022-05-30 18:00:00-04:00,time,12813.75,5,127922.5,208.8,0.1632,445.0,0.3479,217.5,0.17,-3401.85,-3.4018
209,Entry long,2022-05-31 11:55:00-04:00,ORB close above 30m high,12698.0,5,126980.0,,,,,,,,
209,Exit long,2022-05-31 14:00:00-04:00,time,12757.75,5,126980.0,591.3,0.4657,695.0,0.5473,392.5,0.3091,-2810.55,-2.8105
210,Entry long,2022-06-02 10:15:00-04:00,ORB close above 30m high,12618.0,5,126180.0,,,,,,,,
210,Exit long,2022-06-02 14:00:00-04:00,time,12831.25,5,126180.0,2126.3,1.6851,2305.0,1.8268,1205.0,0.955,-684.25,-0.6842
211,Entry long,2022-06-06 10:05:00-04:00,ORB close above 30m high,12789.5,5,127895.0,,,,,,,,
211,Exit long,2022-06-06 11:15:00-04:00,stop,12673.0,5,127895.0,-1171.2,-0.9158,210.0,0.1642,1530.0,1.1963,-1855.45,-1.8554
212,Entry long,2022-06-07 10:30:00-04:00,ORB close above 30m high,12591.25,5,125912.5,,,,,,,,
212,Exit long,2022-06-07 14:00:00-04:00,time,12646.75,5,125912.5,548.8,0.4359,1147.5,0.9113,295.0,0.2343,-1306.65,-1.3066
213,Entry long,2022-06-09 10:40:00-04:00,ORB close above 30m high,12660.0,5,126600.0,,,,,,,,
213,Exit long,2022-06-09 13:40:00-04:00,stop,12506.0,5,126600.0,-1546.2,-1.2213,40.0,0.0316,1570.0,1.2401,-2852.85,-2.8528
214,Entry long,2022-06-15 10:10:00-04:00,ORB close above 30m high,11556.25,5,115562.5,,,,,,,,
214,Exit long,2022-06-15 14:00:00-04:00,time,11573.25,5,115562.5,163.8,0.1417,875.0,0.7572,1115.0,0.9648,-2689.05,-2.689
215,Entry long,2022-06-17 13:10:00-04:00,ORB close above 30m high,11364.75,5,113647.5,,,,,,,,
215,Exit long,2022-06-17 14:00:00-04:00,time,11342.75,5,113647.5,-226.2,-0.199,315.0,0.2772,562.5,0.495,-2915.25,-2.9152
216,Entry long,2022-06-20 10:20:00-04:00,ORB close above 30m high,11377.5,5,113775.0,,,,,,,,
216,Exit long,2022-06-20 18:00:00-04:00,time,11426.75,5,113775.0,486.3,0.4274,562.5,0.4944,87.5,0.0769,-2428.95,-2.4289
217,Entry long,2022-06-21 10:05:00-04:00,ORB close above 30m high,11646.75,5,116467.5,,,,,,,,
217,Exit long,2022-06-21 14:00:00-04:00,time,11603.0,5,116467.5,-443.7,-0.381,317.5,0.2726,620.0,0.5323,-2872.65,-2.8726
218,Entry long,2022-06-22 10:15:00-04:00,ORB close above 30m high,11629.75,5,116297.5,,,,,,,,
218,Exit long,2022-06-22 14:00:00-04:00,time,11659.25,5,116297.5,288.8,0.2483,1167.5,1.0039,625.0,0.5374,-2583.85,-2.5838
219,Entry long,2022-06-23 10:45:00-04:00,ORB close above 30m high,11702.25,5,117022.5,,,,,,,,
219,Exit long,2022-06-23 14:00:00-04:00,time,11618.25,5,117022.5,-846.2,-0.7231,415.0,0.3546,1552.5,1.3267,-3430.05,-3.43
220,Entry long,2022-06-24 10:05:00-04:00,ORB close above 30m high,12037.0,5,120370.0,,,,,,,,
220,Exit long,2022-06-24 14:00:00-04:00,time,12007.0,5,120370.0,-306.2,-0.2544,457.5,0.3801,677.5,0.5628,-3736.25,-3.7362
221,Entry long,2022-06-29 10:05:00-04:00,ORB close above 30m high,11732.0,5,117320.0,,,,,,,,
221,Exit long,2022-06-29 14:00:00-04:00,time,11690.75,5,117320.0,-418.7,-0.3569,170.0,0.1449,1280.0,1.091,-4154.95,-4.1549
222,Entry long,2022-06-30 11:55:00-04:00,ORB close above 30m high,11592.5,5,115925.0,,,,,,,,
222,Exit long,2022-06-30 14:00:00-04:00,time,11644.0,5,115925.0,508.8,0.4389,927.5,0.8001,527.5,0.455,-3646.15,-3.6461
223,Entry long,2022-07-05 10:15:00-04:00,ORB close above 30m high,11507.5,5,115075.0,,,,,,,,
223,Exit long,2022-07-05 14:00:00-04:00,time,11674.5,5,115075.0,1663.8,1.4458,1955.0,1.6989,440.0,0.3824,-1982.35,-1.9823
224,Entry long,2022-07-07 10:55:00-04:00,ORB close above 30m high,12065.0,5,120650.0,,,,,,,,
224,Exit long,2022-07-07 14:00:00-04:00,time,12125.5,5,120650.0,598.8,0.4963,680.0,0.5636,377.5,0.3129,-1383.55,-1.3835
225,Entry long,2022-07-08 10:30:00-04:00,ORB close above 30m high,12117.75,5,121177.5,,,,,,,,
225,Exit long,2022-07-08 14:00:00-04:00,time,12125.0,5,121177.5,66.3,0.0547,932.5,0.7695,787.5,0.6499,-1317.25,-1.3172
226,Entry long,2022-07-13 10:35:00-04:00,ORB close above 30m high,11710.0,5,117100.0,,,,,,,,
226,Exit long,2022-07-13 14:00:00-04:00,time,11822.5,5,117100.0,1118.8,0.9554,1445.0,1.234,142.5,0.1217,-198.45,-0.1984
227,Entry long,2022-07-14 11:45:00-04:00,ORB close above 30m high,11697.0,5,116970.0,,,,,,,,
227,Exit long,2022-07-14 14:00:00-04:00,time,11726.5,5,116970.0,288.8,0.2469,480.0,0.4104,760.0,0.6497,90.35,0.0904
228,Entry long,2022-07-15 11:15:00-04:00,ORB close above 30m high,11987.0,5,119870.0,,,,,,,,
228,Exit long,2022-07-15 14:00:00-04:00,time,11980.25,5,119870.0,-73.7,-0.0615,130.0,0.1085,580.0,0.4839,16.65,0.0167
229,Entry long,2022-07-19 10:30:00-04:00,ORB close above 30m high,12086.0,5,120860.0,,,,,,,,
229,Exit long,2022-07-19 13:45:00-04:00,target,12244.7,5,120860.0,1580.8,1.308,1635.0,1.3528,90.0,0.0745,1597.45,1.5975
230,Entry long,2022-07-20 10:25:00-04:00,ORB close above 30m high,12358.5,5,123585.0,,,,,,,,
230,Exit long,2022-07-20 14:00:00-04:00,time,12378.25,5,123585.0,191.3,0.1548,1590.0,1.2866,57.5,0.0465,1788.75,1.7888
231,Entry long,2022-07-21 11:35:00-04:00,ORB close above 30m high,12536.75,5,125367.5,,,,,,,,
231,Exit long,2022-07-21 14:00:00-04:00,time,12578.5,5,125367.5,411.3,0.3281,842.5,0.672,295.0,0.2353,2200.05,2.2001
232,Entry long,2022-07-27 10:15:00-04:00,ORB close above 30m high,12416.25,5,124162.5,,,,,,,,
232,Exit long,2022-07-27 14:00:00-04:00,time,12436.75,5,124162.5,198.8,0.1601,727.5,0.5859,285.0,0.2295,2398.85,2.3989
233,Entry long,2022-07-28 11:30:00-04:00,ORB close above 30m high,12665.75,5,126657.5,,,,,,,,
233,Exit long,2022-07-28 14:00:00-04:00,time,12729.0,5,126657.5,626.3,0.4945,727.5,0.5744,422.5,0.3336,3025.15,3.0252
234,Entry long,2022-07-29 10:05:00-04:00,ORB close above 30m high,12895.75,5,128957.5,,,,,,,,
234,Exit long,2022-07-29 14:00:00-04:00,time,12925.0,5,128957.5,286.3,0.222,427.5,0.3315,1095.0,0.8491,3311.45,3.3115
235,Entry long,2022-08-01 10:10:00-04:00,ORB close above 30m high,13043.25,5,130432.5,,,,,,,,
235,Exit long,2022-08-01 14:00:00-04:00,time,12933.0,5,130432.5,-1108.7,-0.85,652.5,0.5003,1457.5,1.1174,2202.75,2.2028
236,Entry long,2022-08-02 10:55:00-04:00,ORB close above 30m high,12998.0,5,129980.0,,,,,,,,
236,Exit long,2022-08-02 14:00:00-04:00,time,12931.25,5,129980.0,-673.7,-0.5183,990.0,0.7617,947.5,0.729,1529.05,1.5291
237,Entry long,2022-08-03 10:05:00-04:00,ORB close above 30m high,13146.0,5,131460.0,,,,,,,,
237,Exit long,2022-08-03 14:00:00-04:00,time,13267.75,5,131460.0,1211.3,0.9214,1327.5,1.0098,852.5,0.6485,2740.35,2.7404
238,Entry long,2022-08-05 10:05:00-04:00,ORB close above 30m high,13228.25,5,132282.5,,,,,,,,
238,Exit long,2022-08-05 11:25:00-04:00,stop,13114.0,5,132282.5,-1148.7,-0.8684,817.5,0.618,1377.5,1.0413,1591.65,1.5917
239,Entry long,2022-08-10 11:05:00-04:00,ORB close above 30m high,13368.75,5,133687.5,,,,,,,,
239,Exit long,2022-08-10 14:00:00-04:00,time,13370.75,5,133687.5,13.8,0.0103,207.5,0.1552,525.0,0.3927,1605.45,1.6055
240,Entry long,2022-08-11 10:05:00-04:00,ORB close above 30m high,13527.25,5,135272.5,,,,,,,,
240,Exit long,2022-08-11 11:05:00-04:00,stop,13455.75,5,135272.5,-721.2,-0.5331,485.0,0.3585,1217.5,0.9,884.25,0.8843
241,Entry long,2022-08-12 10:20:00-04:00,ORB close above 30m high,13458.5,5,134585.0,,,,,,,,
241,Exit long,2022-08-12 14:00:00-04:00,time,13504.25,5,134585.0,451.3,0.3353,540.0,0.4012,732.5,0.5443,1335.55,1.3356
242,Entry long,2022-08-15 11:45:00-04:00,ORB close above 30m high,13636.75,5,136367.5,,,,,,,,
242,Exit long,2022-08-15 14:00:00-04:00,time,13661.0,5,136367.5,236.3,0.1733,407.5,0.2988,10.0,0.0073,1571.85,1.5719
243,Entry long,2022-08-16 11:55:00-04:00,ORB close above 30m high,13672.5,5,136725.0,,,,,,,,
243,Exit long,2022-08-16 14:00:00-04:00,time,13698.25,5,136725.0,251.3,0.1838,432.5,0.3163,412.5,0.3017,1823.15,1.8232
244,Entry long,2022-08-18 10:45:00-04:00,ORB close above 30m high,13507.0,5,135070.0,,,,,,,,
244,Exit long,2022-08-18 14:00:00-04:00,time,13540.5,5,135070.0,328.8,0.2434,685.0,0.5071,232.5,0.1721,2151.95,2.152
245,Entry long,2022-08-23 10:10:00-04:00,ORB close above 30m high,12994.5,5,129945.0,,,,,,,,
245,Exit long,2022-08-23 14:00:00-04:00,time,12919.75,5,129945.0,-753.7,-0.58,245.0,0.1885,1197.5,0.9215,1398.25,1.3983
246,Entry long,2022-08-24 10:20:00-04:00,ORB close above 30m high,12941.5,5,129415.0,,,,,,,,
246,Exit long,2022-08-24 14:00:00-04:00,time,12938.25,5,129415.0,-38.7,-0.0299,705.0,0.5448,340.0,0.2627,1359.55,1.3596
247,Entry long,2022-08-25 10:05:00-04:00,ORB close above 30m high,13055.25,5,130552.5,,,,,,,,
247,Exit long,2022-08-25 14:00:00-04:00,time,13081.5,5,130552.5,256.3,0.1963,630.0,0.4826,582.5,0.4462,1615.85,1.6159
248,Entry long,2022-08-26 10:10:00-04:00,ORB close above 30m high,13177.75,5,131777.5,,,,,,,,
248,Exit long,2022-08-26 10:20:00-04:00,stop,13084.5,5,131777.5,-938.7,-0.7123,207.5,0.1575,1530.0,1.161,677.15,0.6772
249,Entry long,2022-09-02 10:35:00-04:00,ORB close above 30m high,12432.25,5,124322.5,,,,,,,,
249,Exit long,2022-09-02 12:30:00-04:00,stop,12291.0,5,124322.5,-1418.7,-1.1411,297.5,0.2393,1572.5,1.2649,-741.55,-0.7415
250,Entry long,2022-09-05 10:35:00-04:00,ORB close above 30m high,12154.25,5,121542.5,,,,,,,,
250,Exit long,2022-09-05 18:00:00-04:00,time,12134.75,5,121542.5,-201.2,-0.1655,130.0,0.107,392.5,0.3229,-942.75,-0.9427
251,Entry long,2022-09-07 11:15:00-04:00,ORB close above 30m high,12140.75,5,121407.5,,,,,,,,
251,Exit long,2022-09-07 14:00:00-04:00,time,12210.75,5,121407.5,693.8,0.5715,1147.5,0.9452,397.5,0.3274,-248.95,-0.2489
252,Entry long,2022-09-08 10:35:00-04:00,ORB close above 30m high,12275.25,5,122752.5,,,,,,,,
252,Exit long,2022-09-08 14:00:00-04:00,time,12259.25,5,122752.5,-166.2,-0.1354,1042.5,0.8493,1375.0,1.1201,-415.15,-0.4151
253,Entry long,2022-09-09 10:05:00-04:00,ORB close above 30m high,12524.5,5,125245.0,,,,,,,,
253,Exit long,2022-09-09 14:00:00-04:00,time,12587.0,5,125245.0,618.8,0.4941,800.0,0.6387,372.5,0.2974,203.65,0.2037
254,Entry long,2022-09-12 10:10:00-04:00,ORB close above 30m high,12743.25,5,127432.5,,,,,,,,
254,Exit long,2022-09-12 12:10:00-04:00,stop,12640.75,5,127432.5,-1031.2,-0.8092,127.5,0.1001,1057.5,0.8299,-827.55,-0.8275
255,Entry long,2022-09-14 10:55:00-04:00,ORB close above 30m high,12224.25,5,122242.5,,,,,,,,
255,Exit long,2022-09-14 14:00:00-04:00,time,12148.0,5,122242.5,-768.7,-0.6288,285.0,0.2331,947.5,0.7751,-1596.25,-1.5962
256,Entry long,2022-09-16 10:35:00-04:00,ORB close above 30m high,11898.75,5,118987.5,,,,,,,,
256,Exit long,2022-09-16 12:25:00-04:00,stop,11781.5,5,118987.5,-1178.7,-0.9906,165.0,0.1387,1207.5,1.0148,-2774.95,-2.7749
257,Entry long,2022-09-19 10:40:00-04:00,ORB close above 30m high,11946.25,5,119462.5,,,,,,,,
257,Exit long,2022-09-19 14:00:00-04:00,time,11918.0,5,119462.5,-288.7,-0.2417,325.0,0.2721,980.0,0.8203,-3063.65,-3.0636
258,Entry long,2022-09-20 10:55:00-04:00,ORB close above 30m high,11953.5,5,119535.0,,,,,,,,
258,Exit long,2022-09-20 13:25:00-04:00,stop,11886.25,5,119535.0,-678.7,-0.5678,695.0,0.5814,720.0,0.6023,-3742.35,-3.7423
259,Entry long,2022-09-21 12:35:00-04:00,ORB close above 30m high,12004.75,5,120047.5,,,,,,,,
259,Exit long,2022-09-21 14:00:00-04:00,time,12032.25,5,120047.5,268.8,0.2239,630.0,0.5248,2175.0,1.8118,-3473.55,-3.4735
260,Entry long,2022-09-26 10:20:00-04:00,ORB close above 30m high,11526.5,5,115265.0,,,,,,,,
260,Exit long,2022-09-26 12:25:00-04:00,stop,11342.25,5,115265.0,-1848.7,-1.6039,90.0,0.0781,2082.5,1.8067,-5322.25,-5.3222
261,Entry long,2022-09-28 10:25:00-04:00,ORB close above 30m high,11371.75,5,113717.5,,,,,,,,
261,Exit long,2022-09-28 14:00:00-04:00,time,11476.75,5,113717.5,1043.8,0.9179,1472.5,1.2949,125.0,0.1099,-4278.45,-4.2784
262,Entry long,2022-09-30 10:35:00-04:00,ORB close above 30m high,11299.5,5,112995.0,,,,,,,,
262,Exit long,2022-09-30 14:00:00-04:00,time,11160.5,5,112995.0,-1396.2,-1.2356,575.0,0.5089,1530.0,1.354,-5674.65,-5.6746
263,Entry long,2022-10-03 10:05:00-04:00,ORB close above 30m high,11157.5,5,111575.0,,,,,,,,
263,Exit long,2022-10-03 14:00:00-04:00,time,11264.0,5,111575.0,1058.8,0.949,1245.0,1.1158,225.0,0.2017,-4615.85,-4.6158
264,Entry long,2022-10-04 10:05:00-04:00,ORB close above 30m high,11650.0,5,116500.0,,,,,,,,
264,Exit long,2022-10-04 14:00:00-04:00,time,11607.75,5,116500.0,-428.7,-0.368,262.5,0.2253,1260.0,1.0815,-5044.55,-5.0445
265,Entry long,2022-10-05 12:50:00-04:00,ORB close above 30m high,11560.75,5,115607.5,,,,,,,,
265,Exit long,2022-10-05 14:00:00-04:00,time,11566.0,5,115607.5,46.3,0.04,652.5,0.5644,230.0,0.1989,-4998.25,-4.9982
266,Entry long,2022-10-11 11:45:00-04:00,ORB close above 30m high,10972.0,5,109720.0,,,,,,,,
266,Exit long,2022-10-11 14:00:00-04:00,time,10974.0,5,109720.0,13.8,0.0126,677.5,0.6175,590.0,0.5377,-4984.45,-4.9844
267,Entry long,2022-10-13 10:05:00-04:00,ORB close above 30m high,10638.5,5,106385.0,,,,,,,,
267,Exit long,2022-10-13 11:15:00-04:00,target,10900.05,5,106385.0,2609.3,2.4527,2782.5,2.6155,375.0,0.3525,-2375.15,-2.3751
268,Entry long,2022-10-17 10:15:00-04:00,ORB close above 30m high,11127.5,5,111275.0,,,,,,,,
268,Exit long,2022-10-17 14:00:00-04:00,time,11128.25,5,111275.0,1.3,0.0012,180.0,0.1618,1050.0,0.9436,-2373.85,-2.3738
269,Entry long,2022-10-19 10:20:00-04:00,ORB close above 30m high,11224.25,5,112242.5,,,,,,,,
269,Exit long,2022-10-19 12:45:00-04:00,stop,11110.0,5,112242.5,-1148.7,-1.0234,602.5,0.5368,1150.0,1.0246,-3522.55,-3.5225
270,Entry long,2022-10-20 10:05:00-04:00,ORB close above 30m high,11245.5,5,112455.0,,,,,,,,
270,Exit long,2022-10-20 13:45:00-04:00,stop,11091.25,5,112455.0,-1548.7,-1.3772,835.0,0.7425,1600.0,1.4228,-5071.25,-5.0712
271,Entry long,2022-10-21 10:05:00-04:00,ORB close above 30m high,11165.0,5,111650.0,,,,,,,,
271,Exit long,2022-10-21 14:00:00-04:00,time,11291.25,5,111650.0,1256.3,1.1252,1430.0,1.2808,1140.0,1.021,-3814.95,-3.8149
272,Entry long,2022-10-24 12:20:00-04:00,ORB close above 30m high,11442.5,5,114425.0,,,,,,,,
272,Exit long,2022-10-24 14:00:00-04:00,time,11395.0,5,114425.0,-481.2,-0.4205,117.5,0.1027,692.5,0.6052,-4296.15,-4.2961
273,Entry long,2022-10-25 11:10:00-04:00,ORB close above 30m high,11671.0,5,116710.0,,,,,,,,
273,Exit long,2022-10-25 14:00:00-04:00,time,11647.0,5,116710.0,-246.2,-0.211,350.0,0.2999,560.0,0.4798,-4542.35,-4.5423
274,Entry long,2022-10-26 10:10:00-04:00,ORB close above 30m high,11531.25,5,115312.5,,,,,,,,
274,Exit long,2022-10-26 11:30:00-04:00,target,11698.02,5,115312.5,1661.55,1.4409,1705.0,1.4786,167.5,0.1453,-2880.8,-2.8808
275,Entry long,2022-10-28 10:30:00-04:00,ORB close above 30m high,11381.0,5,113810.0,,,,,,,,
275,Exit long,2022-10-28 14:00:00-04:00,time,11528.25,5,113810.0,1466.3,1.2884,1735.0,1.5245,40.0,0.0351,-1414.5,-1.4145
276,Entry long,2022-11-03 10:50:00-04:00,ORB close above 30m high,10873.75,5,108737.5,,,,,,,,
276,Exit long,2022-11-03 14:00:00-04:00,time,10778.25,5,108737.5,-961.2,-0.884,147.5,0.1356,1220.0,1.122,-2375.7,-2.3757
277,Entry long,2022-11-08 10:20:00-05:00,ORB close above 30m high,11087.75,5,110877.5,,,,,,,,
277,Exit long,2022-11-08 11:40:00-05:00,target,11225.62,5,110877.5,1372.55,1.2379,1437.5,1.2965,52.5,0.0473,-1003.15,-1.0031
278,Entry long,2022-11-10 11:15:00-05:00,ORB close above 30m high,11455.25,5,114552.5,,,,,,,,
278,Exit long,2022-11-10 14:00:00-05:00,time,11500.5,5,114552.5,446.3,0.3896,577.5,0.5041,330.0,0.2881,-556.85,-0.5568
279,Entry long,2022-11-11 10:15:00-05:00,ORB close above 30m high,11712.5,5,117125.0,,,,,,,,
279,Exit long,2022-11-11 14:00:00-05:00,time,11843.5,5,117125.0,1303.8,1.1132,1385.0,1.1825,737.5,0.6297,746.95,0.747
280,Entry long,2022-11-14 10:10:00-05:00,ORB close above 30m high,11789.0,5,117890.0,,,,,,,,
280,Exit long,2022-11-14 14:00:00-05:00,time,11891.75,5,117890.0,1021.3,0.8663,1095.0,0.9288,605.0,0.5132,1768.25,1.7683
281,Entry long,2022-11-17 10:20:00-05:00,ORB close above 30m high,11659.5,5,116595.0,,,,,,,,
281,Exit long,2022-11-17 14:00:00-05:00,time,11746.0,5,116595.0,858.8,0.7366,1155.0,0.9906,615.0,0.5275,2627.05,2.6271
282,Entry long,2022-11-22 10:50:00-05:00,ORB close above 30m high,11642.25,5,116422.5,,,,,,,,
282,Exit long,2022-11-22 14:00:00-05:00,time,11698.25,5,116422.5,553.8,0.4757,647.5,0.5562,262.5,0.2255,3180.85,3.1809
283,Entry long,2022-11-23 10:15:00-05:00,ORB close above 30m high,11854.75,5,118547.5,,,,,,,,
283,Exit long,2022-11-23 12:55:00-05:00,stop,11744.5,5,118547.5,-1108.7,-0.9352,332.5,0.2805,1130.0,0.9532,2072.15,2.0722
284,Entry long,2022-11-24 11:00:00-05:00,ORB close above 30m high,11920.0,5,119200.0,,,,,,,,
284,Exit long,2022-11-24 18:00:00-05:00,time,11912.0,5,119200.0,-86.2,-0.0723,50.0,0.0419,100.0,0.0839,1985.95,1.986
285,Entry long,2022-11-30 13:35:00-05:00,ORB close above 30m high,11609.75,5,116097.5,,,,,,,,
285,Exit long,2022-11-30 13:55:00-05:00,target,11764.2,5,116097.5,1538.3,1.325,1575.0,1.3566,15.0,0.0129,3524.25,3.5243
286,Entry long,2022-12-02 10:15:00-05:00,ORB close above 30m high,11943.0,5,119430.0,,,,,,,,
286,Exit long,2022-12-02 14:00:00-05:00,time,11936.25,5,119430.0,-73.7,-0.0617,367.5,0.3077,642.5,0.538,3450.55,3.4506
287,Entry long,2022-12-08 10:05:00-05:00,ORB close above 30m high,11611.0,5,116110.0,,,,,,,,
287,Exit long,2022-12-08 14:00:00-05:00,time,11649.0,5,116110.0,373.8,0.3219,745.0,0.6416,292.5,0.2519,3824.35,3.8244
288,Entry long,2022-12-09 10:40:00-05:00,ORB close above 30m high,11669.0,5,116690.0,,,,,,,,
288,Exit long,2022-12-09 14:00:00-05:00,time,11661.5,5,116690.0,-81.2,-0.0696,495.0,0.4242,402.5,0.3449,3743.15,3.7432
289,Entry long,2022-12-14 10:05:00-05:00,ORB close above 30m high,12016.75,5,120167.5,,,,,,,,
289,Exit long,2022-12-14 14:00:00-05:00,time,11975.5,5,120167.5,-418.7,-0.3484,527.5,0.439,1747.5,1.4542,3324.45,3.3245
290,Entry long,2022-12-20 10:05:00-05:00,ORB close above 30m high,11179.0,5,111790.0,,,,,,,,
290,Exit long,2022-12-20 14:00:00-05:00,time,11189.0,5,111790.0,93.8,0.0839,682.5,0.6105,772.5,0.691,3418.25,3.4183
291,Entry long,2022-12-21 10:10:00-05:00,ORB close above 30m high,11289.5,5,112895.0,,,,,,,,
291,Exit long,2022-12-21 14:00:00-05:00,time,11350.5,5,112895.0,603.8,0.5348,910.0,0.8061,125.0,0.1107,4022.05,4.0221
292,Entry long,2022-12-23 10:35:00-05:00,ORB close above 30m high,11071.0,5,110710.0,,,,,,,,
292,Exit long,2022-12-23 14:00:00-05:00,time,11038.25,5,110710.0,-333.7,-0.3014,322.5,0.2913,957.5,0.8649,3688.35,3.6884
293,Entry long,2022-12-29 10:15:00-05:00,ORB close above 30m high,10987.75,5,109877.5,,,,,,,,
293,Exit long,2022-12-29 14:00:00-05:00,time,11045.5,5,109877.5,571.3,0.5199,837.5,0.7622,5.0,0.0046,4259.65,4.2597
294,Entry long,2022-12-30 10:50:00-05:00,ORB close above 30m high,10966.5,5,109665.0,,,,,,,,
294,Exit long,2022-12-30 14:00:00-05:00,time,10906.75,5,109665.0,-603.7,-0.5505,0.0,0.0,917.5,0.8366,3655.95,3.656
295,Entry long,2023-01-04 11:40:00-05:00,ORB close above 30m high,11057.75,5,110577.5,,,,,,,,
295,Exit long,2023-01-04 14:00:00-05:00,time,11001.0,5,110577.5,-573.7,-0.5188,102.5,0.0927,1175.0,1.0626,3082.25,3.0823
296,Entry long,2023-01-06 10:40:00-05:00,ORB close above 30m high,10954.75,5,109547.5,,,,,,,,
296,Exit long,2023-01-06 14:00:00-05:00,time,11072.5,5,109547.5,1171.3,1.0692,1285.0,1.173,177.5,0.162,4253.55,4.2536
297,Entry long,2023-01-09 10:05:00-05:00,ORB close above 30m high,11323.5,5,113235.0,,,,,,,,
297,Exit long,2023-01-09 14:00:00-05:00,time,11282.5,5,113235.0,-416.2,-0.3676,620.0,0.5475,630.0,0.5564,3837.35,3.8374
298,Entry long,2023-01-10 10:15:00-05:00,ORB close above 30m high,11256.5,5,112565.0,,,,,,,,
298,Exit long,2023-01-10 10:40:00-05:00,stop,11137.5,5,112565.0,-1196.2,-1.0627,267.5,0.2376,1310.0,1.1638,2641.15,2.6412
299,Entry long,2023-01-11 10:25:00-05:00,ORB close above 30m high,11372.0,5,113720.0,,,,,,,,
299,Exit long,2023-01-11 14:00:00-05:00,time,11409.25,5,113720.0,366.3,0.3221,705.0,0.6199,587.5,0.5166,3007.45,3.0075
300,Entry long,2023-01-12 12:20:00-05:00,ORB close above 30m high,11522.5,5,115225.0,,,,,,,,
300,Exit long,2023-01-12 14:00:00-05:00,time,11565.0,5,115225.0,418.8,0.3635,527.5,0.4578,705.0,0.6118,3426.25,3.4263
301,Entry long,2023-01-13 10:10:00-05:00,ORB close above 30m high,11483.25,5,114832.5,,,,,,,,
301,Exit long,2023-01-13 14:00:00-05:00,time,11560.75,5,114832.5,768.8,0.6695,855.0,0.7446,295.0,0.2569,4195.05,4.1951
302,Entry long,2023-01-17 10:05:00-05:00,ORB close above 30m high,11663.0,5,116630.0,,,,,,,,
302,Exit long,2023-01-17 14:00:00-05:00,time,11645.0,5,116630.0,-186.2,-0.1597,220.0,0.1886,1080.0,0.926,4008.85,4.0089
303,Entry long,2023-01-18 10:05:00-05:00,ORB close above 30m high,11739.25,5,117392.5,,,,,,,,
303,Exit long,2023-01-18 10:35:00-05:00,stop,11672.0,5,117392.5,-678.7,-0.5781,202.5,0.1725,882.5,0.7518,3330.15,3.3302
304,Entry long,2023-01-20 10:10:00-05:00,ORB close above 30m high,11475.25,5,114752.5,,,,,,,,
304,Exit long,2023-01-20 14:00:00-05:00,time,11599.75,5,114752.5,1238.8,1.0795,1307.5,1.1394,245.0,0.2135,4568.95,4.569
305,Entry long,2023-01-23 10:20:00-05:00,ORB close above 30m high,11827.0,5,118270.0,,,,,,,,
305,Exit long,2023-01-23 14:00:00-05:00,time,11958.25,5,118270.0,1306.3,1.1045,1560.0,1.319,87.5,0.074,5875.25,5.8753
306,Entry long,2023-01-25 11:20:00-05:00,ORB close above 30m high,11729.75,5,117297.5,,,,,,,,
306,Exit long,2023-01-25 14:00:00-05:00,time,11817.75,5,117297.5,873.8,0.7449,1060.0,0.9037,175.0,0.1492,6749.05,6.7491
307,Entry long,2023-01-27 10:05:00-05:00,ORB close above 30m high,12155.75,5,121557.5,,,,,,,,
307,Exit long,2023-01-27 14:00:00-05:00,time,12255.75,5,121557.5,993.8,0.8176,1105.0,0.909,632.5,0.5203,7742.85,7.7429
308,Entry long,2023-01-30 10:05:00-05:00,ORB close above 30m high,12136.0,5,121360.0,,,,,,,,
308,Exit long,2023-01-30 10:20:00-05:00,stop,12059.0,5,121360.0,-776.2,-0.6396,75.0,0.0618,800.0,0.6592,6966.65,6.9667
309,Entry long,2023-01-31 10:30:00-05:00,ORB close above 30m high,12059.5,5,120595.0,,,,,,,,
309,Exit long,2023-01-31 14:00:00-05:00,time,12094.75,5,120595.0,346.3,0.2872,427.5,0.3545,172.5,0.143,7312.95,7.313
310,Entry long,2023-02-02 10:35:00-05:00,ORB close above 30m high,12790.5,5,127905.0,,,,,,,,
310,Exit long,2023-02-02 14:00:00-05:00,time,12927.0,5,127905.0,1358.8,1.0624,1442.5,1.1278,192.5,0.1505,8671.75,8.6718
311,Entry long,2023-02-03 10:15:00-05:00,ORB close above 30m high,12756.0,5,127560.0,,,,,,,,
311,Exit long,2023-02-03 14:00:00-05:00,time,12674.5,5,127560.0,-821.2,-0.6438,1217.5,0.9545,1387.5,1.0877,7850.55,7.8506
312,Entry long,2023-02-06 10:05:00-05:00,ORB close above 30m high,12572.0,5,125720.0,,,,,,,,
312,Exit long,2023-02-06 10:20:00-05:00,stop,12501.75,5,125720.0,-708.7,-0.5637,202.5,0.1611,867.5,0.69,7141.85,7.1419
313,Entry long,2023-02-07 11:15:00-05:00,ORB close above 30m high,12555.5,5,125555.0,,,,,,,,
313,Exit long,2023-02-07 12:45:00-05:00,target,12669.15,5,125555.0,1130.3,0.9002,1405.0,1.119,195.0,0.1553,8272.15,8.2722
314,Entry long,2023-02-10 10:20:00-05:00,ORB close above 30m high,12397.0,5,123970.0,,,,,,,,
314,Exit long,2023-02-10 10:50:00-05:00,stop,12311.5,5,123970.0,-861.2,-0.6947,247.5,0.1996,895.0,0.7219,7410.95,7.411
315,Entry long,2023-02-13 10:50:00-05:00,ORB close above 30m high,12486.0,5,124860.0,,,,,,,,
315,Exit long,2023-02-13 14:00:00-05:00,time,12559.5,5,124860.0,728.8,0.5837,817.5,0.6547,35.0,0.028,8139.75,8.1398
316,Entry long,2023-02-14 10:05:00-05:00,ORB close above 30m high,12631.25,5,126312.5,,,,,,,,
316,Exit long,2023-02-14 14:00:00-05:00,time,12583.5,5,126312.5,-483.7,-0.3829,420.0,0.3325,2137.5,1.6922,7656.05,7.6561
317,Entry long,2023-02-15 11:30:00-05:00,ORB close above 30m high,12632.75,5,126327.5,,,,,,,,
317,Exit long,2023-02-15 14:00:00-05:00,time,12682.0,5,126327.5,486.3,0.385,567.5,0.4492,270.0,0.2137,8142.35,8.1424
318,Entry long,2023-02-16 10:25:00-05:00,ORB close above 30m high,12605.0,5,126050.0,,,,,,,,
318,Exit long,2023-02-16 14:00:00-05:00,time,12663.5,5,126050.0,578.8,0.4592,895.0,0.71,112.5,0.0893,8721.15,8.7212
319,Entry long,2023-02-27 10:05:00-05:00,ORB close above 30m high,12156.25,5,121562.5,,,,,,,,
319,Exit long,2023-02-27 10:35:00-05:00,stop,12106.25,5,121562.5,-506.2,-0.4164,332.5,0.2735,630.0,0.5183,8214.95,8.215
320,Entry long,2023-02-28 10:05:00-05:00,ORB close above 30m high,12113.75,5,121137.5,,,,,,,,
320,Exit long,2023-02-28 14:00:00-05:00,time,12162.25,5,121137.5,478.8,0.3953,600.0,0.4953,680.0,0.5613,8693.75,8.6938
321,Entry long,2023-03-02 10:05:00-05:00,ORB close above 30m high,11923.75,5,119237.5,,,,,,,,
321,Exit long,2023-03-02 14:00:00-05:00,time,11999.0,5,119237.5,746.3,0.6259,1105.0,0.9267,515.0,0.4319,9440.05,9.4401
322,Entry long,2023-03-03 10:25:00-05:00,ORB close above 30m high,12207.25,5,122072.5,,,,,,,,
322,Exit long,2023-03-03 14:00:00-05:00,time,12269.25,5,122072.5,613.8,0.5028,705.0,0.5775,367.5,0.3011,10053.85,10.0539
323,Entry long,2023-03-06 10:15:00-05:00,ORB close above 30m high,12409.25,5,124092.5,,,,,,,,
323,Exit long,2023-03-06 14:00:00-05:00,time,12362.0,5,124092.5,-478.7,-0.3858,765.0,0.6165,552.5,0.4452,9575.15,9.5752
324,Entry long,2023-03-08 10:35:00-05:00,ORB close above 30m high,12217.25,5,122172.5,,,,,,,,
324,Exit long,2023-03-08 13:25:00-05:00,stop,12154.75,5,122172.5,-631.2,-0.5166,372.5,0.3049,665.0,0.5443,8943.95,8.944
325,Entry long,2023-03-09 10:05:00-05:00,ORB close above 30m high,12342.25,5,123422.5,,,,,,,,
325,Exit long,2023-03-09 12:45:00-05:00,stop,12230.0,5,123422.5,-1128.7,-0.9145,115.0,0.0932,1262.5,1.0229,7815.25,7.8153
326,Entry long,2023-03-10 11:30:00-05:00,ORB close above 30m high,12045.25,5,120452.5,,,,,,,,
326,Exit long,2023-03-10 13:25:00-05:00,stop,11865.5,5,120452.5,-1803.7,-1.4974,342.5,0.2843,2062.5,1.7123,6011.55,6.0116
327,Entry long,2023-03-13 10:35:00-04:00,ORB close above 30m high,11929.75,5,119297.5,,,,,,,,
327,Exit long,2023-03-13 14:00:00-04:00,time,12006.75,5,119297.5,763.8,0.6402,1472.5,1.2343,870.0,0.7293,6775.35,6.7754
328,Entry long,2023-03-14 10:25:00-04:00,ORB close above 30m high,12163.5,5,121635.0,,,,,,,,
328,Exit long,2023-03-14 14:00:00-04:00,time,12112.25,5,121635.0,-518.7,-0.4264,595.0,0.4892,755.0,0.6207,6256.65,6.2567
329,Entry long,2023-03-15 11:50:00-04:00,ORB close above 30m high,12299.25,5,122992.5,,,,,,,,
329,Exit long,2023-03-15 12:55:00-04:00,stop,12193.5,5,122992.5,-1063.7,-0.8648,20.0,0.0163,1172.5,0.9533,5192.95,5.193
330,Entry long,2023-03-16 10:45:00-04:00,ORB close above 30m high,12444.25,5,124442.5,,,,,,,,
330,Exit long,2023-03-16 11:55:00-04:00,target,12665.42,5,124442.5,2205.55,1.7723,2215.0,1.7799,35.0,0.0281,7398.5,7.3985
331,Entry long,2023-03-17 10:05:00-04:00,ORB close above 30m high,12793.25,5,127932.5,,,,,,,,
331,Exit long,2023-03-17 10:25:00-04:00,stop,12690.75,5,127932.5,-1031.2,-0.8061,40.0,0.0313,1225.0,0.9575,6367.3,6.3673
332,Entry long,2023-03-20 10:50:00-04:00,ORB close above 30m high,12635.25,5,126352.5,,,,,,,,
332,Exit long,2023-03-20 14:00:00-04:00,time,12660.75,5,126352.5,248.8,0.1969,625.0,0.4946,697.5,0.552,6616.1,6.6161
333,Entry long,2023-03-22 10:25:00-04:00,ORB close above 30m high,12901.25,5,129012.5,,,,,,,,
333,Exit long,2023-03-22 14:00:00-04:00,time,12920.25,5,129012.5,183.8,0.1425,950.0,0.7364,300.0,0.2325,6799.9,6.7999
334,Entry long,2023-03-23 10:10:00-04:00,ORB close above 30m high,12912.5,5,129125.0,,,,,,,,
334,Exit long,2023-03-23 11:05:00-04:00,target,13023.6,5,129125.0,1104.8,0.8556,1190.0,0.9216,22.5,0.0174,7904.7,7.9047
335,Entry long,2023-03-29 10:05:00-04:00,ORB close above 30m high,12928.5,5,129285.0,,,,,,,,
335,Exit long,2023-03-29 10:30:00-04:00,stop,12881.0,5,129285.0,-481.2,-0.3722,32.5,0.0251,510.0,0.3945,7423.5,7.4235
336,Entry long,2023-03-30 10:30:00-04:00,ORB close above 30m high,13093.5,5,130935.0,,,,,,,,
336,Exit long,2023-03-30 13:30:00-04:00,stop,13036.75,5,130935.0,-573.7,-0.4382,185.0,0.1413,610.0,0.4659,6849.8,6.8498
337,Entry long,2023-03-31 10:35:00-04:00,ORB close above 30m high,13168.25,5,131682.5,,,,,,,,
337,Exit long,2023-03-31 14:00:00-04:00,time,13228.25,5,131682.5,593.8,0.4509,745.0,0.5658,40.0,0.0304,7443.6,7.4436
338,Entry long,2023-04-03 10:25:00-04:00,ORB close above 30m high,13264.25,5,132642.5,,,,,,,,
338,Exit long,2023-04-03 10:50:00-04:00,stop,13197.5,5,132642.5,-673.7,-0.5079,27.5,0.0207,830.0,0.6257,6769.9,6.7699
339,Entry long,2023-04-04 10:05:00-04:00,ORB close above 30m high,13303.0,5,133030.0,,,,,,,,
339,Exit long,2023-04-04 11:05:00-04:00,stop,13229.75,5,133030.0,-738.7,-0.5553,237.5,0.1785,747.5,0.5619,6031.2,6.0312
340,Entry long,2023-04-06 10:10:00-04:00,ORB close above 30m high,13026.5,5,130265.0,,,,,,,,
340,Exit long,2023-04-06 12:00:00-04:00,target,13152.05,5,130265.0,1249.3,0.959,1265.0,0.9711,190.0,0.1459,7280.5,7.2805
341,Entry long,2023-04-10 11:10:00-04:00,ORB close above 30m high,13052.75,5,130527.5,,,,,,,,
341,Exit long,2023-04-10 14:00:00-04:00,time,13124.25,5,130527.5,708.8,0.543,855.0,0.655,387.5,0.2969,7989.3,7.9893
342,Entry long,2023-04-13 10:10:00-04:00,ORB close above 30m high,13096.25,5,130962.5,,,,,,,,
342,Exit long,2023-04-13 14:00:00-04:00,time,13192.25,5,130962.5,953.8,0.7283,1027.5,0.7846,65.0,0.0496,8943.1,8.9431
343,Entry long,2023-04-19 10:40:00-04:00,ORB close above 30m high,13136.0,5,131360.0,,,,,,,,
343,Exit long,2023-04-19 14:00:00-04:00,time,13207.75,5,131360.0,711.3,0.5415,910.0,0.6928,120.0,0.0914,9654.4,9.6544
344,Entry long,2023-04-20 10:10:00-04:00,ORB close above 30m high,13137.5,5,131375.0,,,,,,,,
344,Exit long,2023-04-20 14:00:00-04:00,time,13169.5,5,131375.0,313.8,0.2389,622.5,0.4738,457.5,0.3482,9968.2,9.9682
345,Entry long,2023-04-21 11:35:00-04:00,ORB close above 30m high,13078.5,5,130785.0,,,,,,,,
345,Exit long,2023-04-21 14:00:00-04:00,time,13100.5,5,130785.0,213.8,0.1635,390.0,0.2982,295.0,0.2256,10182.0,10.182
346,Entry long,2023-04-26 11:10:00-04:00,ORB close above 30m high,12970.0,5,129700.0,,,,,,,,
346,Exit long,2023-04-26 14:00:00-04:00,time,12921.5,5,129700.0,-491.2,-0.3787,425.0,0.3277,640.0,0.4934,9690.8,9.6908
347,Entry long,2023-04-27 10:15:00-04:00,ORB close above 30m high,13077.5,5,130775.0,,,,,,,,
347,Exit long,2023-04-27 13:25:00-04:00,target,13186.48,5,130775.0,1083.55,0.8286,1102.5,0.8431,85.0,0.065,10774.35,10.7744
348,Entry long,2023-04-28 10:15:00-04:00,ORB close above 30m high,13266.0,5,132660.0,,,,,,,,
348,Exit long,2023-04-28 14:00:00-04:00,time,13276.75,5,132660.0,101.3,0.0764,287.5,0.2167,822.5,0.62,10875.65,10.8757
349,Entry long,2023-05-01 12:35:00-04:00,ORB close above 30m high,13334.5,5,133345.0,,,,,,,,
349,Exit long,2023-05-01 14:00:00-04:00,time,13349.75,5,133345.0,146.3,0.1097,285.0,0.2137,85.0,0.0637,11021.95,11.022
350,Entry long,2023-05-04 11:10:00-04:00,ORB close above 30m high,13089.75,5,130897.5,,,,,,,,
350,Exit long,2023-05-04 14:00:00-04:00,time,13109.25,5,130897.5,188.8,0.1442,415.0,0.317,592.5,0.4526,11210.75,11.2108
351,Entry long,2023-05-05 10:05:00-04:00,ORB close above 30m high,13200.0,5,132000.0,,,,,,,,
351,Exit long,2023-05-05 14:00:00-04:00,time,13305.0,5,132000.0,1043.8,0.7908,1150.0,0.8712,47.5,0.036,12254.55,12.2546
352,Entry long,2023-05-08 11:55:00-04:00,ORB close above 30m high,13321.0,5,133210.0,,,,,,,,
352,Exit long,2023-05-08 14:00:00-04:00,time,13345.5,5,133210.0,238.8,0.1793,337.5,0.2534,137.5,0.1032,12493.35,12.4934
353,Entry long,2023-05-10 10:10:00-04:00,ORB close above 30m high,13424.0,5,134240.0,,,,,,,,
353,Exit long,2023-05-10 10:45:00-04:00,stop,13321.25,5,134240.0,-1033.7,-0.77,100.0,0.0745,1075.0,0.8008,11459.65,11.4597
354,Entry long,2023-05-11 11:30:00-04:00,ORB close above 30m high,13434.75,5,134347.5,,,,,,,,
354,Exit long,2023-05-11 14:00:00-04:00,time,13426.25,5,134347.5,-91.2,-0.0679,250.0,0.1861,412.5,0.307,11368.45,11.3685
355,Entry long,2023-05-15 11:25:00-04:00,ORB close above 30m high,13432.0,5,134320.0,,,,,,,,
355,Exit long,2023-05-15 14:00:00-04:00,time,13450.25,5,134320.0,176.3,0.1313,470.0,0.3499,140.0,0.1042,11544.75,11.5448
356,Entry long,2023-05-16 11:00:00-04:00,ORB close above 30m high,13519.25,5,135192.5,,,,,,,,
356,Exit long,2023-05-16 14:00:00-04:00,time,13544.75,5,135192.5,248.8,0.184,350.0,0.2589,182.5,0.135,11793.55,11.7936
357,Entry long,2023-05-17 11:40:00-04:00,ORB close above 30m high,13540.75,5,135407.5,,,,,,,,
357,Exit long,2023-05-17 13:40:00-04:00,target,13652.27,5,135407.5,1109.05,0.819,1130.0,0.8345,35.0,0.0258,12902.6,12.9026
358,Entry long,2023-05-18 10:10:00-04:00,ORB close above 30m high,13731.5,5,137315.0,,,,,,,,
358,Exit long,2023-05-18 14:00:00-04:00,time,13769.0,5,137315.0,368.8,0.2686,1240.0,0.903,62.5,0.0455,13271.4,13.2714
359,Entry long,2023-05-25 11:15:00-04:00,ORB close above 30m high,13976.5,5,139765.0,,,,,,,,
359,Exit long,2023-05-25 14:00:00-04:00,time,13990.75,5,139765.0,136.3,0.0975,550.0,0.3935,552.5,0.3953,13407.7,13.4077
360,Entry long,2023-05-26 10:05:00-04:00,ORB close above 30m high,14133.5,5,141335.0,,,,,,,,
360,Exit long,2023-05-26 13:05:00-04:00,target,14335.12,5,141335.0,2010.05,1.4222,2027.5,1.4345,72.5,0.0513,15417.75,15.4178
361,Entry long,2023-05-29 10:25:00-04:00,ORB close above 30m high,14379.75,5,143797.5,,,,,,,,
361,Exit long,2023-05-29 12:55:00-04:00,target,14399.9,5,143797.5,195.3,0.1358,315.0,0.2191,45.0,0.0313,15613.05,15.6131
362,Entry long,2023-06-01 10:05:00-04:00,ORB close above 30m high,14323.5,5,143235.0,,,,,,,,
362,Exit long,2023-06-01 12:15:00-04:00,target,14444.8,5,143235.0,1206.8,0.8425,1312.5,0.9163,507.5,0.3543,16819.85,16.8198
363,Entry long,2023-06-05 10:55:00-04:00,ORB close above 30m high,14657.25,5,146572.5,,,,,,,,
363,Exit long,2023-06-05 14:00:00-04:00,time,14632.5,5,146572.5,-253.7,-0.1731,380.0,0.2593,472.5,0.3224,16566.15,16.5662
364,Entry long,2023-06-06 10:25:00-04:00,ORB close above 30m high,14578.75,5,145787.5,,,,,,,,
364,Exit long,2023-06-06 14:00:00-04:00,time,14552.25,5,145787.5,-271.2,-0.186,452.5,0.3104,510.0,0.3498,16294.95,16.2949
365,Entry long,2023-06-08 10:15:00-04:00,ORB close above 30m high,14406.5,5,144065.0,,,,,,,,
365,Exit long,2023-06-08 14:00:00-04:00,time,14447.25,5,144065.0,401.3,0.2786,1170.0,0.8121,152.5,0.1059,16696.25,16.6962
366,Entry long,2023-06-09 10:15:00-04:00,ORB close above 30m high,14670.5,5,146705.0,,,,,,,,
366,Exit long,2023-06-09 11:25:00-04:00,stop,14556.25,5,146705.0,-1148.7,-0.783,175.0,0.1193,1235.0,0.8418,15547.55,15.5475
367,Entry long,2023-06-12 10:50:00-04:00,ORB close above 30m high,14642.0,5,146420.0,,,,,,,,
367,Exit long,2023-06-12 13:55:00-04:00,target,14711.45,5,146420.0,688.3,0.4701,712.5,0.4866,395.0,0.2698,16235.85,16.2359
368,Entry long,2023-06-14 10:05:00-04:00,ORB close above 30m high,15127.5,5,151275.0,,,,,,,,
368,Exit long,2023-06-14 14:00:00-04:00,time,15133.5,5,151275.0,53.8,0.0356,882.5,0.5834,925.0,0.6115,16289.65,16.2897
369,Entry long,2023-06-15 10:10:00-04:00,ORB close above 30m high,15250.75,5,152507.5,,,,,,,,
369,Exit long,2023-06-15 14:00:00-04:00,time,15351.75,5,152507.5,1003.8,0.6582,1125.0,0.7377,355.0,0.2328,17293.45,17.2935
370,Entry long,2023-06-22 10:15:00-04:00,ORB close above 30m high,15132.75,5,151327.5,,,,,,,,
370,Exit long,2023-06-22 14:00:00-04:00,time,15153.5,5,151327.5,201.3,0.133,480.0,0.3172,767.5,0.5072,17494.75,17.4947
371,Entry long,2023-06-23 12:20:00-04:00,ORB close above 30m high,15103.25,5,151032.5,,,,,,,,
371,Exit long,2023-06-23 14:00:00-04:00,time,15126.0,5,151032.5,221.3,0.1465,522.5,0.346,107.5,0.0712,17716.05,17.716
372,Entry long,2023-06-26 10:15:00-04:00,ORB close above 30m high,15140.75,5,151407.5,,,,,,,,
372,Exit long,2023-06-26 11:05:00-04:00,stop,15024.0,5,151407.5,-1173.7,-0.7752,115.0,0.076,1247.5,0.8239,16542.35,16.5423
373,Entry long,2023-06-27 11:30:00-04:00,ORB close above 30m high,14982.75,5,149827.5,,,,,,,,
373,Exit long,2023-06-27 14:00:00-04:00,time,15114.75,5,149827.5,1313.8,0.8769,1347.5,0.8994,87.5,0.0584,17856.15,17.8561
374,Entry long,2023-06-28 10:20:00-04:00,ORB close above 30m high,15113.75,5,151137.5,,,,,,,,
374,Exit long,2023-06-28 14:00:00-04:00,time,15105.25,5,151137.5,-91.2,-0.0603,1050.0,0.6947,547.5,0.3623,17764.95,17.7649
375,Entry long,2023-06-30 10:15:00-04:00,ORB close above 30m high,15336.75,5,153367.5,,,,,,,,
375,Exit long,2023-06-30 14:00:00-04:00,time,15355.25,5,153367.5,178.8,0.1166,397.5,0.2592,542.5,0.3537,17943.75,17.9437
376,Entry long,2023-07-05 10:20:00-04:00,ORB close above 30m high,15407.0,5,154070.0,,,,,,,,
376,Exit long,2023-07-05 14:00:00-04:00,time,15370.75,5,154070.0,-368.7,-0.2393,247.5,0.1606,685.0,0.4446,17575.05,17.575
377,Entry long,2023-07-06 13:00:00-04:00,ORB close above 30m high,15215.5,5,152155.0,,,,,,,,
377,Exit long,2023-07-06 14:00:00-04:00,time,15237.75,5,152155.0,216.3,0.1422,242.5,0.1594,240.0,0.1577,17791.35,17.7913
378,Entry long,2023-07-07 12:00:00-04:00,ORB close above 30m high,15281.0,5,152810.0,,,,,,,,
378,Exit long,2023-07-07 14:00:00-04:00,time,15329.75,5,152810.0,481.3,0.315,787.5,0.5153,12.5,0.0082,18272.65,18.2726
379,Entry long,2023-07-11 12:00:00-04:00,ORB close above 30m high,15236.0,5,152360.0,,,,,,,,
379,Exit long,2023-07-11 14:00:00-04:00,time,15203.25,5,152360.0,-333.7,-0.219,140.0,0.0919,607.5,0.3987,17938.95,17.9389
380,Entry long,2023-07-12 10:10:00-04:00,ORB close above 30m high,15487.5,5,154875.0,,,,,,,,
380,Exit long,2023-07-12 11:35:00-04:00,stop,15407.75,5,154875.0,-803.7,-0.5189,202.5,0.1308,810.0,0.523,17135.25,17.1352
381,Entry long,2023-07-13 12:00:00-04:00,ORB close above 30m high,15631.25,5,156312.5,,,,,,,,
381,Exit long,2023-07-13 14:00:00-04:00,time,15660.5,5,156312.5,286.3,0.1832,422.5,0.2703,65.0,0.0416,17421.55,17.4215
382,Entry long,2023-07-14 10:10:00-04:00,ORB close above 30m high,15812.5,5,158125.0,,,,,,,,
382,Exit long,2023-07-14 14:00:00-04:00,time,15740.5,5,158125.0,-726.2,-0.4593,450.0,0.2846,875.0,0.5534,16695.35,16.6953
383,Entry long,2023-07-17 11:35:00-04:00,ORB close above 30m high,15784.75,5,157847.5,,,,,,,,
383,Exit long,2023-07-17 14:00:00-04:00,time,15819.5,5,157847.5,341.3,0.2162,367.5,0.2328,245.0,0.1552,17036.65,17.0366
384,Entry long,2023-07-18 11:45:00-04:00,ORB close above 30m high,15831.75,5,158317.5,,,,,,,,
384,Exit long,2023-07-18 14:00:00-04:00,time,15952.0,5,158317.5,1196.3,0.7556,1312.5,0.829,5.0,0.0032,18232.95,18.2329
385,Entry long,2023-07-19 11:15:00-04:00,ORB close above 30m high,16041.75,5,160417.5,,,,,,,,
385,Exit long,2023-07-19 12:20:00-04:00,stop,15977.75,5,160417.5,-646.2,-0.4028,207.5,0.1293,660.0,0.4114,17586.75,17.5867
386,Entry long,2023-07-25 11:40:00-04:00,ORB close above 30m high,15672.5,5,156725.0,,,,,,,,
386,Exit long,2023-07-25 14:00:00-04:00,time,15689.75,5,156725.0,166.3,0.1061,367.5,0.2345,185.0,0.118,17753.05,17.753
387,Entry long,2023-07-28 10:05:00-04:00,ORB close above 30m high,15824.75,5,158247.5,,,,,,,,
387,Exit long,2023-07-28 14:00:00-04:00,time,15834.5,5,158247.5,91.3,0.0577,710.0,0.4487,497.5,0.3144,17844.35,17.8443
388,Entry long,2023-08-01 10:40:00-04:00,ORB close above 30m high,15811.25,5,158112.5,,,,,,,,
388,Exit long,2023-08-01 14:00:00-04:00,time,15828.5,5,158112.5,166.3,0.1052,327.5,0.2071,332.5,0.2103,18010.65,18.0106
389,Entry long,2023-08-03 11:20:00-04:00,ORB close above 30m high,15473.25,5,154732.5,,,,,,,,
389,Exit long,2023-08-03 14:00:00-04:00,time,15452.5,5,154732.5,-213.7,-0.1381,505.0,0.3264,315.0,0.2036,17796.95,17.7969
390,Entry long,2023-08-04 12:30:00-04:00,ORB close above 30m high,15591.5,5,155915.0,,,,,,,,
390,Exit long,2023-08-04 14:00:00-04:00,time,15524.5,5,155915.0,-676.2,-0.4337,187.5,0.1203,1262.5,0.8097,17120.75,17.1207
391,Entry long,2023-08-10 10:05:00-04:00,ORB close above 30m high,15430.25,5,154302.5,,,,,,,,
391,Exit long,2023-08-10 11:20:00-04:00,stop,15273.0,5,154302.5,-1578.7,-1.0231,82.5,0.0535,1692.5,1.0969,15542.05,15.542
392,Entry long,2023-08-11 10:15:00-04:00,ORB close above 30m high,15132.0,5,151320.0,,,,,,,,
392,Exit long,2023-08-11 11:30:00-04:00,stop,15051.75,5,151320.0,-808.7,-0.5344,422.5,0.2792,947.5,0.6262,14733.35,14.7333
393,Entry long,2023-08-14 10:05:00-04:00,ORB close above 30m high,15130.5,5,151305.0,,,,,,,,
393,Exit long,2023-08-14 14:00:00-04:00,time,15223.5,5,151305.0,923.8,0.6106,1180.0,0.7799,167.5,0.1107,15657.15,15.6571
394,Entry long,2023-08-16 10:20:00-04:00,ORB close above 30m high,15135.75,5,151357.5,,,,,,,,
394,Exit long,2023-08-16 11:50:00-04:00,stop,15050.5,5,151357.5,-858.7,-0.5673,87.5,0.0578,897.5,0.593,14798.45,14.7984
395,Entry long,2023-08-18 11:05:00-04:00,ORB close above 30m high,14705.75,5,147057.5,,,,,,,,
395,Exit long,2023-08-18 14:00:00-04:00,time,14729.75,5,147057.5,233.8,0.159,455.0,0.3094,575.0,0.391,15032.25,15.0322
396,Entry long,2023-08-21 10:05:00-04:00,ORB close above 30m high,14916.0,5,149160.0,,,,,,,,
396,Exit long,2023-08-21 11:10:00-04:00,stop,14805.25,5,149160.0,-1113.7,-0.7466,162.5,0.1089,1110.0,0.7442,13918.55,13.9185
397,Entry long,2023-08-23 10:10:00-04:00,ORB close above 30m high,15106.25,5,151062.5,,,,,,,,
397,Exit long,2023-08-23 14:00:00-04:00,time,15236.5,5,151062.5,1296.3,0.8581,1362.5,0.9019,90.0,0.0596,15214.85,15.2148
398,Entry long,2023-08-25 10:15:00-04:00,ORB close above 30m high,14999.25,5,149992.5,,,,,,,,
398,Exit long,2023-08-25 10:25:00-04:00,stop,14891.75,5,149992.5,-1081.2,-0.7208,497.5,0.3317,1292.5,0.8617,14133.65,14.1336
399,Entry long,2023-08-29 10:05:00-04:00,ORB close above 30m high,15229.75,5,152297.5,,,,,,,,
399,Exit long,2023-08-29 14:00:00-04:00,time,15371.75,5,152297.5,1413.8,0.9283,1705.0,1.1195,107.5,0.0706,15547.45,15.5474
400,Entry long,2023-08-30 10:10:00-04:00,ORB close above 30m high,15478.75,5,154787.5,,,,,,,,
400,Exit long,2023-08-30 10:25:00-04:00,stop,15386.25,5,154787.5,-931.2,-0.6016,287.5,0.1857,1045.0,0.6751,14616.25,14.6162
401,Entry long,2023-08-31 10:15:00-04:00,ORB close above 30m high,15582.25,5,155822.5,,,,,,,,
401,Exit long,2023-08-31 14:00:00-04:00,time,15557.5,5,155822.5,-253.7,-0.1628,245.0,0.1572,885.0,0.568,14362.55,14.3625
402,Entry long,2023-09-05 10:25:00-04:00,ORB close above 30m high,15511.0,5,155110.0,,,,,,,,
402,Exit long,2023-09-05 14:00:00-04:00,time,15551.25,5,155110.0,396.3,0.2555,662.5,0.4271,340.0,0.2192,14758.85,14.7588
403,Entry long,2023-09-07 10:45:00-04:00,ORB close above 30m high,15270.5,5,152705.0,,,,,,,,
403,Exit long,2023-09-07 14:00:00-04:00,time,15279.5,5,152705.0,83.8,0.0549,225.0,0.1473,732.5,0.4797,14842.65,14.8426
404,Entry long,2023-09-08 10:20:00-04:00,ORB close above 30m high,15374.5,5,153745.0,,,,,,,,
404,Exit long,2023-09-08 14:00:00-04:00,time,15326.5,5,153745.0,-486.2,-0.3162,160.0,0.1041,870.0,0.5659,14356.45,14.3564
405,Entry long,2023-09-11 13:40:00-04:00,ORB close above 30m high,15453.75,5,154537.5,,,,,,,,
405,Exit long,2023-09-11 14:00:00-04:00,time,15468.0,5,154537.5,136.3,0.0882,177.5,0.1149,75.0,0.0485,14492.75,14.4927
406,Entry long,2023-09-13 11:05:00-04:00,ORB close above 30m high,15581.25,5,155812.5,,,,,,,,
406,Exit long,2023-09-13 14:00:00-04:00,time,15604.0,5,155812.5,221.3,0.142,387.5,0.2487,435.0,0.2792,14714.05,14.714
407,Entry long,2023-09-14 10:45:00-04:00,ORB close above 30m high,15645.5,5,156455.0,,,,,,,,
407,Exit long,2023-09-14 14:00:00-04:00,time,15680.25,5,156455.0,341.3,0.2181,635.0,0.4059,185.0,0.1182,15055.35,15.0553
408,Entry long,2023-09-18 11:35:00-04:00,ORB close above 30m high,15435.25,5,154352.5,,,,,,,,
408,Exit long,2023-09-18 14:00:00-04:00,time,15436.25,5,154352.5,3.8,0.0025,255.0,0.1652,112.5,0.0729,15059.15,15.0591
409,Entry long,2023-09-19 13:55:00-04:00,ORB close above 30m high,15378.0,5,153780.0,,,,,,,,
409,Exit long,2023-09-19 14:00:00-04:00,time,15373.25,5,153780.0,-53.7,-0.0349,60.0,0.039,102.5,0.0667,15005.45,15.0054
410,Entry long,2023-09-22 10:25:00-04:00,ORB close above 30m high,14955.75,5,149557.5,,,,,,,,
410,Exit long,2023-09-22 14:00:00-04:00,time,14916.0,5,149557.5,-403.7,-0.2699,715.0,0.4781,482.5,0.3226,14601.75,14.6017
411,Entry long,2023-09-25 11:20:00-04:00,ORB close above 30m high,14914.0,5,149140.0,,,,,,,,
411,Exit long,2023-09-25 14:00:00-04:00,time,14903.25,5,149140.0,-113.7,-0.0762,220.0,0.1475,497.5,0.3336,14488.05,14.488
412,Entry long,2023-09-28 10:05:00-04:00,ORB close above 30m high,14771.25,5,147712.5,,,,,,,,
412,Exit long,2023-09-28 14:00:00-04:00,time,14850.0,5,147712.5,781.3,0.5289,1767.5,1.1966,920.0,0.6228,15269.35,15.2693
413,Entry long,2023-09-29 10:05:00-04:00,ORB close above 30m high,15051.5,5,150515.0,,,,,,,,
413,Exit long,2023-09-29 10:20:00-04:00,stop,14976.5,5,150515.0,-756.2,-0.5024,12.5,0.0083,775.0,0.5149,14513.15,14.5131
414,Entry long,2023-10-02 10:05:00-04:00,ORB close above 30m high,14982.5,5,149825.0,,,,,,,,
414,Exit long,2023-10-02 14:00:00-04:00,time,14909.0,5,149825.0,-741.2,-0.4947,637.5,0.4255,1157.5,0.7726,13771.95,13.7719
415,Entry long,2023-10-04 11:20:00-04:00,ORB close above 30m high,14845.25,5,148452.5,,,,,,,,
415,Exit long,2023-10-04 14:00:00-04:00,time,14820.0,5,148452.5,-258.7,-0.1743,547.5,0.3688,370.0,0.2492,13513.25,13.5132
416,Entry long,2023-10-06 10:25:00-04:00,ORB close above 30m high,14824.0,5,148240.0,,,,,,,,
416,Exit long,2023-10-06 11:55:00-04:00,target,15031.15,5,148240.0,2065.3,1.3932,2245.0,1.5144,57.5,0.0388,15578.55,15.5785
417,Entry long,2023-10-09 12:20:00-04:00,ORB close above 30m high,15074.5,5,150745.0,,,,,,,,
417,Exit long,2023-10-09 14:00:00-04:00,time,15191.25,5,150745.0,1161.3,0.7704,1190.0,0.7894,280.0,0.1857,16739.85,16.7398
418,Entry long,2023-10-10 10:05:00-04:00,ORB close above 30m high,15264.0,5,152640.0,,,,,,,,
418,Exit long,2023-10-10 14:00:00-04:00,time,15291.0,5,152640.0,263.8,0.1728,1195.0,0.7829,265.0,0.1736,17003.65,17.0036
419,Entry long,2023-10-12 10:10:00-04:00,ORB close above 30m high,15423.0,5,154230.0,,,,,,,,
419,Exit long,2023-10-12 13:05:00-04:00,stop,15365.25,5,154230.0,-583.7,-0.3785,465.0,0.3015,647.5,0.4198,16419.95,16.4199
420,Entry long,2023-10-16 10:20:00-04:00,ORB close above 30m high,15264.0,5,152640.0,,,,,,,,
420,Exit long,2023-10-16 14:00:00-04:00,time,15308.75,5,152640.0,441.3,0.2891,612.5,0.4013,522.5,0.3423,16861.25,16.8612
421,Entry long,2023-10-17 10:15:00-04:00,ORB close above 30m high,15158.75,5,151587.5,,,,,,,,
421,Exit long,2023-10-17 14:00:00-04:00,time,15204.5,5,151587.5,451.3,0.2977,1505.0,0.9928,27.5,0.0181,17312.55,17.3125
422,Entry long,2023-10-18 10:20:00-04:00,ORB close above 30m high,15200.5,5,152005.0,,,,,,,,
422,Exit long,2023-10-18 10:35:00-04:00,stop,15121.25,5,152005.0,-798.7,-0.5254,235.0,0.1546,960.0,0.6316,16513.85,16.5138
423,Entry long,2023-10-19 12:25:00-04:00,ORB close above 30m high,15115.25,5,151152.5,,,,,,,,
423,Exit long,2023-10-19 12:30:00-04:00,stop,15020.75,5,151152.5,-951.2,-0.6293,27.5,0.0182,1597.5,1.0569,15562.65,15.5626
424,Entry long,2023-10-23 10:15:00-04:00,ORB close above 30m high,14657.5,5,146575.0,,,,,,,,
424,Exit long,2023-10-23 14:00:00-04:00,time,14798.5,5,146575.0,1403.8,0.9577,1967.5,1.3423,237.5,0.162,16966.45,16.9664
425,Entry long,2023-10-24 10:30:00-04:00,ORB close above 30m high,14848.25,5,148482.5,,,,,,,,
425,Exit long,2023-10-24 12:20:00-04:00,stop,14758.75,5,148482.5,-901.2,-0.6069,295.0,0.1987,927.5,0.6247,16065.25,16.0652
426,Entry long,2023-10-27 11:10:00-04:00,ORB close above 30m high,14358.75,5,143587.5,,,,,,,,
426,Exit long,2023-10-27 13:05:00-04:00,stop,14290.75,5,143587.5,-686.2,-0.4779,487.5,0.3395,1052.5,0.733,15379.05,15.379
427,Entry long,2023-10-31 12:50:00-04:00,ORB close above 30m high,14435.25,5,144352.5,,,,,,,,
427,Exit long,2023-10-31 14:00:00-04:00,time,14477.25,5,144352.5,413.8,0.2867,527.5,0.3654,222.5,0.1541,15792.85,15.7928
428,Entry long,2023-11-01 10:25:00-04:00,ORB close above 30m high,14631.0,5,146310.0,,,,,,,,
428,Exit long,2023-11-01 14:00:00-04:00,time,14605.5,5,146310.0,-261.2,-0.1785,185.0,0.1264,687.5,0.4699,15531.65,15.5316
429,Entry long,2023-11-02 10:55:00-04:00,ORB close above 30m high,14955.25,5,149552.5,,,,,,,,
429,Exit long,2023-11-02 14:00:00-04:00,time,14993.5,5,149552.5,376.3,0.2516,447.5,0.2992,327.5,0.219,15907.95,15.9079
430,Entry long,2023-11-03 11:50:00-04:00,ORB close above 30m high,15143.5,5,151435.0,,,,,,,,
430,Exit long,2023-11-03 14:00:00-04:00,time,15191.25,5,151435.0,471.3,0.3112,607.5,0.4012,77.5,0.0512,16379.25,16.3792
431,Entry long,2023-11-07 10:05:00-05:00,ORB close above 30m high,15309.25,5,153092.5,,,,,,,,
431,Exit long,2023-11-07 14:00:00-05:00,time,15400.75,5,153092.5,908.8,0.5936,1020.0,0.6663,362.5,0.2368,17288.05,17.288
432,Entry long,2023-11-09 11:50:00-05:00,ORB close above 30m high,15429.75,5,154297.5,,,,,,,,
432,Exit long,2023-11-09 13:00:00-05:00,stop,15365.5,5,154297.5,-648.7,-0.4204,235.0,0.1523,1087.5,0.7048,16639.35,16.6393
433,Entry long,2023-11-10 11:05:00-05:00,ORB close above 30m high,15404.25,5,154042.5,,,,,,,,
433,Exit long,2023-11-10 14:00:00-05:00,time,15558.0,5,154042.5,1531.3,0.9941,1645.0,1.0679,10.0,0.0065,18170.65,18.1706
434,Entry long,2023-11-13 10:55:00-05:00,ORB close above 30m high,15543.25,5,155432.5,,,,,,,,
434,Exit long,2023-11-13 14:00:00-05:00,time,15558.5,5,155432.5,146.3,0.0941,462.5,0.2976,137.5,0.0885,18316.95,18.3169
435,Entry long,2023-11-14 10:05:00-05:00,ORB close above 30m high,15884.5,5,158845.0,,,,,,,,
435,Exit long,2023-11-14 14:00:00-05:00,time,15852.25,5,158845.0,-328.7,-0.2069,182.5,0.1149,512.5,0.3226,17988.25,17.9882
436,Entry long,2023-11-17 12:05:00-05:00,ORB close above 30m high,15883.5,5,158835.0,,,,,,,,
436,Exit long,2023-11-17 14:00:00-05:00,time,15910.0,5,158835.0,258.8,0.1629,440.0,0.277,200.0,0.1259,18247.05,18.247
437,Entry long,2023-11-20 11:00:00-05:00,ORB close above 30m high,15999.75,5,159997.5,,,,,,,,
437,Exit long,2023-11-20 14:00:00-05:00,time,16070.75,5,159997.5,703.8,0.4399,770.0,0.4813,5.0,0.0031,18950.85,18.9508
438,Entry long,2023-11-23 11:00:00-05:00,ORB close above 30m high,16073.5,5,160735.0,,,,,,,,
438,Exit long,2023-11-23 18:00:00-05:00,time,16062.25,5,160735.0,-118.7,-0.0738,27.5,0.0171,150.0,0.0933,18832.15,18.8321
439,Entry long,2023-11-27 10:10:00-05:00,ORB close above 30m high,16044.25,5,160442.5,,,,,,,,
439,Exit long,2023-11-27 14:00:00-05:00,time,16052.75,5,160442.5,78.8,0.0491,447.5,0.2789,450.0,0.2805,18910.95,18.9109
440,Entry long,2023-11-28 10:40:00-05:00,ORB close above 30m high,16010.75,5,160107.5,,,,,,,,
440,Exit long,2023-11-28 14:00:00-05:00,time,16002.5,5,160107.5,-88.7,-0.0554,607.5,0.3794,420.0,0.2623,18822.25,18.8222
441,Entry long,2023-12-01 11:15:00-05:00,ORB close above 30m high,15976.75,5,159767.5,,,,,,,,
441,Exit long,2023-12-01 14:00:00-05:00,time,15994.5,5,159767.5,171.3,0.1072,732.5,0.4585,465.0,0.291,18993.55,18.9935
442,Entry long,2023-12-05 10:05:00-05:00,ORB close above 30m high,15925.75,5,159257.5,,,,,,,,
442,Exit long,2023-12-05 14:00:00-05:00,time,15872.75,5,159257.5,-536.2,-0.3367,360.0,0.226,982.5,0.6169,18457.35,18.4573
443,Entry long,2023-12-07 10:25:00-05:00,ORB close above 30m high,15993.75,5,159937.5,,,,,,,,
443,Exit long,2023-12-07 14:00:00-05:00,time,16033.5,5,159937.5,391.3,0.2447,625.0,0.3908,630.0,0.3939,18848.65,18.8486
444,Entry long,2023-12-08 10:05:00-05:00,ORB close above 30m high,16045.0,5,160450.0,,,,,,,,
444,Exit long,2023-12-08 14:00:00-05:00,time,16086.25,5,160450.0,406.3,0.2532,682.5,0.4254,552.5,0.3443,19254.95,19.2549
445,Entry long,2023-12-11 10:10:00-05:00,ORB close above 30m high,16168.25,5,161682.5,,,,,,,,
445,Exit long,2023-12-11 14:00:00-05:00,time,16234.5,5,161682.5,656.3,0.4059,757.5,0.4685,467.5,0.2891,19911.25,19.9112
446,Entry long,2023-12-12 10:05:00-05:00,ORB close above 30m high,16257.5,5,162575.0,,,,,,,,
446,Exit long,2023-12-12 14:00:00-05:00,time,16317.75,5,162575.0,596.3,0.3668,645.0,0.3967,107.5,0.0661,20507.55,20.5075
447,Entry long,2023-12-15 10:20:00-05:00,ORB close above 30m high,16848.25,5,168482.5,,,,,,,,
447,Exit long,2023-12-15 13:40:00-05:00,stop,16780.0,5,168482.5,-688.7,-0.4088,390.0,0.2315,747.5,0.4437,19818.85,19.8188
448,Entry long,2023-12-18 10:05:00-05:00,ORB close above 30m high,16896.25,5,168962.5,,,,,,,,
448,Exit long,2023-12-18 14:00:00-05:00,time,16954.25,5,168962.5,573.8,0.3396,615.0,0.364,405.0,0.2397,20392.65,20.3926
449,Entry long,2023-12-19 10:35:00-05:00,ORB close above 30m high,16997.75,5,169977.5,,,,,,,,
449,Exit long,2023-12-19 14:00:00-05:00,time,16993.5,5,169977.5,-48.7,-0.0287,150.0,0.0882,327.5,0.1927,20343.95,20.3439
450,Entry long,2023-12-20 10:05:00-05:00,ORB close above 30m high,17026.5,5,170265.0,,,,,,,,
450,Exit long,2023-12-20 14:00:00-05:00,time,17039.0,5,170265.0,118.8,0.0698,470.0,0.276,67.5,0.0396,20462.75,20.4627
451,Entry long,2023-12-26 10:40:00-05:00,ORB close above 30m high,17057.75,5,170577.5,,,,,,,,
451,Exit long,2023-12-26 14:00:00-05:00,time,17049.0,5,170577.5,-93.7,-0.0549,62.5,0.0366,350.0,0.2052,20369.05,20.369
452,Entry long,2024-01-04 10:10:00-05:00,ORB close above 30m high,16513.75,5,165137.5,,,,,,,,
452,Exit long,2024-01-04 14:00:00-05:00,time,16505.25,5,165137.5,-91.2,-0.0552,702.5,0.4254,332.5,0.2013,20277.85,20.2778
453,Entry long,2024-01-05 10:05:00-05:00,ORB close above 30m high,16540.5,5,165405.0,,,,,,,,
453,Exit long,2024-01-05 13:15:00-05:00,stop,16437.0,5,165405.0,-1041.2,-0.6295,365.0,0.2207,1102.5,0.6665,19236.65,19.2366
454,Entry long,2024-01-08 10:05:00-05:00,ORB close above 30m high,16641.25,5,166412.5,,,,,,,,
454,Exit long,2024-01-08 14:00:00-05:00,time,16741.0,5,166412.5,991.3,0.5957,1015.0,0.6099,182.5,0.1097,20227.95,20.2279
455,Entry long,2024-01-09 10:10:00-05:00,ORB close above 30m high,16720.75,5,167207.5,,,,,,,,
455,Exit long,2024-01-09 11:55:00-05:00,target,16822.5,5,167207.5,1011.3,0.6048,1125.0,0.6728,90.0,0.0538,21239.25,21.2392
456,Entry long,2024-01-10 10:45:00-05:00,ORB close above 30m high,16885.5,5,168855.0,,,,,,,,
456,Exit long,2024-01-10 14:00:00-05:00,time,16924.25,5,168855.0,381.3,0.2258,495.0,0.2932,310.0,0.1836,21620.55,21.6205
457,Entry long,2024-01-15 10:50:00-05:00,ORB close above 30m high,16968.5,5,169685.0,,,,,,,,
457,Exit long,2024-01-15 18:00:00-05:00,time,16965.75,5,169685.0,-33.7,-0.0199,115.0,0.0678,142.5,0.084,21586.85,21.5868
458,Entry long,2024-01-16 10:20:00-05:00,ORB close above 30m high,16965.0,5,169650.0,,,,,,,,
458,Exit long,2024-01-16 14:00:00-05:00,time,16902.25,5,169650.0,-633.7,-0.3735,690.0,0.4067,742.5,0.4377,20953.15,20.9531
459,Entry long,2024-01-18 10:40:00-05:00,ORB close above 30m high,17059.5,5,170595.0,,,,,,,,
459,Exit long,2024-01-18 12:10:00-05:00,stop,16995.25,5,170595.0,-648.7,-0.3803,430.0,0.2521,682.5,0.4001,20304.45,20.3044
460,Entry long,2024-01-19 10:05:00-05:00,ORB close above 30m high,17217.5,5,172175.0,,,,,,,,
460,Exit long,2024-01-19 12:30:00-05:00,target,17304.38,5,172175.0,862.55,0.501,915.0,0.5314,487.5,0.2831,21167.0,21.167
461,Entry long,2024-01-23 13:00:00-05:00,ORB close above 30m high,17490.0,5,174900.0,,,,,,,,
461,Exit long,2024-01-23 14:00:00-05:00,time,17481.75,5,174900.0,-88.7,-0.0507,30.0,0.0172,300.0,0.1715,21078.3,21.0783
462,Entry long,2024-01-24 10:20:00-05:00,ORB close above 30m high,17703.25,5,177032.5,,,,,,,,
462,Exit long,2024-01-24 14:00:00-05:00,time,17714.5,5,177032.5,106.3,0.06,907.5,0.5126,152.5,0.0861,21184.6,21.1846
463,Entry long,2024-01-25 10:30:00-05:00,ORB close above 30m high,17730.5,5,177305.0,,,,,,,,
463,Exit long,2024-01-25 12:30:00-05:00,stop,17660.25,5,177305.0,-708.7,-0.3997,215.0,0.1213,815.0,0.4597,20475.9,20.4759
464,Entry long,2024-01-26 10:30:00-05:00,ORB close above 30m high,17581.0,5,175810.0,,,,,,,,
464,Exit long,2024-01-26 12:50:00-05:00,stop,17515.0,5,175810.0,-666.2,-0.3789,502.5,0.2858,660.0,0.3754,19809.7,19.8097
465,Entry long,2024-01-29 12:25:00-05:00,ORB close above 30m high,17599.5,5,175995.0,,,,,,,,
465,Exit long,2024-01-29 14:00:00-05:00,time,17587.75,5,175995.0,-123.7,-0.0703,102.5,0.0582,215.0,0.1222,19686.0,19.686
466,Entry long,2024-02-01 10:10:00-05:00,ORB close above 30m high,17352.75,5,173527.5,,,,,,,,
466,Exit long,2024-02-01 10:55:00-05:00,stop,17284.75,5,173527.5,-686.2,-0.3954,185.0,0.1066,805.0,0.4639,18999.8,18.9998
467,Entry long,2024-02-02 10:45:00-05:00,ORB close above 30m high,17654.0,5,176540.0,,,,,,,,
467,Exit long,2024-02-02 14:00:00-05:00,time,17729.0,5,176540.0,743.8,0.4213,1025.0,0.5806,480.0,0.2719,19743.6,19.7436
468,Entry long,2024-02-07 10:15:00-05:00,ORB close above 30m high,17807.5,5,178075.0,,,,,,,,
468,Exit long,2024-02-07 14:00:00-05:00,time,17852.0,5,178075.0,438.8,0.2464,685.0,0.3847,280.0,0.1572,20182.4,20.1824
469,Entry long,2024-02-08 10:05:00-05:00,ORB close above 30m high,17852.75,5,178527.5,,,,,,,,
469,Exit long,2024-02-08 14:00:00-05:00,time,17868.5,5,178527.5,151.3,0.0847,437.5,0.2451,292.5,0.1638,20333.7,20.3337
470,Entry long,2024-02-09 10:20:00-05:00,ORB close above 30m high,17954.75,5,179547.5,,,,,,,,
470,Exit long,2024-02-09 14:00:00-05:00,time,18038.25,5,179547.5,828.8,0.4616,900.0,0.5013,35.0,0.0195,21162.5,21.1625
471,Entry long,2024-02-12 10:45:00-05:00,ORB close above 30m high,18060.0,5,180600.0,,,,,,,,
471,Exit long,2024-02-12 13:35:00-05:00,stop,18007.0,5,180600.0,-536.2,-0.2969,615.0,0.3405,640.0,0.3544,20626.3,20.6263
472,Entry long,2024-02-13 10:25:00-05:00,ORB close above 30m high,17705.0,5,177050.0,,,,,,,,
472,Exit long,2024-02-13 14:00:00-05:00,time,17656.75,5,177050.0,-488.7,-0.276,870.0,0.4914,795.0,0.449,20137.6,20.1376
473,Entry long,2024-02-14 10:20:00-05:00,ORB close above 30m high,17826.0,5,178260.0,,,,,,,,
473,Exit long,2024-02-14 11:00:00-05:00,stop,17742.75,5,178260.0,-838.7,-0.4705,210.0,0.1178,1210.0,0.6788,19298.9,19.2989
474,Entry long,2024-02-15 13:20:00-05:00,ORB close above 30m high,17916.5,5,179165.0,,,,,,,,
474,Exit long,2024-02-15 14:00:00-05:00,time,17911.25,5,179165.0,-58.7,-0.0328,162.5,0.0907,210.0,0.1172,19240.2,19.2402
475,Entry long,2024-02-21 10:05:00-05:00,ORB close above 30m high,17522.75,5,175227.5,,,,,,,,
475,Exit long,2024-02-21 12:10:00-05:00,stop,17448.25,5,175227.5,-751.2,-0.4287,2.5,0.0014,855.0,0.4879,18489.0,18.489
476,Entry long,2024-02-22 11:20:00-05:00,ORB close above 30m high,17971.25,5,179712.5,,,,,,,,
476,Exit long,2024-02-22 14:00:00-05:00,time,18052.25,5,179712.5,803.8,0.4473,940.0,0.5231,362.5,0.2017,19292.8,19.2928
477,Entry long,2024-02-26 11:55:00-05:00,ORB close above 30m high,18055.75,5,180557.5,,,,,,,,
477,Exit long,2024-02-26 14:00:00-05:00,time,18014.0,5,180557.5,-423.7,-0.2347,40.0,0.0222,755.0,0.4181,18869.1,18.8691
478,Entry long,2024-02-27 10:20:00-05:00,ORB close above 30m high,18028.5,5,180285.0,,,,,,,,
478,Exit long,2024-02-27 12:50:00-05:00,stop,17937.75,5,180285.0,-913.7,-0.5068,40.0,0.0222,917.5,0.5089,17955.4,17.9554
479,Entry long,2024-02-28 11:05:00-05:00,ORB close above 30m high,17951.25,5,179512.5,,,,,,,,
479,Exit long,2024-02-28 14:00:00-05:00,time,17949.0,5,179512.5,-28.7,-0.016,237.5,0.1323,575.0,0.3203,17926.7,17.9267
480,Entry long,2024-03-01 10:10:00-05:00,ORB close above 30m high,18173.0,5,181730.0,,,,,,,,
480,Exit long,2024-03-01 13:10:00-05:00,target,18307.9,5,181730.0,1342.8,0.7389,1382.5,0.7607,287.5,0.1582,19269.5,19.2695
481,Entry long,2024-03-06 12:05:00-05:00,ORB close above 30m high,18132.0,5,181320.0,,,,,,,,
481,Exit long,2024-03-06 13:50:00-05:00,stop,18036.5,5,181320.0,-961.2,-0.5301,422.5,0.233,1012.5,0.5584,18308.3,18.3083
482,Entry long,2024-03-07 10:25:00-05:00,ORB close above 30m high,18227.0,5,182270.0,,,,,,,,
482,Exit long,2024-03-07 14:00:00-05:00,time,18353.25,5,182270.0,1256.3,0.6893,1330.0,0.7297,85.0,0.0466,19564.6,19.5646
483,Entry long,2024-03-08 10:05:00-05:00,ORB close above 30m high,18396.5,5,183965.0,,,,,,,,
483,Exit long,2024-03-08 11:05:00-05:00,stop,18287.75,5,183965.0,-1093.7,-0.5945,397.5,0.2161,1315.0,0.7148,18470.9,18.4709
484,Entry long,2024-03-11 10:55:00-04:00,ORB close above 30m high,18008.5,5,180085.0,,,,,,,,
484,Exit long,2024-03-11 14:00:00-04:00,time,17975.0,5,180085.0,-341.2,-0.1895,145.0,0.0805,897.5,0.4984,18129.7,18.1297
485,Entry long,2024-03-12 10:25:00-04:00,ORB close above 30m high,18109.75,5,181097.5,,,,,,,,
485,Exit long,2024-03-12 14:00:00-04:00,time,18154.75,5,181097.5,443.8,0.2451,985.0,0.5439,330.0,0.1822,18573.5,18.5735
486,Entry long,2024-03-18 10:30:00-04:00,ORB close above 30m high,18372.75,5,183727.5,,,,,,,,
486,Exit long,2024-03-18 11:50:00-04:00,stop,18277.25,5,183727.5,-961.2,-0.5232,72.5,0.0395,962.5,0.5239,17612.3,17.6123
487,Entry long,2024-03-19 11:50:00-04:00,ORB close above 30m high,18153.75,5,181537.5,,,,,,,,
487,Exit long,2024-03-19 14:00:00-04:00,time,18264.0,5,181537.5,1096.3,0.6039,1325.0,0.7299,212.5,0.1171,18708.6,18.7086
488,Entry long,2024-03-22 10:05:00-04:00,ORB close above 30m high,18557.75,5,185577.5,,,,,,,,
488,Exit long,2024-03-22 14:00:00-04:00,time,18622.25,5,185577.5,638.8,0.3442,682.5,0.3678,560.0,0.3018,19347.4,19.3474
489,Entry long,2024-03-25 10:10:00-04:00,ORB close above 30m high,18497.25,5,184972.5,,,,,,,,
489,Exit long,2024-03-25 14:00:00-04:00,time,18552.25,5,184972.5,543.8,0.294,605.0,0.3271,5.0,0.0027,19891.2,19.8912
490,Entry long,2024-03-26 10:05:00-04:00,ORB close above 30m high,18606.75,5,186067.5,,,,,,,,
490,Exit long,2024-03-26 10:25:00-04:00,stop,18549.75,5,186067.5,-576.2,-0.3097,10.0,0.0054,595.0,0.3198,19315.0,19.315
491,Entry long,2024-04-02 13:05:00-04:00,ORB close above 30m high,18294.25,5,182942.5,,,,,,,,
491,Exit long,2024-04-02 14:00:00-04:00,time,18277.5,5,182942.5,-173.7,-0.0949,62.5,0.0342,245.0,0.1339,19141.3,19.1413
492,Entry long,2024-04-03 10:05:00-04:00,ORB close above 30m high,18352.5,5,183525.0,,,,,,,,
492,Exit long,2024-04-03 14:00:00-04:00,time,18417.0,5,183525.0,638.8,0.3481,995.0,0.5422,240.0,0.1308,19780.1,19.7801
493,Entry long,2024-04-05 10:15:00-04:00,ORB close above 30m high,18239.75,5,182397.5,,,,,,,,
493,Exit long,2024-04-05 14:00:00-04:00,time,18291.25,5,182397.5,508.8,0.279,1680.0,0.9211,582.5,0.3194,20288.9,20.2889
494,Entry long,2024-04-08 10:30:00-04:00,ORB close above 30m high,18340.0,5,183400.0,,,,,,,,
494,Exit long,2024-04-08 14:00:00-04:00,time,18307.25,5,183400.0,-333.7,-0.182,375.0,0.2045,877.5,0.4785,19955.2,19.9552
495,Entry long,2024-04-10 10:40:00-04:00,ORB close above 30m high,18221.5,5,182215.0,,,,,,,,
495,Exit long,2024-04-10 14:00:00-04:00,time,18166.5,5,182215.0,-556.2,-0.3052,30.0,0.0165,1075.0,0.59,19399.0,19.399
496,Entry long,2024-04-11 11:55:00-04:00,ORB close above 30m high,18278.75,5,182787.5,,,,,,,,
496,Exit long,2024-04-11 13:05:00-04:00,target,18374.12,5,182787.5,947.55,0.5184,1032.5,0.5649,20.0,0.0109,20346.55,20.3465
497,Entry long,2024-04-16 10:15:00-04:00,ORB close above 30m high,17912.75,5,179127.5,,,,,,,,
497,Exit long,2024-04-16 13:30:00-04:00,stop,17821.75,5,179127.5,-916.2,-0.5115,247.5,0.1382,947.5,0.529,19430.35,19.4303
498,Entry long,2024-04-18 10:40:00-04:00,ORB close above 30m high,17682.75,5,176827.5,,,,,,,,
498,Exit long,2024-04-18 13:20:00-04:00,stop,17550.75,5,176827.5,-1326.2,-0.75,632.5,0.3577,1437.5,0.8129,18104.15,18.1041
499,Entry long,2024-04-22 13:30:00-04:00,ORB close above 30m high,17344.5,5,173445.0,,,,,,,,
499,Exit long,2024-04-22 14:00:00-04:00,time,17396.75,5,173445.0,516.3,0.2977,702.5,0.405,30.0,0.0173,18620.45,18.6204
500,Entry long,2024-04-23 10:25:00-04:00,ORB close above 30m high,17529.75,5,175297.5,,,,,,,,
500,Exit long,2024-04-23 14:00:00-04:00,time,17636.75,5,175297.5,1063.8,0.6069,1130.0,0.6446,72.5,0.0414,19684.25,19.6842
501,Entry long,2024-04-25 10:15:00-04:00,ORB close above 30m high,17410.5,5,174105.0,,,,,,,,
501,Exit long,2024-04-25 14:00:00-04:00,time,17568.25,5,174105.0,1571.3,0.9025,1695.0,0.9736,690.0,0.3963,21255.55,21.2555
502,Entry long,2024-04-26 10:05:00-04:00,ORB close above 30m high,17808.5,5,178085.0,,,,,,,,
502,Exit long,2024-04-26 14:00:00-04:00,time,17877.5,5,178085.0,683.8,0.384,927.5,0.5208,400.0,0.2246,21939.35,21.9393
503,Entry long,2024-05-02 13:30:00-04:00,ORB close above 30m high,17604.5,5,176045.0,,,,,,,,
503,Exit long,2024-05-02 14:00:00-04:00,time,17594.75,5,176045.0,-103.7,-0.0589,120.0,0.0682,295.0,0.1676,21835.65,21.8356
504,Entry long,2024-05-06 11:45:00-04:00,ORB close above 30m high,18111.5,5,181115.0,,,,,,,,
504,Exit long,2024-05-06 14:00:00-04:00,time,18128.0,5,181115.0,158.8,0.0877,275.0,0.1518,442.5,0.2443,21994.45,21.9944
505,Entry long,2024-05-07 11:00:00-04:00,ORB close above 30m high,18250.5,5,182505.0,,,,,,,,
505,Exit long,2024-05-07 13:55:00-04:00,stop,18187.75,5,182505.0,-633.7,-0.3472,172.5,0.0945,672.5,0.3685,21360.75,21.3607
506,Entry long,2024-05-08 10:25:00-04:00,ORB close above 30m high,18194.5,5,181945.0,,,,,,,,
506,Exit long,2024-05-08 14:00:00-04:00,time,18178.75,5,181945.0,-163.7,-0.09,477.5,0.2624,562.5,0.3092,21197.05,21.197
507,Entry long,2024-05-09 10:40:00-04:00,ORB close above 30m high,18204.0,5,182040.0,,,,,,,,
507,Exit long,2024-05-09 14:00:00-04:00,time,18205.75,5,182040.0,11.3,0.0062,335.0,0.184,340.0,0.1868,21208.35,21.2083
508,Entry long,2024-05-14 10:25:00-04:00,ORB close above 30m high,18344.0,5,183440.0,,,,,,,,
508,Exit long,2024-05-14 14:00:00-04:00,time,18331.0,5,183440.0,-136.2,-0.0742,275.0,0.1499,607.5,0.3312,21072.15,21.0721
509,Entry long,2024-05-15 10:25:00-04:00,ORB close above 30m high,18536.25,5,185362.5,,,,,,,,
509,Exit long,2024-05-15 14:00:00-04:00,time,18681.75,5,185362.5,1448.8,0.7816,1497.5,0.8079,125.0,0.0674,22520.95,22.5209
510,Entry long,2024-05-16 10:25:00-04:00,ORB close above 30m high,18718.5,5,187185.0,,,,,,,,
510,Exit long,2024-05-16 13:25:00-04:00,stop,18671.75,5,187185.0,-473.7,-0.2531,422.5,0.2257,470.0,0.2511,22047.25,22.0472
511,Entry long,2024-05-17 10:35:00-04:00,ORB close above 30m high,18675.25,5,186752.5,,,,,,,,
511,Exit long,2024-05-17 12:45:00-04:00,stop,18620.25,5,186752.5,-556.2,-0.2978,17.5,0.0094,675.0,0.3614,21491.05,21.491
512,Entry long,2024-05-20 10:45:00-04:00,ORB close above 30m high,18756.0,5,187560.0,,,,,,,,
512,Exit long,2024-05-20 14:00:00-04:00,time,18745.25,5,187560.0,-113.7,-0.0606,385.0,0.2053,275.0,0.1466,21377.35,21.3773
513,Entry long,2024-05-21 10:05:00-04:00,ORB close above 30m high,18723.75,5,187237.5,,,,,,,,
513,Exit long,2024-05-21 14:00:00-04:00,time,18775.5,5,187237.5,511.3,0.2731,570.0,0.3044,237.5,0.1268,21888.65,21.8886
514,Entry long,2024-05-22 11:15:00-04:00,ORB close above 30m high,18834.5,5,188345.0,,,,,,,,
514,Exit long,2024-05-22 13:35:00-04:00,stop,18788.75,5,188345.0,-463.7,-0.2462,40.0,0.0212,672.5,0.3571,21424.95,21.4249
515,Entry long,2024-05-24 10:15:00-04:00,ORB close above 30m high,18791.0,5,187910.0,,,,,,,,
515,Exit long,2024-05-24 11:05:00-04:00,target,18891.47,5,187910.0,998.55,0.5314,1030.0,0.5481,7.5,0.004,22423.5,22.4235
516,Entry long,2024-05-27 11:05:00-04:00,ORB close above 30m high,18913.5,5,189135.0,,,,,,,,
516,Exit long,2024-05-27 18:00:00-04:00,time,18949.75,5,189135.0,356.3,0.1884,437.5,0.2313,22.5,0.0119,22779.8,22.7798
517,Entry long,2024-05-28 13:35:00-04:00,ORB close above 30m high,18937.25,5,189372.5,,,,,,,,
517,Exit long,2024-05-28 14:00:00-04:00,time,18902.25,5,189372.5,-356.2,-0.1881,85.0,0.0449,457.5,0.2416,22423.6,22.4236
518,Entry long,2024-05-29 10:25:00-04:00,ORB close above 30m high,18856.75,5,188567.5,,,,,,,,
518,Exit long,2024-05-29 14:00:00-04:00,time,18859.25,5,188567.5,18.8,0.01,232.5,0.1233,405.0,0.2148,22442.4,22.4424
519,Entry long,2024-06-05 10:25:00-04:00,ORB close above 30m high,18876.25,5,188762.5,,,,,,,,
519,Exit long,2024-06-05 11:40:00-04:00,target,18982.67,5,188762.5,1058.05,0.5605,1100.0,0.5827,20.0,0.0106,23500.45,23.5004
520,Entry long,2024-06-07 10:40:00-04:00,ORB close above 30m high,19073.5,5,190735.0,,,,,,,,
520,Exit long,2024-06-07 14:00:00-04:00,time,19114.25,5,190735.0,401.3,0.2104,817.5,0.4286,582.5,0.3054,23901.75,23.9017
521,Entry long,2024-06-10 10:30:00-04:00,ORB close above 30m high,19035.5,5,190355.0,,,,,,,,
521,Exit long,2024-06-10 14:00:00-04:00,time,19101.5,5,190355.0,653.8,0.3435,857.5,0.4505,132.5,0.0696,24555.55,24.5555
522,Entry long,2024-06-11 10:40:00-04:00,ORB close above 30m high,19092.5,5,190925.0,,,,,,,,
522,Exit long,2024-06-11 14:00:00-04:00,time,19164.25,5,190925.0,711.3,0.3726,857.5,0.4491,295.0,0.1545,25266.85,25.2668
523,Entry long,2024-06-12 10:15:00-04:00,ORB close above 30m high,19509.5,5,195095.0,,,,,,,,
523,Exit long,2024-06-12 14:00:00-04:00,time,19514.75,5,195095.0,46.3,0.0237,370.0,0.1897,625.0,0.3204,25313.15,25.3131
524,Entry long,2024-06-14 13:15:00-04:00,ORB close above 30m high,19652.0,5,196520.0,,,,,,,,
524,Exit long,2024-06-14 14:00:00-04:00,time,19657.25,5,196520.0,46.3,0.0236,242.5,0.1234,135.0,0.0687,25359.45,25.3594
525,Entry long,2024-06-17 11:00:00-04:00,ORB close above 30m high,19714.0,5,197140.0,,,,,,,,
525,Exit long,2024-06-17 12:45:00-04:00,target,19839.12,5,197140.0,1245.05,0.6316,1352.5,0.6861,2.5,0.0013,26604.5,26.6045
526,Entry long,2024-06-18 13:50:00-04:00,ORB close above 30m high,19949.75,5,199497.5,,,,,,,,
526,Exit long,2024-06-18 14:00:00-04:00,time,19927.0,5,199497.5,-233.7,-0.1171,32.5,0.0163,647.5,0.3246,26370.8,26.3708
527,Entry long,2024-06-21 11:20:00-04:00,ORB close above 30m high,20033.5,5,200335.0,,,,,,,,
527,Exit long,2024-06-21 14:00:00-04:00,time,19961.0,5,200335.0,-731.2,-0.365,395.0,0.1972,862.5,0.4305,25639.6,25.6396
528,Entry long,2024-06-24 10:05:00-04:00,ORB close above 30m high,19975.75,5,199757.5,,,,,,,,
528,Exit long,2024-06-24 10:40:00-04:00,stop,19866.5,5,199757.5,-1098.7,-0.55,197.5,0.0989,1167.5,0.5845,24540.9,24.5409
529,Entry long,2024-06-25 10:05:00-04:00,ORB close above 30m high,19874.75,5,198747.5,,,,,,,,
529,Exit long,2024-06-25 14:00:00-04:00,time,19924.25,5,198747.5,488.8,0.2459,932.5,0.4692,372.5,0.1874,25029.7,25.0297
530,Entry long,2024-06-26 10:10:00-04:00,ORB close above 30m high,20002.5,5,200025.0,,,,,,,,
530,Exit long,2024-06-26 11:10:00-04:00,stop,19918.25,5,200025.0,-848.7,-0.4243,215.0,0.1075,905.0,0.4524,24181.0,24.181
531,Entry long,2024-06-27 10:15:00-04:00,ORB close above 30m high,20111.0,5,201110.0,,,,,,,,
531,Exit long,2024-06-27 11:25:00-04:00,stop,19989.5,5,201110.0,-1221.2,-0.6072,55.0,0.0273,1325.0,0.6588,22959.8,22.9598
532,Entry long,2024-06-28 10:05:00-04:00,ORB close above 30m high,20220.0,5,202200.0,,,,,,,,
532,Exit long,2024-06-28 12:15:00-04:00,stop,20038.75,5,202200.0,-1818.7,-0.8995,532.5,0.2634,1982.5,0.9805,21141.1,21.1411
533,Entry long,2024-07-01 12:10:00-04:00,ORB close above 30m high,20004.5,5,200045.0,,,,,,,,
533,Exit long,2024-07-01 14:00:00-04:00,time,19999.5,5,200045.0,-56.2,-0.0281,220.0,0.11,270.0,0.135,21084.9,21.0849
534,Entry long,2024-07-02 10:55:00-04:00,ORB close above 30m high,20113.75,5,201137.5,,,,,,,,
534,Exit long,2024-07-02 14:00:00-04:00,time,20208.75,5,201137.5,943.8,0.4692,1037.5,0.5158,487.5,0.2424,22028.7,22.0287
535,Entry long,2024-07-03 10:20:00-04:00,ORB close above 30m high,20284.5,5,202845.0,,,,,,,,
535,Exit long,2024-07-03 12:15:00-04:00,target,20400.7,5,202845.0,1155.8,0.5698,1282.5,0.6323,405.0,0.1997,23184.5,23.1845
536,Entry long,2024-07-05 10:05:00-04:00,ORB close above 30m high,20529.5,5,205295.0,,,,,,,,
536,Exit long,2024-07-05 14:00:00-04:00,time,20624.0,5,205295.0,938.8,0.4573,1092.5,0.5322,672.5,0.3276,24123.3,24.1233
537,Entry long,2024-07-08 11:25:00-04:00,ORB close above 30m high,20658.5,5,206585.0,,,,,,,,
537,Exit long,2024-07-08 14:00:00-04:00,time,20653.5,5,206585.0,-56.2,-0.0272,127.5,0.0617,495.0,0.2396,24067.1,24.0671
538,Entry long,2024-07-10 10:10:00-04:00,ORB close above 30m high,20785.5,5,207855.0,,,,,,,,
538,Exit long,2024-07-10 11:00:00-04:00,stop,20721.25,5,207855.0,-648.7,-0.3121,102.5,0.0493,825.0,0.3969,23418.4,23.4184
539,Entry long,2024-07-12 10:05:00-04:00,ORB close above 30m high,20557.25,5,205572.5,,,,,,,,
539,Exit long,2024-07-12 14:00:00-04:00,time,20710.0,5,205572.5,1521.3,0.74,1837.5,0.8938,352.5,0.1715,24939.7,24.9397
540,Entry long,2024-07-15 10:10:00-04:00,ORB close above 30m high,20668.5,5,206685.0,,,,,,,,
540,Exit long,2024-07-15 13:30:00-04:00,stop,20581.25,5,206685.0,-878.7,-0.4251,1280.0,0.6193,1062.5,0.5141,24061.0,24.061
541,Entry long,2024-07-23 11:15:00-04:00,ORB close above 30m high,20052.75,5,200527.5,,,,,,,,
541,Exit long,2024-07-23 12:55:00-04:00,stop,19933.0,5,200527.5,-1203.7,-0.6003,322.5,0.1608,1260.0,0.6283,22857.3,22.8573
542,Entry long,2024-07-25 11:15:00-04:00,ORB close above 30m high,19246.75,5,192467.5,,,,,,,,
542,Exit long,2024-07-25 14:00:00-04:00,time,19289.5,5,192467.5,421.3,0.2189,1437.5,0.7469,1042.5,0.5416,23278.6,23.2786
543,Entry long,2024-07-26 11:50:00-04:00,ORB close above 30m high,19190.0,5,191900.0,,,,,,,,
543,Exit long,2024-07-26 14:00:00-04:00,time,19194.5,5,191900.0,38.8,0.0202,1090.0,0.568,407.5,0.2124,23317.4,23.3174
544,Entry long,2024-07-31 10:10:00-04:00,ORB close above 30m high,19444.75,5,194447.5,,,,,,,,
544,Exit long,2024-07-31 14:00:00-04:00,time,19427.5,5,194447.5,-178.7,-0.0919,712.5,0.3664,1005.0,0.5168,23138.7,23.1387
545,Entry long,2024-08-05 10:05:00-04:00,ORB close above 30m high,18042.5,5,180425.0,,,,,,,,
545,Exit long,2024-08-05 14:00:00-04:00,time,18078.25,5,180425.0,351.3,0.1947,2467.5,1.3676,1922.5,1.0655,23490.0,23.49
546,Entry long,2024-08-06 10:05:00-04:00,ORB close above 30m high,18181.25,5,181812.5,,,,,,,,
546,Exit long,2024-08-06 14:00:00-04:00,time,18418.5,5,181812.5,2366.3,1.3015,2685.0,1.4768,540.0,0.297,25856.3,25.8563
547,Entry long,2024-08-08 10:05:00-04:00,ORB close above 30m high,18276.0,5,182760.0,,,,,,,,
547,Exit long,2024-08-08 14:00:00-04:00,time,18514.0,5,182760.0,2373.8,1.2989,2677.5,1.465,457.5,0.2503,28230.1,28.2301
548,Entry long,2024-08-09 10:15:00-04:00,ORB close above 30m high,18547.0,5,185470.0,,,,,,,,
548,Exit long,2024-08-09 14:00:00-04:00,time,18609.5,5,185470.0,618.8,0.3336,1277.5,0.6888,1107.5,0.5971,28848.9,28.8489
549,Entry long,2024-08-12 10:20:00-04:00,ORB close above 30m high,18674.0,5,186740.0,,,,,,,,
549,Exit long,2024-08-12 14:00:00-04:00,time,18617.5,5,186740.0,-571.2,-0.3059,915.0,0.49,977.5,0.5235,28277.7,28.2777
550,Entry long,2024-08-13 10:50:00-04:00,ORB close above 30m high,18946.75,5,189467.5,,,,,,,,
550,Exit long,2024-08-13 14:00:00-04:00,time,19057.25,5,189467.5,1098.8,0.5799,1412.5,0.7455,175.0,0.0924,29376.5,29.3765
551,Entry long,2024-08-14 11:55:00-04:00,ORB close above 30m high,19176.0,5,191760.0,,,,,,,,
551,Exit long,2024-08-14 14:00:00-04:00,time,19071.75,5,191760.0,-1048.7,-0.5469,277.5,0.1447,1575.0,0.8213,28327.8,28.3278
552,Entry long,2024-08-15 10:25:00-04:00,ORB close above 30m high,19464.25,5,194642.5,,,,,,,,
552,Exit long,2024-08-15 14:00:00-04:00,time,19583.75,5,194642.5,1188.8,0.6108,1262.5,0.6486,37.5,0.0193,29516.6,29.5166
553,Entry long,2024-08-16 10:10:00-04:00,ORB close above 30m high,19546.75,5,195467.5,,,,,,,,
553,Exit long,2024-08-16 14:00:00-04:00,time,19628.5,5,195467.5,811.3,0.4151,1157.5,0.5922,542.5,0.2775,30327.9,30.3279
554,Entry long,2024-08-19 10:55:00-04:00,ORB close above 30m high,19654.0,5,196540.0,,,,,,,,
554,Exit long,2024-08-19 14:00:00-04:00,time,19721.5,5,196540.0,668.8,0.3403,767.5,0.3905,347.5,0.1768,30996.7,30.9967
555,Entry long,2024-08-21 10:05:00-04:00,ORB close above 30m high,19900.0,5,199000.0,,,,,,,,
555,Exit long,2024-08-21 10:50:00-04:00,stop,19813.0,5,199000.0,-876.2,-0.4403,820.0,0.4121,935.0,0.4698,30120.5,30.1205
556,Entry long,2024-08-23 10:05:00-04:00,ORB close above 30m high,19846.0,5,198460.0,,,,,,,,
556,Exit long,2024-08-23 10:45:00-04:00,stop,19706.25,5,198460.0,-1403.7,-0.7073,572.5,0.2885,2047.5,1.0317,28716.8,28.7168
557,Entry long,2024-08-27 10:15:00-04:00,ORB close above 30m high,19572.25,5,195722.5,,,,,,,,
557,Exit long,2024-08-27 14:00:00-04:00,time,19686.5,5,195722.5,1136.3,0.5806,1222.5,0.6246,195.0,0.0996,29853.1,29.8531
558,Entry long,2024-08-29 10:50:00-04:00,ORB close above 30m high,19681.0,5,196810.0,,,,,,,,
558,Exit long,2024-08-29 14:00:00-04:00,time,19633.25,5,196810.0,-483.7,-0.2458,110.0,0.0559,1055.0,0.536,29369.4,29.3694
559,Entry long,2024-08-30 10:05:00-04:00,ORB close above 30m high,19605.25,5,196052.5,,,,,,,,
559,Exit long,2024-08-30 10:55:00-04:00,stop,19512.75,5,196052.5,-931.2,-0.475,52.5,0.0268,1387.5,0.7077,28438.2,28.4382
560,Entry long,2024-09-02 10:40:00-04:00,ORB close above 30m high,19651.5,5,196515.0,,,,,,,,
560,Exit long,2024-09-02 18:00:00-04:00,time,19646.5,5,196515.0,-56.2,-0.0286,300.0,0.1527,237.5,0.1209,28382.0,28.382
561,Entry long,2024-09-04 10:30:00-04:00,ORB close above 30m high,18992.75,5,189927.5,,,,,,,,
561,Exit long,2024-09-04 14:00:00-04:00,time,19005.5,5,189927.5,121.3,0.0639,1222.5,0.6437,165.0,0.0869,28503.3,28.5033
562,Entry long,2024-09-05 10:05:00-04:00,ORB close above 30m high,19085.0,5,190850.0,,,,,,,,
562,Exit long,2024-09-05 11:25:00-04:00,stop,18884.5,5,190850.0,-2011.2,-1.0538,652.5,0.3419,2217.5,1.1619,26492.1,26.4921
563,Entry long,2024-09-09 10:15:00-04:00,ORB close above 30m high,18698.5,5,186985.0,,,,,,,,
563,Exit long,2024-09-09 10:30:00-04:00,stop,18604.75,5,186985.0,-943.7,-0.5047,27.5,0.0147,1325.0,0.7086,25548.4,25.5484
564,Entry long,2024-09-11 12:30:00-04:00,ORB close above 30m high,18914.25,5,189142.5,,,,,,,,
564,Exit long,2024-09-11 14:00:00-04:00,time,19040.0,5,189142.5,1251.3,0.6616,1572.5,0.8314,430.0,0.2273,26799.7,26.7997
565,Entry long,2024-09-12 10:15:00-04:00,ORB close above 30m high,19311.5,5,193115.0,,,,,,,,
565,Exit long,2024-09-12 14:00:00-04:00,time,19466.25,5,193115.0,1541.3,0.7981,1635.0,0.8466,647.5,0.3353,28341.0,28.341
566,Entry long,2024-09-13 10:10:00-04:00,ORB close above 30m high,19507.5,5,195075.0,,,,,,,,
566,Exit long,2024-09-13 14:00:00-04:00,time,19560.75,5,195075.0,526.3,0.2698,695.0,0.3563,945.0,0.4844,28867.3,28.8673
567,Entry long,2024-09-17 10:50:00-04:00,ORB close above 30m high,19604.25,5,196042.5,,,,,,,,
567,Exit long,2024-09-17 12:15:00-04:00,stop,19475.0,5,196042.5,-1298.7,-0.6625,20.0,0.0102,1337.5,0.6823,27568.6,27.5686
568,Entry long,2024-09-19 10:20:00-04:00,ORB close above 30m high,20085.75,5,200857.5,,,,,,,,
568,Exit long,2024-09-19 14:00:00-04:00,time,20193.0,5,200857.5,1066.3,0.5309,1172.5,0.5837,367.5,0.183,28634.9,28.6349
569,Entry long,2024-09-23 10:55:00-04:00,ORB close above 30m high,20109.75,5,201097.5,,,,,,,,
569,Exit long,2024-09-23 13:00:00-04:00,stop,20031.5,5,201097.5,-788.7,-0.3922,162.5,0.0808,912.5,0.4538,27846.2,27.8462
570,Entry long,2024-09-24 11:50:00-04:00,ORB close above 30m high,20163.75,5,201637.5,,,,,,,,
570,Exit long,2024-09-24 14:00:00-04:00,time,20165.25,5,201637.5,8.8,0.0044,510.0,0.2529,132.5,0.0657,27855.0,27.855
571,Entry long,2024-09-25 10:10:00-04:00,ORB close above 30m high,20245.5,5,202455.0,,,,,,,,
571,Exit long,2024-09-25 13:00:00-04:00,stop,20138.0,5,202455.0,-1081.2,-0.534,272.5,0.1346,1100.0,0.5433,26773.8,26.7738
572,Entry long,2024-10-02 10:20:00-04:00,ORB close above 30m high,19997.5,5,199975.0,,,,,,,,
572,Exit long,2024-10-02 14:00:00-04:00,time,20044.5,5,199975.0,463.8,0.2319,920.0,0.4601,515.0,0.2575,27237.6,27.2376
573,Entry long,2024-10-03 10:05:00-04:00,ORB close above 30m high,20091.0,5,200910.0,,,,,,,,
573,Exit long,2024-10-03 13:00:00-04:00,stop,19894.25,5,200910.0,-1973.7,-0.9824,240.0,0.1195,2120.0,1.0552,25263.9,25.2639
574,Entry long,2024-10-07 10:20:00-04:00,ORB close above 30m high,20169.0,5,201690.0,,,,,,,,
574,Exit long,2024-10-07 14:00:00-04:00,time,20148.5,5,201690.0,-211.2,-0.1047,187.5,0.093,675.0,0.3347,25052.7,25.0527
575,Entry long,2024-10-08 10:05:00-04:00,ORB close above 30m high,20188.0,5,201880.0,,,,,,,,
575,Exit long,2024-10-08 14:00:00-04:00,time,20231.25,5,201880.0,426.3,0.2112,862.5,0.4272,325.0,0.161,25479.0,25.479
576,Entry long,2024-10-09 10:15:00-04:00,ORB close above 30m high,20300.5,5,203005.0,,,,,,,,
576,Exit long,2024-10-09 11:35:00-04:00,target,20406.08,5,203005.0,1049.55,0.517,1180.0,0.5813,67.5,0.0333,26528.55,26.5285
577,Entry long,2024-10-10 10:15:00-04:00,ORB close above 30m high,20402.25,5,204022.5,,,,,,,,
577,Exit long,2024-10-10 14:00:00-04:00,time,20445.5,5,204022.5,426.3,0.2089,1057.5,0.5183,420.0,0.2059,26954.85,26.9548
578,Entry long,2024-10-11 10:10:00-04:00,ORB close above 30m high,20414.0,5,204140.0,,,,,,,,
578,Exit long,2024-10-11 14:00:00-04:00,time,20437.0,5,204140.0,223.8,0.1096,670.0,0.3282,230.0,0.1127,27178.65,27.1786
579,Entry long,2024-10-18 10:10:00-04:00,ORB close above 30m high,20514.25,5,205142.5,,,,,,,,
579,Exit long,2024-10-18 14:00:00-04:00,time,20485.25,5,205142.5,-296.2,-0.1444,177.5,0.0865,720.0,0.351,26882.45,26.8824
580,Entry long,2024-10-21 10:10:00-04:00,ORB close above 30m high,20527.75,5,205277.5,,,,,,,,
580,Exit long,2024-10-21 10:40:00-04:00,stop,20422.75,5,205277.5,-1056.2,-0.5145,265.0,0.1291,1122.5,0.5468,25826.25,25.8262
581,Entry long,2024-10-22 10:10:00-04:00,ORB close above 30m high,20491.25,5,204912.5,,,,,,,,
581,Exit long,2024-10-22 14:00:00-04:00,time,20574.25,5,204912.5,823.8,0.402,1107.5,0.5405,660.0,0.3221,26650.05,26.65
582,Entry long,2024-10-24 13:45:00-04:00,ORB close above 30m high,20381.5,5,203815.0,,,,,,,,
582,Exit long,2024-10-24 14:00:00-04:00,time,20345.0,5,203815.0,-371.2,-0.1821,20.0,0.0098,537.5,0.2637,26278.85,26.2788
583,Entry long,2024-10-25 10:05:00-04:00,ORB close above 30m high,20679.0,5,206790.0,,,,,,,,
583,Exit long,2024-10-25 13:40:00-04:00,stop,20489.75,5,206790.0,-1898.7,-0.9182,285.0,0.1378,1960.0,0.9478,24380.15,24.3801
584,Entry long,2024-10-29 10:05:00-04:00,ORB close above 30m high,20531.5,5,205315.0,,,,,,,,
584,Exit long,2024-10-29 14:00:00-04:00,time,20672.0,5,205315.0,1398.8,0.6813,1545.0,0.7525,205.0,0.0998,25778.95,25.7789
585,Entry long,2024-10-30 10:20:00-04:00,ORB close above 30m high,20679.5,5,206795.0,,,,,,,,
585,Exit long,2024-10-30 14:00:00-04:00,time,20576.25,5,206795.0,-1038.7,-0.5023,200.0,0.0967,1212.5,0.5863,24740.25,24.7402
586,Entry long,2024-11-01 10:15:00-04:00,ORB close above 30m high,20215.5,5,202155.0,,,,,,,,
586,Exit long,2024-11-01 14:00:00-04:00,time,20157.5,5,202155.0,-586.2,-0.29,717.5,0.3549,662.5,0.3277,24154.05,24.154
587,Entry long,2024-11-04 10:20:00-05:00,ORB close above 30m high,20161.5,5,201615.0,,,,,,,,
587,Exit long,2024-11-04 14:00:00-05:00,time,20148.5,5,201615.0,-136.2,-0.0676,652.5,0.3236,1327.5,0.6584,24017.85,24.0178
588,Entry long,2024-11-05 10:25:00-05:00,ORB close above 30m high,20305.75,5,203057.5,,,,,,,,
588,Exit long,2024-11-05 14:00:00-05:00,time,20308.25,5,203057.5,18.8,0.0093,672.5,0.3312,732.5,0.3607,24036.65,24.0366
589,Entry long,2024-11-06 12:15:00-05:00,ORB close above 30m high,20813.0,5,208130.0,,,,,,,,
589,Exit long,2024-11-06 14:00:00-05:00,time,20861.5,5,208130.0,478.8,0.23,635.0,0.3051,275.0,0.1321,24515.45,24.5154
590,Entry long,2024-11-07 10:10:00-05:00,ORB close above 30m high,21116.0,5,211160.0,,,,,,,,
590,Exit long,2024-11-07 14:00:00-05:00,time,21181.5,5,211160.0,648.8,0.3073,927.5,0.4392,295.0,0.1397,25164.25,25.1642
591,Entry long,2024-11-08 13:30:00-05:00,ORB close above 30m high,21233.0,5,212330.0,,,,,,,,
591,Exit long,2024-11-08 14:00:00-05:00,time,21250.0,5,212330.0,163.8,0.0771,335.0,0.1578,30.0,0.0141,25328.05,25.328
592,Entry long,2024-11-13 12:15:00-05:00,ORB close above 30m high,21195.75,5,211957.5,,,,,,,,
592,Exit long,2024-11-13 14:00:00-05:00,time,21257.5,5,211957.5,611.3,0.2884,730.0,0.3444,265.0,0.125,25939.35,25.9393
593,Entry long,2024-11-18 10:05:00-05:00,ORB close above 30m high,20587.25,5,205872.5,,,,,,,,
593,Exit long,2024-11-18 14:00:00-05:00,time,20659.75,5,205872.5,718.8,0.3491,1372.5,0.6667,192.5,0.0935,26658.15,26.6581
594,Entry long,2024-11-19 10:30:00-05:00,ORB close above 30m high,20602.5,5,206025.0,,,,,,,,
594,Exit long,2024-11-19 13:45:00-05:00,target,20762.9,5,206025.0,1597.8,0.7755,1752.5,0.8506,200.0,0.0971,28255.95,28.2559
595,Entry long,2024-11-28 10:25:00-05:00,ORB close above 30m high,20900.0,5,209000.0,,,,,,,,
595,Exit long,2024-11-28 18:00:00-05:00,time,20886.75,5,209000.0,-138.7,-0.0664,95.0,0.0455,250.0,0.1196,28117.25,28.1172
596,Entry long,2024-12-02 10:05:00-05:00,ORB close above 30m high,21175.0,5,211750.0,,,,,,,,
596,Exit long,2024-12-02 14:00:00-05:00,time,21212.25,5,211750.0,366.3,0.173,845.0,0.3991,340.0,0.1606,28483.55,28.4835
597,Entry long,2024-12-03 10:05:00-05:00,ORB close above 30m high,21210.5,5,212105.0,,,,,,,,
597,Exit long,2024-12-03 14:00:00-05:00,time,21232.0,5,212105.0,208.8,0.0984,520.0,0.2452,485.0,0.2287,28692.35,28.6923
598,Entry long,2024-12-04 10:15:00-05:00,ORB close above 30m high,21444.75,5,214447.5,,,,,,,,
598,Exit long,2024-12-04 14:00:00-05:00,time,21471.75,5,214447.5,263.8,0.123,517.5,0.2413,292.5,0.1364,28956.15,28.9561
599,Entry long,2024-12-05 12:15:00-05:00,ORB close above 30m high,21559.75,5,215597.5,,,,,,,,
599,Exit long,2024-12-05 13:20:00-05:00,stop,21497.5,5,215597.5,-628.7,-0.2916,80.0,0.0371,785.0,0.3641,28327.45,28.3274
600,Entry long,2024-12-06 10:15:00-05:00,ORB close above 30m high,21623.75,5,216237.5,,,,,,,,
600,Exit long,2024-12-06 14:00:00-05:00,time,21658.25,5,216237.5,338.8,0.1567,457.5,0.2116,510.0,0.2359,28666.25,28.6662
601,Entry long,2024-12-10 10:10:00-05:00,ORB close above 30m high,21593.5,5,215935.0,,,,,,,,
601,Exit long,2024-12-10 10:55:00-05:00,stop,21505.0,5,215935.0,-891.2,-0.4127,132.5,0.0614,970.0,0.4492,27775.05,27.775
602,Entry long,2024-12-11 10:10:00-05:00,ORB close above 30m high,21724.0,5,217240.0,,,,,,,,
602,Exit long,2024-12-11 14:00:00-05:00,time,21792.5,5,217240.0,678.8,0.3125,875.0,0.4028,502.5,0.2313,28453.85,28.4538
603,Entry long,2024-12-12 10:30:00-05:00,ORB close above 30m high,21707.5,5,217075.0,,,,,,,,
603,Exit long,2024-12-12 14:00:00-05:00,time,21696.75,5,217075.0,-113.7,-0.0524,370.0,0.1704,385.0,0.1774,28340.15,28.3401
604,Entry long,2024-12-16 10:05:00-05:00,ORB close above 30m high,21989.5,5,219895.0,,,,,,,,
604,Exit long,2024-12-16 14:00:00-05:00,time,22116.5,5,219895.0,1263.8,0.5747,1382.5,0.6287,607.5,0.2763,29603.95,29.6039
605,Entry long,2024-12-17 11:40:00-05:00,ORB close above 30m high,22074.75,5,220747.5,,,,,,,,
605,Exit long,2024-12-17 14:00:00-05:00,time,22004.25,5,220747.5,-711.2,-0.3222,60.0,0.0272,890.0,0.4032,28892.75,28.8927
606,Entry long,2024-12-18 10:15:00-05:00,ORB close above 30m high,22013.0,5,220130.0,,,,,,,,
606,Exit long,2024-12-18 14:00:00-05:00,time,21991.5,5,220130.0,-221.2,-0.1005,410.0,0.1863,1050.0,0.477,28671.55,28.6715
607,Entry long,2024-12-20 10:15:00-05:00,ORB close above 30m high,21341.5,5,213415.0,,,,,,,,
607,Exit long,2024-12-20 11:15:00-05:00,target,21649.38,5,213415.0,3072.55,1.4397,3132.5,1.4678,175.0,0.082,31744.1,31.7441
608,Entry long,2024-12-23 11:55:00-05:00,ORB close above 30m high,21681.0,5,216810.0,,,,,,,,
608,Exit long,2024-12-23 14:00:00-05:00,time,21744.75,5,216810.0,631.3,0.2912,762.5,0.3517,385.0,0.1776,32375.4,32.3754
609,Entry long,2024-12-26 11:15:00-05:00,ORB close above 30m high,22012.25,5,220122.5,,,,,,,,
609,Exit long,2024-12-26 14:00:00-05:00,time,22016.5,5,220122.5,36.3,0.0165,627.5,0.2851,392.5,0.1783,32411.7,32.4117
610,Entry long,2024-12-30 11:40:00-05:00,ORB close above 30m high,21432.0,5,214320.0,,,,,,,,
610,Exit long,2024-12-30 14:00:00-05:00,time,21542.25,5,214320.0,1096.3,0.5115,1375.0,0.6416,187.5,0.0875,33508.0,33.508
