Trade #,Type,Date/Time,Signal,Price USD,Position size (qty),Position size (value),Net P&L USD,Net P&L %,Run-up USD,Run-up %,Drawdown USD,Drawdown %,Cumulative P&L USD,Cumulative P&L %
1,Entry long,2021-01-05 10:05:00-05:00,ORB close above 30m high,12773.0,5,127730.0,,,,,,,,
1,Exit long,2021-01-05 14:00:00-05:00,time,12752.0,5,127730.0,-216.2,-0.1693,92.5,0.0724,847.5,0.6635,-216.2,-0.2162
2,Entry long,2021-01-06 10:15:00-05:00,ORB close above 30m high,12677.0,5,126770.0,,,,,,,,
2,Exit long,2021-01-06 11:15:00-05:00,target,12776.95,5,126770.0,993.3,0.7835,1057.5,0.8342,80.0,0.0631,777.1,0.7771
3,Entry long,2021-01-07 10:05:00-05:00,ORB close above 30m high,12871.5,5,128715.0,,,,,,,,
3,Exit long,2021-01-07 14:00:00-05:00,time,12913.0,5,128715.0,408.8,0.3176,492.5,0.3826,127.5,0.0991,1185.9,1.1859
4,Entry long,2021-01-08 12:15:00-05:00,ORB close above 30m high,13056.25,5,130562.5,,,,,,,,
4,Exit long,2021-01-08 13:20:00-05:00,stop,12985.5,5,130562.5,-713.7,-0.5466,92.5,0.0708,1045.0,0.8004,472.2,0.4722
5,Entry long,2021-01-11 10:10:00-05:00,ORB close above 30m high,12980.5,5,129805.0,,,,,,,,
5,Exit long,2021-01-11 14:00:00-05:00,time,12959.75,5,129805.0,-213.7,-0.1646,325.0,0.2504,492.5,0.3794,258.5,0.2585
6,Entry long,2021-01-13 10:40:00-05:00,ORB close above 30m high,12958.5,5,129585.0,,,,,,,,
6,Exit long,2021-01-13 14:00:00-05:00,time,12978.25,5,129585.0,191.3,0.1476,377.5,0.2913,202.5,0.1563,449.8,0.4498
7,Entry long,2021-01-14 10:50:00-05:00,ORB close above 30m high,13021.25,5,130212.5,,,,,,,,
7,Exit long,2021-01-14 11:55:00-05:00,stop,12968.25,5,130212.5,-536.2,-0.4118,75.0,0.0576,535.0,0.4109,-86.4,-0.0864
8,Entry long,2021-01-19 12:40:00-05:00,ORB close above 30m high,12931.25,5,129312.5,,,,,,,,
8,Exit long,2021-01-19 13:50:00-05:00,target,12987.8,5,129312.5,559.3,0.4325,605.0,0.4679,77.5,0.0599,472.9,0.4729
9,Entry long,2021-01-20 10:10:00-05:00,ORB close above 30m high,13206.5,5,132065.0,,,,,,,,
9,Exit long,2021-01-20 13:00:00-05:00,target,13274.65,5,132065.0,675.3,0.5113,732.5,0.5547,12.5,0.0095,1148.2,1.1482
10,Entry long,2021-01-21 10:15:00-05:00,ORB close above 30m high,13364.75,5,133647.5,,,,,,,,
10,Exit long,2021-01-21 14:00:00-05:00,time,13364.75,5,133647.5,-6.2,-0.0046,280.0,0.2095,487.5,0.3648,1142.0,1.142
11,Entry long,2021-01-26 10:50:00-05:00,ORB close above 30m high,13514.25,5,135142.5,,,,,,,,
11,Exit long,2021-01-26 14:00:00-05:00,time,13500.0,5,135142.5,-148.7,-0.11,187.5,0.1387,590.0,0.4366,993.3,0.9933
12,Entry long,2021-01-28 10:20:00-05:00,ORB close above 30m high,13267.25,5,132672.5,,,,,,,,
12,Exit long,2021-01-28 12:45:00-05:00,target,13378.2,5,132672.5,1103.3,0.8316,1162.5,0.8762,632.5,0.4767,2096.6,2.0966
13,Entry long,2021-01-29 10:25:00-05:00,ORB close above 30m high,13147.5,5,131475.0,,,,,,,,
13,Exit long,2021-01-29 11:20:00-05:00,stop,12998.0,5,131475.0,-1501.2,-1.1418,95.0,0.0723,1587.5,1.2075,595.4,0.5954
14,Entry long,2021-02-01 10:45:00-05:00,ORB close above 30m high,13116.25,5,131162.5,,,,,,,,
14,Exit long,2021-02-01 12:15:00-05:00,target,13232.8,5,131162.5,1159.3,0.8839,1182.5,0.9016,750.0,0.5718,1754.7,1.7547
15,Entry long,2021-02-02 10:20:00-05:00,ORB close above 30m high,13434.5,5,134345.0,,,,,,,,
15,Exit long,2021-02-02 14:00:00-05:00,time,13471.5,5,134345.0,363.8,0.2708,510.0,0.3796,517.5,0.3852,2118.5,2.1185
16,Entry long,2021-02-04 13:05:00-05:00,ORB close above 30m high,13487.0,5,134870.0,,,,,,,,
16,Exit long,2021-02-04 14:00:00-05:00,time,13495.0,5,134870.0,73.8,0.0547,175.0,0.1298,55.0,0.0408,2192.3,2.1923
17,Entry long,2021-02-05 12:20:00-05:00,ORB close above 30m high,13596.25,5,135962.5,,,,,,,,
17,Exit long,2021-02-05 14:00:00-05:00,time,13588.0,5,135962.5,-88.7,-0.0652,422.5,0.3107,170.0,0.125,2103.6,2.1036
18,Entry long,2021-02-08 10:05:00-05:00,ORB close above 30m high,13675.0,5,136750.0,,,,,,,,
18,Exit long,2021-02-08 11:25:00-05:00,stop,13632.25,5,136750.0,-433.7,-0.3171,175.0,0.128,437.5,0.3199,1669.9,1.6699
19,Entry long,2021-02-09 10:10:00-05:00,ORB close above 30m high,13713.75,5,137137.5,,,,,,,,
19,Exit long,2021-02-09 14:00:00-05:00,time,13671.5,5,137137.5,-428.7,-0.3126,215.0,0.1568,517.5,0.3774,1241.2,1.2412
20,Entry long,2021-02-12 10:15:00-05:00,ORB close above 30m high,13707.25,5,137072.5,,,,,,,,
20,Exit long,2021-02-12 14:00:00-05:00,time,13721.5,5,137072.5,136.3,0.0994,475.0,0.3465,430.0,0.3137,1377.5,1.3775
21,Entry long,2021-02-15 11:00:00-05:00,ORB close above 30m high,13863.0,5,138630.0,,,,,,,,
21,Exit long,2021-02-15 12:40:00-05:00,target,13874.55,5,138630.0,109.3,0.0788,130.0,0.0938,92.5,0.0667,1486.8,1.4868
22,Entry long,2021-02-16 10:40:00-05:00,ORB close above 30m high,13871.0,5,138710.0,,,,,,,,
22,Exit long,2021-02-16 11:05:00-05:00,stop,13811.25,5,138710.0,-603.7,-0.4352,25.0,0.018,697.5,0.5028,883.1,0.8831
23,Entry long,2021-02-18 13:25:00-05:00,ORB close above 30m high,13596.0,5,135960.0,,,,,,,,
23,Exit long,2021-02-18 14:00:00-05:00,time,13600.25,5,135960.0,36.3,0.0267,292.5,0.2151,45.0,0.0331,919.4,0.9194
24,Entry long,2021-02-23 10:30:00-05:00,ORB close above 30m high,13025.25,5,130252.5,,,,,,,,
24,Exit long,2021-02-23 14:00:00-05:00,time,13045.5,5,130252.5,196.3,0.1507,940.0,0.7217,1405.0,1.0787,1115.7,1.1157
25,Entry long,2021-02-24 11:15:00-05:00,ORB close above 30m high,13143.25,5,131432.5,,,,,,,,
25,Exit long,2021-02-24 13:30:00-05:00,target,13256.2,5,131432.5,1123.3,0.8547,1167.5,0.8883,17.5,0.0133,2239.0,2.239
26,Entry long,2021-02-26 12:10:00-05:00,ORB close above 30m high,13052.25,5,130522.5,,,,,,,,
26,Exit long,2021-02-26 14:00:00-05:00,time,12955.25,5,130522.5,-976.2,-0.7479,375.0,0.2873,1195.0,0.9156,1262.8,1.2628
27,Entry long,2021-03-01 10:20:00-05:00,ORB close above 30m high,13132.0,5,131320.0,,,,,,,,
27,Exit long,2021-03-01 11:35:00-05:00,target,13205.15,5,131320.0,725.3,0.5523,747.5,0.5692,55.0,0.0419,1988.1,1.9881
28,Entry long,2021-03-04 11:45:00-05:00,ORB close above 30m high,12783.0,5,127830.0,,,,,,,,
28,Exit long,2021-03-04 12:25:00-05:00,stop,12568.5,5,127830.0,-2151.2,-1.6829,140.0,0.1095,2220.0,1.7367,-163.1,-0.1631
29,Entry long,2021-03-08 10:35:00-05:00,ORB close above 30m high,12708.25,5,127082.5,,,,,,,,
29,Exit long,2021-03-08 11:50:00-05:00,stop,12526.25,5,127082.5,-1826.2,-1.437,70.0,0.0551,1882.5,1.4813,-1989.3,-1.9893
30,Entry long,2021-03-09 10:05:00-05:00,ORB close above 30m high,12724.75,5,127247.5,,,,,,,,
30,Exit long,2021-03-09 13:15:00-05:00,target,12834.7,5,127247.5,1093.3,0.8592,1132.5,0.89,410.0,0.3222,-896.0,-0.896
31,Entry long,2021-03-11 10:50:00-05:00,ORB close above 30m high,13009.5,5,130095.0,,,,,,,,
31,Exit long,2021-03-11 11:35:00-05:00,target,13071.45,5,130095.0,613.3,0.4714,650.0,0.4996,165.0,0.1268,-282.7,-0.2827
32,Entry long,2021-03-12 12:30:00-05:00,ORB close above 30m high,12903.25,5,129032.5,,,,,,,,
32,Exit long,2021-03-12 14:00:00-05:00,time,12882.5,5,129032.5,-213.7,-0.1656,230.0,0.1782,487.5,0.3778,-496.4,-0.4964
33,Entry long,2021-03-15 10:15:00-04:00,ORB close above 30m high,12987.5,5,129875.0,,,,,,,,
33,Exit long,2021-03-15 11:30:00-04:00,stop,12896.25,5,129875.0,-918.7,-0.7074,12.5,0.0096,920.0,0.7084,-1415.1,-1.4151
34,Entry long,2021-03-16 10:05:00-04:00,ORB close above 30m high,13245.0,5,132450.0,,,,,,,,
34,Exit long,2021-03-16 14:00:00-04:00,time,13189.75,5,132450.0,-558.7,-0.4218,517.5,0.3907,740.0,0.5587,-1973.8,-1.9738
35,Entry long,2021-03-17 10:20:00-04:00,ORB close above 30m high,13066.75,5,130667.5,,,,,,,,
35,Exit long,2021-03-17 14:00:00-04:00,time,12995.0,5,130667.5,-723.7,-0.5538,482.5,0.3693,1280.0,0.9796,-2697.5,-2.6975
36,Entry long,2021-03-19 11:05:00-04:00,ORB close above 30m high,12841.5,5,128415.0,,,,,,,,
36,Exit long,2021-03-19 14:00:00-04:00,time,12869.25,5,128415.0,271.3,0.2113,497.5,0.3874,837.5,0.6522,-2426.2,-2.4262
37,Entry long,2021-03-22 10:35:00-04:00,ORB close above 30m high,13026.0,5,130260.0,,,,,,,,
37,Exit long,2021-03-22 12:05:00-04:00,target,13104.35,5,130260.0,777.3,0.5967,795.0,0.6103,140.0,0.1075,-1648.9,-1.6489
38,Entry long,2021-03-23 10:15:00-04:00,ORB close above 30m high,13122.75,5,131227.5,,,,,,,,
38,Exit long,2021-03-23 14:00:00-04:00,time,13080.75,5,131227.5,-426.2,-0.3248,492.5,0.3753,717.5,0.5468,-2075.1,-2.0751
39,Entry long,2021-03-25 10:05:00-04:00,ORB close above 30m high,12823.0,5,128230.0,,,,,,,,
39,Exit long,2021-03-25 10:45:00-04:00,stop,12688.0,5,128230.0,-1356.2,-1.0576,140.0,0.1092,1487.5,1.16,-3431.3,-3.4313
40,Entry long,2021-03-26 10:05:00-04:00,ORB close above 30m high,12850.5,5,128505.0,,,,,,,,
40,Exit long,2021-03-26 14:00:00-04:00,time,12798.75,5,128505.0,-523.7,-0.4075,217.5,0.1693,925.0,0.7198,-3955.0,-3.955
41,Entry long,2021-03-29 13:05:00-04:00,ORB close above 30m high,12986.5,5,129865.0,,,,,,,,
41,Exit long,2021-03-29 14:00:00-04:00,time,12953.5,5,129865.0,-336.2,-0.2589,162.5,0.1251,520.0,0.4004,-4291.2,-4.2912
42,Entry long,2021-03-30 11:35:00-04:00,ORB close above 30m high,12895.25,5,128952.5,,,,,,,,
42,Exit long,2021-03-30 14:00:00-04:00,time,12851.5,5,128952.5,-443.7,-0.3441,210.0,0.1629,700.0,0.5428,-4734.9,-4.7349
43,Entry long,2021-03-31 10:05:00-04:00,ORB close above 30m high,13067.5,5,130675.0,,,,,,,,
43,Exit long,2021-03-31 14:00:00-04:00,time,13124.75,5,130675.0,566.3,0.4334,850.0,0.6505,27.5,0.021,-4168.6,-4.1686
44,Entry long,2021-04-01 10:10:00-04:00,ORB close above 30m high,13306.25,5,133062.5,,,,,,,,
44,Exit long,2021-04-01 14:00:00-04:00,time,13281.5,5,133062.5,-253.7,-0.1907,152.5,0.1146,462.5,0.3476,-4422.3,-4.4223
45,Entry long,2021-04-05 10:10:00-04:00,ORB close above 30m high,13490.75,5,134907.5,,,,,,,,
45,Exit long,2021-04-05 11:35:00-04:00,target,13555.7,5,134907.5,643.3,0.4768,672.5,0.4985,52.5,0.0389,-3779.0,-3.779
46,Entry long,2021-04-06 10:05:00-04:00,ORB close above 30m high,13605.0,5,136050.0,,,,,,,,
46,Exit long,2021-04-06 14:00:00-04:00,time,13592.75,5,136050.0,-128.7,-0.0946,492.5,0.362,590.0,0.4337,-3907.7,-3.9077
47,Entry long,2021-04-07 10:05:00-04:00,ORB close above 30m high,13593.0,5,135930.0,,,,,,,,
47,Exit long,2021-04-07 14:00:00-04:00,time,13598.25,5,135930.0,46.3,0.0341,380.0,0.2796,332.5,0.2446,-3861.4,-3.8614
48,Entry long,2021-04-09 10:05:00-04:00,ORB close above 30m high,13732.5,5,137325.0,,,,,,,,
48,Exit long,2021-04-09 14:00:00-04:00,time,13781.25,5,137325.0,481.3,0.3505,587.5,0.4278,377.5,0.2749,-3380.1,-3.3801
49,Entry long,2021-04-12 12:35:00-04:00,ORB close above 30m high,13814.0,5,138140.0,,,,,,,,
49,Exit long,2021-04-12 14:00:00-04:00,time,13782.5,5,138140.0,-321.2,-0.2325,147.5,0.1068,362.5,0.2624,-3701.3,-3.7013
50,Entry long,2021-04-15 10:30:00-04:00,ORB close above 30m high,13989.25,5,139892.5,,,,,,,,
50,Exit long,2021-04-15 14:00:00-04:00,time,14013.75,5,139892.5,238.8,0.1707,327.5,0.2341,460.0,0.3288,-3462.5,-3.4625
51,Entry long,2021-04-21 10:30:00-04:00,ORB close above 30m high,13816.0,5,138160.0,,,,,,,,
51,Exit long,2021-04-21 14:00:00-04:00,time,13859.25,5,138160.0,426.3,0.3086,607.5,0.4397,477.5,0.3456,-3036.2,-3.0362
52,Entry long,2021-04-22 10:35:00-04:00,ORB close above 30m high,13931.0,5,139310.0,,,,,,,,
52,Exit long,2021-04-22 13:10:00-04:00,stop,13855.0,5,139310.0,-766.2,-0.55,130.0,0.0933,1070.0,0.7681,-3802.4,-3.8024
53,Entry long,2021-04-23 10:05:00-04:00,ORB close above 30m high,13838.0,5,138380.0,,,,,,,,
53,Exit long,2021-04-23 11:15:00-04:00,target,13887.55,5,138380.0,489.3,0.3536,570.0,0.4119,130.0,0.0939,-3313.1,-3.3131
54,Entry long,2021-04-26 10:10:00-04:00,ORB close above 30m high,13952.5,5,139525.0,,,,,,,,
54,Exit long,2021-04-26 13:45:00-04:00,target,13992.45,5,139525.0,393.3,0.2819,430.0,0.3082,87.5,0.0627,-2919.8,-2.9198
55,Entry long,2021-04-30 10:25:00-04:00,ORB close above 30m high,13923.5,5,139235.0,,,,,,,,
55,Exit long,2021-04-30 13:50:00-04:00,stop,13840.0,5,139235.0,-841.2,-0.6042,335.0,0.2406,895.0,0.6428,-3761.0,-3.761
56,Entry long,2021-05-03 10:15:00-04:00,ORB close above 30m high,13929.75,5,139297.5,,,,,,,,
56,Exit long,2021-05-03 10:50:00-04:00,stop,13850.75,5,139297.5,-796.2,-0.5716,177.5,0.1274,905.0,0.6497,-4557.2,-4.5572
57,Entry long,2021-05-06 11:35:00-04:00,ORB close above 30m high,13523.75,5,135237.5,,,,,,,,
57,Exit long,2021-05-06 14:00:00-04:00,time,13492.0,5,135237.5,-323.7,-0.2394,675.0,0.4991,352.5,0.2607,-4880.9,-4.8809
58,Entry long,2021-05-07 10:10:00-04:00,ORB close above 30m high,13764.5,5,137645.0,,,,,,,,
58,Exit long,2021-05-07 14:00:00-04:00,time,13681.0,5,137645.0,-841.2,-0.6111,460.0,0.3342,1025.0,0.7447,-5722.1,-5.7221
59,Entry long,2021-05-11 11:20:00-04:00,ORB close above 30m high,13272.25,5,132722.5,,,,,,,,
59,Exit long,2021-05-11 14:00:00-04:00,time,13335.0,5,132722.5,621.3,0.4681,975.0,0.7346,245.0,0.1846,-5100.8,-5.1008
60,Entry long,2021-05-13 10:05:00-04:00,ORB close above 30m high,13189.25,5,131892.5,,,,,,,,
60,Exit long,2021-05-13 11:40:00-04:00,stop,13085.75,5,131892.5,-1041.2,-0.7894,357.5,0.2711,1255.0,0.9515,-6142.0,-6.142
61,Entry long,2021-05-14 10:15:00-04:00,ORB close above 30m high,13287.0,5,132870.0,,,,,,,,
61,Exit long,2021-05-14 12:05:00-04:00,target,13349.75,5,132870.0,621.3,0.4676,672.5,0.5061,120.0,0.0903,-5520.7,-5.5207
62,Entry long,2021-05-18 10:30:00-04:00,ORB close above 30m high,13382.75,5,133827.5,,,,,,,,
62,Exit long,2021-05-18 14:00:00-04:00,time,13331.0,5,133827.5,-523.7,-0.3913,137.5,0.1027,645.0,0.482,-6044.4,-6.0444
63,Entry long,2021-05-19 10:30:00-04:00,ORB close above 30m high,13092.0,5,130920.0,,,,,,,,
63,Exit long,2021-05-19 13:05:00-04:00,target,13189.75,5,130920.0,971.3,0.7419,982.5,0.7505,480.0,0.3666,-5073.1,-5.0731
64,Entry long,2021-05-20 10:05:00-04:00,ORB close above 30m high,13406.5,5,134065.0,,,,,,,,
64,Exit long,2021-05-20 14:00:00-04:00,time,13479.5,5,134065.0,723.8,0.5399,975.0,0.7273,97.5,0.0727,-4349.3,-4.3493
65,Entry long,2021-05-24 10:05:00-04:00,ORB close above 30m high,13590.0,5,135900.0,,,,,,,,
65,Exit long,2021-05-24 14:00:00-04:00,time,13657.25,5,135900.0,666.3,0.4903,755.0,0.5556,57.5,0.0423,-3683.0,-3.683
66,Entry long,2021-05-26 11:10:00-04:00,ORB close above 30m high,13711.75,5,137117.5,,,,,,,,
66,Exit long,2021-05-26 14:00:00-04:00,time,13686.25,5,137117.5,-261.2,-0.1905,132.5,0.0966,360.0,0.2625,-3944.2,-3.9442
67,Entry long,2021-05-27 10:20:00-04:00,ORB close above 30m high,13699.25,5,136992.5,,,,,,,,
67,Exit long,2021-05-27 14:00:00-04:00,time,13686.5,5,136992.5,-133.7,-0.0976,215.0,0.1569,277.5,0.2026,-4077.9,-4.0779
68,Entry long,2021-05-28 11:45:00-04:00,ORB close above 30m high,13745.5,5,137455.0,,,,,,,,
68,Exit long,2021-05-28 14:00:00-04:00,time,13716.25,5,137455.0,-298.7,-0.2173,177.5,0.1291,395.0,0.2874,-4376.6,-4.3766
69,Entry long,2021-06-03 11:00:00-04:00,ORB close above 30m high,13579.25,5,135792.5,,,,,,,,
69,Exit long,2021-06-03 14:00:00-04:00,time,13566.0,5,135792.5,-138.7,-0.1021,305.0,0.2246,527.5,0.3885,-4515.3,-4.5153
70,Entry long,2021-06-04 10:05:00-04:00,ORB close above 30m high,13733.0,5,137330.0,,,,,,,,
70,Exit long,2021-06-04 14:00:00-04:00,time,13774.5,5,137330.0,408.8,0.2977,460.0,0.335,122.5,0.0892,-4106.5,-4.1065
71,Entry long,2021-06-14 12:05:00-04:00,ORB close above 30m high,14041.25,5,140412.5,,,,,,,,
71,Exit long,2021-06-14 14:00:00-04:00,time,14059.0,5,140412.5,171.3,0.122,232.5,0.1656,82.5,0.0588,-3935.2,-3.9352
72,Entry long,2021-06-16 10:15:00-04:00,ORB close above 30m high,14089.5,5,140895.0,,,,,,,,
72,Exit long,2021-06-16 11:05:00-04:00,stop,14042.25,5,140895.0,-478.7,-0.3398,60.0,0.0426,485.0,0.3442,-4413.9,-4.4139
73,Entry long,2021-06-17 10:05:00-04:00,ORB close above 30m high,14040.75,5,140407.5,,,,,,,,
73,Exit long,2021-06-17 10:35:00-04:00,target,14127.5,5,140407.5,861.3,0.6134,882.5,0.6285,250.0,0.1781,-3552.6,-3.5526
74,Entry long,2021-06-21 10:40:00-04:00,ORB close above 30m high,14081.75,5,140817.5,,,,,,,,
74,Exit long,2021-06-21 14:00:00-04:00,time,14133.5,5,140817.5,511.3,0.3631,622.5,0.4421,22.5,0.016,-3041.3,-3.0413
75,Entry long,2021-06-22 11:10:00-04:00,ORB close above 30m high,14187.75,5,141877.5,,,,,,,,
75,Exit long,2021-06-22 14:00:00-04:00,time,14221.25,5,141877.5,328.8,0.2317,452.5,0.3189,7.5,0.0053,-2712.5,-2.7125
76,Entry long,2021-06-24 10:10:00-04:00,ORB close above 30m high,14387.25,5,143872.5,,,,,,,,
76,Exit long,2021-06-24 12:10:00-04:00,target,14421.6,5,143872.5,337.3,0.2344,347.5,0.2415,85.0,0.0591,-2375.2,-2.3752
77,Entry long,2021-06-28 10:10:00-04:00,ORB close above 30m high,14467.5,5,144675.0,,,,,,,,
77,Exit long,2021-06-28 14:00:00-04:00,time,14463.0,5,144675.0,-51.2,-0.0354,275.0,0.1901,125.0,0.0864,-2426.4,-2.4264
78,Entry long,2021-06-29 12:20:00-04:00,ORB close above 30m high,14533.75,5,145337.5,,,,,,,,
78,Exit long,2021-06-29 14:00:00-04:00,time,14551.0,5,145337.5,166.3,0.1144,207.5,0.1428,37.5,0.0258,-2260.1,-2.2601
79,Entry long,2021-07-02 11:55:00-04:00,ORB close above 30m high,14670.5,5,146705.0,,,,,,,,
79,Exit long,2021-07-02 14:00:00-04:00,time,14690.25,5,146705.0,191.3,0.1304,235.0,0.1602,150.0,0.1022,-2068.8,-2.0688
80,Entry long,2021-07-06 10:10:00-04:00,ORB close above 30m high,14786.25,5,147862.5,,,,,,,,
80,Exit long,2021-07-06 10:30:00-04:00,stop,14738.5,5,147862.5,-483.7,-0.3271,35.0,0.0237,610.0,0.4125,-2552.5,-2.5525
81,Entry long,2021-07-08 10:30:00-04:00,ORB close above 30m high,14644.75,5,146447.5,,,,,,,,
81,Exit long,2021-07-08 13:25:00-04:00,target,14728.3,5,146447.5,829.3,0.5663,982.5,0.6709,790.0,0.5394,-1723.2,-1.7232
82,Entry long,2021-07-09 10:25:00-04:00,ORB close above 30m high,14728.25,5,147282.5,,,,,,,,
82,Exit long,2021-07-09 11:00:00-04:00,target,14776.0,5,147282.5,471.3,0.32,600.0,0.4074,247.5,0.168,-1251.9,-1.2519
83,Entry long,2021-07-13 10:05:00-04:00,ORB close above 30m high,14927.5,5,149275.0,,,,,,,,
83,Exit long,2021-07-13 14:00:00-04:00,time,14885.25,5,149275.0,-428.7,-0.2872,670.0,0.4488,937.5,0.628,-1680.6,-1.6806
84,Entry long,2021-07-14 10:05:00-04:00,ORB close above 30m high,14992.5,5,149925.0,,,,,,,,
84,Exit long,2021-07-14 11:25:00-04:00,stop,14934.5,5,149925.0,-586.2,-0.391,22.5,0.015,847.5,0.5653,-2266.8,-2.2668
85,Entry long,2021-07-20 10:25:00-04:00,ORB close above 30m high,14608.5,5,146085.0,,,,,,,,
85,Exit long,2021-07-20 11:40:00-04:00,target,14681.65,5,146085.0,725.3,0.4965,892.5,0.6109,272.5,0.1865,-1541.5,-1.5415
86,Entry long,2021-07-21 10:25:00-04:00,ORB close above 30m high,14761.5,5,147615.0,,,,,,,,
86,Exit long,2021-07-21 14:00:00-04:00,time,14779.0,5,147615.0,168.8,0.1144,277.5,0.188,262.5,0.1778,-1372.7,-1.3727
87,Entry long,2021-07-22 10:30:00-04:00,ORB close above 30m high,14904.75,5,149047.5,,,,,,,,
87,Exit long,2021-07-22 14:00:00-04:00,time,14905.5,5,149047.5,1.3,0.0009,185.0,0.1241,542.5,0.364,-1371.4,-1.3714
88,Entry long,2021-07-23 10:20:00-04:00,ORB close above 30m high,14997.75,5,149977.5,,,,,,,,
88,Exit long,2021-07-23 11:25:00-04:00,target,15048.3,5,149977.5,499.3,0.3329,615.0,0.4101,140.0,0.0933,-872.1,-0.8721
89,Entry long,2021-07-26 10:05:00-04:00,ORB close above 30m high,15112.75,5,151127.5,,,,,,,,
89,Exit long,2021-07-26 14:00:00-04:00,time,15105.0,5,151127.5,-83.7,-0.0554,215.0,0.1423,305.0,0.2018,-955.8,-0.9558
90,Entry long,2021-07-28 10:20:00-04:00,ORB close above 30m high,15054.25,5,150542.5,,,,,,,,
90,Exit long,2021-07-28 14:00:00-04:00,time,14972.75,5,150542.5,-821.2,-0.5455,205.0,0.1362,1325.0,0.8802,-1777.0,-1.777
91,Entry long,2021-07-30 10:05:00-04:00,ORB close above 30m high,14977.0,5,149770.0,,,,,,,,
91,Exit long,2021-07-30 14:00:00-04:00,time,14964.5,5,149770.0,-131.2,-0.0876,22.5,0.015,667.5,0.4457,-1908.2,-1.9082
92,Entry long,2021-08-02 11:25:00-04:00,ORB close above 30m high,15045.75,5,150457.5,,,,,,,,
92,Exit long,2021-08-02 14:00:00-04:00,time,14985.5,5,150457.5,-608.7,-0.4046,55.0,0.0366,845.0,0.5616,-2516.9,-2.5169
93,Entry long,2021-08-03 12:00:00-04:00,ORB close above 30m high,15011.0,5,150110.0,,,,,,,,
93,Exit long,2021-08-03 14:00:00-04:00,time,15019.5,5,150110.0,78.8,0.0525,257.5,0.1715,312.5,0.2082,-2438.1,-2.4381
94,Entry long,2021-08-04 13:05:00-04:00,ORB close above 30m high,15075.25,5,150752.5,,,,,,,,
94,Exit long,2021-08-04 14:00:00-04:00,time,15074.75,5,150752.5,-11.2,-0.0074,277.5,0.1841,55.0,0.0365,-2449.3,-2.4493
95,Entry long,2021-08-05 10:20:00-04:00,ORB close above 30m high,15131.0,5,151310.0,,,,,,,,
95,Exit long,2021-08-05 14:00:00-04:00,time,15154.75,5,151310.0,231.3,0.1529,355.0,0.2346,280.0,0.1851,-2218.0,-2.218
96,Entry long,2021-08-12 10:20:00-04:00,ORB close above 30m high,15008.25,5,150082.5,,,,,,,,
96,Exit long,2021-08-12 11:30:00-04:00,target,15057.6,5,150082.5,487.3,0.3247,540.0,0.3598,42.5,0.0283,-1730.7,-1.7307
97,Entry long,2021-08-13 10:20:00-04:00,ORB close above 30m high,15133.75,5,151337.5,,,,,,,,
97,Exit long,2021-08-13 14:00:00-04:00,time,15115.5,5,151337.5,-188.7,-0.1247,77.5,0.0512,415.0,0.2742,-1919.4,-1.9194
98,Entry long,2021-08-17 10:45:00-04:00,ORB close above 30m high,15050.0,5,150500.0,,,,,,,,
98,Exit long,2021-08-17 11:55:00-04:00,stop,14954.5,5,150500.0,-961.2,-0.6387,77.5,0.0515,1122.5,0.7458,-2880.6,-2.8806
99,Entry long,2021-08-19 10:10:00-04:00,ORB close above 30m high,14846.75,5,148467.5,,,,,,,,
99,Exit long,2021-08-19 11:05:00-04:00,target,14913.1,5,148467.5,657.3,0.4427,697.5,0.4698,232.5,0.1566,-2223.3,-2.2233
100,Entry long,2021-08-20 10:05:00-04:00,ORB close above 30m high,15059.5,5,150595.0,,,,,,,,
100,Exit long,2021-08-20 14:00:00-04:00,time,15053.75,5,150595.0,-63.7,-0.0423,385.0,0.2557,577.5,0.3835,-2287.0,-2.287
101,Entry long,2021-08-23 10:05:00-04:00,ORB close above 30m high,15230.25,5,152302.5,,,,,,,,
101,Exit long,2021-08-23 12:00:00-04:00,target,15314.4,5,152302.5,835.3,0.5484,852.5,0.5597,80.0,0.0525,-1451.7,-1.4517
102,Entry long,2021-08-24 10:10:00-04:00,ORB close above 30m high,15361.25,5,153612.5,,,,,,,,
102,Exit long,2021-08-24 14:00:00-04:00,time,15347.25,5,153612.5,-146.2,-0.0952,190.0,0.1237,310.0,0.2018,-1597.9,-1.5979
103,Entry long,2021-08-27 10:05:00-04:00,ORB close above 30m high,15361.75,5,153617.5,,,,,,,,
103,Exit long,2021-08-27 10:15:00-04:00,target,15423.5,5,153617.5,611.3,0.3979,622.5,0.4052,205.0,0.1334,-986.6,-0.9866
104,Entry long,2021-08-30 10:05:00-04:00,ORB close above 30m high,15545.5,5,155455.0,,,,,,,,
104,Exit long,2021-08-30 14:00:00-04:00,time,15612.25,5,155455.0,661.3,0.4254,692.5,0.4455,80.0,0.0515,-325.3,-0.3253
105,Entry long,2021-09-03 10:05:00-04:00,ORB close above 30m high,15661.5,5,156615.0,,,,,,,,
105,Exit long,2021-09-03 14:00:00-04:00,time,15656.5,5,156615.0,-56.2,-0.0359,72.5,0.0463,570.0,0.3639,-381.5,-0.3815
106,Entry long,2021-09-06 10:05:00-04:00,ORB close above 30m high,15706.25,5,157062.5,,,,,,,,
106,Exit long,2021-09-06 18:00:00-04:00,time,15700.75,5,157062.5,-61.2,-0.039,12.5,0.008,127.5,0.0812,-442.7,-0.4427
107,Entry long,2021-09-07 10:55:00-04:00,ORB close above 30m high,15673.5,5,156735.0,,,,,,,,
107,Exit long,2021-09-07 14:00:00-04:00,time,15691.75,5,156735.0,176.3,0.1125,280.0,0.1786,412.5,0.2632,-266.4,-0.2664
108,Entry long,2021-09-15 13:00:00-04:00,ORB close above 30m high,15439.5,5,154395.0,,,,,,,,
108,Exit long,2021-09-15 14:00:00-04:00,time,15452.5,5,154395.0,123.8,0.0802,285.0,0.1846,50.0,0.0324,-142.6,-0.1426
109,Entry long,2021-09-22 10:05:00-04:00,ORB close above 30m high,15094.0,5,150940.0,,,,,,,,
109,Exit long,2021-09-22 11:30:00-04:00,target,15157.15,5,150940.0,625.3,0.4143,695.0,0.4604,105.0,0.0696,482.7,0.4827
110,Entry long,2021-09-23 10:05:00-04:00,ORB close above 30m high,15319.0,5,153190.0,,,,,,,,
110,Exit long,2021-09-23 14:00:00-04:00,time,15344.75,5,153190.0,251.3,0.164,277.5,0.1811,532.5,0.3476,734.0,0.734
111,Entry long,2021-09-24 10:05:00-04:00,ORB close above 30m high,15257.25,5,152572.5,,,,,,,,
111,Exit long,2021-09-24 14:00:00-04:00,time,15261.25,5,152572.5,33.8,0.0222,387.5,0.254,522.5,0.3425,767.8,0.7678
112,Entry long,2021-09-27 11:05:00-04:00,ORB close above 30m high,15221.5,5,152215.0,,,,,,,,
112,Exit long,2021-09-27 14:00:00-04:00,time,15199.75,5,152215.0,-223.7,-0.147,15.0,0.0099,1015.0,0.6668,544.1,0.5441
113,Entry long,2021-10-01 13:50:00-04:00,ORB close above 30m high,14740.5,5,147405.0,,,,,,,,
113,Exit long,2021-10-01 14:00:00-04:00,time,14717.75,5,147405.0,-233.7,-0.1585,12.5,0.0085,285.0,0.1933,310.4,0.3104
114,Entry long,2021-10-05 10:05:00-04:00,ORB close above 30m high,14606.5,5,146065.0,,,,,,,,
114,Exit long,2021-10-05 11:00:00-04:00,target,14694.25,5,146065.0,871.3,0.5965,882.5,0.6042,135.0,0.0924,1181.7,1.1817
115,Entry long,2021-10-06 10:25:00-04:00,ORB close above 30m high,14658.5,5,146585.0,,,,,,,,
115,Exit long,2021-10-06 14:00:00-04:00,time,14691.5,5,146585.0,323.8,0.2209,510.0,0.3479,910.0,0.6208,1505.5,1.5055
116,Entry long,2021-10-07 10:05:00-04:00,ORB close above 30m high,14971.25,5,149712.5,,,,,,,,
116,Exit long,2021-10-07 14:00:00-04:00,time,14962.25,5,149712.5,-96.2,-0.0643,300.0,0.2004,345.0,0.2304,1409.3,1.4093
117,Entry long,2021-10-11 10:05:00-04:00,ORB close above 30m high,14868.0,5,148680.0,,,,,,,,
117,Exit long,2021-10-11 14:00:00-04:00,time,14782.25,5,148680.0,-863.7,-0.5809,287.5,0.1934,1100.0,0.7398,545.6,0.5456
118,Entry long,2021-10-14 10:05:00-04:00,ORB close above 30m high,14973.5,5,149735.0,,,,,,,,
118,Exit long,2021-10-14 12:45:00-04:00,target,15039.65,5,149735.0,655.3,0.4376,705.0,0.4708,80.0,0.0534,1200.9,1.2009
119,Entry long,2021-10-15 11:00:00-04:00,ORB close above 30m high,15110.75,5,151107.5,,,,,,,,
119,Exit long,2021-10-15 14:00:00-04:00,time,15099.0,5,151107.5,-123.7,-0.0819,102.5,0.0678,522.5,0.3458,1077.2,1.0772
120,Entry long,2021-10-18 10:10:00-04:00,ORB close above 30m high,15153.5,5,151535.0,,,,,,,,
120,Exit long,2021-10-18 13:15:00-04:00,target,15234.65,5,151535.0,805.3,0.5314,945.0,0.6236,277.5,0.1831,1882.5,1.8825
121,Entry long,2021-10-19 10:30:00-04:00,ORB close above 30m high,15359.5,5,153595.0,,,,,,,,
121,Exit long,2021-10-19 14:00:00-04:00,time,15394.25,5,153595.0,341.3,0.2222,375.0,0.2441,317.5,0.2067,2223.8,2.2238
122,Entry long,2021-10-20 10:35:00-04:00,ORB close above 30m high,15445.25,5,154452.5,,,,,,,,
122,Exit long,2021-10-20 11:00:00-04:00,stop,15396.5,5,154452.5,-493.7,-0.3196,2.5,0.0016,620.0,0.4014,1730.1,1.7301
123,Entry long,2021-10-21 10:10:00-04:00,ORB close above 30m high,15399.75,5,153997.5,,,,,,,,
123,Exit long,2021-10-21 14:00:00-04:00,time,15416.5,5,153997.5,161.3,0.1047,460.0,0.2987,112.5,0.0731,1891.4,1.8914
124,Entry long,2021-10-22 10:30:00-04:00,ORB close above 30m high,15463.0,5,154630.0,,,,,,,,
124,Exit long,2021-10-22 11:15:00-04:00,stop,15385.25,5,154630.0,-783.7,-0.5068,7.5,0.0049,1150.0,0.7437,1107.7,1.1077
125,Entry long,2021-10-25 12:00:00-04:00,ORB close above 30m high,15436.75,5,154367.5,,,,,,,,
125,Exit long,2021-10-25 14:00:00-04:00,time,15490.5,5,154367.5,531.3,0.3442,700.0,0.4535,27.5,0.0178,1639.0,1.639
126,Entry long,2021-10-26 10:15:00-04:00,ORB close above 30m high,15674.75,5,156747.5,,,,,,,,
126,Exit long,2021-10-26 12:00:00-04:00,stop,15580.0,5,156747.5,-953.7,-0.6084,262.5,0.1675,1052.5,0.6715,685.3,0.6853
127,Entry long,2021-10-27 10:55:00-04:00,ORB close above 30m high,15649.25,5,156492.5,,,,,,,,
127,Exit long,2021-10-27 14:00:00-04:00,time,15710.25,5,156492.5,603.8,0.3858,680.0,0.4345,365.0,0.2332,1289.1,1.2891
128,Entry long,2021-10-28 10:30:00-04:00,ORB close above 30m high,15699.25,5,156992.5,,,,,,,,
128,Exit long,2021-10-28 11:15:00-04:00,target,15749.8,5,156992.5,499.3,0.318,515.0,0.328,37.5,0.0239,1788.4,1.7884
129,Entry long,2021-10-29 11:10:00-04:00,ORB close above 30m high,15708.25,5,157082.5,,,,,,,,
129,Exit long,2021-10-29 12:20:00-04:00,target,15781.8,5,157082.5,729.3,0.4643,837.5,0.5332,7.5,0.0048,2517.7,2.5177
130,Entry long,2021-11-02 11:45:00-04:00,ORB close above 30m high,15972.0,5,159720.0,,,,,,,,
130,Exit long,2021-11-02 14:00:00-04:00,time,15937.75,5,159720.0,-348.7,-0.2183,82.5,0.0517,597.5,0.3741,2169.0,2.169
131,Entry long,2021-11-04 10:05:00-04:00,ORB close above 30m high,16253.75,5,162537.5,,,,,,,,
131,Exit long,2021-11-04 10:45:00-04:00,target,16330.9,5,162537.5,765.3,0.4708,775.0,0.4768,97.5,0.06,2934.3,2.9343
132,Entry long,2021-11-10 10:05:00-05:00,ORB close above 30m high,16182.75,5,161827.5,,,,,,,,
132,Exit long,2021-11-10 13:15:00-05:00,stop,16041.25,5,161827.5,-1421.2,-0.8782,367.5,0.2271,1550.0,0.9578,1513.1,1.5131
133,Entry long,2021-11-12 10:50:00-05:00,ORB close above 30m high,16087.25,5,160872.5,,,,,,,,
133,Exit long,2021-11-12 11:15:00-05:00,target,16155.4,5,160872.5,675.3,0.4198,927.5,0.5765,47.5,0.0295,2188.4,2.1884
134,Entry long,2021-11-16 11:05:00-05:00,ORB close above 30m high,16255.5,5,162555.0,,,,,,,,
134,Exit long,2021-11-16 14:00:00-05:00,time,16311.75,5,162555.0,556.3,0.3422,677.5,0.4168,100.0,0.0615,2744.7,2.7447
135,Entry long,2021-11-17 10:40:00-05:00,ORB close above 30m high,16345.0,5,163450.0,,,,,,,,
135,Exit long,2021-11-17 14:00:00-05:00,time,16347.75,5,163450.0,21.3,0.013,537.5,0.3288,570.0,0.3487,2766.0,2.766
136,Entry long,2021-11-18 11:35:00-05:00,ORB close above 30m high,16430.5,5,164305.0,,,,,,,,
136,Exit long,2021-11-18 14:00:00-05:00,time,16436.25,5,164305.0,51.3,0.0312,605.0,0.3682,135.0,0.0822,2817.3,2.8173
137,Entry long,2021-11-19 11:40:00-05:00,ORB close above 30m high,16618.25,5,166182.5,,,,,,,,
137,Exit long,2021-11-19 14:00:00-05:00,time,16580.75,5,166182.5,-381.2,-0.2294,100.0,0.0602,845.0,0.5085,2436.1,2.4361
138,Entry long,2021-11-22 10:05:00-05:00,ORB close above 30m high,16744.75,5,167447.5,,,,,,,,
138,Exit long,2021-11-22 11:10:00-05:00,stop,16638.0,5,167447.5,-1073.7,-0.6412,227.5,0.1359,1072.5,0.6405,1362.4,1.3624
139,Entry long,2021-11-24 10:05:00-05:00,ORB close above 30m high,16225.75,5,162257.5,,,,,,,,
139,Exit long,2021-11-24 11:30:00-05:00,target,16324.5,5,162257.5,981.3,0.6048,1075.0,0.6625,687.5,0.4237,2343.7,2.3437
140,Entry long,2021-11-29 11:35:00-05:00,ORB close above 30m high,16317.5,5,163175.0,,,,,,,,
140,Exit long,2021-11-29 12:45:00-05:00,target,16404.85,5,163175.0,867.3,0.5315,895.0,0.5485,57.5,0.0352,3211.0,3.211
141,Entry long,2021-11-30 10:05:00-05:00,ORB close above 30m high,16422.25,5,164222.5,,,,,,,,
141,Exit long,2021-11-30 10:45:00-05:00,stop,16318.5,5,164222.5,-1043.7,-0.6355,342.5,0.2086,1612.5,0.9819,2167.3,2.1673
142,Entry long,2021-12-01 10:10:00-05:00,ORB close above 30m high,16371.75,5,163717.5,,,,,,,,
142,Exit long,2021-12-01 12:55:00-05:00,stop,16270.5,5,163717.5,-1018.7,-0.6222,560.0,0.3421,1380.0,0.8429,1148.6,1.1486
143,Entry long,2021-12-02 10:05:00-05:00,ORB close above 30m high,16018.75,5,160187.5,,,,,,,,
143,Exit long,2021-12-02 10:40:00-05:00,stop,15786.75,5,160187.5,-2326.2,-1.4522,12.5,0.0078,2467.5,1.5404,-1177.6,-1.1776
144,Entry long,2021-12-06 10:20:00-05:00,ORB close above 30m high,15763.25,5,157632.5,,,,,,,,
144,Exit long,2021-12-06 14:00:00-05:00,time,15871.25,5,157632.5,1073.8,0.6812,1310.0,0.831,1072.5,0.6804,-103.8,-0.1038
145,Entry long,2021-12-07 10:10:00-05:00,ORB close above 30m high,16245.5,5,162455.0,,,,,,,,
145,Exit long,2021-12-07 14:00:00-05:00,time,16336.5,5,162455.0,903.8,0.5563,987.5,0.6079,142.5,0.0877,800.0,0.8
146,Entry long,2021-12-08 13:45:00-05:00,ORB close above 30m high,16368.75,5,163687.5,,,,,,,,
146,Exit long,2021-12-08 14:00:00-05:00,time,16356.0,5,163687.5,-133.7,-0.0817,102.5,0.0626,210.0,0.1283,666.3,0.6663
147,Entry long,2021-12-17 10:50:00-05:00,ORB close above 30m high,15882.0,5,158820.0,,,,,,,,
147,Exit long,2021-12-17 14:00:00-05:00,time,15900.75,5,158820.0,181.3,0.1142,747.5,0.4707,1407.5,0.8862,847.6,0.8476
148,Entry long,2021-12-21 12:15:00-05:00,ORB close above 30m high,15813.25,5,158132.5,,,,,,,,
148,Exit long,2021-12-21 14:00:00-05:00,time,15915.75,5,158132.5,1018.8,0.6443,1225.0,0.7747,105.0,0.0664,1866.4,1.8664
149,Entry long,2021-12-22 10:40:00-05:00,ORB close above 30m high,16066.0,5,160660.0,,,,,,,,
149,Exit long,2021-12-22 14:00:00-05:00,time,16065.75,5,160660.0,-8.7,-0.0054,747.5,0.4653,252.5,0.1572,1857.7,1.8577
150,Entry long,2021-12-23 10:15:00-05:00,ORB close above 30m high,16258.75,5,162587.5,,,,,,,,
150,Exit long,2021-12-23 13:25:00-05:00,target,16324.3,5,162587.5,649.3,0.3994,750.0,0.4613,135.0,0.083,2507.0,2.507
151,Entry long,2021-12-27 10:05:00-05:00,ORB close above 30m high,16457.75,5,164577.5,,,,,,,,
151,Exit long,2021-12-27 13:55:00-05:00,target,16548.1,5,164577.5,897.3,0.5452,917.5,0.5575,65.0,0.0395,3404.3,3.4043
152,Entry long,2021-12-30 10:10:00-05:00,ORB close above 30m high,16538.0,5,165380.0,,,,,,,,
152,Exit long,2021-12-30 14:00:00-05:00,time,16534.0,5,165380.0,-46.2,-0.0279,295.0,0.1784,337.5,0.2041,3358.1,3.3581
153,Entry long,2022-01-06 11:15:00-05:00,ORB close above 30m high,15861.0,5,158610.0,,,,,,,,
153,Exit long,2022-01-06 14:00:00-05:00,time,15822.5,5,158610.0,-391.2,-0.2466,347.5,0.2191,915.0,0.5769,2966.9,2.9669
154,Entry long,2022-01-10 13:55:00-05:00,ORB close above 30m high,15418.25,5,154182.5,,,,,,,,
154,Exit long,2022-01-10 14:00:00-05:00,time,15409.0,5,154182.5,-98.7,-0.064,345.0,0.2238,265.0,0.1719,2868.2,2.8682
155,Entry long,2022-01-11 10:05:00-05:00,ORB close above 30m high,15621.0,5,156210.0,,,,,,,,
155,Exit long,2022-01-11 11:15:00-05:00,target,15737.95,5,156210.0,1163.3,0.7447,1330.0,0.8514,1167.5,0.7474,4031.5,4.0315
156,Entry long,2022-01-12 10:15:00-05:00,ORB close above 30m high,16003.5,5,160035.0,,,,,,,,
156,Exit long,2022-01-12 10:40:00-05:00,stop,15884.25,5,160035.0,-1198.7,-0.749,27.5,0.0172,1455.0,0.9092,2832.8,2.8328
157,Entry long,2022-01-18 10:10:00-05:00,ORB close above 30m high,15408.25,5,154082.5,,,,,,,,
157,Exit long,2022-01-18 11:30:00-05:00,stop,15272.25,5,154082.5,-1366.2,-0.8867,267.5,0.1736,1537.5,0.9978,1466.6,1.4666
158,Entry long,2022-01-20 10:35:00-05:00,ORB close above 30m high,15302.75,5,153027.5,,,,,,,,
158,Exit long,2022-01-20 14:00:00-05:00,time,15179.0,5,153027.5,-1243.7,-0.8127,377.5,0.2467,1302.5,0.8512,222.9,0.2229
159,Entry long,2022-01-21 11:25:00-05:00,ORB close above 30m high,14844.5,5,148445.0,,,,,,,,
159,Exit long,2022-01-21 12:20:00-05:00,stop,14630.5,5,148445.0,-2146.2,-1.4458,75.0,0.0505,2217.5,1.4938,-1923.3,-1.9233
160,Entry long,2022-01-26 10:05:00-05:00,ORB close above 30m high,14505.25,5,145052.5,,,,,,,,
160,Exit long,2022-01-26 10:40:00-05:00,stop,14349.75,5,145052.5,-1561.2,-1.0763,92.5,0.0638,1680.0,1.1582,-3484.5,-3.4845
161,Entry long,2022-01-27 10:15:00-05:00,ORB close above 30m high,14401.25,5,144012.5,,,,,,,,
161,Exit long,2022-01-27 10:30:00-05:00,stop,14231.5,5,144012.5,-1703.7,-1.183,52.5,0.0365,1937.5,1.3454,-5188.2,-5.1882
162,Entry long,2022-01-28 10:55:00-05:00,ORB close above 30m high,14109.75,5,141097.5,,,,,,,,
162,Exit long,2022-01-28 12:00:00-05:00,target,14303.7,5,141097.5,1933.3,1.3702,1945.0,1.3785,267.5,0.1896,-3254.9,-3.2549
163,Entry long,2022-01-31 10:05:00-05:00,ORB close above 30m high,14650.0,5,146500.0,,,,,,,,
163,Exit long,2022-01-31 14:00:00-05:00,time,14774.75,5,146500.0,1241.3,0.8473,1370.0,0.9352,102.5,0.07,-2013.6,-2.0136
164,Entry long,2022-02-03 10:30:00-05:00,ORB close above 30m high,14822.5,5,148225.0,,,,,,,,
164,Exit long,2022-02-03 11:55:00-05:00,stop,14677.0,5,148225.0,-1461.2,-0.9858,205.0,0.1383,1587.5,1.071,-3474.8,-3.4748
165,Entry long,2022-02-04 10:05:00-05:00,ORB close above 30m high,14610.0,5,146100.0,,,,,,,,
165,Exit long,2022-02-04 13:50:00-05:00,target,14751.35,5,146100.0,1407.3,0.9632,1427.5,0.9771,1680.0,1.1499,-2067.5,-2.0675
166,Entry long,2022-02-08 10:50:00-05:00,ORB close above 30m high,14592.75,5,145927.5,,,,,,,,
166,Exit long,2022-02-08 11:10:00-05:00,target,14665.9,5,145927.5,725.3,0.497,770.0,0.5277,115.0,0.0788,-1342.2,-1.3422
167,Entry long,2022-02-09 11:05:00-05:00,ORB close above 30m high,14964.0,5,149640.0,,,,,,,,
167,Exit long,2022-02-09 14:00:00-05:00,time,14982.25,5,149640.0,176.3,0.1178,350.0,0.2339,545.0,0.3642,-1165.9,-1.1659
168,Entry long,2022-02-10 10:05:00-05:00,ORB close above 30m high,14958.25,5,149582.5,,,,,,,,
168,Exit long,2022-02-10 13:35:00-05:00,stop,14735.0,5,149582.5,-2238.7,-1.4966,707.5,0.473,2297.5,1.5359,-3404.6,-3.4046
169,Entry long,2022-02-14 11:20:00-05:00,ORB close above 30m high,14338.0,5,143380.0,,,,,,,,
169,Exit long,2022-02-14 13:50:00-05:00,stop,14182.0,5,143380.0,-1566.2,-1.0923,560.0,0.3906,1737.5,1.2118,-4970.8,-4.9708
170,Entry long,2022-02-15 10:45:00-05:00,ORB close above 30m high,14540.25,5,145402.5,,,,,,,,
170,Exit long,2022-02-15 12:45:00-05:00,stop,14444.75,5,145402.5,-961.2,-0.6611,237.5,0.1633,1122.5,0.772,-5932.0,-5.932
171,Entry long,2022-02-22 10:30:00-05:00,ORB close above 30m high,14105.5,5,141055.0,,,,,,,,
171,Exit long,2022-02-22 11:50:00-05:00,stop,13861.75,5,141055.0,-2443.7,-1.7324,32.5,0.023,2585.0,1.8326,-8375.7,-8.3757
172,Entry long,2022-02-24 10:15:00-05:00,ORB close above 30m high,13378.5,5,133785.0,,,,,,,,
172,Exit long,2022-02-24 13:45:00-05:00,target,13634.05,5,133785.0,2549.3,1.9055,3052.5,2.2816,705.0,0.527,-5826.4,-5.8264
173,Entry long,2022-02-25 10:45:00-05:00,ORB close above 30m high,14038.75,5,140387.5,,,,,,,,
173,Exit long,2022-02-25 14:00:00-05:00,time,14110.5,5,140387.5,711.3,0.5067,1377.5,0.9812,182.5,0.13,-5115.1,-5.1151
174,Entry long,2022-02-28 10:40:00-05:00,ORB close above 30m high,14181.0,5,141810.0,,,,,,,,
174,Exit long,2022-02-28 14:00:00-05:00,time,14139.25,5,141810.0,-423.7,-0.2988,1115.0,0.7863,1287.5,0.9079,-5538.8,-5.5388
175,Entry long,2022-03-02 11:10:00-05:00,ORB close above 30m high,14159.0,5,141590.0,,,,,,,,
175,Exit long,2022-03-02 14:00:00-05:00,time,14233.5,5,141590.0,738.8,0.5218,1055.0,0.7451,232.5,0.1642,-4800.0,-4.8
176,Entry long,2022-03-08 12:15:00-05:00,ORB close above 30m high,13458.75,5,134587.5,,,,,,,,
176,Exit long,2022-03-08 13:00:00-05:00,target,13648.3,5,134587.5,1889.3,1.4038,1935.0,1.4377,230.0,0.1709,-2910.7,-2.9107
177,Entry long,2022-03-09 10:25:00-05:00,ORB close above 30m high,13641.0,5,136410.0,,,,,,,,
177,Exit long,2022-03-09 14:00:00-05:00,time,13691.0,5,136410.0,493.8,0.362,1090.0,0.7991,605.0,0.4435,-2416.9,-2.4169
178,Entry long,2022-03-10 10:20:00-05:00,ORB close above 30m high,13605.5,5,136055.0,,,,,,,,
178,Exit long,2022-03-10 10:30:00-05:00,stop,13487.0,5,136055.0,-1191.2,-0.8755,2.5,0.0018,1390.0,1.0216,-3608.1,-3.6081
179,Entry long,2022-03-14 10:15:00-04:00,ORB close above 30m high,13373.25,5,133732.5,,,,,,,,
179,Exit long,2022-03-14 11:40:00-04:00,stop,13204.75,5,133732.5,-1691.2,-1.2646,197.5,0.1477,1870.0,1.3983,-5299.3,-5.2993
180,Entry long,2022-03-15 10:05:00-04:00,ORB close above 30m high,13220.5,5,132205.0,,,,,,,,
180,Exit long,2022-03-15 10:45:00-04:00,target,13323.85,5,132205.0,1027.3,0.7771,1042.5,0.7885,565.0,0.4274,-4272.0,-4.272
181,Entry long,2022-03-16 10:15:00-04:00,ORB close above 30m high,13750.75,5,137507.5,,,,,,,,
181,Exit long,2022-03-16 10:30:00-04:00,target,13861.5,5,137507.5,1101.3,0.8009,1137.5,0.8272,22.5,0.0164,-3170.7,-3.1707
182,Entry long,2022-03-17 10:05:00-04:00,ORB close above 30m high,13991.25,5,139912.5,,,,,,,,
182,Exit long,2022-03-17 14:00:00-04:00,time,14070.0,5,139912.5,781.3,0.5584,1007.5,0.7201,1490.0,1.065,-2389.4,-2.3894
183,Entry long,2022-03-18 10:05:00-04:00,ORB close above 30m high,14179.75,5,141797.5,,,,,,,,
183,Exit long,2022-03-18 14:00:00-04:00,time,14306.75,5,141797.5,1263.8,0.8913,1442.5,1.0173,412.5,0.2909,-1125.6,-1.1256
184,Entry long,2022-03-22 10:05:00-04:00,ORB close above 30m high,14531.0,5,145310.0,,,,,,,,
184,Exit long,2022-03-22 11:10:00-04:00,target,14655.95,5,145310.0,1243.3,0.8556,1305.0,0.8981,125.0,0.086,117.7,0.1177
185,Entry long,2022-03-23 10:15:00-04:00,ORB close above 30m high,14563.5,5,145635.0,,,,,,,,
185,Exit long,2022-03-23 11:50:00-04:00,target,14645.45,5,145635.0,813.3,0.5585,855.0,0.5871,357.5,0.2455,931.0,0.931
186,Entry long,2022-03-24 11:15:00-04:00,ORB close above 30m high,14563.5,5,145635.0,,,,,,,,
186,Exit long,2022-03-24 11:30:00-04:00,target,14638.85,5,145635.0,747.3,0.5131,795.0,0.5459,132.5,0.091,1678.3,1.6783
187,Entry long,2022-03-25 10:45:00-04:00,ORB close above 30m high,14792.5,5,147925.0,,,,,,,,
187,Exit long,2022-03-25 11:00:00-04:00,stop,14707.75,5,147925.0,-853.7,-0.5771,150.0,0.1014,915.0,0.6186,824.6,0.8246
188,Entry long,2022-03-30 10:15:00-04:00,ORB close above 30m high,15219.5,5,152195.0,,,,,,,,
188,Exit long,2022-03-30 11:00:00-04:00,stop,15141.25,5,152195.0,-788.7,-0.5182,155.0,0.1018,857.5,0.5634,35.9,0.0359
189,Entry long,2022-04-04 10:40:00-04:00,ORB close above 30m high,15062.0,5,150620.0,,,,,,,,
189,Exit long,2022-04-04 14:00:00-04:00,time,15119.0,5,150620.0,563.8,0.3743,690.0,0.4581,337.5,0.2241,599.7,0.5997
190,Entry long,2022-04-08 11:05:00-04:00,ORB close above 30m high,14477.75,5,144777.5,,,,,,,,
190,Exit long,2022-04-08 14:00:00-04:00,time,14391.25,5,144777.5,-871.2,-0.6018,202.5,0.1399,1032.5,0.7132,-271.5,-0.2715
191,Entry long,2022-04-13 10:20:00-04:00,ORB close above 30m high,14081.5,5,140815.0,,,,,,,,
191,Exit long,2022-04-13 14:00:00-04:00,time,14161.25,5,140815.0,791.3,0.5619,1265.0,0.8983,392.5,0.2787,519.8,0.5198
192,Entry long,2022-04-18 10:15:00-04:00,ORB close above 30m high,13945.75,5,139457.5,,,,,,,,
192,Exit long,2022-04-18 12:10:00-04:00,stop,13826.75,5,139457.5,-1196.2,-0.8578,565.0,0.4051,1305.0,0.9358,-676.4,-0.6764
193,Entry long,2022-04-19 10:05:00-04:00,ORB close above 30m high,14023.0,5,140230.0,,,,,,,,
193,Exit long,2022-04-19 11:30:00-04:00,target,14174.15,5,140230.0,1505.3,1.0735,1517.5,1.0822,105.0,0.0749,828.9,0.8289
194,Entry long,2022-04-25 10:30:00-04:00,ORB close above 30m high,13392.75,5,133927.5,,,,,,,,
194,Exit long,2022-04-25 14:00:00-04:00,time,13351.75,5,133927.5,-416.2,-0.3108,737.5,0.5507,1522.5,1.1368,412.7,0.4127
195,Entry long,2022-04-28 12:40:00-04:00,ORB close above 30m high,13292.0,5,132920.0,,,,,,,,
195,Exit long,2022-04-28 13:40:00-04:00,target,13448.95,5,132920.0,1563.3,1.1761,1595.0,1.2,5.0,0.0038,1976.0,1.976
196,Entry long,2022-05-02 10:30:00-04:00,ORB close above 30m high,12983.0,5,129830.0,,,,,,,,
196,Exit long,2022-05-02 13:45:00-04:00,stop,12742.25,5,129830.0,-2413.7,-1.8591,612.5,0.4718,2422.5,1.8659,-437.7,-0.4377
197,Entry long,2022-05-03 10:05:00-04:00,ORB close above 30m high,13139.75,5,131397.5,,,,,,,,
197,Exit long,2022-05-03 14:00:00-04:00,time,13137.5,5,131397.5,-28.7,-0.0218,442.5,0.3368,1630.0,1.2405,-466.4,-0.4664
198,Entry long,2022-05-04 13:05:00-04:00,ORB close above 30m high,13121.0,5,131210.0,,,,,,,,
198,Exit long,2022-05-04 14:00:00-04:00,time,13141.75,5,131210.0,201.3,0.1534,1105.0,0.8422,717.5,0.5468,-265.1,-0.2651
199,Entry long,2022-05-06 10:50:00-04:00,ORB close above 30m high,12807.0,5,128070.0,,,,,,,,
199,Exit long,2022-05-06 14:00:00-04:00,time,12685.0,5,128070.0,-1226.2,-0.9574,1222.5,0.9546,1395.0,1.0892,-1491.3,-1.4913
200,Entry long,2022-05-12 10:10:00-04:00,ORB close above 30m high,11910.0,5,119100.0,,,,,,,,
200,Exit long,2022-05-12 10:55:00-04:00,target,12083.55,5,119100.0,1729.3,1.452,1765.0,1.4819,125.0,0.105,238.0,0.238
201,Entry long,2022-05-13 10:05:00-04:00,ORB close above 30m high,12288.0,5,122880.0,,,,,,,,
201,Exit long,2022-05-13 14:00:00-04:00,time,12303.25,5,122880.0,146.3,0.1191,1425.0,1.1597,575.0,0.4679,384.3,0.3843
202,Entry long,2022-05-16 10:30:00-04:00,ORB close above 30m high,12366.5,5,123665.0,,,,,,,,
202,Exit long,2022-05-16 10:55:00-04:00,stop,12214.75,5,123665.0,-1523.7,-1.2321,67.5,0.0546,1602.5,1.2958,-1139.4,-1.1394
203,Entry long,2022-05-19 11:25:00-04:00,ORB close above 30m high,11979.25,5,119792.5,,,,,,,,
203,Exit long,2022-05-19 14:00:00-04:00,time,11974.75,5,119792.5,-51.2,-0.0427,977.5,0.816,1282.5,1.0706,-1190.6,-1.1906
204,Entry long,2022-05-23 11:35:00-04:00,ORB close above 30m high,12001.25,5,120012.5,,,,,,,,
204,Exit long,2022-05-23 14:00:00-04:00,time,12002.5,5,120012.5,6.3,0.0052,507.5,0.4229,845.0,0.7041,-1184.3,-1.1843
205,Entry long,2022-05-25 10:30:00-04:00,ORB close above 30m high,11889.75,5,118897.5,,,,,,,,
205,Exit long,2022-05-25 14:00:00-04:00,time,11852.0,5,118897.5,-383.7,-0.3227,397.5,0.3343,1012.5,0.8516,-1568.0,-1.568
206,Entry long,2022-05-26 10:15:00-04:00,ORB close above 30m high,12161.75,5,121617.5,,,,,,,,
206,Exit long,2022-05-26 14:00:00-04:00,time,12318.5,5,121617.5,1561.3,1.2838,1817.5,1.4944,352.5,0.2898,-6.7,-0.0067
207,Entry long,2022-05-27 10:05:00-04:00,ORB close above 30m high,12533.25,5,125332.5,,,,,,,,
207,Exit long,2022-05-27 14:00:00-04:00,time,12588.5,5,125332.5,546.3,0.4359,790.0,0.6303,255.0,0.2035,539.6,0.5396
208,Entry long,2022-05-30 10:50:00-04:00,ORB close above 30m high,12792.25,5,127922.5,,,,,,,,
208,Exit long,2022-05-30 12:30:00-04:00,target,12829.0,5,127922.5,361.3,0.2824,445.0,0.3479,217.5,0.17,900.9,0.9009
209,Entry long,2022-05-31 11:55:00-04:00,ORB close above 30m high,12698.0,5,126980.0,,,,,,,,
209,Exit long,2022-05-31 14:00:00-04:00,time,12757.75,5,126980.0,591.3,0.4657,695.0,0.5473,392.5,0.3091,1492.2,1.4922
210,Entry long,2022-06-02 10:15:00-04:00,ORB close above 30m high,12618.0,5,126180.0,,,,,,,,
210,Exit long,2022-06-02 12:20:00-04:00,target,12758.35,5,126180.0,1397.3,1.1074,1432.5,1.1353,1205.0,0.955,2889.5,2.8895
211,Entry long,2022-06-06 10:05:00-04:00,ORB close above 30m high,12789.5,5,127895.0,,,,,,,,
211,Exit long,2022-06-06 11:15:00-04:00,stop,12673.0,5,127895.0,-1171.2,-0.9158,210.0,0.1642,1530.0,1.1963,1718.3,1.7183
212,Entry long,2022-06-07 10:30:00-04:00,ORB close above 30m high,12591.25,5,125912.5,,,,,,,,
212,Exit long,2022-06-07 14:00:00-04:00,time,12646.75,5,125912.5,548.8,0.4359,1147.5,0.9113,295.0,0.2343,2267.1,2.2671
213,Entry long,2022-06-09 10:40:00-04:00,ORB close above 30m high,12660.0,5,126600.0,,,,,,,,
213,Exit long,2022-06-09 13:40:00-04:00,stop,12506.0,5,126600.0,-1546.2,-1.2213,40.0,0.0316,1570.0,1.2401,720.9,0.7209
214,Entry long,2022-06-15 10:10:00-04:00,ORB close above 30m high,11556.25,5,115562.5,,,,,,,,
214,Exit long,2022-06-15 14:00:00-04:00,time,11573.25,5,115562.5,163.8,0.1417,875.0,0.7572,1115.0,0.9648,884.7,0.8847
215,Entry long,2022-06-17 13:10:00-04:00,ORB close above 30m high,11364.75,5,113647.5,,,,,,,,
215,Exit long,2022-06-17 14:00:00-04:00,time,11342.75,5,113647.5,-226.2,-0.199,315.0,0.2772,562.5,0.495,658.5,0.6585
216,Entry long,2022-06-20 10:20:00-04:00,ORB close above 30m high,11377.5,5,113775.0,,,,,,,,
216,Exit long,2022-06-20 11:55:00-04:00,target,11412.85,5,113775.0,347.3,0.3053,460.0,0.4043,87.5,0.0769,1005.8,1.0058
217,Entry long,2022-06-21 10:05:00-04:00,ORB close above 30m high,11646.75,5,116467.5,,,,,,,,
217,Exit long,2022-06-21 14:00:00-04:00,time,11603.0,5,116467.5,-443.7,-0.381,317.5,0.2726,620.0,0.5323,562.1,0.5621
218,Entry long,2022-06-22 10:15:00-04:00,ORB close above 30m high,11629.75,5,116297.5,,,,,,,,
218,Exit long,2022-06-22 14:00:00-04:00,time,11659.25,5,116297.5,288.8,0.2483,1167.5,1.0039,625.0,0.5374,850.9,0.8509
219,Entry long,2022-06-23 10:45:00-04:00,ORB close above 30m high,11702.25,5,117022.5,,,,,,,,
219,Exit long,2022-06-23 14:00:00-04:00,time,11618.25,5,117022.5,-846.2,-0.7231,415.0,0.3546,1552.5,1.3267,4.7,0.0047
220,Entry long,2022-06-24 10:05:00-04:00,ORB close above 30m high,12037.0,5,120370.0,,,,,,,,
220,Exit long,2022-06-24 14:00:00-04:00,time,12007.0,5,120370.0,-306.2,-0.2544,457.5,0.3801,677.5,0.5628,-301.5,-0.3015
221,Entry long,2022-06-29 10:05:00-04:00,ORB close above 30m high,11732.0,5,117320.0,,,,,,,,
221,Exit long,2022-06-29 14:00:00-04:00,time,11690.75,5,117320.0,-418.7,-0.3569,170.0,0.1449,1280.0,1.091,-720.2,-0.7202
222,Entry long,2022-06-30 11:55:00-04:00,ORB close above 30m high,11592.5,5,115925.0,,,,,,,,
222,Exit long,2022-06-30 14:00:00-04:00,time,11644.0,5,115925.0,508.8,0.4389,927.5,0.8001,527.5,0.455,-211.4,-0.2114
223,Entry long,2022-07-05 10:15:00-04:00,ORB close above 30m high,11507.5,5,115075.0,,,,,,,,
223,Exit long,2022-07-05 10:40:00-04:00,target,11602.25,5,115075.0,941.3,0.818,1020.0,0.8864,440.0,0.3824,729.9,0.7299
224,Entry long,2022-07-07 10:55:00-04:00,ORB close above 30m high,12065.0,5,120650.0,,,,,,,,
224,Exit long,2022-07-07 14:00:00-04:00,time,12125.5,5,120650.0,598.8,0.4963,680.0,0.5636,377.5,0.3129,1328.7,1.3287
225,Entry long,2022-07-08 10:30:00-04:00,ORB close above 30m high,12117.75,5,121177.5,,,,,,,,
225,Exit long,2022-07-08 14:00:00-04:00,time,12125.0,5,121177.5,66.3,0.0547,932.5,0.7695,787.5,0.6499,1395.0,1.395
226,Entry long,2022-07-13 10:35:00-04:00,ORB close above 30m high,11710.0,5,117100.0,,,,,,,,
226,Exit long,2022-07-13 14:00:00-04:00,time,11822.5,5,117100.0,1118.8,0.9554,1445.0,1.234,142.5,0.1217,2513.8,2.5138
227,Entry long,2022-07-14 11:45:00-04:00,ORB close above 30m high,11697.0,5,116970.0,,,,,,,,
227,Exit long,2022-07-14 14:00:00-04:00,time,11726.5,5,116970.0,288.8,0.2469,480.0,0.4104,760.0,0.6497,2802.6,2.8026
228,Entry long,2022-07-15 11:15:00-04:00,ORB close above 30m high,11987.0,5,119870.0,,,,,,,,
228,Exit long,2022-07-15 14:00:00-04:00,time,11980.25,5,119870.0,-73.7,-0.0615,130.0,0.1085,580.0,0.4839,2728.9,2.7289
229,Entry long,2022-07-19 10:30:00-04:00,ORB close above 30m high,12086.0,5,120860.0,,,,,,,,
229,Exit long,2022-07-19 11:00:00-04:00,target,12160.55,5,120860.0,739.3,0.6117,800.0,0.6619,90.0,0.0745,3468.2,3.4682
230,Entry long,2022-07-20 10:25:00-04:00,ORB close above 30m high,12358.5,5,123585.0,,,,,,,,
230,Exit long,2022-07-20 10:45:00-04:00,target,12440.25,5,123585.0,811.3,0.6565,967.5,0.7829,57.5,0.0465,4279.5,4.2795
231,Entry long,2022-07-21 11:35:00-04:00,ORB close above 30m high,12536.75,5,125367.5,,,,,,,,
231,Exit long,2022-07-21 14:00:00-04:00,time,12578.5,5,125367.5,411.3,0.3281,842.5,0.672,295.0,0.2353,4690.8,4.6908
232,Entry long,2022-07-27 10:15:00-04:00,ORB close above 30m high,12416.25,5,124162.5,,,,,,,,
232,Exit long,2022-07-27 14:00:00-04:00,time,12436.75,5,124162.5,198.8,0.1601,727.5,0.5859,285.0,0.2295,4889.6,4.8896
233,Entry long,2022-07-28 11:30:00-04:00,ORB close above 30m high,12665.75,5,126657.5,,,,,,,,
233,Exit long,2022-07-28 14:00:00-04:00,time,12729.0,5,126657.5,626.3,0.4945,727.5,0.5744,422.5,0.3336,5515.9,5.5159
234,Entry long,2022-07-29 10:05:00-04:00,ORB close above 30m high,12895.75,5,128957.5,,,,,,,,
234,Exit long,2022-07-29 14:00:00-04:00,time,12925.0,5,128957.5,286.3,0.222,427.5,0.3315,1095.0,0.8491,5802.2,5.8022
235,Entry long,2022-08-01 10:10:00-04:00,ORB close above 30m high,13043.25,5,130432.5,,,,,,,,
235,Exit long,2022-08-01 14:00:00-04:00,time,12933.0,5,130432.5,-1108.7,-0.85,652.5,0.5003,1457.5,1.1174,4693.5,4.6935
236,Entry long,2022-08-02 10:55:00-04:00,ORB close above 30m high,12998.0,5,129980.0,,,,,,,,
236,Exit long,2022-08-02 14:00:00-04:00,time,12931.25,5,129980.0,-673.7,-0.5183,990.0,0.7617,947.5,0.729,4019.8,4.0198
237,Entry long,2022-08-03 10:05:00-04:00,ORB close above 30m high,13146.0,5,131460.0,,,,,,,,
237,Exit long,2022-08-03 12:50:00-04:00,target,13271.15,5,131460.0,1245.3,0.9473,1305.0,0.9927,852.5,0.6485,5265.1,5.2651
238,Entry long,2022-08-05 10:05:00-04:00,ORB close above 30m high,13228.25,5,132282.5,,,,,,,,
238,Exit long,2022-08-05 11:25:00-04:00,stop,13114.0,5,132282.5,-1148.7,-0.8684,817.5,0.618,1377.5,1.0413,4116.4,4.1164
239,Entry long,2022-08-10 11:05:00-04:00,ORB close above 30m high,13368.75,5,133687.5,,,,,,,,
239,Exit long,2022-08-10 14:00:00-04:00,time,13370.75,5,133687.5,13.8,0.0103,207.5,0.1552,525.0,0.3927,4130.2,4.1302
240,Entry long,2022-08-11 10:05:00-04:00,ORB close above 30m high,13527.25,5,135272.5,,,,,,,,
240,Exit long,2022-08-11 11:05:00-04:00,stop,13455.75,5,135272.5,-721.2,-0.5331,485.0,0.3585,1217.5,0.9,3409.0,3.409
241,Entry long,2022-08-12 10:20:00-04:00,ORB close above 30m high,13458.5,5,134585.0,,,,,,,,
241,Exit long,2022-08-12 14:00:00-04:00,time,13504.25,5,134585.0,451.3,0.3353,540.0,0.4012,732.5,0.5443,3860.3,3.8603
242,Entry long,2022-08-15 11:45:00-04:00,ORB close above 30m high,13636.75,5,136367.5,,,,,,,,
242,Exit long,2022-08-15 14:00:00-04:00,time,13661.0,5,136367.5,236.3,0.1733,407.5,0.2988,10.0,0.0073,4096.6,4.0966
243,Entry long,2022-08-16 11:55:00-04:00,ORB close above 30m high,13672.5,5,136725.0,,,,,,,,
243,Exit long,2022-08-16 14:00:00-04:00,time,13698.25,5,136725.0,251.3,0.1838,432.5,0.3163,412.5,0.3017,4347.9,4.3479
244,Entry long,2022-08-18 10:45:00-04:00,ORB close above 30m high,13507.0,5,135070.0,,,,,,,,
244,Exit long,2022-08-18 11:30:00-04:00,target,13563.55,5,135070.0,559.3,0.4141,622.5,0.4609,205.0,0.1518,4907.2,4.9072
245,Entry long,2022-08-23 10:10:00-04:00,ORB close above 30m high,12994.5,5,129945.0,,,,,,,,
245,Exit long,2022-08-23 14:00:00-04:00,time,12919.75,5,129945.0,-753.7,-0.58,245.0,0.1885,1197.5,0.9215,4153.5,4.1535
246,Entry long,2022-08-24 10:20:00-04:00,ORB close above 30m high,12941.5,5,129415.0,,,,,,,,
246,Exit long,2022-08-24 14:00:00-04:00,time,12938.25,5,129415.0,-38.7,-0.0299,705.0,0.5448,340.0,0.2627,4114.8,4.1148
247,Entry long,2022-08-25 10:05:00-04:00,ORB close above 30m high,13055.25,5,130552.5,,,,,,,,
247,Exit long,2022-08-25 14:00:00-04:00,time,13081.5,5,130552.5,256.3,0.1963,630.0,0.4826,582.5,0.4462,4371.1,4.3711
248,Entry long,2022-08-26 10:10:00-04:00,ORB close above 30m high,13177.75,5,131777.5,,,,,,,,
248,Exit long,2022-08-26 10:20:00-04:00,stop,13084.5,5,131777.5,-938.7,-0.7123,207.5,0.1575,1530.0,1.161,3432.4,3.4324
249,Entry long,2022-09-02 10:35:00-04:00,ORB close above 30m high,12432.25,5,124322.5,,,,,,,,
249,Exit long,2022-09-02 12:30:00-04:00,stop,12291.0,5,124322.5,-1418.7,-1.1411,297.5,0.2393,1572.5,1.2649,2013.7,2.0137
250,Entry long,2022-09-05 10:35:00-04:00,ORB close above 30m high,12154.25,5,121542.5,,,,,,,,
250,Exit long,2022-09-05 18:00:00-04:00,time,12134.75,5,121542.5,-201.2,-0.1655,130.0,0.107,392.5,0.3229,1812.5,1.8125
251,Entry long,2022-09-07 11:15:00-04:00,ORB close above 30m high,12140.75,5,121407.5,,,,,,,,
251,Exit long,2022-09-07 14:00:00-04:00,time,12210.75,5,121407.5,693.8,0.5715,1147.5,0.9452,397.5,0.3274,2506.3,2.5063
252,Entry long,2022-09-08 10:35:00-04:00,ORB close above 30m high,12275.25,5,122752.5,,,,,,,,
252,Exit long,2022-09-08 14:00:00-04:00,time,12259.25,5,122752.5,-166.2,-0.1354,1042.5,0.8493,1375.0,1.1201,2340.1,2.3401
253,Entry long,2022-09-09 10:05:00-04:00,ORB close above 30m high,12524.5,5,125245.0,,,,,,,,
253,Exit long,2022-09-09 14:00:00-04:00,time,12587.0,5,125245.0,618.8,0.4941,800.0,0.6387,372.5,0.2974,2958.9,2.9589
254,Entry long,2022-09-12 10:10:00-04:00,ORB close above 30m high,12743.25,5,127432.5,,,,,,,,
254,Exit long,2022-09-12 12:10:00-04:00,stop,12640.75,5,127432.5,-1031.2,-0.8092,127.5,0.1001,1057.5,0.8299,1927.7,1.9277
255,Entry long,2022-09-14 10:55:00-04:00,ORB close above 30m high,12224.25,5,122242.5,,,,,,,,
255,Exit long,2022-09-14 14:00:00-04:00,time,12148.0,5,122242.5,-768.7,-0.6288,285.0,0.2331,947.5,0.7751,1159.0,1.159
256,Entry long,2022-09-16 10:35:00-04:00,ORB close above 30m high,11898.75,5,118987.5,,,,,,,,
256,Exit long,2022-09-16 12:25:00-04:00,stop,11781.5,5,118987.5,-1178.7,-0.9906,165.0,0.1387,1207.5,1.0148,-19.7,-0.0197
257,Entry long,2022-09-19 10:40:00-04:00,ORB close above 30m high,11946.25,5,119462.5,,,,,,,,
257,Exit long,2022-09-19 14:00:00-04:00,time,11918.0,5,119462.5,-288.7,-0.2417,325.0,0.2721,980.0,0.8203,-308.4,-0.3084
258,Entry long,2022-09-20 10:55:00-04:00,ORB close above 30m high,11953.5,5,119535.0,,,,,,,,
258,Exit long,2022-09-20 11:55:00-04:00,target,12006.85,5,119535.0,527.3,0.4411,640.0,0.5354,130.0,0.1088,218.9,0.2189
259,Entry long,2022-09-21 12:35:00-04:00,ORB close above 30m high,12004.75,5,120047.5,,,,,,,,
259,Exit long,2022-09-21 13:55:00-04:00,target,12057.7,5,120047.5,523.3,0.4359,612.5,0.5102,397.5,0.3311,742.2,0.7422
260,Entry long,2022-09-26 10:20:00-04:00,ORB close above 30m high,11526.5,5,115265.0,,,,,,,,
260,Exit long,2022-09-26 12:25:00-04:00,stop,11342.25,5,115265.0,-1848.7,-1.6039,90.0,0.0781,2082.5,1.8067,-1106.5,-1.1065
261,Entry long,2022-09-28 10:25:00-04:00,ORB close above 30m high,11371.75,5,113717.5,,,,,,,,
261,Exit long,2022-09-28 11:20:00-04:00,target,11456.1,5,113717.5,837.3,0.7363,912.5,0.8024,125.0,0.1099,-269.2,-0.2692
262,Entry long,2022-09-30 10:35:00-04:00,ORB close above 30m high,11299.5,5,112995.0,,,,,,,,
262,Exit long,2022-09-30 14:00:00-04:00,time,11160.5,5,112995.0,-1396.2,-1.2356,575.0,0.5089,1530.0,1.354,-1665.4,-1.6654
263,Entry long,2022-10-03 10:05:00-04:00,ORB close above 30m high,11157.5,5,111575.0,,,,,,,,
263,Exit long,2022-10-03 13:20:00-04:00,target,11251.25,5,111575.0,931.3,0.8347,992.5,0.8895,225.0,0.2017,-734.1,-0.7341
264,Entry long,2022-10-04 10:05:00-04:00,ORB close above 30m high,11650.0,5,116500.0,,,,,,,,
264,Exit long,2022-10-04 14:00:00-04:00,time,11607.75,5,116500.0,-428.7,-0.368,262.5,0.2253,1260.0,1.0815,-1162.8,-1.1628
265,Entry long,2022-10-05 12:50:00-04:00,ORB close above 30m high,11560.75,5,115607.5,,,,,,,,
265,Exit long,2022-10-05 14:00:00-04:00,time,11566.0,5,115607.5,46.3,0.04,652.5,0.5644,230.0,0.1989,-1116.5,-1.1165
266,Entry long,2022-10-11 11:45:00-04:00,ORB close above 30m high,10972.0,5,109720.0,,,,,,,,
266,Exit long,2022-10-11 14:00:00-04:00,time,10974.0,5,109720.0,13.8,0.0126,677.5,0.6175,590.0,0.5377,-1102.7,-1.1027
267,Entry long,2022-10-13 10:05:00-04:00,ORB close above 30m high,10638.5,5,106385.0,,,,,,,,
267,Exit long,2022-10-13 11:05:00-04:00,target,10761.45,5,106385.0,1223.3,1.1499,1400.0,1.316,375.0,0.3525,120.6,0.1206
268,Entry long,2022-10-17 10:15:00-04:00,ORB close above 30m high,11127.5,5,111275.0,,,,,,,,
268,Exit long,2022-10-17 14:00:00-04:00,time,11128.25,5,111275.0,1.3,0.0012,180.0,0.1618,1050.0,0.9436,121.9,0.1219
269,Entry long,2022-10-19 10:20:00-04:00,ORB close above 30m high,11224.25,5,112242.5,,,,,,,,
269,Exit long,2022-10-19 12:45:00-04:00,stop,11110.0,5,112242.5,-1148.7,-1.0234,602.5,0.5368,1150.0,1.0246,-1026.8,-1.0268
270,Entry long,2022-10-20 10:05:00-04:00,ORB close above 30m high,11245.5,5,112455.0,,,,,,,,
270,Exit long,2022-10-20 13:45:00-04:00,stop,11091.25,5,112455.0,-1548.7,-1.3772,835.0,0.7425,1600.0,1.4228,-2575.5,-2.5755
271,Entry long,2022-10-21 10:05:00-04:00,ORB close above 30m high,11165.0,5,111650.0,,,,,,,,
271,Exit long,2022-10-21 14:00:00-04:00,time,11291.25,5,111650.0,1256.3,1.1252,1430.0,1.2808,1140.0,1.021,-1319.2,-1.3192
272,Entry long,2022-10-24 12:20:00-04:00,ORB close above 30m high,11442.5,5,114425.0,,,,,,,,
272,Exit long,2022-10-24 14:00:00-04:00,time,11395.0,5,114425.0,-481.2,-0.4205,117.5,0.1027,692.5,0.6052,-1800.4,-1.8004
273,Entry long,2022-10-25 11:10:00-04:00,ORB close above 30m high,11671.0,5,116710.0,,,,,,,,
273,Exit long,2022-10-25 14:00:00-04:00,time,11647.0,5,116710.0,-246.2,-0.211,350.0,0.2999,560.0,0.4798,-2046.6,-2.0466
274,Entry long,2022-10-26 10:10:00-04:00,ORB close above 30m high,11531.25,5,115312.5,,,,,,,,
274,Exit long,2022-10-26 10:35:00-04:00,target,11609.6,5,115312.5,777.3,0.6741,845.0,0.7328,167.5,0.1453,-1269.3,-1.2693
275,Entry long,2022-10-28 10:30:00-04:00,ORB close above 30m high,11381.0,5,113810.0,,,,,,,,
275,Exit long,2022-10-28 12:30:00-04:00,target,11520.55,5,113810.0,1389.3,1.2207,1437.5,1.2631,40.0,0.0351,120.0,0.12
276,Entry long,2022-11-03 10:50:00-04:00,ORB close above 30m high,10873.75,5,108737.5,,,,,,,,
276,Exit long,2022-11-03 14:00:00-04:00,time,10778.25,5,108737.5,-961.2,-0.884,147.5,0.1356,1220.0,1.122,-841.2,-0.8412
277,Entry long,2022-11-08 10:20:00-05:00,ORB close above 30m high,11087.75,5,110877.5,,,,,,,,
277,Exit long,2022-11-08 11:10:00-05:00,target,11152.5,5,110877.5,641.3,0.5784,702.5,0.6336,52.5,0.0473,-199.9,-0.1999
278,Entry long,2022-11-10 11:15:00-05:00,ORB close above 30m high,11455.25,5,114552.5,,,,,,,,
278,Exit long,2022-11-10 14:00:00-05:00,time,11500.5,5,114552.5,446.3,0.3896,577.5,0.5041,330.0,0.2881,246.4,0.2464
279,Entry long,2022-11-11 10:15:00-05:00,ORB close above 30m high,11712.5,5,117125.0,,,,,,,,
279,Exit long,2022-11-11 13:30:00-05:00,target,11826.65,5,117125.0,1135.3,0.9693,1315.0,1.1227,737.5,0.6297,1381.7,1.3817
280,Entry long,2022-11-14 10:10:00-05:00,ORB close above 30m high,11789.0,5,117890.0,,,,,,,,
280,Exit long,2022-11-14 13:20:00-05:00,target,11858.35,5,117890.0,687.3,0.583,787.5,0.668,605.0,0.5132,2069.0,2.069
281,Entry long,2022-11-17 10:20:00-05:00,ORB close above 30m high,11659.5,5,116595.0,,,,,,,,
281,Exit long,2022-11-17 12:55:00-05:00,target,11752.05,5,116595.0,919.3,0.7885,982.5,0.8427,615.0,0.5275,2988.3,2.9883
282,Entry long,2022-11-22 10:50:00-05:00,ORB close above 30m high,11642.25,5,116422.5,,,,,,,,
282,Exit long,2022-11-22 14:00:00-05:00,time,11698.25,5,116422.5,553.8,0.4757,647.5,0.5562,262.5,0.2255,3542.1,3.5421
283,Entry long,2022-11-23 10:15:00-05:00,ORB close above 30m high,11854.75,5,118547.5,,,,,,,,
283,Exit long,2022-11-23 12:55:00-05:00,stop,11744.5,5,118547.5,-1108.7,-0.9352,332.5,0.2805,1130.0,0.9532,2433.4,2.4334
284,Entry long,2022-11-24 11:00:00-05:00,ORB close above 30m high,11920.0,5,119200.0,,,,,,,,
284,Exit long,2022-11-24 18:00:00-05:00,time,11912.0,5,119200.0,-86.2,-0.0723,50.0,0.0419,100.0,0.0839,2347.2,2.3472
285,Entry long,2022-11-30 13:35:00-05:00,ORB close above 30m high,11609.75,5,116097.5,,,,,,,,
285,Exit long,2022-11-30 13:35:00-05:00,target,11682.3,5,116097.5,719.3,0.6196,990.0,0.8527,15.0,0.0129,3066.5,3.0665
286,Entry long,2022-12-02 10:15:00-05:00,ORB close above 30m high,11943.0,5,119430.0,,,,,,,,
286,Exit long,2022-12-02 14:00:00-05:00,time,11936.25,5,119430.0,-73.7,-0.0617,367.5,0.3077,642.5,0.538,2992.8,2.9928
287,Entry long,2022-12-08 10:05:00-05:00,ORB close above 30m high,11611.0,5,116110.0,,,,,,,,
287,Exit long,2022-12-08 14:00:00-05:00,time,11649.0,5,116110.0,373.8,0.3219,745.0,0.6416,292.5,0.2519,3366.6,3.3666
288,Entry long,2022-12-09 10:40:00-05:00,ORB close above 30m high,11669.0,5,116690.0,,,,,,,,
288,Exit long,2022-12-09 14:00:00-05:00,time,11661.5,5,116690.0,-81.2,-0.0696,495.0,0.4242,402.5,0.3449,3285.4,3.2854
289,Entry long,2022-12-14 10:05:00-05:00,ORB close above 30m high,12016.75,5,120167.5,,,,,,,,
289,Exit long,2022-12-14 14:00:00-05:00,time,11975.5,5,120167.5,-418.7,-0.3484,527.5,0.439,1747.5,1.4542,2866.7,2.8667
290,Entry long,2022-12-20 10:05:00-05:00,ORB close above 30m high,11179.0,5,111790.0,,,,,,,,
290,Exit long,2022-12-20 14:00:00-05:00,time,11189.0,5,111790.0,93.8,0.0839,682.5,0.6105,772.5,0.691,2960.5,2.9605
291,Entry long,2022-12-21 10:10:00-05:00,ORB close above 30m high,11289.5,5,112895.0,,,,,,,,
291,Exit long,2022-12-21 11:10:00-05:00,target,11376.05,5,112895.0,859.3,0.7611,880.0,0.7795,125.0,0.1107,3819.8,3.8198
292,Entry long,2022-12-23 10:35:00-05:00,ORB close above 30m high,11071.0,5,110710.0,,,,,,,,
292,Exit long,2022-12-23 14:00:00-05:00,time,11038.25,5,110710.0,-333.7,-0.3014,322.5,0.2913,957.5,0.8649,3486.1,3.4861
293,Entry long,2022-12-29 10:15:00-05:00,ORB close above 30m high,10987.75,5,109877.5,,,,,,,,
293,Exit long,2022-12-29 14:00:00-05:00,time,11045.5,5,109877.5,571.3,0.5199,837.5,0.7622,5.0,0.0046,4057.4,4.0574
294,Entry long,2022-12-30 10:50:00-05:00,ORB close above 30m high,10966.5,5,109665.0,,,,,,,,
294,Exit long,2022-12-30 14:00:00-05:00,time,10906.75,5,109665.0,-603.7,-0.5505,0.0,0.0,917.5,0.8366,3453.7,3.4537
295,Entry long,2023-01-04 11:40:00-05:00,ORB close above 30m high,11057.75,5,110577.5,,,,,,,,
295,Exit long,2023-01-04 14:00:00-05:00,time,11001.0,5,110577.5,-573.7,-0.5188,102.5,0.0927,1175.0,1.0626,2880.0,2.88
296,Entry long,2023-01-06 10:40:00-05:00,ORB close above 30m high,10954.75,5,109547.5,,,,,,,,
296,Exit long,2023-01-06 14:00:00-05:00,time,11072.5,5,109547.5,1171.3,1.0692,1285.0,1.173,177.5,0.162,4051.3,4.0513
297,Entry long,2023-01-09 10:05:00-05:00,ORB close above 30m high,11323.5,5,113235.0,,,,,,,,
297,Exit long,2023-01-09 14:00:00-05:00,time,11282.5,5,113235.0,-416.2,-0.3676,620.0,0.5475,630.0,0.5564,3635.1,3.6351
298,Entry long,2023-01-10 10:15:00-05:00,ORB close above 30m high,11256.5,5,112565.0,,,,,,,,
298,Exit long,2023-01-10 10:40:00-05:00,stop,11137.5,5,112565.0,-1196.2,-1.0627,267.5,0.2376,1310.0,1.1638,2438.9,2.4389
299,Entry long,2023-01-11 10:25:00-05:00,ORB close above 30m high,11372.0,5,113720.0,,,,,,,,
299,Exit long,2023-01-11 13:10:00-05:00,target,11436.75,5,113720.0,641.3,0.5639,705.0,0.6199,587.5,0.5166,3080.2,3.0802
300,Entry long,2023-01-12 12:20:00-05:00,ORB close above 30m high,11522.5,5,115225.0,,,,,,,,
300,Exit long,2023-01-12 14:00:00-05:00,time,11565.0,5,115225.0,418.8,0.3635,527.5,0.4578,705.0,0.6118,3499.0,3.499
301,Entry long,2023-01-13 10:10:00-05:00,ORB close above 30m high,11483.25,5,114832.5,,,,,,,,
301,Exit long,2023-01-13 13:30:00-05:00,target,11542.8,5,114832.5,589.3,0.5132,602.5,0.5247,295.0,0.2569,4088.3,4.0883
302,Entry long,2023-01-17 10:05:00-05:00,ORB close above 30m high,11663.0,5,116630.0,,,,,,,,
302,Exit long,2023-01-17 14:00:00-05:00,time,11645.0,5,116630.0,-186.2,-0.1597,220.0,0.1886,1080.0,0.926,3902.1,3.9021
303,Entry long,2023-01-18 10:05:00-05:00,ORB close above 30m high,11739.25,5,117392.5,,,,,,,,
303,Exit long,2023-01-18 10:35:00-05:00,stop,11672.0,5,117392.5,-678.7,-0.5781,202.5,0.1725,882.5,0.7518,3223.4,3.2234
304,Entry long,2023-01-20 10:10:00-05:00,ORB close above 30m high,11475.25,5,114752.5,,,,,,,,
304,Exit long,2023-01-20 12:50:00-05:00,target,11548.8,5,114752.5,729.3,0.6355,780.0,0.6797,245.0,0.2135,3952.7,3.9527
305,Entry long,2023-01-23 10:20:00-05:00,ORB close above 30m high,11827.0,5,118270.0,,,,,,,,
305,Exit long,2023-01-23 11:15:00-05:00,target,11950.95,5,118270.0,1233.3,1.0428,1247.5,1.0548,87.5,0.074,5186.0,5.186
306,Entry long,2023-01-25 11:20:00-05:00,ORB close above 30m high,11729.75,5,117297.5,,,,,,,,
306,Exit long,2023-01-25 13:25:00-05:00,target,11815.5,5,117297.5,851.3,0.7258,890.0,0.7588,175.0,0.1492,6037.3,6.0373
307,Entry long,2023-01-27 10:05:00-05:00,ORB close above 30m high,12155.75,5,121557.5,,,,,,,,
307,Exit long,2023-01-27 13:35:00-05:00,target,12246.7,5,121557.5,903.3,0.7431,937.5,0.7712,632.5,0.5203,6940.6,6.9406
308,Entry long,2023-01-30 10:05:00-05:00,ORB close above 30m high,12136.0,5,121360.0,,,,,,,,
308,Exit long,2023-01-30 10:20:00-05:00,stop,12059.0,5,121360.0,-776.2,-0.6396,75.0,0.0618,800.0,0.6592,6164.4,6.1644
309,Entry long,2023-01-31 10:30:00-05:00,ORB close above 30m high,12059.5,5,120595.0,,,,,,,,
309,Exit long,2023-01-31 14:00:00-05:00,time,12094.75,5,120595.0,346.3,0.2872,427.5,0.3545,172.5,0.143,6510.7,6.5107
310,Entry long,2023-02-02 10:35:00-05:00,ORB close above 30m high,12790.5,5,127905.0,,,,,,,,
310,Exit long,2023-02-02 13:40:00-05:00,target,12887.45,5,127905.0,963.3,0.7531,1065.0,0.8326,192.5,0.1505,7474.0,7.474
311,Entry long,2023-02-03 10:15:00-05:00,ORB close above 30m high,12756.0,5,127560.0,,,,,,,,
311,Exit long,2023-02-03 14:00:00-05:00,time,12674.5,5,127560.0,-821.2,-0.6438,1217.5,0.9545,1387.5,1.0877,6652.8,6.6528
312,Entry long,2023-02-06 10:05:00-05:00,ORB close above 30m high,12572.0,5,125720.0,,,,,,,,
312,Exit long,2023-02-06 10:20:00-05:00,stop,12501.75,5,125720.0,-708.7,-0.5637,202.5,0.1611,867.5,0.69,5944.1,5.9441
313,Entry long,2023-02-07 11:15:00-05:00,ORB close above 30m high,12555.5,5,125555.0,,,,,,,,
313,Exit long,2023-02-07 12:40:00-05:00,target,12608.85,5,125555.0,527.3,0.42,725.0,0.5774,195.0,0.1553,6471.4,6.4714
314,Entry long,2023-02-10 10:20:00-05:00,ORB close above 30m high,12397.0,5,123970.0,,,,,,,,
314,Exit long,2023-02-10 10:50:00-05:00,stop,12311.5,5,123970.0,-861.2,-0.6947,247.5,0.1996,895.0,0.7219,5610.2,5.6102
315,Entry long,2023-02-13 10:50:00-05:00,ORB close above 30m high,12486.0,5,124860.0,,,,,,,,
315,Exit long,2023-02-13 14:00:00-05:00,time,12559.5,5,124860.0,728.8,0.5837,817.5,0.6547,35.0,0.028,6339.0,6.339
316,Entry long,2023-02-14 10:05:00-05:00,ORB close above 30m high,12631.25,5,126312.5,,,,,,,,
316,Exit long,2023-02-14 14:00:00-05:00,time,12583.5,5,126312.5,-483.7,-0.3829,420.0,0.3325,2137.5,1.6922,5855.3,5.8553
317,Entry long,2023-02-15 11:30:00-05:00,ORB close above 30m high,12632.75,5,126327.5,,,,,,,,
317,Exit long,2023-02-15 14:00:00-05:00,time,12682.0,5,126327.5,486.3,0.385,567.5,0.4492,270.0,0.2137,6341.6,6.3416
318,Entry long,2023-02-16 10:25:00-05:00,ORB close above 30m high,12605.0,5,126050.0,,,,,,,,
318,Exit long,2023-02-16 12:45:00-05:00,target,12691.55,5,126050.0,859.3,0.6817,895.0,0.71,112.5,0.0893,7200.9,7.2009
319,Entry long,2023-02-27 10:05:00-05:00,ORB close above 30m high,12156.25,5,121562.5,,,,,,,,
319,Exit long,2023-02-27 10:35:00-05:00,stop,12106.25,5,121562.5,-506.2,-0.4164,332.5,0.2735,630.0,0.5183,6694.7,6.6947
320,Entry long,2023-02-28 10:05:00-05:00,ORB close above 30m high,12113.75,5,121137.5,,,,,,,,
320,Exit long,2023-02-28 13:45:00-05:00,target,12171.5,5,121137.5,571.3,0.4716,582.5,0.4809,680.0,0.5613,7266.0,7.266
321,Entry long,2023-03-02 10:05:00-05:00,ORB close above 30m high,11923.75,5,119237.5,,,,,,,,
321,Exit long,2023-03-02 13:55:00-05:00,target,11985.5,5,119237.5,611.3,0.5127,777.5,0.6521,515.0,0.4319,7877.3,7.8773
322,Entry long,2023-03-03 10:25:00-05:00,ORB close above 30m high,12207.25,5,122072.5,,,,,,,,
322,Exit long,2023-03-03 14:00:00-05:00,time,12269.25,5,122072.5,613.8,0.5028,705.0,0.5775,367.5,0.3011,8491.1,8.4911
323,Entry long,2023-03-06 10:15:00-05:00,ORB close above 30m high,12409.25,5,124092.5,,,,,,,,
323,Exit long,2023-03-06 10:40:00-05:00,target,12458.6,5,124092.5,487.3,0.3927,645.0,0.5198,52.5,0.0423,8978.4,8.9784
324,Entry long,2023-03-08 10:35:00-05:00,ORB close above 30m high,12217.25,5,122172.5,,,,,,,,
324,Exit long,2023-03-08 13:25:00-05:00,stop,12154.75,5,122172.5,-631.2,-0.5166,372.5,0.3049,665.0,0.5443,8347.2,8.3472
325,Entry long,2023-03-09 10:05:00-05:00,ORB close above 30m high,12342.25,5,123422.5,,,,,,,,
325,Exit long,2023-03-09 12:45:00-05:00,stop,12230.0,5,123422.5,-1128.7,-0.9145,115.0,0.0932,1262.5,1.0229,7218.5,7.2185
326,Entry long,2023-03-10 11:30:00-05:00,ORB close above 30m high,12045.25,5,120452.5,,,,,,,,
326,Exit long,2023-03-10 13:25:00-05:00,stop,11865.5,5,120452.5,-1803.7,-1.4974,342.5,0.2843,2062.5,1.7123,5414.8,5.4148
327,Entry long,2023-03-13 10:35:00-04:00,ORB close above 30m high,11929.75,5,119297.5,,,,,,,,
327,Exit long,2023-03-13 14:00:00-04:00,time,12006.75,5,119297.5,763.8,0.6402,1472.5,1.2343,870.0,0.7293,6178.6,6.1786
328,Entry long,2023-03-14 10:25:00-04:00,ORB close above 30m high,12163.5,5,121635.0,,,,,,,,
328,Exit long,2023-03-14 14:00:00-04:00,time,12112.25,5,121635.0,-518.7,-0.4264,595.0,0.4892,755.0,0.6207,5659.9,5.6599
329,Entry long,2023-03-15 11:50:00-04:00,ORB close above 30m high,12299.25,5,122992.5,,,,,,,,
329,Exit long,2023-03-15 12:55:00-04:00,stop,12193.5,5,122992.5,-1063.7,-0.8648,20.0,0.0163,1172.5,0.9533,4596.2,4.5962
330,Entry long,2023-03-16 10:45:00-04:00,ORB close above 30m high,12444.25,5,124442.5,,,,,,,,
330,Exit long,2023-03-16 11:05:00-04:00,target,12548.2,5,124442.5,1033.3,0.8303,1125.0,0.904,35.0,0.0281,5629.5,5.6295
331,Entry long,2023-03-17 10:05:00-04:00,ORB close above 30m high,12793.25,5,127932.5,,,,,,,,
331,Exit long,2023-03-17 10:25:00-04:00,stop,12690.75,5,127932.5,-1031.2,-0.8061,40.0,0.0313,1225.0,0.9575,4598.3,4.5983
332,Entry long,2023-03-20 10:50:00-04:00,ORB close above 30m high,12635.25,5,126352.5,,,,,,,,
332,Exit long,2023-03-20 14:00:00-04:00,time,12660.75,5,126352.5,248.8,0.1969,625.0,0.4946,697.5,0.552,4847.1,4.8471
333,Entry long,2023-03-22 10:25:00-04:00,ORB close above 30m high,12901.25,5,129012.5,,,,,,,,
333,Exit long,2023-03-22 11:35:00-04:00,target,12941.2,5,129012.5,393.3,0.3049,420.0,0.3255,137.5,0.1066,5240.4,5.2404
334,Entry long,2023-03-23 10:10:00-04:00,ORB close above 30m high,12912.5,5,129125.0,,,,,,,,
334,Exit long,2023-03-23 10:45:00-04:00,target,12964.65,5,129125.0,515.3,0.3991,895.0,0.6931,22.5,0.0174,5755.7,5.7557
335,Entry long,2023-03-29 10:05:00-04:00,ORB close above 30m high,12928.5,5,129285.0,,,,,,,,
335,Exit long,2023-03-29 10:30:00-04:00,stop,12881.0,5,129285.0,-481.2,-0.3722,32.5,0.0251,510.0,0.3945,5274.5,5.2745
336,Entry long,2023-03-30 10:30:00-04:00,ORB close above 30m high,13093.5,5,130935.0,,,,,,,,
336,Exit long,2023-03-30 13:30:00-04:00,stop,13036.75,5,130935.0,-573.7,-0.4382,185.0,0.1413,610.0,0.4659,4700.8,4.7008
337,Entry long,2023-03-31 10:35:00-04:00,ORB close above 30m high,13168.25,5,131682.5,,,,,,,,
337,Exit long,2023-03-31 14:00:00-04:00,time,13228.25,5,131682.5,593.8,0.4509,745.0,0.5658,40.0,0.0304,5294.6,5.2946
338,Entry long,2023-04-03 10:25:00-04:00,ORB close above 30m high,13264.25,5,132642.5,,,,,,,,
338,Exit long,2023-04-03 10:50:00-04:00,stop,13197.5,5,132642.5,-673.7,-0.5079,27.5,0.0207,830.0,0.6257,4620.9,4.6209
339,Entry long,2023-04-04 10:05:00-04:00,ORB close above 30m high,13303.0,5,133030.0,,,,,,,,
339,Exit long,2023-04-04 11:05:00-04:00,stop,13229.75,5,133030.0,-738.7,-0.5553,237.5,0.1785,747.5,0.5619,3882.2,3.8822
340,Entry long,2023-04-06 10:10:00-04:00,ORB close above 30m high,13026.5,5,130265.0,,,,,,,,
340,Exit long,2023-04-06 11:35:00-04:00,target,13085.45,5,130265.0,583.3,0.4478,725.0,0.5566,190.0,0.1459,4465.5,4.4655
341,Entry long,2023-04-10 11:10:00-04:00,ORB close above 30m high,13052.75,5,130527.5,,,,,,,,
341,Exit long,2023-04-10 13:00:00-04:00,target,13120.7,5,130527.5,673.3,0.5158,707.5,0.542,387.5,0.2969,5138.8,5.1388
342,Entry long,2023-04-13 10:10:00-04:00,ORB close above 30m high,13096.25,5,130962.5,,,,,,,,
342,Exit long,2023-04-13 12:25:00-04:00,target,13157.2,5,130962.5,603.3,0.4607,622.5,0.4753,65.0,0.0496,5742.1,5.7421
343,Entry long,2023-04-19 10:40:00-04:00,ORB close above 30m high,13136.0,5,131360.0,,,,,,,,
343,Exit long,2023-04-19 12:05:00-04:00,target,13181.95,5,131360.0,453.3,0.3451,477.5,0.3635,120.0,0.0914,6195.4,6.1954
344,Entry long,2023-04-20 10:10:00-04:00,ORB close above 30m high,13137.5,5,131375.0,,,,,,,,
344,Exit long,2023-04-20 14:00:00-04:00,time,13169.5,5,131375.0,313.8,0.2389,622.5,0.4738,457.5,0.3482,6509.2,6.5092
345,Entry long,2023-04-21 11:35:00-04:00,ORB close above 30m high,13078.5,5,130785.0,,,,,,,,
345,Exit long,2023-04-21 14:00:00-04:00,time,13100.5,5,130785.0,213.8,0.1635,390.0,0.2982,295.0,0.2256,6723.0,6.723
346,Entry long,2023-04-26 11:10:00-04:00,ORB close above 30m high,12970.0,5,129700.0,,,,,,,,
346,Exit long,2023-04-26 14:00:00-04:00,time,12921.5,5,129700.0,-491.2,-0.3787,425.0,0.3277,640.0,0.4934,6231.8,6.2318
347,Entry long,2023-04-27 10:15:00-04:00,ORB close above 30m high,13077.5,5,130775.0,,,,,,,,
347,Exit long,2023-04-27 11:20:00-04:00,target,13128.65,5,130775.0,505.3,0.3864,577.5,0.4416,85.0,0.065,6737.1,6.7371
348,Entry long,2023-04-28 10:15:00-04:00,ORB close above 30m high,13266.0,5,132660.0,,,,,,,,
348,Exit long,2023-04-28 14:00:00-04:00,time,13276.75,5,132660.0,101.3,0.0764,287.5,0.2167,822.5,0.62,6838.4,6.8384
349,Entry long,2023-05-01 12:35:00-04:00,ORB close above 30m high,13334.5,5,133345.0,,,,,,,,
349,Exit long,2023-05-01 14:00:00-04:00,time,13349.75,5,133345.0,146.3,0.1097,285.0,0.2137,85.0,0.0637,6984.7,6.9847
350,Entry long,2023-05-04 11:10:00-04:00,ORB close above 30m high,13089.75,5,130897.5,,,,,,,,
350,Exit long,2023-05-04 14:00:00-04:00,time,13109.25,5,130897.5,188.8,0.1442,415.0,0.317,592.5,0.4526,7173.5,7.1735
351,Entry long,2023-05-05 10:05:00-04:00,ORB close above 30m high,13200.0,5,132000.0,,,,,,,,
351,Exit long,2023-05-05 10:35:00-04:00,target,13260.35,5,132000.0,597.3,0.4525,710.0,0.5379,47.5,0.036,7770.8,7.7708
352,Entry long,2023-05-08 11:55:00-04:00,ORB close above 30m high,13321.0,5,133210.0,,,,,,,,
352,Exit long,2023-05-08 14:00:00-04:00,time,13345.5,5,133210.0,238.8,0.1793,337.5,0.2534,137.5,0.1032,8009.6,8.0096
353,Entry long,2023-05-10 10:10:00-04:00,ORB close above 30m high,13424.0,5,134240.0,,,,,,,,
353,Exit long,2023-05-10 10:45:00-04:00,stop,13321.25,5,134240.0,-1033.7,-0.77,100.0,0.0745,1075.0,0.8008,6975.9,6.9759
354,Entry long,2023-05-11 11:30:00-04:00,ORB close above 30m high,13434.75,5,134347.5,,,,,,,,
354,Exit long,2023-05-11 14:00:00-04:00,time,13426.25,5,134347.5,-91.2,-0.0679,250.0,0.1861,412.5,0.307,6884.7,6.8847
355,Entry long,2023-05-15 11:25:00-04:00,ORB close above 30m high,13432.0,5,134320.0,,,,,,,,
355,Exit long,2023-05-15 13:10:00-04:00,target,13478.35,5,134320.0,457.3,0.3405,470.0,0.3499,140.0,0.1042,7342.0,7.342
356,Entry long,2023-05-16 11:00:00-04:00,ORB close above 30m high,13519.25,5,135192.5,,,,,,,,
356,Exit long,2023-05-16 14:00:00-04:00,time,13544.75,5,135192.5,248.8,0.184,350.0,0.2589,182.5,0.135,7590.8,7.5908
357,Entry long,2023-05-17 11:40:00-04:00,ORB close above 30m high,13540.75,5,135407.5,,,,,,,,
357,Exit long,2023-05-17 12:45:00-04:00,target,13593.1,5,135407.5,517.3,0.382,542.5,0.4006,35.0,0.0258,8108.1,8.1081
358,Entry long,2023-05-18 10:10:00-04:00,ORB close above 30m high,13731.5,5,137315.0,,,,,,,,
358,Exit long,2023-05-18 11:00:00-04:00,target,13794.25,5,137315.0,621.3,0.4525,845.0,0.6154,62.5,0.0455,8729.4,8.7294
359,Entry long,2023-05-25 11:15:00-04:00,ORB close above 30m high,13976.5,5,139765.0,,,,,,,,
359,Exit long,2023-05-25 14:00:00-04:00,time,13990.75,5,139765.0,136.3,0.0975,550.0,0.3935,552.5,0.3953,8865.7,8.8657
360,Entry long,2023-05-26 10:05:00-04:00,ORB close above 30m high,14133.5,5,141335.0,,,,,,,,
360,Exit long,2023-05-26 10:35:00-04:00,target,14228.25,5,141335.0,941.3,0.666,985.0,0.6969,72.5,0.0513,9807.0,9.807
361,Entry long,2023-05-29 10:25:00-04:00,ORB close above 30m high,14379.75,5,143797.5,,,,,,,,
361,Exit long,2023-05-29 10:50:00-04:00,target,14389.1,5,143797.5,87.3,0.0607,97.5,0.0678,27.5,0.0191,9894.3,9.8943
362,Entry long,2023-06-01 10:05:00-04:00,ORB close above 30m high,14323.5,5,143235.0,,,,,,,,
362,Exit long,2023-06-01 10:45:00-04:00,target,14380.45,5,143235.0,563.3,0.3933,597.5,0.4171,507.5,0.3543,10457.6,10.4576
363,Entry long,2023-06-05 10:55:00-04:00,ORB close above 30m high,14657.25,5,146572.5,,,,,,,,
363,Exit long,2023-06-05 14:00:00-04:00,time,14632.5,5,146572.5,-253.7,-0.1731,380.0,0.2593,472.5,0.3224,10203.9,10.2039
364,Entry long,2023-06-06 10:25:00-04:00,ORB close above 30m high,14578.75,5,145787.5,,,,,,,,
364,Exit long,2023-06-06 14:00:00-04:00,time,14552.25,5,145787.5,-271.2,-0.186,452.5,0.3104,510.0,0.3498,9932.7,9.9327
365,Entry long,2023-06-08 10:15:00-04:00,ORB close above 30m high,14406.5,5,144065.0,,,,,,,,
365,Exit long,2023-06-08 11:00:00-04:00,target,14469.05,5,144065.0,619.3,0.4299,712.5,0.4946,152.5,0.1059,10552.0,10.552
366,Entry long,2023-06-09 10:15:00-04:00,ORB close above 30m high,14670.5,5,146705.0,,,,,,,,
366,Exit long,2023-06-09 11:25:00-04:00,stop,14556.25,5,146705.0,-1148.7,-0.783,175.0,0.1193,1235.0,0.8418,9403.3,9.4033
367,Entry long,2023-06-12 10:50:00-04:00,ORB close above 30m high,14642.0,5,146420.0,,,,,,,,
367,Exit long,2023-06-12 11:45:00-04:00,target,14674.55,5,146420.0,319.3,0.2181,330.0,0.2254,395.0,0.2698,9722.6,9.7226
368,Entry long,2023-06-14 10:05:00-04:00,ORB close above 30m high,15127.5,5,151275.0,,,,,,,,
368,Exit long,2023-06-14 11:15:00-04:00,target,15186.85,5,151275.0,587.3,0.3882,627.5,0.4148,47.5,0.0314,10309.9,10.3099
369,Entry long,2023-06-15 10:10:00-04:00,ORB close above 30m high,15250.75,5,152507.5,,,,,,,,
369,Exit long,2023-06-15 14:00:00-04:00,time,15351.75,5,152507.5,1003.8,0.6582,1125.0,0.7377,355.0,0.2328,11313.7,11.3137
370,Entry long,2023-06-22 10:15:00-04:00,ORB close above 30m high,15132.75,5,151327.5,,,,,,,,
370,Exit long,2023-06-22 14:00:00-04:00,time,15153.5,5,151327.5,201.3,0.133,480.0,0.3172,767.5,0.5072,11515.0,11.515
371,Entry long,2023-06-23 12:20:00-04:00,ORB close above 30m high,15103.25,5,151032.5,,,,,,,,
371,Exit long,2023-06-23 14:00:00-04:00,time,15126.0,5,151032.5,221.3,0.1465,522.5,0.346,107.5,0.0712,11736.3,11.7363
372,Entry long,2023-06-26 10:15:00-04:00,ORB close above 30m high,15140.75,5,151407.5,,,,,,,,
372,Exit long,2023-06-26 11:05:00-04:00,stop,15024.0,5,151407.5,-1173.7,-0.7752,115.0,0.076,1247.5,0.8239,10562.6,10.5626
373,Entry long,2023-06-27 11:30:00-04:00,ORB close above 30m high,14982.75,5,149827.5,,,,,,,,
373,Exit long,2023-06-27 12:40:00-04:00,target,15050.3,5,149827.5,669.3,0.4467,735.0,0.4906,87.5,0.0584,11231.9,11.2319
374,Entry long,2023-06-28 10:20:00-04:00,ORB close above 30m high,15113.75,5,151137.5,,,,,,,,
374,Exit long,2023-06-28 10:35:00-04:00,target,15184.1,5,151137.5,697.3,0.4614,807.5,0.5343,132.5,0.0877,11929.2,11.9292
375,Entry long,2023-06-30 10:15:00-04:00,ORB close above 30m high,15336.75,5,153367.5,,,,,,,,
375,Exit long,2023-06-30 14:00:00-04:00,time,15355.25,5,153367.5,178.8,0.1166,397.5,0.2592,542.5,0.3537,12108.0,12.108
376,Entry long,2023-07-05 10:20:00-04:00,ORB close above 30m high,15407.0,5,154070.0,,,,,,,,
376,Exit long,2023-07-05 14:00:00-04:00,time,15370.75,5,154070.0,-368.7,-0.2393,247.5,0.1606,685.0,0.4446,11739.3,11.7393
377,Entry long,2023-07-06 13:00:00-04:00,ORB close above 30m high,15215.5,5,152155.0,,,,,,,,
377,Exit long,2023-07-06 14:00:00-04:00,time,15237.75,5,152155.0,216.3,0.1422,242.5,0.1594,240.0,0.1577,11955.6,11.9556
378,Entry long,2023-07-07 12:00:00-04:00,ORB close above 30m high,15281.0,5,152810.0,,,,,,,,
378,Exit long,2023-07-07 13:25:00-04:00,target,15354.75,5,152810.0,731.3,0.4786,785.0,0.5137,12.5,0.0082,12686.9,12.6869
379,Entry long,2023-07-11 12:00:00-04:00,ORB close above 30m high,15236.0,5,152360.0,,,,,,,,
379,Exit long,2023-07-11 14:00:00-04:00,time,15203.25,5,152360.0,-333.7,-0.219,140.0,0.0919,607.5,0.3987,12353.2,12.3532
380,Entry long,2023-07-12 10:10:00-04:00,ORB close above 30m high,15487.5,5,154875.0,,,,,,,,
380,Exit long,2023-07-12 11:35:00-04:00,stop,15407.75,5,154875.0,-803.7,-0.5189,202.5,0.1308,810.0,0.523,11549.5,11.5495
381,Entry long,2023-07-13 12:00:00-04:00,ORB close above 30m high,15631.25,5,156312.5,,,,,,,,
381,Exit long,2023-07-13 14:00:00-04:00,time,15660.5,5,156312.5,286.3,0.1832,422.5,0.2703,65.0,0.0416,11835.8,11.8358
382,Entry long,2023-07-14 10:10:00-04:00,ORB close above 30m high,15812.5,5,158125.0,,,,,,,,
382,Exit long,2023-07-14 14:00:00-04:00,time,15740.5,5,158125.0,-726.2,-0.4593,450.0,0.2846,875.0,0.5534,11109.6,11.1096
383,Entry long,2023-07-17 11:35:00-04:00,ORB close above 30m high,15784.75,5,157847.5,,,,,,,,
383,Exit long,2023-07-17 14:00:00-04:00,time,15819.5,5,157847.5,341.3,0.2162,367.5,0.2328,245.0,0.1552,11450.9,11.4509
384,Entry long,2023-07-18 11:45:00-04:00,ORB close above 30m high,15831.75,5,158317.5,,,,,,,,
384,Exit long,2023-07-18 12:30:00-04:00,target,15910.1,5,158317.5,777.3,0.491,832.5,0.5258,5.0,0.0032,12228.2,12.2282
385,Entry long,2023-07-19 11:15:00-04:00,ORB close above 30m high,16041.75,5,160417.5,,,,,,,,
385,Exit long,2023-07-19 12:20:00-04:00,stop,15977.75,5,160417.5,-646.2,-0.4028,207.5,0.1293,660.0,0.4114,11582.0,11.582
386,Entry long,2023-07-25 11:40:00-04:00,ORB close above 30m high,15672.5,5,156725.0,,,,,,,,
386,Exit long,2023-07-25 14:00:00-04:00,time,15689.75,5,156725.0,166.3,0.1061,367.5,0.2345,185.0,0.118,11748.3,11.7483
387,Entry long,2023-07-28 10:05:00-04:00,ORB close above 30m high,15824.75,5,158247.5,,,,,,,,
387,Exit long,2023-07-28 14:00:00-04:00,time,15834.5,5,158247.5,91.3,0.0577,710.0,0.4487,497.5,0.3144,11839.6,11.8396
388,Entry long,2023-08-01 10:40:00-04:00,ORB close above 30m high,15811.25,5,158112.5,,,,,,,,
388,Exit long,2023-08-01 14:00:00-04:00,time,15828.5,5,158112.5,166.3,0.1052,327.5,0.2071,332.5,0.2103,12005.9,12.0059
389,Entry long,2023-08-03 11:20:00-04:00,ORB close above 30m high,15473.25,5,154732.5,,,,,,,,
389,Exit long,2023-08-03 14:00:00-04:00,time,15452.5,5,154732.5,-213.7,-0.1381,505.0,0.3264,315.0,0.2036,11792.2,11.7922
390,Entry long,2023-08-04 12:30:00-04:00,ORB close above 30m high,15591.5,5,155915.0,,,,,,,,
390,Exit long,2023-08-04 14:00:00-04:00,time,15524.5,5,155915.0,-676.2,-0.4337,187.5,0.1203,1262.5,0.8097,11116.0,11.116
391,Entry long,2023-08-10 10:05:00-04:00,ORB close above 30m high,15430.25,5,154302.5,,,,,,,,
391,Exit long,2023-08-10 11:20:00-04:00,stop,15273.0,5,154302.5,-1578.7,-1.0231,82.5,0.0535,1692.5,1.0969,9537.3,9.5373
392,Entry long,2023-08-11 10:15:00-04:00,ORB close above 30m high,15132.0,5,151320.0,,,,,,,,
392,Exit long,2023-08-11 11:30:00-04:00,stop,15051.75,5,151320.0,-808.7,-0.5344,422.5,0.2792,947.5,0.6262,8728.6,8.7286
393,Entry long,2023-08-14 10:05:00-04:00,ORB close above 30m high,15130.5,5,151305.0,,,,,,,,
393,Exit long,2023-08-14 10:35:00-04:00,target,15205.65,5,151305.0,745.3,0.4926,770.0,0.5089,167.5,0.1107,9473.9,9.4739
394,Entry long,2023-08-16 10:20:00-04:00,ORB close above 30m high,15135.75,5,151357.5,,,,,,,,
394,Exit long,2023-08-16 11:50:00-04:00,stop,15050.5,5,151357.5,-858.7,-0.5673,87.5,0.0578,897.5,0.593,8615.2,8.6152
395,Entry long,2023-08-18 11:05:00-04:00,ORB close above 30m high,14705.75,5,147057.5,,,,,,,,
395,Exit long,2023-08-18 14:00:00-04:00,time,14729.75,5,147057.5,233.8,0.159,455.0,0.3094,575.0,0.391,8849.0,8.849
396,Entry long,2023-08-21 10:05:00-04:00,ORB close above 30m high,14916.0,5,149160.0,,,,,,,,
396,Exit long,2023-08-21 11:10:00-04:00,stop,14805.25,5,149160.0,-1113.7,-0.7466,162.5,0.1089,1110.0,0.7442,7735.3,7.7353
397,Entry long,2023-08-23 10:10:00-04:00,ORB close above 30m high,15106.25,5,151062.5,,,,,,,,
397,Exit long,2023-08-23 11:15:00-04:00,target,15191.6,5,151062.5,847.3,0.5609,865.0,0.5726,90.0,0.0596,8582.6,8.5826
398,Entry long,2023-08-25 10:15:00-04:00,ORB close above 30m high,14999.25,5,149992.5,,,,,,,,
398,Exit long,2023-08-25 10:25:00-04:00,stop,14891.75,5,149992.5,-1081.2,-0.7208,497.5,0.3317,1292.5,0.8617,7501.4,7.5014
399,Entry long,2023-08-29 10:05:00-04:00,ORB close above 30m high,15229.75,5,152297.5,,,,,,,,
399,Exit long,2023-08-29 11:30:00-04:00,target,15363.5,5,152297.5,1331.3,0.8741,1340.0,0.8799,107.5,0.0706,8832.7,8.8327
400,Entry long,2023-08-30 10:10:00-04:00,ORB close above 30m high,15478.75,5,154787.5,,,,,,,,
400,Exit long,2023-08-30 10:25:00-04:00,stop,15386.25,5,154787.5,-931.2,-0.6016,287.5,0.1857,1045.0,0.6751,7901.5,7.9015
401,Entry long,2023-08-31 10:15:00-04:00,ORB close above 30m high,15582.25,5,155822.5,,,,,,,,
401,Exit long,2023-08-31 14:00:00-04:00,time,15557.5,5,155822.5,-253.7,-0.1628,245.0,0.1572,885.0,0.568,7647.8,7.6478
402,Entry long,2023-09-05 10:25:00-04:00,ORB close above 30m high,15511.0,5,155110.0,,,,,,,,
402,Exit long,2023-09-05 11:05:00-04:00,target,15562.95,5,155110.0,513.3,0.3309,662.5,0.4271,340.0,0.2192,8161.1,8.1611
403,Entry long,2023-09-07 10:45:00-04:00,ORB close above 30m high,15270.5,5,152705.0,,,,,,,,
403,Exit long,2023-09-07 14:00:00-04:00,time,15279.5,5,152705.0,83.8,0.0549,225.0,0.1473,732.5,0.4797,8244.9,8.2449
404,Entry long,2023-09-08 10:20:00-04:00,ORB close above 30m high,15374.5,5,153745.0,,,,,,,,
404,Exit long,2023-09-08 14:00:00-04:00,time,15326.5,5,153745.0,-486.2,-0.3162,160.0,0.1041,870.0,0.5659,7758.7,7.7587
405,Entry long,2023-09-11 13:40:00-04:00,ORB close above 30m high,15453.75,5,154537.5,,,,,,,,
405,Exit long,2023-09-11 14:00:00-04:00,time,15468.0,5,154537.5,136.3,0.0882,177.5,0.1149,75.0,0.0485,7895.0,7.895
406,Entry long,2023-09-13 11:05:00-04:00,ORB close above 30m high,15581.25,5,155812.5,,,,,,,,
406,Exit long,2023-09-13 14:00:00-04:00,time,15604.0,5,155812.5,221.3,0.142,387.5,0.2487,435.0,0.2792,8116.3,8.1163
407,Entry long,2023-09-14 10:45:00-04:00,ORB close above 30m high,15645.5,5,156455.0,,,,,,,,
407,Exit long,2023-09-14 14:00:00-04:00,time,15680.25,5,156455.0,341.3,0.2181,635.0,0.4059,185.0,0.1182,8457.6,8.4576
408,Entry long,2023-09-18 11:35:00-04:00,ORB close above 30m high,15435.25,5,154352.5,,,,,,,,
408,Exit long,2023-09-18 14:00:00-04:00,time,15436.25,5,154352.5,3.8,0.0025,255.0,0.1652,112.5,0.0729,8461.4,8.4614
409,Entry long,2023-09-19 13:55:00-04:00,ORB close above 30m high,15378.0,5,153780.0,,,,,,,,
409,Exit long,2023-09-19 14:00:00-04:00,time,15373.25,5,153780.0,-53.7,-0.0349,60.0,0.039,102.5,0.0667,8407.7,8.4077
410,Entry long,2023-09-22 10:25:00-04:00,ORB close above 30m high,14955.75,5,149557.5,,,,,,,,
410,Exit long,2023-09-22 10:55:00-04:00,target,15009.7,5,149557.5,533.3,0.3566,595.0,0.3978,212.5,0.1421,8941.0,8.941
411,Entry long,2023-09-25 11:20:00-04:00,ORB close above 30m high,14914.0,5,149140.0,,,,,,,,
411,Exit long,2023-09-25 14:00:00-04:00,time,14903.25,5,149140.0,-113.7,-0.0762,220.0,0.1475,497.5,0.3336,8827.3,8.8273
412,Entry long,2023-09-28 10:05:00-04:00,ORB close above 30m high,14771.25,5,147712.5,,,,,,,,
412,Exit long,2023-09-28 11:40:00-04:00,target,14863.0,5,147712.5,911.3,0.6169,1115.0,0.7548,920.0,0.6228,9738.6,9.7386
413,Entry long,2023-09-29 10:05:00-04:00,ORB close above 30m high,15051.5,5,150515.0,,,,,,,,
413,Exit long,2023-09-29 10:20:00-04:00,stop,14976.5,5,150515.0,-756.2,-0.5024,12.5,0.0083,775.0,0.5149,8982.4,8.9824
414,Entry long,2023-10-02 10:05:00-04:00,ORB close above 30m high,14982.5,5,149825.0,,,,,,,,
414,Exit long,2023-10-02 14:00:00-04:00,time,14909.0,5,149825.0,-741.2,-0.4947,637.5,0.4255,1157.5,0.7726,8241.2,8.2412
415,Entry long,2023-10-04 11:20:00-04:00,ORB close above 30m high,14845.25,5,148452.5,,,,,,,,
415,Exit long,2023-10-04 14:00:00-04:00,time,14820.0,5,148452.5,-258.7,-0.1743,547.5,0.3688,370.0,0.2492,7982.5,7.9825
416,Entry long,2023-10-06 10:25:00-04:00,ORB close above 30m high,14824.0,5,148240.0,,,,,,,,
416,Exit long,2023-10-06 11:05:00-04:00,target,14921.35,5,148240.0,967.3,0.6525,1100.0,0.742,57.5,0.0388,8949.8,8.9498
417,Entry long,2023-10-09 12:20:00-04:00,ORB close above 30m high,15074.5,5,150745.0,,,,,,,,
417,Exit long,2023-10-09 13:45:00-04:00,target,15174.45,5,150745.0,993.3,0.6589,1055.0,0.6999,280.0,0.1857,9943.1,9.9431
418,Entry long,2023-10-10 10:05:00-04:00,ORB close above 30m high,15264.0,5,152640.0,,,,,,,,
418,Exit long,2023-10-10 11:05:00-04:00,target,15330.95,5,152640.0,663.3,0.4346,802.5,0.5257,265.0,0.1736,10606.4,10.6064
419,Entry long,2023-10-12 10:10:00-04:00,ORB close above 30m high,15423.0,5,154230.0,,,,,,,,
419,Exit long,2023-10-12 12:20:00-04:00,target,15468.75,5,154230.0,451.3,0.2926,465.0,0.3015,262.5,0.1702,11057.7,11.0577
420,Entry long,2023-10-16 10:20:00-04:00,ORB close above 30m high,15264.0,5,152640.0,,,,,,,,
420,Exit long,2023-10-16 14:00:00-04:00,time,15308.75,5,152640.0,441.3,0.2891,612.5,0.4013,522.5,0.3423,11499.0,11.499
421,Entry long,2023-10-17 10:15:00-04:00,ORB close above 30m high,15158.75,5,151587.5,,,,,,,,
421,Exit long,2023-10-17 11:15:00-04:00,target,15245.5,5,151587.5,861.3,0.5682,875.0,0.5772,27.5,0.0181,12360.3,12.3603
422,Entry long,2023-10-18 10:20:00-04:00,ORB close above 30m high,15200.5,5,152005.0,,,,,,,,
422,Exit long,2023-10-18 10:35:00-04:00,stop,15121.25,5,152005.0,-798.7,-0.5254,235.0,0.1546,960.0,0.6316,11561.6,11.5616
423,Entry long,2023-10-19 12:25:00-04:00,ORB close above 30m high,15115.25,5,151152.5,,,,,,,,
423,Exit long,2023-10-19 12:30:00-04:00,stop,15020.75,5,151152.5,-951.2,-0.6293,27.5,0.0182,1597.5,1.0569,10610.4,10.6104
424,Entry long,2023-10-23 10:15:00-04:00,ORB close above 30m high,14657.5,5,146575.0,,,,,,,,
424,Exit long,2023-10-23 12:05:00-04:00,target,14771.85,5,146575.0,1137.3,0.7759,1175.0,0.8016,237.5,0.162,11747.7,11.7477
425,Entry long,2023-10-24 10:30:00-04:00,ORB close above 30m high,14848.25,5,148482.5,,,,,,,,
425,Exit long,2023-10-24 12:20:00-04:00,stop,14758.75,5,148482.5,-901.2,-0.6069,295.0,0.1987,927.5,0.6247,10846.5,10.8465
426,Entry long,2023-10-27 11:10:00-04:00,ORB close above 30m high,14358.75,5,143587.5,,,,,,,,
426,Exit long,2023-10-27 13:05:00-04:00,stop,14290.75,5,143587.5,-686.2,-0.4779,487.5,0.3395,1052.5,0.733,10160.3,10.1603
427,Entry long,2023-10-31 12:50:00-04:00,ORB close above 30m high,14435.25,5,144352.5,,,,,,,,
427,Exit long,2023-10-31 14:00:00-04:00,time,14477.25,5,144352.5,413.8,0.2867,527.5,0.3654,222.5,0.1541,10574.1,10.5741
428,Entry long,2023-11-01 10:25:00-04:00,ORB close above 30m high,14631.0,5,146310.0,,,,,,,,
428,Exit long,2023-11-01 14:00:00-04:00,time,14605.5,5,146310.0,-261.2,-0.1785,185.0,0.1264,687.5,0.4699,10312.9,10.3129
429,Entry long,2023-11-02 10:55:00-04:00,ORB close above 30m high,14955.25,5,149552.5,,,,,,,,
429,Exit long,2023-11-02 13:55:00-04:00,target,14998.6,5,149552.5,427.3,0.2857,447.5,0.2992,327.5,0.219,10740.2,10.7402
430,Entry long,2023-11-03 11:50:00-04:00,ORB close above 30m high,15143.5,5,151435.0,,,,,,,,
430,Exit long,2023-11-03 14:00:00-04:00,time,15191.25,5,151435.0,471.3,0.3112,607.5,0.4012,77.5,0.0512,11211.5,11.2115
431,Entry long,2023-11-07 10:05:00-05:00,ORB close above 30m high,15309.25,5,153092.5,,,,,,,,
431,Exit long,2023-11-07 10:50:00-05:00,target,15376.8,5,153092.5,669.3,0.4372,797.5,0.5209,362.5,0.2368,11880.8,11.8808
432,Entry long,2023-11-09 11:50:00-05:00,ORB close above 30m high,15429.75,5,154297.5,,,,,,,,
432,Exit long,2023-11-09 13:00:00-05:00,stop,15365.5,5,154297.5,-648.7,-0.4204,235.0,0.1523,1087.5,0.7048,11232.1,11.2321
433,Entry long,2023-11-10 11:05:00-05:00,ORB close above 30m high,15404.25,5,154042.5,,,,,,,,
433,Exit long,2023-11-10 12:10:00-05:00,target,15483.0,5,154042.5,781.3,0.5072,790.0,0.5128,10.0,0.0065,12013.4,12.0134
434,Entry long,2023-11-13 10:55:00-05:00,ORB close above 30m high,15543.25,5,155432.5,,,,,,,,
434,Exit long,2023-11-13 14:00:00-05:00,time,15558.5,5,155432.5,146.3,0.0941,462.5,0.2976,137.5,0.0885,12159.7,12.1597
435,Entry long,2023-11-14 10:05:00-05:00,ORB close above 30m high,15884.5,5,158845.0,,,,,,,,
435,Exit long,2023-11-14 14:00:00-05:00,time,15852.25,5,158845.0,-328.7,-0.2069,182.5,0.1149,512.5,0.3226,11831.0,11.831
436,Entry long,2023-11-17 12:05:00-05:00,ORB close above 30m high,15883.5,5,158835.0,,,,,,,,
436,Exit long,2023-11-17 14:00:00-05:00,time,15910.0,5,158835.0,258.8,0.1629,440.0,0.277,200.0,0.1259,12089.8,12.0898
437,Entry long,2023-11-20 11:00:00-05:00,ORB close above 30m high,15999.75,5,159997.5,,,,,,,,
437,Exit long,2023-11-20 14:00:00-05:00,time,16070.75,5,159997.5,703.8,0.4399,770.0,0.4813,5.0,0.0031,12793.6,12.7936
438,Entry long,2023-11-23 11:00:00-05:00,ORB close above 30m high,16073.5,5,160735.0,,,,,,,,
438,Exit long,2023-11-23 18:00:00-05:00,time,16062.25,5,160735.0,-118.7,-0.0738,27.5,0.0171,150.0,0.0933,12674.9,12.6749
439,Entry long,2023-11-27 10:10:00-05:00,ORB close above 30m high,16044.25,5,160442.5,,,,,,,,
439,Exit long,2023-11-27 14:00:00-05:00,time,16052.75,5,160442.5,78.8,0.0491,447.5,0.2789,450.0,0.2805,12753.7,12.7537
440,Entry long,2023-11-28 10:40:00-05:00,ORB close above 30m high,16010.75,5,160107.5,,,,,,,,
440,Exit long,2023-11-28 11:30:00-05:00,target,16052.5,5,160107.5,411.3,0.2569,560.0,0.3498,180.0,0.1124,13165.0,13.165
441,Entry long,2023-12-01 11:15:00-05:00,ORB close above 30m high,15976.75,5,159767.5,,,,,,,,
441,Exit long,2023-12-01 14:00:00-05:00,time,15994.5,5,159767.5,171.3,0.1072,732.5,0.4585,465.0,0.291,13336.3,13.3363
442,Entry long,2023-12-05 10:05:00-05:00,ORB close above 30m high,15925.75,5,159257.5,,,,,,,,
442,Exit long,2023-12-05 14:00:00-05:00,time,15872.75,5,159257.5,-536.2,-0.3367,360.0,0.226,982.5,0.6169,12800.1,12.8001
443,Entry long,2023-12-07 10:25:00-05:00,ORB close above 30m high,15993.75,5,159937.5,,,,,,,,
443,Exit long,2023-12-07 14:00:00-05:00,time,16033.5,5,159937.5,391.3,0.2447,625.0,0.3908,630.0,0.3939,13191.4,13.1914
444,Entry long,2023-12-08 10:05:00-05:00,ORB close above 30m high,16045.0,5,160450.0,,,,,,,,
444,Exit long,2023-12-08 14:00:00-05:00,time,16086.25,5,160450.0,406.3,0.2532,682.5,0.4254,552.5,0.3443,13597.7,13.5977
445,Entry long,2023-12-11 10:10:00-05:00,ORB close above 30m high,16168.25,5,161682.5,,,,,,,,
445,Exit long,2023-12-11 14:00:00-05:00,time,16234.5,5,161682.5,656.3,0.4059,757.5,0.4685,467.5,0.2891,14254.0,14.254
446,Entry long,2023-12-12 10:05:00-05:00,ORB close above 30m high,16257.5,5,162575.0,,,,,,,,
446,Exit long,2023-12-12 13:50:00-05:00,target,16315.25,5,162575.0,571.3,0.3514,640.0,0.3937,107.5,0.0661,14825.3,14.8253
447,Entry long,2023-12-15 10:20:00-05:00,ORB close above 30m high,16848.25,5,168482.5,,,,,,,,
447,Exit long,2023-12-15 13:40:00-05:00,stop,16780.0,5,168482.5,-688.7,-0.4088,390.0,0.2315,747.5,0.4437,14136.6,14.1366
448,Entry long,2023-12-18 10:05:00-05:00,ORB close above 30m high,16896.25,5,168962.5,,,,,,,,
448,Exit long,2023-12-18 13:25:00-05:00,target,16947.4,5,168962.5,505.3,0.2991,567.5,0.3359,405.0,0.2397,14641.9,14.6419
449,Entry long,2023-12-19 10:35:00-05:00,ORB close above 30m high,16997.75,5,169977.5,,,,,,,,
449,Exit long,2023-12-19 14:00:00-05:00,time,16993.5,5,169977.5,-48.7,-0.0287,150.0,0.0882,327.5,0.1927,14593.2,14.5932
450,Entry long,2023-12-20 10:05:00-05:00,ORB close above 30m high,17026.5,5,170265.0,,,,,,,,
450,Exit long,2023-12-20 10:30:00-05:00,target,17070.85,5,170265.0,437.3,0.2568,470.0,0.276,10.0,0.0059,15030.5,15.0305
451,Entry long,2023-12-26 10:40:00-05:00,ORB close above 30m high,17057.75,5,170577.5,,,,,,,,
451,Exit long,2023-12-26 14:00:00-05:00,time,17049.0,5,170577.5,-93.7,-0.0549,62.5,0.0366,350.0,0.2052,14936.8,14.9368
452,Entry long,2024-01-04 10:10:00-05:00,ORB close above 30m high,16513.75,5,165137.5,,,,,,,,
452,Exit long,2024-01-04 11:10:00-05:00,target,16570.1,5,165137.5,557.3,0.3375,605.0,0.3664,177.5,0.1075,15494.1,15.4941
453,Entry long,2024-01-05 10:05:00-05:00,ORB close above 30m high,16540.5,5,165405.0,,,,,,,,
453,Exit long,2024-01-05 13:15:00-05:00,stop,16437.0,5,165405.0,-1041.2,-0.6295,365.0,0.2207,1102.5,0.6665,14452.9,14.4529
454,Entry long,2024-01-08 10:05:00-05:00,ORB close above 30m high,16641.25,5,166412.5,,,,,,,,
454,Exit long,2024-01-08 14:00:00-05:00,time,16741.0,5,166412.5,991.3,0.5957,1015.0,0.6099,182.5,0.1097,15444.2,15.4442
455,Entry long,2024-01-09 10:10:00-05:00,ORB close above 30m high,16720.75,5,167207.5,,,,,,,,
455,Exit long,2024-01-09 11:15:00-05:00,target,16768.5,5,167207.5,471.3,0.2819,610.0,0.3648,90.0,0.0538,15915.5,15.9155
456,Entry long,2024-01-10 10:45:00-05:00,ORB close above 30m high,16885.5,5,168855.0,,,,,,,,
456,Exit long,2024-01-10 14:00:00-05:00,time,16924.25,5,168855.0,381.3,0.2258,495.0,0.2932,310.0,0.1836,16296.8,16.2968
457,Entry long,2024-01-15 10:50:00-05:00,ORB close above 30m high,16968.5,5,169685.0,,,,,,,,
457,Exit long,2024-01-15 18:00:00-05:00,time,16965.75,5,169685.0,-33.7,-0.0199,115.0,0.0678,142.5,0.084,16263.1,16.2631
458,Entry long,2024-01-16 10:20:00-05:00,ORB close above 30m high,16965.0,5,169650.0,,,,,,,,
458,Exit long,2024-01-16 14:00:00-05:00,time,16902.25,5,169650.0,-633.7,-0.3735,690.0,0.4067,742.5,0.4377,15629.4,15.6294
459,Entry long,2024-01-18 10:40:00-05:00,ORB close above 30m high,17059.5,5,170595.0,,,,,,,,
459,Exit long,2024-01-18 12:10:00-05:00,stop,16995.25,5,170595.0,-648.7,-0.3803,430.0,0.2521,682.5,0.4001,14980.7,14.9807
460,Entry long,2024-01-19 10:05:00-05:00,ORB close above 30m high,17217.5,5,172175.0,,,,,,,,
460,Exit long,2024-01-19 11:10:00-05:00,target,17258.25,5,172175.0,401.3,0.2331,485.0,0.2817,487.5,0.2831,15382.0,15.382
461,Entry long,2024-01-23 13:00:00-05:00,ORB close above 30m high,17490.0,5,174900.0,,,,,,,,
461,Exit long,2024-01-23 14:00:00-05:00,time,17481.75,5,174900.0,-88.7,-0.0507,30.0,0.0172,300.0,0.1715,15293.3,15.2933
462,Entry long,2024-01-24 10:20:00-05:00,ORB close above 30m high,17703.25,5,177032.5,,,,,,,,
462,Exit long,2024-01-24 10:40:00-05:00,target,17755.8,5,177032.5,519.3,0.2933,600.0,0.3389,85.0,0.048,15812.6,15.8126
463,Entry long,2024-01-25 10:30:00-05:00,ORB close above 30m high,17730.5,5,177305.0,,,,,,,,
463,Exit long,2024-01-25 12:30:00-05:00,stop,17660.25,5,177305.0,-708.7,-0.3997,215.0,0.1213,815.0,0.4597,15103.9,15.1039
464,Entry long,2024-01-26 10:30:00-05:00,ORB close above 30m high,17581.0,5,175810.0,,,,,,,,
464,Exit long,2024-01-26 12:50:00-05:00,stop,17515.0,5,175810.0,-666.2,-0.3789,502.5,0.2858,660.0,0.3754,14437.7,14.4377
465,Entry long,2024-01-29 12:25:00-05:00,ORB close above 30m high,17599.5,5,175995.0,,,,,,,,
465,Exit long,2024-01-29 14:00:00-05:00,time,17587.75,5,175995.0,-123.7,-0.0703,102.5,0.0582,215.0,0.1222,14314.0,14.314
466,Entry long,2024-02-01 10:10:00-05:00,ORB close above 30m high,17352.75,5,173527.5,,,,,,,,
466,Exit long,2024-02-01 10:55:00-05:00,stop,17284.75,5,173527.5,-686.2,-0.3954,185.0,0.1066,805.0,0.4639,13627.8,13.6278
467,Entry long,2024-02-02 10:45:00-05:00,ORB close above 30m high,17654.0,5,176540.0,,,,,,,,
467,Exit long,2024-02-02 14:00:00-05:00,time,17729.0,5,176540.0,743.8,0.4213,1025.0,0.5806,480.0,0.2719,14371.6,14.3716
468,Entry long,2024-02-07 10:15:00-05:00,ORB close above 30m high,17807.5,5,178075.0,,,,,,,,
468,Exit long,2024-02-07 14:00:00-05:00,time,17852.0,5,178075.0,438.8,0.2464,685.0,0.3847,280.0,0.1572,14810.4,14.8104
469,Entry long,2024-02-08 10:05:00-05:00,ORB close above 30m high,17852.75,5,178527.5,,,,,,,,
469,Exit long,2024-02-08 10:50:00-05:00,target,17888.7,5,178527.5,353.3,0.1979,392.5,0.2199,292.5,0.1638,15163.7,15.1637
470,Entry long,2024-02-09 10:20:00-05:00,ORB close above 30m high,17954.75,5,179547.5,,,,,,,,
470,Exit long,2024-02-09 12:50:00-05:00,target,18018.1,5,179547.5,627.3,0.3494,722.5,0.4024,35.0,0.0195,15791.0,15.791
471,Entry long,2024-02-12 10:45:00-05:00,ORB close above 30m high,18060.0,5,180600.0,,,,,,,,
471,Exit long,2024-02-12 11:30:00-05:00,target,18101.95,5,180600.0,413.3,0.2288,540.0,0.299,27.5,0.0152,16204.3,16.2043
472,Entry long,2024-02-13 10:25:00-05:00,ORB close above 30m high,17705.0,5,177050.0,,,,,,,,
472,Exit long,2024-02-13 14:00:00-05:00,time,17656.75,5,177050.0,-488.7,-0.276,870.0,0.4914,795.0,0.449,15715.6,15.7156
473,Entry long,2024-02-14 10:20:00-05:00,ORB close above 30m high,17826.0,5,178260.0,,,,,,,,
473,Exit long,2024-02-14 11:00:00-05:00,stop,17742.75,5,178260.0,-838.7,-0.4705,210.0,0.1178,1210.0,0.6788,14876.9,14.8769
474,Entry long,2024-02-15 13:20:00-05:00,ORB close above 30m high,17916.5,5,179165.0,,,,,,,,
474,Exit long,2024-02-15 14:00:00-05:00,time,17911.25,5,179165.0,-58.7,-0.0328,162.5,0.0907,210.0,0.1172,14818.2,14.8182
475,Entry long,2024-02-21 10:05:00-05:00,ORB close above 30m high,17522.75,5,175227.5,,,,,,,,
475,Exit long,2024-02-21 12:10:00-05:00,stop,17448.25,5,175227.5,-751.2,-0.4287,2.5,0.0014,855.0,0.4879,14067.0,14.067
476,Entry long,2024-02-22 11:20:00-05:00,ORB close above 30m high,17971.25,5,179712.5,,,,,,,,
476,Exit long,2024-02-22 14:00:00-05:00,time,18052.25,5,179712.5,803.8,0.4473,940.0,0.5231,362.5,0.2017,14870.8,14.8708
477,Entry long,2024-02-26 11:55:00-05:00,ORB close above 30m high,18055.75,5,180557.5,,,,,,,,
477,Exit long,2024-02-26 14:00:00-05:00,time,18014.0,5,180557.5,-423.7,-0.2347,40.0,0.0222,755.0,0.4181,14447.1,14.4471
478,Entry long,2024-02-27 10:20:00-05:00,ORB close above 30m high,18028.5,5,180285.0,,,,,,,,
478,Exit long,2024-02-27 12:50:00-05:00,stop,17937.75,5,180285.0,-913.7,-0.5068,40.0,0.0222,917.5,0.5089,13533.4,13.5334
479,Entry long,2024-02-28 11:05:00-05:00,ORB close above 30m high,17951.25,5,179512.5,,,,,,,,
479,Exit long,2024-02-28 14:00:00-05:00,time,17949.0,5,179512.5,-28.7,-0.016,237.5,0.1323,575.0,0.3203,13504.7,13.5047
480,Entry long,2024-03-01 10:10:00-05:00,ORB close above 30m high,18173.0,5,181730.0,,,,,,,,
480,Exit long,2024-03-01 11:20:00-05:00,target,18236.35,5,181730.0,627.3,0.3452,692.5,0.3811,287.5,0.1582,14132.0,14.132
481,Entry long,2024-03-06 12:05:00-05:00,ORB close above 30m high,18132.0,5,181320.0,,,,,,,,
481,Exit long,2024-03-06 13:50:00-05:00,stop,18036.5,5,181320.0,-961.2,-0.5301,422.5,0.233,1012.5,0.5584,13170.8,13.1708
482,Entry long,2024-03-07 10:25:00-05:00,ORB close above 30m high,18227.0,5,182270.0,,,,,,,,
482,Exit long,2024-03-07 12:10:00-05:00,target,18313.15,5,182270.0,855.3,0.4692,935.0,0.513,85.0,0.0466,14026.1,14.0261
483,Entry long,2024-03-08 10:05:00-05:00,ORB close above 30m high,18396.5,5,183965.0,,,,,,,,
483,Exit long,2024-03-08 11:05:00-05:00,stop,18287.75,5,183965.0,-1093.7,-0.5945,397.5,0.2161,1315.0,0.7148,12932.4,12.9324
484,Entry long,2024-03-11 10:55:00-04:00,ORB close above 30m high,18008.5,5,180085.0,,,,,,,,
484,Exit long,2024-03-11 14:00:00-04:00,time,17975.0,5,180085.0,-341.2,-0.1895,145.0,0.0805,897.5,0.4984,12591.2,12.5912
485,Entry long,2024-03-12 10:25:00-04:00,ORB close above 30m high,18109.75,5,181097.5,,,,,,,,
485,Exit long,2024-03-12 14:00:00-04:00,time,18154.75,5,181097.5,443.8,0.2451,985.0,0.5439,330.0,0.1822,13035.0,13.035
486,Entry long,2024-03-18 10:30:00-04:00,ORB close above 30m high,18372.75,5,183727.5,,,,,,,,
486,Exit long,2024-03-18 11:50:00-04:00,stop,18277.25,5,183727.5,-961.2,-0.5232,72.5,0.0395,962.5,0.5239,12073.8,12.0738
487,Entry long,2024-03-19 11:50:00-04:00,ORB close above 30m high,18153.75,5,181537.5,,,,,,,,
487,Exit long,2024-03-19 12:40:00-04:00,target,18233.9,5,181537.5,795.3,0.4381,965.0,0.5316,212.5,0.1171,12869.1,12.8691
488,Entry long,2024-03-22 10:05:00-04:00,ORB close above 30m high,18557.75,5,185577.5,,,,,,,,
488,Exit long,2024-03-22 13:10:00-04:00,target,18603.5,5,185577.5,451.3,0.2432,472.5,0.2546,560.0,0.3018,13320.4,13.3204
489,Entry long,2024-03-25 10:10:00-04:00,ORB close above 30m high,18497.25,5,184972.5,,,,,,,,
489,Exit long,2024-03-25 14:00:00-04:00,time,18552.25,5,184972.5,543.8,0.294,605.0,0.3271,5.0,0.0027,13864.2,13.8642
490,Entry long,2024-03-26 10:05:00-04:00,ORB close above 30m high,18606.75,5,186067.5,,,,,,,,
490,Exit long,2024-03-26 10:25:00-04:00,stop,18549.75,5,186067.5,-576.2,-0.3097,10.0,0.0054,595.0,0.3198,13288.0,13.288
491,Entry long,2024-04-02 13:05:00-04:00,ORB close above 30m high,18294.25,5,182942.5,,,,,,,,
491,Exit long,2024-04-02 14:00:00-04:00,time,18277.5,5,182942.5,-173.7,-0.0949,62.5,0.0342,245.0,0.1339,13114.3,13.1143
492,Entry long,2024-04-03 10:05:00-04:00,ORB close above 30m high,18352.5,5,183525.0,,,,,,,,
492,Exit long,2024-04-03 11:10:00-04:00,target,18443.05,5,183525.0,899.3,0.49,945.0,0.5149,240.0,0.1308,14013.6,14.0136
493,Entry long,2024-04-05 10:15:00-04:00,ORB close above 30m high,18239.75,5,182397.5,,,,,,,,
493,Exit long,2024-04-05 11:55:00-04:00,target,18349.3,5,182397.5,1089.3,0.5972,1262.5,0.6922,582.5,0.3194,15102.9,15.1029
494,Entry long,2024-04-08 10:30:00-04:00,ORB close above 30m high,18340.0,5,183400.0,,,,,,,,
494,Exit long,2024-04-08 14:00:00-04:00,time,18307.25,5,183400.0,-333.7,-0.182,375.0,0.2045,877.5,0.4785,14769.2,14.7692
495,Entry long,2024-04-10 10:40:00-04:00,ORB close above 30m high,18221.5,5,182215.0,,,,,,,,
495,Exit long,2024-04-10 14:00:00-04:00,time,18166.5,5,182215.0,-556.2,-0.3052,30.0,0.0165,1075.0,0.59,14213.0,14.213
496,Entry long,2024-04-11 11:55:00-04:00,ORB close above 30m high,18278.75,5,182787.5,,,,,,,,
496,Exit long,2024-04-11 12:00:00-04:00,target,18323.5,5,182787.5,441.3,0.2414,480.0,0.2626,20.0,0.0109,14654.3,14.6543
497,Entry long,2024-04-16 10:15:00-04:00,ORB close above 30m high,17912.75,5,179127.5,,,,,,,,
497,Exit long,2024-04-16 13:30:00-04:00,stop,17821.75,5,179127.5,-916.2,-0.5115,247.5,0.1382,947.5,0.529,13738.1,13.7381
498,Entry long,2024-04-18 10:40:00-04:00,ORB close above 30m high,17682.75,5,176827.5,,,,,,,,
498,Exit long,2024-04-18 13:20:00-04:00,stop,17550.75,5,176827.5,-1326.2,-0.75,632.5,0.3577,1437.5,0.8129,12411.9,12.4119
499,Entry long,2024-04-22 13:30:00-04:00,ORB close above 30m high,17344.5,5,173445.0,,,,,,,,
499,Exit long,2024-04-22 13:50:00-04:00,target,17408.65,5,173445.0,635.3,0.3663,660.0,0.3805,30.0,0.0173,13047.2,13.0472
500,Entry long,2024-04-23 10:25:00-04:00,ORB close above 30m high,17529.75,5,175297.5,,,,,,,,
500,Exit long,2024-04-23 13:40:00-04:00,target,17622.5,5,175297.5,921.3,0.5256,962.5,0.5491,72.5,0.0414,13968.5,13.9685
501,Entry long,2024-04-25 10:15:00-04:00,ORB close above 30m high,17410.5,5,174105.0,,,,,,,,
501,Exit long,2024-04-25 12:55:00-04:00,target,17492.25,5,174105.0,811.3,0.466,967.5,0.5557,690.0,0.3963,14779.8,14.7798
502,Entry long,2024-04-26 10:05:00-04:00,ORB close above 30m high,17808.5,5,178085.0,,,,,,,,
502,Exit long,2024-04-26 14:00:00-04:00,time,17877.5,5,178085.0,683.8,0.384,927.5,0.5208,400.0,0.2246,15463.6,15.4636
503,Entry long,2024-05-02 13:30:00-04:00,ORB close above 30m high,17604.5,5,176045.0,,,,,,,,
503,Exit long,2024-05-02 14:00:00-04:00,time,17594.75,5,176045.0,-103.7,-0.0589,120.0,0.0682,295.0,0.1676,15359.9,15.3599
504,Entry long,2024-05-06 11:45:00-04:00,ORB close above 30m high,18111.5,5,181115.0,,,,,,,,
504,Exit long,2024-05-06 14:00:00-04:00,time,18128.0,5,181115.0,158.8,0.0877,275.0,0.1518,442.5,0.2443,15518.7,15.5187
505,Entry long,2024-05-07 11:00:00-04:00,ORB close above 30m high,18250.5,5,182505.0,,,,,,,,
505,Exit long,2024-05-07 13:55:00-04:00,stop,18187.75,5,182505.0,-633.7,-0.3472,172.5,0.0945,672.5,0.3685,14885.0,14.885
506,Entry long,2024-05-08 10:25:00-04:00,ORB close above 30m high,18194.5,5,181945.0,,,,,,,,
506,Exit long,2024-05-08 14:00:00-04:00,time,18178.75,5,181945.0,-163.7,-0.09,477.5,0.2624,562.5,0.3092,14721.3,14.7213
507,Entry long,2024-05-09 10:40:00-04:00,ORB close above 30m high,18204.0,5,182040.0,,,,,,,,
507,Exit long,2024-05-09 14:00:00-04:00,time,18205.75,5,182040.0,11.3,0.0062,335.0,0.184,340.0,0.1868,14732.6,14.7326
508,Entry long,2024-05-14 10:25:00-04:00,ORB close above 30m high,18344.0,5,183440.0,,,,,,,,
508,Exit long,2024-05-14 14:00:00-04:00,time,18331.0,5,183440.0,-136.2,-0.0742,275.0,0.1499,607.5,0.3312,14596.4,14.5964
509,Entry long,2024-05-15 10:25:00-04:00,ORB close above 30m high,18536.25,5,185362.5,,,,,,,,
509,Exit long,2024-05-15 12:25:00-04:00,target,18607.2,5,185362.5,703.3,0.3794,772.5,0.4168,125.0,0.0674,15299.7,15.2997
510,Entry long,2024-05-16 10:25:00-04:00,ORB close above 30m high,18718.5,5,187185.0,,,,,,,,
510,Exit long,2024-05-16 11:00:00-04:00,target,18755.45,5,187185.0,363.3,0.1941,405.0,0.2164,92.5,0.0494,15663.0,15.663
511,Entry long,2024-05-17 10:35:00-04:00,ORB close above 30m high,18675.25,5,186752.5,,,,,,,,
511,Exit long,2024-05-17 12:45:00-04:00,stop,18620.25,5,186752.5,-556.2,-0.2978,17.5,0.0094,675.0,0.3614,15106.8,15.1068
512,Entry long,2024-05-20 10:45:00-04:00,ORB close above 30m high,18756.0,5,187560.0,,,,,,,,
512,Exit long,2024-05-20 14:00:00-04:00,time,18745.25,5,187560.0,-113.7,-0.0606,385.0,0.2053,275.0,0.1466,14993.1,14.9931
513,Entry long,2024-05-21 10:05:00-04:00,ORB close above 30m high,18723.75,5,187237.5,,,,,,,,
513,Exit long,2024-05-21 11:00:00-04:00,target,18760.1,5,187237.5,357.3,0.1908,377.5,0.2016,237.5,0.1268,15350.4,15.3504
514,Entry long,2024-05-22 11:15:00-04:00,ORB close above 30m high,18834.5,5,188345.0,,,,,,,,
514,Exit long,2024-05-22 13:35:00-04:00,stop,18788.75,5,188345.0,-463.7,-0.2462,40.0,0.0212,672.5,0.3571,14886.7,14.8867
515,Entry long,2024-05-24 10:15:00-04:00,ORB close above 30m high,18791.0,5,187910.0,,,,,,,,
515,Exit long,2024-05-24 10:30:00-04:00,target,18838.15,5,187910.0,465.3,0.2476,497.5,0.2648,7.5,0.004,15352.0,15.352
516,Entry long,2024-05-27 11:05:00-04:00,ORB close above 30m high,18913.5,5,189135.0,,,,,,,,
516,Exit long,2024-05-27 12:15:00-04:00,target,18942.25,5,189135.0,281.3,0.1487,342.5,0.1811,22.5,0.0119,15633.3,15.6333
517,Entry long,2024-05-28 13:35:00-04:00,ORB close above 30m high,18937.25,5,189372.5,,,,,,,,
517,Exit long,2024-05-28 14:00:00-04:00,time,18902.25,5,189372.5,-356.2,-0.1881,85.0,0.0449,457.5,0.2416,15277.1,15.2771
518,Entry long,2024-05-29 10:25:00-04:00,ORB close above 30m high,18856.75,5,188567.5,,,,,,,,
518,Exit long,2024-05-29 14:00:00-04:00,time,18859.25,5,188567.5,18.8,0.01,232.5,0.1233,405.0,0.2148,15295.9,15.2959
519,Entry long,2024-06-05 10:25:00-04:00,ORB close above 30m high,18876.25,5,188762.5,,,,,,,,
519,Exit long,2024-06-05 10:30:00-04:00,target,18926.2,5,188762.5,493.3,0.2613,562.5,0.298,20.0,0.0106,15789.2,15.7892
520,Entry long,2024-06-07 10:40:00-04:00,ORB close above 30m high,19073.5,5,190735.0,,,,,,,,
520,Exit long,2024-06-07 12:55:00-04:00,target,19138.25,5,190735.0,641.3,0.3362,725.0,0.3801,582.5,0.3054,16430.5,16.4305
521,Entry long,2024-06-10 10:30:00-04:00,ORB close above 30m high,19035.5,5,190355.0,,,,,,,,
521,Exit long,2024-06-10 11:05:00-04:00,target,19081.65,5,190355.0,455.3,0.2392,467.5,0.2456,132.5,0.0696,16885.8,16.8858
522,Entry long,2024-06-11 10:40:00-04:00,ORB close above 30m high,19092.5,5,190925.0,,,,,,,,
522,Exit long,2024-06-11 14:00:00-04:00,time,19164.25,5,190925.0,711.3,0.3726,857.5,0.4491,295.0,0.1545,17597.1,17.5971
523,Entry long,2024-06-12 10:15:00-04:00,ORB close above 30m high,19509.5,5,195095.0,,,,,,,,
523,Exit long,2024-06-12 14:00:00-04:00,time,19514.75,5,195095.0,46.3,0.0237,370.0,0.1897,625.0,0.3204,17643.4,17.6434
524,Entry long,2024-06-14 13:15:00-04:00,ORB close above 30m high,19652.0,5,196520.0,,,,,,,,
524,Exit long,2024-06-14 14:00:00-04:00,time,19657.25,5,196520.0,46.3,0.0236,242.5,0.1234,135.0,0.0687,17689.7,17.6897
525,Entry long,2024-06-17 11:00:00-04:00,ORB close above 30m high,19714.0,5,197140.0,,,,,,,,
525,Exit long,2024-06-17 12:20:00-04:00,target,19772.75,5,197140.0,581.3,0.2949,750.0,0.3804,2.5,0.0013,18271.0,18.271
526,Entry long,2024-06-18 13:50:00-04:00,ORB close above 30m high,19949.75,5,199497.5,,,,,,,,
526,Exit long,2024-06-18 14:00:00-04:00,time,19927.0,5,199497.5,-233.7,-0.1171,32.5,0.0163,647.5,0.3246,18037.3,18.0373
527,Entry long,2024-06-21 11:20:00-04:00,ORB close above 30m high,20033.5,5,200335.0,,,,,,,,
527,Exit long,2024-06-21 14:00:00-04:00,time,19961.0,5,200335.0,-731.2,-0.365,395.0,0.1972,862.5,0.4305,17306.1,17.3061
528,Entry long,2024-06-24 10:05:00-04:00,ORB close above 30m high,19975.75,5,199757.5,,,,,,,,
528,Exit long,2024-06-24 10:40:00-04:00,stop,19866.5,5,199757.5,-1098.7,-0.55,197.5,0.0989,1167.5,0.5845,16207.4,16.2074
529,Entry long,2024-06-25 10:05:00-04:00,ORB close above 30m high,19874.75,5,198747.5,,,,,,,,
529,Exit long,2024-06-25 11:15:00-04:00,target,19940.5,5,198747.5,651.3,0.3277,690.0,0.3472,215.0,0.1082,16858.7,16.8587
530,Entry long,2024-06-26 10:10:00-04:00,ORB close above 30m high,20002.5,5,200025.0,,,,,,,,
530,Exit long,2024-06-26 11:10:00-04:00,stop,19918.25,5,200025.0,-848.7,-0.4243,215.0,0.1075,905.0,0.4524,16010.0,16.01
531,Entry long,2024-06-27 10:15:00-04:00,ORB close above 30m high,20111.0,5,201110.0,,,,,,,,
531,Exit long,2024-06-27 11:25:00-04:00,stop,19989.5,5,201110.0,-1221.2,-0.6072,55.0,0.0273,1325.0,0.6588,14788.8,14.7888
532,Entry long,2024-06-28 10:05:00-04:00,ORB close above 30m high,20220.0,5,202200.0,,,,,,,,
532,Exit long,2024-06-28 12:15:00-04:00,stop,20038.75,5,202200.0,-1818.7,-0.8995,532.5,0.2634,1982.5,0.9805,12970.1,12.9701
533,Entry long,2024-07-01 12:10:00-04:00,ORB close above 30m high,20004.5,5,200045.0,,,,,,,,
533,Exit long,2024-07-01 14:00:00-04:00,time,19999.5,5,200045.0,-56.2,-0.0281,220.0,0.11,270.0,0.135,12913.9,12.9139
534,Entry long,2024-07-02 10:55:00-04:00,ORB close above 30m high,20113.75,5,201137.5,,,,,,,,
534,Exit long,2024-07-02 14:00:00-04:00,time,20208.75,5,201137.5,943.8,0.4692,1037.5,0.5158,487.5,0.2424,13857.7,13.8577
535,Entry long,2024-07-03 10:20:00-04:00,ORB close above 30m high,20284.5,5,202845.0,,,,,,,,
535,Exit long,2024-07-03 11:10:00-04:00,target,20339.05,5,202845.0,539.3,0.2659,555.0,0.2736,405.0,0.1997,14397.0,14.397
536,Entry long,2024-07-05 10:05:00-04:00,ORB close above 30m high,20529.5,5,205295.0,,,,,,,,
536,Exit long,2024-07-05 12:15:00-04:00,target,20610.45,5,205295.0,803.3,0.3913,815.0,0.397,672.5,0.3276,15200.3,15.2003
537,Entry long,2024-07-08 11:25:00-04:00,ORB close above 30m high,20658.5,5,206585.0,,,,,,,,
537,Exit long,2024-07-08 14:00:00-04:00,time,20653.5,5,206585.0,-56.2,-0.0272,127.5,0.0617,495.0,0.2396,15144.1,15.1441
538,Entry long,2024-07-10 10:10:00-04:00,ORB close above 30m high,20785.5,5,207855.0,,,,,,,,
538,Exit long,2024-07-10 11:00:00-04:00,stop,20721.25,5,207855.0,-648.7,-0.3121,102.5,0.0493,825.0,0.3969,14495.4,14.4954
539,Entry long,2024-07-12 10:05:00-04:00,ORB close above 30m high,20557.25,5,205572.5,,,,,,,,
539,Exit long,2024-07-12 11:05:00-04:00,target,20662.6,5,205572.5,1047.3,0.5095,1075.0,0.5229,352.5,0.1715,15542.7,15.5427
540,Entry long,2024-07-15 10:10:00-04:00,ORB close above 30m high,20668.5,5,206685.0,,,,,,,,
540,Exit long,2024-07-15 10:55:00-04:00,target,20737.85,5,206685.0,687.3,0.3325,700.0,0.3387,190.0,0.0919,16230.0,16.23
541,Entry long,2024-07-23 11:15:00-04:00,ORB close above 30m high,20052.75,5,200527.5,,,,,,,,
541,Exit long,2024-07-23 12:55:00-04:00,stop,19933.0,5,200527.5,-1203.7,-0.6003,322.5,0.1608,1260.0,0.6283,15026.3,15.0263
542,Entry long,2024-07-25 11:15:00-04:00,ORB close above 30m high,19246.75,5,192467.5,,,,,,,,
542,Exit long,2024-07-25 14:00:00-04:00,time,19289.5,5,192467.5,421.3,0.2189,1437.5,0.7469,1042.5,0.5416,15447.6,15.4476
543,Entry long,2024-07-26 11:50:00-04:00,ORB close above 30m high,19190.0,5,191900.0,,,,,,,,
543,Exit long,2024-07-26 13:25:00-04:00,target,19293.35,5,191900.0,1027.3,0.5353,1090.0,0.568,270.0,0.1407,16474.9,16.4749
544,Entry long,2024-07-31 10:10:00-04:00,ORB close above 30m high,19444.75,5,194447.5,,,,,,,,
544,Exit long,2024-07-31 14:00:00-04:00,time,19427.5,5,194447.5,-178.7,-0.0919,712.5,0.3664,1005.0,0.5168,16296.2,16.2962
545,Entry long,2024-08-05 10:05:00-04:00,ORB close above 30m high,18042.5,5,180425.0,,,,,,,,
545,Exit long,2024-08-05 14:00:00-04:00,time,18078.25,5,180425.0,351.3,0.1947,2467.5,1.3676,1922.5,1.0655,16647.5,16.6475
546,Entry long,2024-08-06 10:05:00-04:00,ORB close above 30m high,18181.25,5,181812.5,,,,,,,,
546,Exit long,2024-08-06 12:00:00-04:00,target,18357.0,5,181812.5,1751.3,0.9632,1837.5,1.0107,540.0,0.297,18398.8,18.3988
547,Entry long,2024-08-08 10:05:00-04:00,ORB close above 30m high,18276.0,5,182760.0,,,,,,,,
547,Exit long,2024-08-08 12:05:00-04:00,target,18444.75,5,182760.0,1681.3,0.9199,1882.5,1.03,457.5,0.2503,20080.1,20.0801
548,Entry long,2024-08-09 10:15:00-04:00,ORB close above 30m high,18547.0,5,185470.0,,,,,,,,
548,Exit long,2024-08-09 13:25:00-04:00,target,18645.95,5,185470.0,983.3,0.5302,1095.0,0.5904,1107.5,0.5971,21063.4,21.0634
549,Entry long,2024-08-12 10:20:00-04:00,ORB close above 30m high,18674.0,5,186740.0,,,,,,,,
549,Exit long,2024-08-12 14:00:00-04:00,time,18617.5,5,186740.0,-571.2,-0.3059,915.0,0.49,977.5,0.5235,20492.2,20.4922
550,Entry long,2024-08-13 10:50:00-04:00,ORB close above 30m high,18946.75,5,189467.5,,,,,,,,
550,Exit long,2024-08-13 12:45:00-04:00,target,19051.3,5,189467.5,1039.3,0.5485,1085.0,0.5727,175.0,0.0924,21531.5,21.5315
551,Entry long,2024-08-14 11:55:00-04:00,ORB close above 30m high,19176.0,5,191760.0,,,,,,,,
551,Exit long,2024-08-14 14:00:00-04:00,time,19071.75,5,191760.0,-1048.7,-0.5469,277.5,0.1447,1575.0,0.8213,20482.8,20.4828
552,Entry long,2024-08-15 10:25:00-04:00,ORB close above 30m high,19464.25,5,194642.5,,,,,,,,
552,Exit long,2024-08-15 12:20:00-04:00,target,19566.4,5,194642.5,1015.3,0.5216,1057.5,0.5433,37.5,0.0193,21498.1,21.4981
553,Entry long,2024-08-16 10:10:00-04:00,ORB close above 30m high,19546.75,5,195467.5,,,,,,,,
553,Exit long,2024-08-16 12:15:00-04:00,target,19613.9,5,195467.5,665.3,0.3404,680.0,0.3479,542.5,0.2775,22163.4,22.1634
554,Entry long,2024-08-19 10:55:00-04:00,ORB close above 30m high,19654.0,5,196540.0,,,,,,,,
554,Exit long,2024-08-19 14:00:00-04:00,time,19721.5,5,196540.0,668.8,0.3403,767.5,0.3905,347.5,0.1768,22832.2,22.8322
555,Entry long,2024-08-21 10:05:00-04:00,ORB close above 30m high,19900.0,5,199000.0,,,,,,,,
555,Exit long,2024-08-21 10:40:00-04:00,target,19969.15,5,199000.0,685.3,0.3444,820.0,0.4121,657.5,0.3304,23517.5,23.5175
556,Entry long,2024-08-23 10:05:00-04:00,ORB close above 30m high,19846.0,5,198460.0,,,,,,,,
556,Exit long,2024-08-23 10:45:00-04:00,stop,19706.25,5,198460.0,-1403.7,-0.7073,572.5,0.2885,2047.5,1.0317,22113.8,22.1138
557,Entry long,2024-08-27 10:15:00-04:00,ORB close above 30m high,19572.25,5,195722.5,,,,,,,,
557,Exit long,2024-08-27 11:00:00-04:00,target,19676.4,5,195722.5,1035.3,0.529,1222.5,0.6246,195.0,0.0996,23149.1,23.1491
558,Entry long,2024-08-29 10:50:00-04:00,ORB close above 30m high,19681.0,5,196810.0,,,,,,,,
558,Exit long,2024-08-29 14:00:00-04:00,time,19633.25,5,196810.0,-483.7,-0.2458,110.0,0.0559,1055.0,0.536,22665.4,22.6654
559,Entry long,2024-08-30 10:05:00-04:00,ORB close above 30m high,19605.25,5,196052.5,,,,,,,,
559,Exit long,2024-08-30 10:55:00-04:00,stop,19512.75,5,196052.5,-931.2,-0.475,52.5,0.0268,1387.5,0.7077,21734.2,21.7342
560,Entry long,2024-09-02 10:40:00-04:00,ORB close above 30m high,19651.5,5,196515.0,,,,,,,,
560,Exit long,2024-09-02 18:00:00-04:00,time,19646.5,5,196515.0,-56.2,-0.0286,300.0,0.1527,237.5,0.1209,21678.0,21.678
561,Entry long,2024-09-04 10:30:00-04:00,ORB close above 30m high,18992.75,5,189927.5,,,,,,,,
561,Exit long,2024-09-04 11:00:00-04:00,target,19098.7,5,189927.5,1053.3,0.5546,1157.5,0.6094,162.5,0.0856,22731.3,22.7313
562,Entry long,2024-09-05 10:05:00-04:00,ORB close above 30m high,19085.0,5,190850.0,,,,,,,,
562,Exit long,2024-09-05 11:25:00-04:00,stop,18884.5,5,190850.0,-2011.2,-1.0538,652.5,0.3419,2217.5,1.1619,20720.1,20.7201
563,Entry long,2024-09-09 10:15:00-04:00,ORB close above 30m high,18698.5,5,186985.0,,,,,,,,
563,Exit long,2024-09-09 10:30:00-04:00,stop,18604.75,5,186985.0,-943.7,-0.5047,27.5,0.0147,1325.0,0.7086,19776.4,19.7764
564,Entry long,2024-09-11 12:30:00-04:00,ORB close above 30m high,18914.25,5,189142.5,,,,,,,,
564,Exit long,2024-09-11 13:45:00-04:00,target,19026.8,5,189142.5,1119.3,0.5918,1517.5,0.8023,430.0,0.2273,20895.7,20.8957
565,Entry long,2024-09-12 10:15:00-04:00,ORB close above 30m high,19311.5,5,193115.0,,,,,,,,
565,Exit long,2024-09-12 13:20:00-04:00,target,19412.25,5,193115.0,1001.3,0.5185,1045.0,0.5411,647.5,0.3353,21897.0,21.897
566,Entry long,2024-09-13 10:10:00-04:00,ORB close above 30m high,19507.5,5,195075.0,,,,,,,,
566,Exit long,2024-09-13 14:00:00-04:00,time,19560.75,5,195075.0,526.3,0.2698,695.0,0.3563,945.0,0.4844,22423.3,22.4233
567,Entry long,2024-09-17 10:50:00-04:00,ORB close above 30m high,19604.25,5,196042.5,,,,,,,,
567,Exit long,2024-09-17 12:15:00-04:00,stop,19475.0,5,196042.5,-1298.7,-0.6625,20.0,0.0102,1337.5,0.6823,21124.6,21.1246
568,Entry long,2024-09-19 10:20:00-04:00,ORB close above 30m high,20085.75,5,200857.5,,,,,,,,
568,Exit long,2024-09-19 13:40:00-04:00,target,20183.5,5,200857.5,971.3,0.4836,982.5,0.4892,367.5,0.183,22095.9,22.0959
569,Entry long,2024-09-23 10:55:00-04:00,ORB close above 30m high,20109.75,5,201097.5,,,,,,,,
569,Exit long,2024-09-23 13:00:00-04:00,stop,20031.5,5,201097.5,-788.7,-0.3922,162.5,0.0808,912.5,0.4538,21307.2,21.3072
570,Entry long,2024-09-24 11:50:00-04:00,ORB close above 30m high,20163.75,5,201637.5,,,,,,,,
570,Exit long,2024-09-24 14:00:00-04:00,time,20165.25,5,201637.5,8.8,0.0044,510.0,0.2529,132.5,0.0657,21316.0,21.316
571,Entry long,2024-09-25 10:10:00-04:00,ORB close above 30m high,20245.5,5,202455.0,,,,,,,,
571,Exit long,2024-09-25 13:00:00-04:00,stop,20138.0,5,202455.0,-1081.2,-0.534,272.5,0.1346,1100.0,0.5433,20234.8,20.2348
572,Entry long,2024-10-02 10:20:00-04:00,ORB close above 30m high,19997.5,5,199975.0,,,,,,,,
572,Exit long,2024-10-02 14:00:00-04:00,time,20044.5,5,199975.0,463.8,0.2319,920.0,0.4601,515.0,0.2575,20698.6,20.6986
573,Entry long,2024-10-03 10:05:00-04:00,ORB close above 30m high,20091.0,5,200910.0,,,,,,,,
573,Exit long,2024-10-03 13:00:00-04:00,stop,19894.25,5,200910.0,-1973.7,-0.9824,240.0,0.1195,2120.0,1.0552,18724.9,18.7249
574,Entry long,2024-10-07 10:20:00-04:00,ORB close above 30m high,20169.0,5,201690.0,,,,,,,,
574,Exit long,2024-10-07 14:00:00-04:00,time,20148.5,5,201690.0,-211.2,-0.1047,187.5,0.093,675.0,0.3347,18513.7,18.5137
575,Entry long,2024-10-08 10:05:00-04:00,ORB close above 30m high,20188.0,5,201880.0,,,,,,,,
575,Exit long,2024-10-08 14:00:00-04:00,time,20231.25,5,201880.0,426.3,0.2112,862.5,0.4272,325.0,0.161,18940.0,18.94
576,Entry long,2024-10-09 10:15:00-04:00,ORB close above 30m high,20300.5,5,203005.0,,,,,,,,
576,Exit long,2024-10-09 10:25:00-04:00,target,20350.05,5,203005.0,489.3,0.241,545.0,0.2685,67.5,0.0333,19429.3,19.4293
577,Entry long,2024-10-10 10:15:00-04:00,ORB close above 30m high,20402.25,5,204022.5,,,,,,,,
577,Exit long,2024-10-10 12:00:00-04:00,target,20482.8,5,204022.5,799.3,0.3918,860.0,0.4215,420.0,0.2059,20228.6,20.2286
578,Entry long,2024-10-11 10:10:00-04:00,ORB close above 30m high,20414.0,5,204140.0,,,,,,,,
578,Exit long,2024-10-11 14:00:00-04:00,time,20437.0,5,204140.0,223.8,0.1096,670.0,0.3282,230.0,0.1127,20452.4,20.4524
579,Entry long,2024-10-18 10:10:00-04:00,ORB close above 30m high,20514.25,5,205142.5,,,,,,,,
579,Exit long,2024-10-18 14:00:00-04:00,time,20485.25,5,205142.5,-296.2,-0.1444,177.5,0.0865,720.0,0.351,20156.2,20.1562
580,Entry long,2024-10-21 10:10:00-04:00,ORB close above 30m high,20527.75,5,205277.5,,,,,,,,
580,Exit long,2024-10-21 10:40:00-04:00,stop,20422.75,5,205277.5,-1056.2,-0.5145,265.0,0.1291,1122.5,0.5468,19100.0,19.1
581,Entry long,2024-10-22 10:10:00-04:00,ORB close above 30m high,20491.25,5,204912.5,,,,,,,,
581,Exit long,2024-10-22 14:00:00-04:00,time,20574.25,5,204912.5,823.8,0.402,1107.5,0.5405,660.0,0.3221,19923.8,19.9238
582,Entry long,2024-10-24 13:45:00-04:00,ORB close above 30m high,20381.5,5,203815.0,,,,,,,,
582,Exit long,2024-10-24 14:00:00-04:00,time,20345.0,5,203815.0,-371.2,-0.1821,20.0,0.0098,537.5,0.2637,19552.6,19.5526
583,Entry long,2024-10-25 10:05:00-04:00,ORB close above 30m high,20679.0,5,206790.0,,,,,,,,
583,Exit long,2024-10-25 13:40:00-04:00,stop,20489.75,5,206790.0,-1898.7,-0.9182,285.0,0.1378,1960.0,0.9478,17653.9,17.6539
584,Entry long,2024-10-29 10:05:00-04:00,ORB close above 30m high,20531.5,5,205315.0,,,,,,,,
584,Exit long,2024-10-29 11:15:00-04:00,target,20610.85,5,205315.0,787.3,0.3835,820.0,0.3994,205.0,0.0998,18441.2,18.4412
585,Entry long,2024-10-30 10:20:00-04:00,ORB close above 30m high,20679.5,5,206795.0,,,,,,,,
585,Exit long,2024-10-30 14:00:00-04:00,time,20576.25,5,206795.0,-1038.7,-0.5023,200.0,0.0967,1212.5,0.5863,17402.5,17.4025
586,Entry long,2024-11-01 10:15:00-04:00,ORB close above 30m high,20215.5,5,202155.0,,,,,,,,
586,Exit long,2024-11-01 14:00:00-04:00,time,20157.5,5,202155.0,-586.2,-0.29,717.5,0.3549,662.5,0.3277,16816.3,16.8163
587,Entry long,2024-11-04 10:20:00-05:00,ORB close above 30m high,20161.5,5,201615.0,,,,,,,,
587,Exit long,2024-11-04 14:00:00-05:00,time,20148.5,5,201615.0,-136.2,-0.0676,652.5,0.3236,1327.5,0.6584,16680.1,16.6801
588,Entry long,2024-11-05 10:25:00-05:00,ORB close above 30m high,20305.75,5,203057.5,,,,,,,,
588,Exit long,2024-11-05 14:00:00-05:00,time,20308.25,5,203057.5,18.8,0.0093,672.5,0.3312,732.5,0.3607,16698.9,16.6989
589,Entry long,2024-11-06 12:15:00-05:00,ORB close above 30m high,20813.0,5,208130.0,,,,,,,,
589,Exit long,2024-11-06 14:00:00-05:00,time,20861.5,5,208130.0,478.8,0.23,635.0,0.3051,275.0,0.1321,17177.7,17.1777
590,Entry long,2024-11-07 10:10:00-05:00,ORB close above 30m high,21116.0,5,211160.0,,,,,,,,
590,Exit long,2024-11-07 14:00:00-05:00,time,21181.5,5,211160.0,648.8,0.3073,927.5,0.4392,295.0,0.1397,17826.5,17.8265
591,Entry long,2024-11-08 13:30:00-05:00,ORB close above 30m high,21233.0,5,212330.0,,,,,,,,
591,Exit long,2024-11-08 14:00:00-05:00,time,21250.0,5,212330.0,163.8,0.0771,335.0,0.1578,30.0,0.0141,17990.3,17.9903
592,Entry long,2024-11-13 12:15:00-05:00,ORB close above 30m high,21195.75,5,211957.5,,,,,,,,
592,Exit long,2024-11-13 13:45:00-05:00,target,21254.7,5,211957.5,583.3,0.2752,655.0,0.309,265.0,0.125,18573.6,18.5736
593,Entry long,2024-11-18 10:05:00-05:00,ORB close above 30m high,20587.25,5,205872.5,,,,,,,,
593,Exit long,2024-11-18 10:30:00-05:00,target,20656.4,5,205872.5,685.3,0.3329,1045.0,0.5076,192.5,0.0935,19258.9,19.2589
594,Entry long,2024-11-19 10:30:00-05:00,ORB close above 30m high,20602.5,5,206025.0,,,,,,,,
594,Exit long,2024-11-19 11:15:00-05:00,target,20677.85,5,206025.0,747.3,0.3627,792.5,0.3847,200.0,0.0971,20006.2,20.0062
595,Entry long,2024-11-28 10:25:00-05:00,ORB close above 30m high,20900.0,5,209000.0,,,,,,,,
595,Exit long,2024-11-28 18:00:00-05:00,time,20886.75,5,209000.0,-138.7,-0.0664,95.0,0.0455,250.0,0.1196,19867.5,19.8675
596,Entry long,2024-12-02 10:05:00-05:00,ORB close above 30m high,21175.0,5,211750.0,,,,,,,,
596,Exit long,2024-12-02 14:00:00-05:00,time,21212.25,5,211750.0,366.3,0.173,845.0,0.3991,340.0,0.1606,20233.8,20.2338
597,Entry long,2024-12-03 10:05:00-05:00,ORB close above 30m high,21210.5,5,212105.0,,,,,,,,
597,Exit long,2024-12-03 14:00:00-05:00,time,21232.0,5,212105.0,208.8,0.0984,520.0,0.2452,485.0,0.2287,20442.6,20.4426
598,Entry long,2024-12-04 10:15:00-05:00,ORB close above 30m high,21444.75,5,214447.5,,,,,,,,
598,Exit long,2024-12-04 10:35:00-05:00,target,21489.7,5,214447.5,443.3,0.2067,465.0,0.2168,292.5,0.1364,20885.9,20.8859
599,Entry long,2024-12-05 12:15:00-05:00,ORB close above 30m high,21559.75,5,215597.5,,,,,,,,
599,Exit long,2024-12-05 13:20:00-05:00,stop,21497.5,5,215597.5,-628.7,-0.2916,80.0,0.0371,785.0,0.3641,20257.2,20.2572
600,Entry long,2024-12-06 10:15:00-05:00,ORB close above 30m high,21623.75,5,216237.5,,,,,,,,
600,Exit long,2024-12-06 14:00:00-05:00,time,21658.25,5,216237.5,338.8,0.1567,457.5,0.2116,510.0,0.2359,20596.0,20.596
601,Entry long,2024-12-10 10:10:00-05:00,ORB close above 30m high,21593.5,5,215935.0,,,,,,,,
601,Exit long,2024-12-10 10:55:00-05:00,stop,21505.0,5,215935.0,-891.2,-0.4127,132.5,0.0614,970.0,0.4492,19704.8,19.7048
602,Entry long,2024-12-11 10:10:00-05:00,ORB close above 30m high,21724.0,5,217240.0,,,,,,,,
602,Exit long,2024-12-11 14:00:00-05:00,time,21792.5,5,217240.0,678.8,0.3125,875.0,0.4028,502.5,0.2313,20383.6,20.3836
603,Entry long,2024-12-12 10:30:00-05:00,ORB close above 30m high,21707.5,5,217075.0,,,,,,,,
603,Exit long,2024-12-12 14:00:00-05:00,time,21696.75,5,217075.0,-113.7,-0.0524,370.0,0.1704,385.0,0.1774,20269.9,20.2699
604,Entry long,2024-12-16 10:05:00-05:00,ORB close above 30m high,21989.5,5,219895.0,,,,,,,,
604,Exit long,2024-12-16 12:30:00-05:00,target,22064.05,5,219895.0,739.3,0.3362,812.5,0.3695,607.5,0.2763,21009.2,21.0092
605,Entry long,2024-12-17 11:40:00-05:00,ORB close above 30m high,22074.75,5,220747.5,,,,,,,,
605,Exit long,2024-12-17 14:00:00-05:00,time,22004.25,5,220747.5,-711.2,-0.3222,60.0,0.0272,890.0,0.4032,20298.0,20.298
606,Entry long,2024-12-18 10:15:00-05:00,ORB close above 30m high,22013.0,5,220130.0,,,,,,,,
606,Exit long,2024-12-18 14:00:00-05:00,time,21991.5,5,220130.0,-221.2,-0.1005,410.0,0.1863,1050.0,0.477,20076.8,20.0768
607,Entry long,2024-12-20 10:15:00-05:00,ORB close above 30m high,21341.5,5,213415.0,,,,,,,,
607,Exit long,2024-12-20 10:30:00-05:00,target,21486.25,5,213415.0,1441.3,0.6754,1962.5,0.9196,175.0,0.082,21518.1,21.5181
608,Entry long,2024-12-23 11:55:00-05:00,ORB close above 30m high,21681.0,5,216810.0,,,,,,,,
608,Exit long,2024-12-23 14:00:00-05:00,time,21744.75,5,216810.0,631.3,0.2912,762.5,0.3517,385.0,0.1776,22149.4,22.1494
609,Entry long,2024-12-24 10:05:00-05:00,ORB close above 30m high,21928.25,5,219282.5,,,,,,,,
609,Exit long,2024-12-24 12:55:00-05:00,target,22031.4,5,219282.5,1025.3,0.4676,1065.0,0.4857,312.5,0.1425,23174.7,23.1747
610,Entry long,2024-12-26 11:15:00-05:00,ORB close above 30m high,22012.25,5,220122.5,,,,,,,,
610,Exit long,2024-12-26 14:00:00-05:00,time,22016.5,5,220122.5,36.3,0.0165,627.5,0.2851,392.5,0.1783,23211.0,23.211
611,Entry long,2024-12-30 11:40:00-05:00,ORB close above 30m high,21432.0,5,214320.0,,,,,,,,
611,Exit long,2024-12-30 12:45:00-05:00,target,21551.75,5,214320.0,1191.3,0.5559,1325.0,0.6182,187.5,0.0875,24402.3,24.4023
