Trade #,Type,Date/Time,Signal,Price USD,Position size (qty),Position size (value),Net P&L USD,Net P&L %,Run-up USD,Run-up %,Drawdown USD,Drawdown %,Cumulative P&L USD,Cumulative P&L %
1,Entry long,2021-01-05 10:05:00-05:00,ORB close above 30m high,12773.0,5,127730.0,,,,,,,,
1,Exit long,2021-01-05 14:00:00-05:00,time,12752.0,5,127730.0,-216.2,-0.1693,92.5,0.0724,847.5,0.6635,-216.2,-0.2162
2,Entry long,2021-01-06 10:15:00-05:00,ORB close above 30m high,12677.0,5,126770.0,,,,,,,,
2,Exit long,2021-01-06 10:40:00-05:00,target,12739.38,5,126770.0,617.55,0.4871,627.5,0.495,80.0,0.0631,401.35,0.4013
3,Entry long,2021-01-07 10:05:00-05:00,ORB close above 30m high,12871.5,5,128715.0,,,,,,,,
3,Exit long,2021-01-07 14:00:00-05:00,time,12913.0,5,128715.0,408.8,0.3176,492.5,0.3826,127.5,0.0991,810.15,0.8101
4,Entry long,2021-01-08 12:15:00-05:00,ORB close above 30m high,13056.25,5,130562.5,,,,,,,,
4,Exit long,2021-01-08 13:20:00-05:00,stop,12985.5,5,130562.5,-713.7,-0.5466,92.5,0.0708,1045.0,0.8004,96.45,0.0964
5,Entry long,2021-01-11 10:10:00-05:00,ORB close above 30m high,12980.5,5,129805.0,,,,,,,,
5,Exit long,2021-01-11 14:00:00-05:00,time,12959.75,5,129805.0,-213.7,-0.1646,325.0,0.2504,492.5,0.3794,-117.25,-0.1173
6,Entry long,2021-01-13 10:40:00-05:00,ORB close above 30m high,12958.5,5,129585.0,,,,,,,,
6,Exit long,2021-01-13 14:00:00-05:00,time,12978.25,5,129585.0,191.3,0.1476,377.5,0.2913,202.5,0.1563,74.05,0.074
7,Entry long,2021-01-14 10:50:00-05:00,ORB close above 30m high,13021.25,5,130212.5,,,,,,,,
7,Exit long,2021-01-14 11:55:00-05:00,stop,12968.25,5,130212.5,-536.2,-0.4118,75.0,0.0576,535.0,0.4109,-462.15,-0.4622
8,Entry long,2021-01-19 12:40:00-05:00,ORB close above 30m high,12931.25,5,129312.5,,,,,,,,
8,Exit long,2021-01-19 13:05:00-05:00,target,12966.5,5,129312.5,346.3,0.2678,377.5,0.2919,77.5,0.0599,-115.85,-0.1159
9,Entry long,2021-01-20 10:10:00-05:00,ORB close above 30m high,13206.5,5,132065.0,,,,,,,,
9,Exit long,2021-01-20 11:20:00-05:00,target,13249.0,5,132065.0,418.8,0.3171,490.0,0.371,12.5,0.0095,302.95,0.3029
10,Entry long,2021-01-21 10:15:00-05:00,ORB close above 30m high,13364.75,5,133647.5,,,,,,,,
10,Exit long,2021-01-21 14:00:00-05:00,time,13364.75,5,133647.5,-6.2,-0.0046,280.0,0.2095,487.5,0.3648,296.75,0.2967
11,Entry long,2021-01-26 10:50:00-05:00,ORB close above 30m high,13514.25,5,135142.5,,,,,,,,
11,Exit long,2021-01-26 14:00:00-05:00,time,13500.0,5,135142.5,-148.7,-0.11,187.5,0.1387,590.0,0.4366,148.05,0.148
12,Entry long,2021-01-28 10:20:00-05:00,ORB close above 30m high,13267.25,5,132672.5,,,,,,,,
12,Exit long,2021-01-28 12:05:00-05:00,target,13336.5,5,132672.5,686.3,0.5173,727.5,0.5483,632.5,0.4767,834.35,0.8343
13,Entry long,2021-01-29 10:25:00-05:00,ORB close above 30m high,13147.5,5,131475.0,,,,,,,,
13,Exit long,2021-01-29 11:20:00-05:00,stop,12998.0,5,131475.0,-1501.2,-1.1418,95.0,0.0723,1587.5,1.2075,-666.85,-0.6669
14,Entry long,2021-02-01 10:45:00-05:00,ORB close above 30m high,13116.25,5,131162.5,,,,,,,,
14,Exit long,2021-02-01 11:40:00-05:00,target,13189.0,5,131162.5,721.3,0.5499,772.5,0.589,750.0,0.5718,54.45,0.0544
15,Entry long,2021-02-02 10:20:00-05:00,ORB close above 30m high,13434.5,5,134345.0,,,,,,,,
15,Exit long,2021-02-02 13:40:00-05:00,target,13479.0,5,134345.0,438.8,0.3266,457.5,0.3405,517.5,0.3852,493.25,0.4932
16,Entry long,2021-02-04 13:05:00-05:00,ORB close above 30m high,13487.0,5,134870.0,,,,,,,,
16,Exit long,2021-02-04 14:00:00-05:00,time,13495.0,5,134870.0,73.8,0.0547,175.0,0.1298,55.0,0.0408,567.05,0.567
17,Entry long,2021-02-05 12:20:00-05:00,ORB close above 30m high,13596.25,5,135962.5,,,,,,,,
17,Exit long,2021-02-05 12:50:00-05:00,target,13626.12,5,135962.5,292.55,0.2152,337.5,0.2482,22.5,0.0165,859.6,0.8596
18,Entry long,2021-02-08 10:05:00-05:00,ORB close above 30m high,13675.0,5,136750.0,,,,,,,,
18,Exit long,2021-02-08 11:25:00-05:00,stop,13632.25,5,136750.0,-433.7,-0.3171,175.0,0.128,437.5,0.3199,425.9,0.4259
19,Entry long,2021-02-09 10:10:00-05:00,ORB close above 30m high,13713.75,5,137137.5,,,,,,,,
19,Exit long,2021-02-09 14:00:00-05:00,time,13671.5,5,137137.5,-428.7,-0.3126,215.0,0.1568,517.5,0.3774,-2.8,-0.0028
20,Entry long,2021-02-12 10:15:00-05:00,ORB close above 30m high,13707.25,5,137072.5,,,,,,,,
20,Exit long,2021-02-12 11:10:00-05:00,target,13737.62,5,137072.5,297.55,0.2171,355.0,0.259,430.0,0.3137,294.75,0.2947
21,Entry long,2021-02-15 11:00:00-05:00,ORB close above 30m high,13863.0,5,138630.0,,,,,,,,
21,Exit long,2021-02-15 12:40:00-05:00,target,13870.12,5,138630.0,65.05,0.0469,130.0,0.0938,92.5,0.0667,359.8,0.3598
22,Entry long,2021-02-16 10:40:00-05:00,ORB close above 30m high,13871.0,5,138710.0,,,,,,,,
22,Exit long,2021-02-16 11:05:00-05:00,stop,13811.25,5,138710.0,-603.7,-0.4352,25.0,0.018,697.5,0.5028,-243.9,-0.2439
23,Entry long,2021-02-18 13:25:00-05:00,ORB close above 30m high,13596.0,5,135960.0,,,,,,,,
23,Exit long,2021-02-18 14:00:00-05:00,time,13600.25,5,135960.0,36.3,0.0267,292.5,0.2151,45.0,0.0331,-207.6,-0.2076
24,Entry long,2021-02-23 10:30:00-05:00,ORB close above 30m high,13025.25,5,130252.5,,,,,,,,
24,Exit long,2021-02-23 14:00:00-05:00,time,13045.5,5,130252.5,196.3,0.1507,940.0,0.7217,1405.0,1.0787,-11.3,-0.0113
25,Entry long,2021-02-24 11:15:00-05:00,ORB close above 30m high,13143.25,5,131432.5,,,,,,,,
25,Exit long,2021-02-24 12:10:00-05:00,target,13213.75,5,131432.5,698.8,0.5317,777.5,0.5916,17.5,0.0133,687.5,0.6875
26,Entry long,2021-02-26 12:10:00-05:00,ORB close above 30m high,13052.25,5,130522.5,,,,,,,,
26,Exit long,2021-02-26 14:00:00-05:00,time,12955.25,5,130522.5,-976.2,-0.7479,375.0,0.2873,1195.0,0.9156,-288.7,-0.2887
27,Entry long,2021-03-01 10:20:00-05:00,ORB close above 30m high,13132.0,5,131320.0,,,,,,,,
27,Exit long,2021-03-01 10:50:00-05:00,target,13177.62,5,131320.0,450.05,0.3427,545.0,0.415,55.0,0.0419,161.35,0.1613
28,Entry long,2021-03-04 11:45:00-05:00,ORB close above 30m high,12783.0,5,127830.0,,,,,,,,
28,Exit long,2021-03-04 12:25:00-05:00,stop,12568.5,5,127830.0,-2151.2,-1.6829,140.0,0.1095,2220.0,1.7367,-1989.85,-1.9898
29,Entry long,2021-03-08 10:35:00-05:00,ORB close above 30m high,12708.25,5,127082.5,,,,,,,,
29,Exit long,2021-03-08 11:50:00-05:00,stop,12526.25,5,127082.5,-1826.2,-1.437,70.0,0.0551,1882.5,1.4813,-3816.05,-3.8161
30,Entry long,2021-03-09 10:05:00-05:00,ORB close above 30m high,12724.75,5,127247.5,,,,,,,,
30,Exit long,2021-03-09 12:30:00-05:00,target,12793.38,5,127247.5,680.05,0.5344,702.5,0.5521,410.0,0.3222,-3136.0,-3.136
31,Entry long,2021-03-11 10:50:00-05:00,ORB close above 30m high,13009.5,5,130095.0,,,,,,,,
31,Exit long,2021-03-11 11:20:00-05:00,target,13048.12,5,130095.0,380.05,0.2921,520.0,0.3997,165.0,0.1268,-2755.95,-2.7559
32,Entry long,2021-03-12 12:30:00-05:00,ORB close above 30m high,12903.25,5,129032.5,,,,,,,,
32,Exit long,2021-03-12 14:00:00-05:00,time,12882.5,5,129032.5,-213.7,-0.1656,230.0,0.1782,487.5,0.3778,-2969.65,-2.9696
33,Entry long,2021-03-15 10:15:00-04:00,ORB close above 30m high,12987.5,5,129875.0,,,,,,,,
33,Exit long,2021-03-15 11:30:00-04:00,stop,12896.25,5,129875.0,-918.7,-0.7074,12.5,0.0096,920.0,0.7084,-3888.35,-3.8883
34,Entry long,2021-03-16 10:05:00-04:00,ORB close above 30m high,13245.0,5,132450.0,,,,,,,,
34,Exit long,2021-03-16 10:55:00-04:00,target,13296.12,5,132450.0,505.05,0.3813,517.5,0.3907,117.5,0.0887,-3383.3,-3.3833
35,Entry long,2021-03-17 10:20:00-04:00,ORB close above 30m high,13066.75,5,130667.5,,,,,,,,
35,Exit long,2021-03-17 14:00:00-04:00,time,12995.0,5,130667.5,-723.7,-0.5538,482.5,0.3693,1280.0,0.9796,-4107.0,-4.107
36,Entry long,2021-03-19 11:05:00-04:00,ORB close above 30m high,12841.5,5,128415.0,,,,,,,,
36,Exit long,2021-03-19 14:00:00-04:00,time,12869.25,5,128415.0,271.3,0.2113,497.5,0.3874,837.5,0.6522,-3835.7,-3.8357
37,Entry long,2021-03-22 10:35:00-04:00,ORB close above 30m high,13026.0,5,130260.0,,,,,,,,
37,Exit long,2021-03-22 11:10:00-04:00,target,13074.88,5,130260.0,482.55,0.3705,500.0,0.3838,140.0,0.1075,-3353.15,-3.3531
38,Entry long,2021-03-23 10:15:00-04:00,ORB close above 30m high,13122.75,5,131227.5,,,,,,,,
38,Exit long,2021-03-23 11:05:00-04:00,target,13158.62,5,131227.5,352.55,0.2687,402.5,0.3067,717.5,0.5468,-3000.6,-3.0006
39,Entry long,2021-03-25 10:05:00-04:00,ORB close above 30m high,12823.0,5,128230.0,,,,,,,,
39,Exit long,2021-03-25 10:45:00-04:00,stop,12688.0,5,128230.0,-1356.2,-1.0576,140.0,0.1092,1487.5,1.16,-4356.8,-4.3568
40,Entry long,2021-03-26 10:05:00-04:00,ORB close above 30m high,12850.5,5,128505.0,,,,,,,,
40,Exit long,2021-03-26 14:00:00-04:00,time,12798.75,5,128505.0,-523.7,-0.4075,217.5,0.1693,925.0,0.7198,-4880.5,-4.8805
41,Entry long,2021-03-29 13:05:00-04:00,ORB close above 30m high,12986.5,5,129865.0,,,,,,,,
41,Exit long,2021-03-29 14:00:00-04:00,time,12953.5,5,129865.0,-336.2,-0.2589,162.5,0.1251,520.0,0.4004,-5216.7,-5.2167
42,Entry long,2021-03-30 11:35:00-04:00,ORB close above 30m high,12895.25,5,128952.5,,,,,,,,
42,Exit long,2021-03-30 14:00:00-04:00,time,12851.5,5,128952.5,-443.7,-0.3441,210.0,0.1629,700.0,0.5428,-5660.4,-5.6604
43,Entry long,2021-03-31 10:05:00-04:00,ORB close above 30m high,13067.5,5,130675.0,,,,,,,,
43,Exit long,2021-03-31 10:50:00-04:00,target,13124.5,5,130675.0,563.8,0.4315,595.0,0.4553,27.5,0.021,-5096.6,-5.0966
44,Entry long,2021-04-01 10:10:00-04:00,ORB close above 30m high,13306.25,5,133062.5,,,,,,,,
44,Exit long,2021-04-01 14:00:00-04:00,time,13281.5,5,133062.5,-253.7,-0.1907,152.5,0.1146,462.5,0.3476,-5350.3,-5.3503
45,Entry long,2021-04-05 10:10:00-04:00,ORB close above 30m high,13490.75,5,134907.5,,,,,,,,
45,Exit long,2021-04-05 10:35:00-04:00,target,13531.25,5,134907.5,398.8,0.2956,412.5,0.3058,52.5,0.0389,-4951.5,-4.9515
46,Entry long,2021-04-06 10:05:00-04:00,ORB close above 30m high,13605.0,5,136050.0,,,,,,,,
46,Exit long,2021-04-06 11:10:00-04:00,target,13637.88,5,136050.0,322.55,0.2371,332.5,0.2444,410.0,0.3014,-4628.95,-4.6289
47,Entry long,2021-04-07 10:05:00-04:00,ORB close above 30m high,13593.0,5,135930.0,,,,,,,,
47,Exit long,2021-04-07 14:00:00-04:00,time,13598.25,5,135930.0,46.3,0.0341,380.0,0.2796,332.5,0.2446,-4582.65,-4.5826
48,Entry long,2021-04-09 10:05:00-04:00,ORB close above 30m high,13732.5,5,137325.0,,,,,,,,
48,Exit long,2021-04-09 11:55:00-04:00,target,13769.38,5,137325.0,362.55,0.264,387.5,0.2822,377.5,0.2749,-4220.1,-4.2201
49,Entry long,2021-04-12 12:35:00-04:00,ORB close above 30m high,13814.0,5,138140.0,,,,,,,,
49,Exit long,2021-04-12 14:00:00-04:00,time,13782.5,5,138140.0,-321.2,-0.2325,147.5,0.1068,362.5,0.2624,-4541.3,-4.5413
50,Entry long,2021-04-15 10:30:00-04:00,ORB close above 30m high,13989.25,5,139892.5,,,,,,,,
50,Exit long,2021-04-15 14:00:00-04:00,time,14013.75,5,139892.5,238.8,0.1707,327.5,0.2341,460.0,0.3288,-4302.5,-4.3025
51,Entry long,2021-04-21 10:30:00-04:00,ORB close above 30m high,13816.0,5,138160.0,,,,,,,,
51,Exit long,2021-04-21 11:55:00-04:00,target,13873.62,5,138160.0,570.05,0.4126,607.5,0.4397,477.5,0.3456,-3732.45,-3.7324
52,Entry long,2021-04-22 10:35:00-04:00,ORB close above 30m high,13931.0,5,139310.0,,,,,,,,
52,Exit long,2021-04-22 13:10:00-04:00,stop,13855.0,5,139310.0,-766.2,-0.55,130.0,0.0933,1070.0,0.7681,-4498.65,-4.4986
53,Entry long,2021-04-23 10:05:00-04:00,ORB close above 30m high,13838.0,5,138380.0,,,,,,,,
53,Exit long,2021-04-23 10:55:00-04:00,target,13868.88,5,138380.0,302.55,0.2186,360.0,0.2602,130.0,0.0939,-4196.1,-4.1961
54,Entry long,2021-04-26 10:10:00-04:00,ORB close above 30m high,13952.5,5,139525.0,,,,,,,,
54,Exit long,2021-04-26 10:50:00-04:00,target,13977.38,5,139525.0,242.55,0.1738,252.5,0.181,87.5,0.0627,-3953.55,-3.9535
55,Entry long,2021-04-30 10:25:00-04:00,ORB close above 30m high,13923.5,5,139235.0,,,,,,,,
55,Exit long,2021-04-30 13:50:00-04:00,stop,13840.0,5,139235.0,-841.2,-0.6042,335.0,0.2406,895.0,0.6428,-4794.75,-4.7947
56,Entry long,2021-05-03 10:15:00-04:00,ORB close above 30m high,13929.75,5,139297.5,,,,,,,,
56,Exit long,2021-05-03 10:50:00-04:00,stop,13850.75,5,139297.5,-796.2,-0.5716,177.5,0.1274,905.0,0.6497,-5590.95,-5.5909
57,Entry long,2021-05-06 11:35:00-04:00,ORB close above 30m high,13523.75,5,135237.5,,,,,,,,
57,Exit long,2021-05-06 12:25:00-04:00,target,13573.25,5,135237.5,488.8,0.3614,582.5,0.4307,45.0,0.0333,-5102.15,-5.1021
58,Entry long,2021-05-07 10:10:00-04:00,ORB close above 30m high,13764.5,5,137645.0,,,,,,,,
58,Exit long,2021-05-07 14:00:00-04:00,time,13681.0,5,137645.0,-841.2,-0.6111,460.0,0.3342,1025.0,0.7447,-5943.35,-5.9433
59,Entry long,2021-05-11 11:20:00-04:00,ORB close above 30m high,13272.25,5,132722.5,,,,,,,,
59,Exit long,2021-05-11 13:40:00-04:00,target,13366.25,5,132722.5,933.8,0.7036,970.0,0.7308,245.0,0.1846,-5009.55,-5.0095
60,Entry long,2021-05-13 10:05:00-04:00,ORB close above 30m high,13189.25,5,131892.5,,,,,,,,
60,Exit long,2021-05-13 11:40:00-04:00,stop,13085.75,5,131892.5,-1041.2,-0.7894,357.5,0.2711,1255.0,0.9515,-6050.75,-6.0507
61,Entry long,2021-05-14 10:15:00-04:00,ORB close above 30m high,13287.0,5,132870.0,,,,,,,,
61,Exit long,2021-05-14 10:55:00-04:00,target,13326.12,5,132870.0,385.05,0.2898,412.5,0.3105,120.0,0.0903,-5665.7,-5.6657
62,Entry long,2021-05-18 10:30:00-04:00,ORB close above 30m high,13382.75,5,133827.5,,,,,,,,
62,Exit long,2021-05-18 14:00:00-04:00,time,13331.0,5,133827.5,-523.7,-0.3913,137.5,0.1027,645.0,0.482,-6189.4,-6.1894
63,Entry long,2021-05-19 10:30:00-04:00,ORB close above 30m high,13092.0,5,130920.0,,,,,,,,
63,Exit long,2021-05-19 12:15:00-04:00,target,13153.0,5,130920.0,603.8,0.4612,717.5,0.548,480.0,0.3666,-5585.6,-5.5856
64,Entry long,2021-05-20 10:05:00-04:00,ORB close above 30m high,13406.5,5,134065.0,,,,,,,,
64,Exit long,2021-05-20 11:25:00-04:00,target,13468.75,5,134065.0,616.3,0.4597,652.5,0.4867,97.5,0.0727,-4969.3,-4.9693
65,Entry long,2021-05-24 10:05:00-04:00,ORB close above 30m high,13590.0,5,135900.0,,,,,,,,
65,Exit long,2021-05-24 10:20:00-04:00,target,13638.25,5,135900.0,476.3,0.3505,485.0,0.3569,57.5,0.0423,-4493.0,-4.493
66,Entry long,2021-05-26 11:10:00-04:00,ORB close above 30m high,13711.75,5,137117.5,,,,,,,,
66,Exit long,2021-05-26 14:00:00-04:00,time,13686.25,5,137117.5,-261.2,-0.1905,132.5,0.0966,360.0,0.2625,-4754.2,-4.7542
67,Entry long,2021-05-27 10:20:00-04:00,ORB close above 30m high,13699.25,5,136992.5,,,,,,,,
67,Exit long,2021-05-27 14:00:00-04:00,time,13686.5,5,136992.5,-133.7,-0.0976,215.0,0.1569,277.5,0.2026,-4887.9,-4.8879
68,Entry long,2021-05-28 11:45:00-04:00,ORB close above 30m high,13745.5,5,137455.0,,,,,,,,
68,Exit long,2021-05-28 14:00:00-04:00,time,13716.25,5,137455.0,-298.7,-0.2173,177.5,0.1291,395.0,0.2874,-5186.6,-5.1866
69,Entry long,2021-06-03 11:00:00-04:00,ORB close above 30m high,13579.25,5,135792.5,,,,,,,,
69,Exit long,2021-06-03 14:00:00-04:00,time,13566.0,5,135792.5,-138.7,-0.1021,305.0,0.2246,527.5,0.3885,-5325.3,-5.3253
70,Entry long,2021-06-04 10:05:00-04:00,ORB close above 30m high,13733.0,5,137330.0,,,,,,,,
70,Exit long,2021-06-04 14:00:00-04:00,time,13774.5,5,137330.0,408.8,0.2977,460.0,0.335,122.5,0.0892,-4916.5,-4.9165
71,Entry long,2021-06-14 12:05:00-04:00,ORB close above 30m high,14041.25,5,140412.5,,,,,,,,
71,Exit long,2021-06-14 14:00:00-04:00,time,14059.0,5,140412.5,171.3,0.122,232.5,0.1656,82.5,0.0588,-4745.2,-4.7452
72,Entry long,2021-06-16 10:15:00-04:00,ORB close above 30m high,14089.5,5,140895.0,,,,,,,,
72,Exit long,2021-06-16 11:05:00-04:00,stop,14042.25,5,140895.0,-478.7,-0.3398,60.0,0.0426,485.0,0.3442,-5223.9,-5.2239
73,Entry long,2021-06-17 10:05:00-04:00,ORB close above 30m high,14040.75,5,140407.5,,,,,,,,
73,Exit long,2021-06-17 10:25:00-04:00,target,14094.88,5,140407.5,535.05,0.3811,552.5,0.3935,250.0,0.1781,-4688.85,-4.6888
74,Entry long,2021-06-21 10:40:00-04:00,ORB close above 30m high,14081.75,5,140817.5,,,,,,,,
74,Exit long,2021-06-21 13:50:00-04:00,target,14143.0,5,140817.5,606.3,0.4306,622.5,0.4421,22.5,0.016,-4082.55,-4.0825
75,Entry long,2021-06-22 11:10:00-04:00,ORB close above 30m high,14187.75,5,141877.5,,,,,,,,
75,Exit long,2021-06-22 12:25:00-04:00,target,14227.75,5,141877.5,393.8,0.2776,422.5,0.2978,7.5,0.0053,-3688.75,-3.6887
76,Entry long,2021-06-24 10:10:00-04:00,ORB close above 30m high,14387.25,5,143872.5,,,,,,,,
76,Exit long,2021-06-24 10:40:00-04:00,target,14408.62,5,143872.5,207.55,0.1443,245.0,0.1703,45.0,0.0313,-3481.2,-3.4812
77,Entry long,2021-06-28 10:10:00-04:00,ORB close above 30m high,14467.5,5,144675.0,,,,,,,,
77,Exit long,2021-06-28 14:00:00-04:00,time,14463.0,5,144675.0,-51.2,-0.0354,275.0,0.1901,125.0,0.0864,-3532.4,-3.5324
78,Entry long,2021-06-29 12:20:00-04:00,ORB close above 30m high,14533.75,5,145337.5,,,,,,,,
78,Exit long,2021-06-29 14:00:00-04:00,time,14551.0,5,145337.5,166.3,0.1144,207.5,0.1428,37.5,0.0258,-3366.1,-3.3661
79,Entry long,2021-07-02 11:55:00-04:00,ORB close above 30m high,14670.5,5,146705.0,,,,,,,,
79,Exit long,2021-07-02 14:00:00-04:00,time,14690.25,5,146705.0,191.3,0.1304,235.0,0.1602,150.0,0.1022,-3174.8,-3.1748
80,Entry long,2021-07-06 10:10:00-04:00,ORB close above 30m high,14786.25,5,147862.5,,,,,,,,
80,Exit long,2021-07-06 10:30:00-04:00,stop,14738.5,5,147862.5,-483.7,-0.3271,35.0,0.0237,610.0,0.4125,-3658.5,-3.6585
81,Entry long,2021-07-08 10:30:00-04:00,ORB close above 30m high,14644.75,5,146447.5,,,,,,,,
81,Exit long,2021-07-08 12:25:00-04:00,target,14696.88,5,146447.5,515.05,0.3517,525.0,0.3585,790.0,0.5394,-3143.45,-3.1434
82,Entry long,2021-07-09 10:25:00-04:00,ORB close above 30m high,14728.25,5,147282.5,,,,,,,,
82,Exit long,2021-07-09 10:50:00-04:00,target,14758.0,5,147282.5,291.3,0.1978,440.0,0.2987,247.5,0.168,-2852.15,-2.8521
83,Entry long,2021-07-13 10:05:00-04:00,ORB close above 30m high,14927.5,5,149275.0,,,,,,,,
83,Exit long,2021-07-13 10:35:00-04:00,target,14970.0,5,149275.0,418.8,0.2806,455.0,0.3048,130.0,0.0871,-2433.35,-2.4333
84,Entry long,2021-07-14 10:05:00-04:00,ORB close above 30m high,14992.5,5,149925.0,,,,,,,,
84,Exit long,2021-07-14 11:25:00-04:00,stop,14934.5,5,149925.0,-586.2,-0.391,22.5,0.015,847.5,0.5653,-3019.55,-3.0195
85,Entry long,2021-07-20 10:25:00-04:00,ORB close above 30m high,14608.5,5,146085.0,,,,,,,,
85,Exit long,2021-07-20 10:50:00-04:00,target,14654.12,5,146085.0,450.05,0.3081,522.5,0.3577,272.5,0.1865,-2569.5,-2.5695
86,Entry long,2021-07-21 10:25:00-04:00,ORB close above 30m high,14761.5,5,147615.0,,,,,,,,
86,Exit long,2021-07-21 14:00:00-04:00,time,14779.0,5,147615.0,168.8,0.1144,277.5,0.188,262.5,0.1778,-2400.7,-2.4007
87,Entry long,2021-07-22 10:30:00-04:00,ORB close above 30m high,14904.75,5,149047.5,,,,,,,,
87,Exit long,2021-07-22 14:00:00-04:00,time,14905.5,5,149047.5,1.3,0.0009,185.0,0.1241,542.5,0.364,-2399.4,-2.3994
88,Entry long,2021-07-23 10:20:00-04:00,ORB close above 30m high,14997.75,5,149977.5,,,,,,,,
88,Exit long,2021-07-23 11:15:00-04:00,target,15029.25,5,149977.5,308.8,0.2059,470.0,0.3134,140.0,0.0933,-2090.6,-2.0906
89,Entry long,2021-07-26 10:05:00-04:00,ORB close above 30m high,15112.75,5,151127.5,,,,,,,,
89,Exit long,2021-07-26 14:00:00-04:00,time,15105.0,5,151127.5,-83.7,-0.0554,215.0,0.1423,305.0,0.2018,-2174.3,-2.1743
90,Entry long,2021-07-28 10:20:00-04:00,ORB close above 30m high,15054.25,5,150542.5,,,,,,,,
90,Exit long,2021-07-28 14:00:00-04:00,time,14972.75,5,150542.5,-821.2,-0.5455,205.0,0.1362,1325.0,0.8802,-2995.5,-2.9955
91,Entry long,2021-07-30 10:05:00-04:00,ORB close above 30m high,14977.0,5,149770.0,,,,,,,,
91,Exit long,2021-07-30 14:00:00-04:00,time,14964.5,5,149770.0,-131.2,-0.0876,22.5,0.015,667.5,0.4457,-3126.7,-3.1267
92,Entry long,2021-08-02 11:25:00-04:00,ORB close above 30m high,15045.75,5,150457.5,,,,,,,,
92,Exit long,2021-08-02 14:00:00-04:00,time,14985.5,5,150457.5,-608.7,-0.4046,55.0,0.0366,845.0,0.5616,-3735.4,-3.7354
93,Entry long,2021-08-03 12:00:00-04:00,ORB close above 30m high,15011.0,5,150110.0,,,,,,,,
93,Exit long,2021-08-03 14:00:00-04:00,time,15019.5,5,150110.0,78.8,0.0525,257.5,0.1715,312.5,0.2082,-3656.6,-3.6566
94,Entry long,2021-08-04 13:05:00-04:00,ORB close above 30m high,15075.25,5,150752.5,,,,,,,,
94,Exit long,2021-08-04 14:00:00-04:00,time,15074.75,5,150752.5,-11.2,-0.0074,277.5,0.1841,55.0,0.0365,-3667.8,-3.6678
95,Entry long,2021-08-05 10:20:00-04:00,ORB close above 30m high,15131.0,5,151310.0,,,,,,,,
95,Exit long,2021-08-05 11:00:00-04:00,target,15159.88,5,151310.0,282.55,0.1867,350.0,0.2313,280.0,0.1851,-3385.25,-3.3852
96,Entry long,2021-08-12 10:20:00-04:00,ORB close above 30m high,15008.25,5,150082.5,,,,,,,,
96,Exit long,2021-08-12 10:35:00-04:00,target,15039.0,5,150082.5,301.3,0.2008,312.5,0.2082,42.5,0.0283,-3083.95,-3.0839
97,Entry long,2021-08-13 10:20:00-04:00,ORB close above 30m high,15133.75,5,151337.5,,,,,,,,
97,Exit long,2021-08-13 14:00:00-04:00,time,15115.5,5,151337.5,-188.7,-0.1247,77.5,0.0512,415.0,0.2742,-3272.65,-3.2726
98,Entry long,2021-08-17 10:45:00-04:00,ORB close above 30m high,15050.0,5,150500.0,,,,,,,,
98,Exit long,2021-08-17 11:55:00-04:00,stop,14954.5,5,150500.0,-961.2,-0.6387,77.5,0.0515,1122.5,0.7458,-4233.85,-4.2338
99,Entry long,2021-08-19 10:10:00-04:00,ORB close above 30m high,14846.75,5,148467.5,,,,,,,,
99,Exit long,2021-08-19 10:55:00-04:00,target,14888.12,5,148467.5,407.55,0.2745,527.5,0.3553,232.5,0.1566,-3826.3,-3.8263
100,Entry long,2021-08-20 10:05:00-04:00,ORB close above 30m high,15059.5,5,150595.0,,,,,,,,
100,Exit long,2021-08-20 14:00:00-04:00,time,15053.75,5,150595.0,-63.7,-0.0423,385.0,0.2557,577.5,0.3835,-3890.0,-3.89
101,Entry long,2021-08-23 10:05:00-04:00,ORB close above 30m high,15230.25,5,152302.5,,,,,,,,
101,Exit long,2021-08-23 11:30:00-04:00,target,15282.75,5,152302.5,518.8,0.3406,555.0,0.3644,80.0,0.0525,-3371.2,-3.3712
102,Entry long,2021-08-24 10:10:00-04:00,ORB close above 30m high,15361.25,5,153612.5,,,,,,,,
102,Exit long,2021-08-24 14:00:00-04:00,time,15347.25,5,153612.5,-146.2,-0.0952,190.0,0.1237,310.0,0.2018,-3517.4,-3.5174
103,Entry long,2021-08-27 10:05:00-04:00,ORB close above 30m high,15361.75,5,153617.5,,,,,,,,
103,Exit long,2021-08-27 10:15:00-04:00,target,15400.25,5,153617.5,378.8,0.2466,622.5,0.4052,205.0,0.1334,-3138.6,-3.1386
104,Entry long,2021-08-30 10:05:00-04:00,ORB close above 30m high,15545.5,5,155455.0,,,,,,,,
104,Exit long,2021-08-30 11:45:00-04:00,target,15590.38,5,155455.0,442.55,0.2847,520.0,0.3345,80.0,0.0515,-2696.05,-2.696
105,Entry long,2021-09-03 10:05:00-04:00,ORB close above 30m high,15661.5,5,156615.0,,,,,,,,
105,Exit long,2021-09-03 14:00:00-04:00,time,15656.5,5,156615.0,-56.2,-0.0359,72.5,0.0463,570.0,0.3639,-2752.25,-2.7522
106,Entry long,2021-09-06 10:05:00-04:00,ORB close above 30m high,15706.25,5,157062.5,,,,,,,,
106,Exit long,2021-09-06 18:00:00-04:00,time,15700.75,5,157062.5,-61.2,-0.039,12.5,0.008,127.5,0.0812,-2813.45,-2.8134
107,Entry long,2021-09-07 10:55:00-04:00,ORB close above 30m high,15673.5,5,156735.0,,,,,,,,
107,Exit long,2021-09-07 14:00:00-04:00,time,15691.75,5,156735.0,176.3,0.1125,280.0,0.1786,412.5,0.2632,-2637.15,-2.6371
108,Entry long,2021-09-15 13:00:00-04:00,ORB close above 30m high,15439.5,5,154395.0,,,,,,,,
108,Exit long,2021-09-15 14:00:00-04:00,time,15452.5,5,154395.0,123.8,0.0802,285.0,0.1846,50.0,0.0324,-2513.35,-2.5133
109,Entry long,2021-09-22 10:05:00-04:00,ORB close above 30m high,15094.0,5,150940.0,,,,,,,,
109,Exit long,2021-09-22 10:30:00-04:00,target,15133.38,5,150940.0,387.55,0.2568,425.0,0.2816,105.0,0.0696,-2125.8,-2.1258
110,Entry long,2021-09-23 10:05:00-04:00,ORB close above 30m high,15319.0,5,153190.0,,,,,,,,
110,Exit long,2021-09-23 14:00:00-04:00,time,15344.75,5,153190.0,251.3,0.164,277.5,0.1811,532.5,0.3476,-1874.5,-1.8745
111,Entry long,2021-09-24 10:05:00-04:00,ORB close above 30m high,15257.25,5,152572.5,,,,,,,,
111,Exit long,2021-09-24 12:45:00-04:00,target,15290.75,5,152572.5,328.8,0.2155,337.5,0.2212,522.5,0.3425,-1545.7,-1.5457
112,Entry long,2021-09-27 11:05:00-04:00,ORB close above 30m high,15221.5,5,152215.0,,,,,,,,
112,Exit long,2021-09-27 14:00:00-04:00,time,15199.75,5,152215.0,-223.7,-0.147,15.0,0.0099,1015.0,0.6668,-1769.4,-1.7694
113,Entry long,2021-10-01 13:50:00-04:00,ORB close above 30m high,14740.5,5,147405.0,,,,,,,,
113,Exit long,2021-10-01 14:00:00-04:00,time,14717.75,5,147405.0,-233.7,-0.1585,12.5,0.0085,285.0,0.1933,-2003.1,-2.0031
114,Entry long,2021-10-05 10:05:00-04:00,ORB close above 30m high,14606.5,5,146065.0,,,,,,,,
114,Exit long,2021-10-05 10:45:00-04:00,target,14661.25,5,146065.0,541.3,0.3706,575.0,0.3937,135.0,0.0924,-1461.8,-1.4618
115,Entry long,2021-10-06 10:25:00-04:00,ORB close above 30m high,14658.5,5,146585.0,,,,,,,,
115,Exit long,2021-10-06 14:00:00-04:00,time,14691.5,5,146585.0,323.8,0.2209,510.0,0.3479,910.0,0.6208,-1138.0,-1.138
116,Entry long,2021-10-07 10:05:00-04:00,ORB close above 30m high,14971.25,5,149712.5,,,,,,,,
116,Exit long,2021-10-07 14:00:00-04:00,time,14962.25,5,149712.5,-96.2,-0.0643,300.0,0.2004,345.0,0.2304,-1234.2,-1.2342
117,Entry long,2021-10-11 10:05:00-04:00,ORB close above 30m high,14868.0,5,148680.0,,,,,,,,
117,Exit long,2021-10-11 14:00:00-04:00,time,14782.25,5,148680.0,-863.7,-0.5809,287.5,0.1934,1100.0,0.7398,-2097.9,-2.0979
118,Entry long,2021-10-14 10:05:00-04:00,ORB close above 30m high,14973.5,5,149735.0,,,,,,,,
118,Exit long,2021-10-14 11:55:00-04:00,target,15014.75,5,149735.0,406.3,0.2713,455.0,0.3039,80.0,0.0534,-1691.6,-1.6916
119,Entry long,2021-10-15 11:00:00-04:00,ORB close above 30m high,15110.75,5,151107.5,,,,,,,,
119,Exit long,2021-10-15 14:00:00-04:00,time,15099.0,5,151107.5,-123.7,-0.0819,102.5,0.0678,522.5,0.3458,-1815.3,-1.8153
120,Entry long,2021-10-18 10:10:00-04:00,ORB close above 30m high,15153.5,5,151535.0,,,,,,,,
120,Exit long,2021-10-18 11:25:00-04:00,target,15204.12,5,151535.0,500.05,0.33,510.0,0.3366,277.5,0.1831,-1315.25,-1.3152
121,Entry long,2021-10-19 10:30:00-04:00,ORB close above 30m high,15359.5,5,153595.0,,,,,,,,
121,Exit long,2021-10-19 12:55:00-04:00,target,15387.88,5,153595.0,277.55,0.1807,355.0,0.2311,317.5,0.2067,-1037.7,-1.0377
122,Entry long,2021-10-20 10:35:00-04:00,ORB close above 30m high,15445.25,5,154452.5,,,,,,,,
122,Exit long,2021-10-20 11:00:00-04:00,stop,15396.5,5,154452.5,-493.7,-0.3196,2.5,0.0016,620.0,0.4014,-1531.4,-1.5314
123,Entry long,2021-10-21 10:10:00-04:00,ORB close above 30m high,15399.75,5,153997.5,,,,,,,,
123,Exit long,2021-10-21 10:40:00-04:00,target,15432.25,5,153997.5,318.8,0.207,362.5,0.2354,112.5,0.0731,-1212.6,-1.2126
124,Entry long,2021-10-22 10:30:00-04:00,ORB close above 30m high,15463.0,5,154630.0,,,,,,,,
124,Exit long,2021-10-22 11:15:00-04:00,stop,15385.25,5,154630.0,-783.7,-0.5068,7.5,0.0049,1150.0,0.7437,-1996.3,-1.9963
125,Entry long,2021-10-25 12:00:00-04:00,ORB close above 30m high,15436.75,5,154367.5,,,,,,,,
125,Exit long,2021-10-25 12:35:00-04:00,target,15493.75,5,154367.5,563.8,0.3652,590.0,0.3822,27.5,0.0178,-1432.5,-1.4325
126,Entry long,2021-10-26 10:15:00-04:00,ORB close above 30m high,15674.75,5,156747.5,,,,,,,,
126,Exit long,2021-10-26 12:00:00-04:00,stop,15580.0,5,156747.5,-953.7,-0.6084,262.5,0.1675,1052.5,0.6715,-2386.2,-2.3862
127,Entry long,2021-10-27 10:55:00-04:00,ORB close above 30m high,15649.25,5,156492.5,,,,,,,,
127,Exit long,2021-10-27 13:05:00-04:00,target,15694.5,5,156492.5,446.3,0.2852,470.0,0.3003,365.0,0.2332,-1939.9,-1.9399
128,Entry long,2021-10-28 10:30:00-04:00,ORB close above 30m high,15699.25,5,156992.5,,,,,,,,
128,Exit long,2021-10-28 10:45:00-04:00,target,15730.75,5,156992.5,308.8,0.1967,480.0,0.3057,37.5,0.0239,-1631.1,-1.6311
129,Entry long,2021-10-29 11:10:00-04:00,ORB close above 30m high,15708.25,5,157082.5,,,,,,,,
129,Exit long,2021-10-29 12:05:00-04:00,target,15754.12,5,157082.5,452.55,0.2881,517.5,0.3294,7.5,0.0048,-1178.55,-1.1785
130,Entry long,2021-11-02 11:45:00-04:00,ORB close above 30m high,15972.0,5,159720.0,,,,,,,,
130,Exit long,2021-11-02 14:00:00-04:00,time,15937.75,5,159720.0,-348.7,-0.2183,82.5,0.0517,597.5,0.3741,-1527.25,-1.5272
131,Entry long,2021-11-04 10:05:00-04:00,ORB close above 30m high,16253.75,5,162537.5,,,,,,,,
131,Exit long,2021-11-04 10:30:00-04:00,target,16301.88,5,162537.5,475.05,0.2923,645.0,0.3968,97.5,0.06,-1052.2,-1.0522
132,Entry long,2021-11-10 10:05:00-05:00,ORB close above 30m high,16182.75,5,161827.5,,,,,,,,
132,Exit long,2021-11-10 13:15:00-05:00,stop,16041.25,5,161827.5,-1421.2,-0.8782,367.5,0.2271,1550.0,0.9578,-2473.4,-2.4734
133,Entry long,2021-11-12 10:50:00-05:00,ORB close above 30m high,16087.25,5,160872.5,,,,,,,,
133,Exit long,2021-11-12 11:00:00-05:00,target,16129.75,5,160872.5,418.8,0.2603,472.5,0.2937,47.5,0.0295,-2054.6,-2.0546
134,Entry long,2021-11-16 11:05:00-05:00,ORB close above 30m high,16255.5,5,162555.0,,,,,,,,
134,Exit long,2021-11-16 11:35:00-05:00,target,16308.5,5,162555.0,523.8,0.3222,537.5,0.3307,100.0,0.0615,-1530.8,-1.5308
135,Entry long,2021-11-17 10:40:00-05:00,ORB close above 30m high,16345.0,5,163450.0,,,,,,,,
135,Exit long,2021-11-17 11:55:00-05:00,target,16382.38,5,163450.0,367.55,0.2249,457.5,0.2799,210.0,0.1285,-1163.25,-1.1632
136,Entry long,2021-11-18 11:35:00-05:00,ORB close above 30m high,16430.5,5,164305.0,,,,,,,,
136,Exit long,2021-11-18 11:45:00-05:00,target,16468.75,5,164305.0,376.3,0.229,485.0,0.2952,92.5,0.0563,-786.95,-0.7869
137,Entry long,2021-11-19 11:40:00-05:00,ORB close above 30m high,16618.25,5,166182.5,,,,,,,,
137,Exit long,2021-11-19 14:00:00-05:00,time,16580.75,5,166182.5,-381.2,-0.2294,100.0,0.0602,845.0,0.5085,-1168.15,-1.1681
138,Entry long,2021-11-22 10:05:00-05:00,ORB close above 30m high,16744.75,5,167447.5,,,,,,,,
138,Exit long,2021-11-22 11:10:00-05:00,stop,16638.0,5,167447.5,-1073.7,-0.6412,227.5,0.1359,1072.5,0.6405,-2241.85,-2.2418
139,Entry long,2021-11-24 10:05:00-05:00,ORB close above 30m high,16225.75,5,162257.5,,,,,,,,
139,Exit long,2021-11-24 11:15:00-05:00,target,16287.38,5,162257.5,610.05,0.376,740.0,0.4561,687.5,0.4237,-1631.8,-1.6318
140,Entry long,2021-11-29 11:35:00-05:00,ORB close above 30m high,16317.5,5,163175.0,,,,,,,,
140,Exit long,2021-11-29 12:05:00-05:00,target,16372.0,5,163175.0,538.8,0.3302,630.0,0.3861,57.5,0.0352,-1093.0,-1.093
141,Entry long,2021-11-30 10:05:00-05:00,ORB close above 30m high,16422.25,5,164222.5,,,,,,,,
141,Exit long,2021-11-30 10:45:00-05:00,stop,16318.5,5,164222.5,-1043.7,-0.6355,342.5,0.2086,1612.5,0.9819,-2136.7,-2.1367
142,Entry long,2021-12-01 10:10:00-05:00,ORB close above 30m high,16371.75,5,163717.5,,,,,,,,
142,Exit long,2021-12-01 11:15:00-05:00,target,16422.0,5,163717.5,496.3,0.3031,560.0,0.3421,960.0,0.5864,-1640.4,-1.6404
143,Entry long,2021-12-02 10:05:00-05:00,ORB close above 30m high,16018.75,5,160187.5,,,,,,,,
143,Exit long,2021-12-02 10:40:00-05:00,stop,15786.75,5,160187.5,-2326.2,-1.4522,12.5,0.0078,2467.5,1.5404,-3966.6,-3.9666
144,Entry long,2021-12-06 10:20:00-05:00,ORB close above 30m high,15763.25,5,157632.5,,,,,,,,
144,Exit long,2021-12-06 13:25:00-05:00,target,15865.0,5,157632.5,1011.3,0.6416,1137.5,0.7216,1072.5,0.6804,-2955.3,-2.9553
145,Entry long,2021-12-07 10:10:00-05:00,ORB close above 30m high,16245.5,5,162455.0,,,,,,,,
145,Exit long,2021-12-07 11:35:00-05:00,target,16308.5,5,162455.0,623.8,0.384,665.0,0.4093,142.5,0.0877,-2331.5,-2.3315
146,Entry long,2021-12-08 13:45:00-05:00,ORB close above 30m high,16368.75,5,163687.5,,,,,,,,
146,Exit long,2021-12-08 14:00:00-05:00,time,16356.0,5,163687.5,-133.7,-0.0817,102.5,0.0626,210.0,0.1283,-2465.2,-2.4652
147,Entry long,2021-12-17 10:50:00-05:00,ORB close above 30m high,15882.0,5,158820.0,,,,,,,,
147,Exit long,2021-12-17 14:00:00-05:00,time,15900.75,5,158820.0,181.3,0.1142,747.5,0.4707,1407.5,0.8862,-2283.9,-2.2839
148,Entry long,2021-12-21 12:15:00-05:00,ORB close above 30m high,15813.25,5,158132.5,,,,,,,,
148,Exit long,2021-12-21 13:30:00-05:00,target,15888.0,5,158132.5,741.3,0.4688,882.5,0.5581,105.0,0.0664,-1542.6,-1.5426
149,Entry long,2021-12-22 10:40:00-05:00,ORB close above 30m high,16066.0,5,160660.0,,,,,,,,
149,Exit long,2021-12-22 11:40:00-05:00,target,16131.88,5,160660.0,652.55,0.4062,677.5,0.4217,137.5,0.0856,-890.05,-0.89
150,Entry long,2021-12-23 10:15:00-05:00,ORB close above 30m high,16258.75,5,162587.5,,,,,,,,
150,Exit long,2021-12-23 11:00:00-05:00,target,16299.62,5,162587.5,402.55,0.2476,470.0,0.2891,135.0,0.083,-487.5,-0.4875
151,Entry long,2021-12-27 10:05:00-05:00,ORB close above 30m high,16457.75,5,164577.5,,,,,,,,
151,Exit long,2021-12-27 10:30:00-05:00,target,16514.12,5,164577.5,557.55,0.3388,672.5,0.4086,65.0,0.0395,70.05,0.0701
152,Entry long,2021-12-30 10:10:00-05:00,ORB close above 30m high,16538.0,5,165380.0,,,,,,,,
152,Exit long,2021-12-30 14:00:00-05:00,time,16534.0,5,165380.0,-46.2,-0.0279,295.0,0.1784,337.5,0.2041,23.85,0.0239
153,Entry long,2022-01-06 11:15:00-05:00,ORB close above 30m high,15861.0,5,158610.0,,,,,,,,
153,Exit long,2022-01-06 14:00:00-05:00,time,15822.5,5,158610.0,-391.2,-0.2466,347.5,0.2191,915.0,0.5769,-367.35,-0.3673
154,Entry long,2022-01-10 13:55:00-05:00,ORB close above 30m high,15418.25,5,154182.5,,,,,,,,
154,Exit long,2022-01-10 14:00:00-05:00,time,15409.0,5,154182.5,-98.7,-0.064,345.0,0.2238,265.0,0.1719,-466.05,-0.466
155,Entry long,2022-01-11 10:05:00-05:00,ORB close above 30m high,15621.0,5,156210.0,,,,,,,,
155,Exit long,2022-01-11 11:10:00-05:00,target,15694.0,5,156210.0,723.8,0.4634,865.0,0.5537,1167.5,0.7474,257.75,0.2578
156,Entry long,2022-01-12 10:15:00-05:00,ORB close above 30m high,16003.5,5,160035.0,,,,,,,,
156,Exit long,2022-01-12 10:40:00-05:00,stop,15884.25,5,160035.0,-1198.7,-0.749,27.5,0.0172,1455.0,0.9092,-940.95,-0.9409
157,Entry long,2022-01-18 10:10:00-05:00,ORB close above 30m high,15408.25,5,154082.5,,,,,,,,
157,Exit long,2022-01-18 11:30:00-05:00,stop,15272.25,5,154082.5,-1366.2,-0.8867,267.5,0.1736,1537.5,0.9978,-2307.15,-2.3071
158,Entry long,2022-01-20 10:35:00-05:00,ORB close above 30m high,15302.75,5,153027.5,,,,,,,,
158,Exit long,2022-01-20 14:00:00-05:00,time,15179.0,5,153027.5,-1243.7,-0.8127,377.5,0.2467,1302.5,0.8512,-3550.85,-3.5508
159,Entry long,2022-01-21 11:25:00-05:00,ORB close above 30m high,14844.5,5,148445.0,,,,,,,,
159,Exit long,2022-01-21 12:20:00-05:00,stop,14630.5,5,148445.0,-2146.2,-1.4458,75.0,0.0505,2217.5,1.4938,-5697.05,-5.697
160,Entry long,2022-01-26 10:05:00-05:00,ORB close above 30m high,14505.25,5,145052.5,,,,,,,,
160,Exit long,2022-01-26 10:40:00-05:00,stop,14349.75,5,145052.5,-1561.2,-1.0763,92.5,0.0638,1680.0,1.1582,-7258.25,-7.2582
161,Entry long,2022-01-27 10:15:00-05:00,ORB close above 30m high,14401.25,5,144012.5,,,,,,,,
161,Exit long,2022-01-27 10:30:00-05:00,stop,14231.5,5,144012.5,-1703.7,-1.183,52.5,0.0365,1937.5,1.3454,-8961.95,-8.9619
162,Entry long,2022-01-28 10:55:00-05:00,ORB close above 30m high,14109.75,5,141097.5,,,,,,,,
162,Exit long,2022-01-28 11:15:00-05:00,target,14230.88,5,141097.5,1205.05,0.8541,1387.5,0.9834,267.5,0.1896,-7756.9,-7.7569
163,Entry long,2022-01-31 10:05:00-05:00,ORB close above 30m high,14650.0,5,146500.0,,,,,,,,
163,Exit long,2022-01-31 11:50:00-05:00,target,14766.62,5,146500.0,1160.05,0.7918,1232.5,0.8413,102.5,0.07,-6596.85,-6.5968
164,Entry long,2022-02-03 10:30:00-05:00,ORB close above 30m high,14822.5,5,148225.0,,,,,,,,
164,Exit long,2022-02-03 11:55:00-05:00,stop,14677.0,5,148225.0,-1461.2,-0.9858,205.0,0.1383,1587.5,1.071,-8058.05,-8.058
165,Entry long,2022-02-04 10:05:00-05:00,ORB close above 30m high,14610.0,5,146100.0,,,,,,,,
165,Exit long,2022-02-04 13:00:00-05:00,target,14698.25,5,146100.0,876.3,0.5998,932.5,0.6383,1680.0,1.1499,-7181.75,-7.1817
166,Entry long,2022-02-08 10:50:00-05:00,ORB close above 30m high,14592.75,5,145927.5,,,,,,,,
166,Exit long,2022-02-08 11:00:00-05:00,target,14638.38,5,145927.5,450.05,0.3084,552.5,0.3786,115.0,0.0788,-6731.7,-6.7317
167,Entry long,2022-02-09 11:05:00-05:00,ORB close above 30m high,14964.0,5,149640.0,,,,,,,,
167,Exit long,2022-02-09 14:00:00-05:00,time,14982.25,5,149640.0,176.3,0.1178,350.0,0.2339,545.0,0.3642,-6555.4,-6.5554
168,Entry long,2022-02-10 10:05:00-05:00,ORB close above 30m high,14958.25,5,149582.5,,,,,,,,
168,Exit long,2022-02-10 13:35:00-05:00,stop,14735.0,5,149582.5,-2238.7,-1.4966,707.5,0.473,2297.5,1.5359,-8794.1,-8.7941
169,Entry long,2022-02-14 11:20:00-05:00,ORB close above 30m high,14338.0,5,143380.0,,,,,,,,
169,Exit long,2022-02-14 13:50:00-05:00,stop,14182.0,5,143380.0,-1566.2,-1.0923,560.0,0.3906,1737.5,1.2118,-10360.3,-10.3603
170,Entry long,2022-02-15 10:45:00-05:00,ORB close above 30m high,14540.25,5,145402.5,,,,,,,,
170,Exit long,2022-02-15 12:45:00-05:00,stop,14444.75,5,145402.5,-961.2,-0.6611,237.5,0.1633,1122.5,0.772,-11321.5,-11.3215
171,Entry long,2022-02-22 10:30:00-05:00,ORB close above 30m high,14105.5,5,141055.0,,,,,,,,
171,Exit long,2022-02-22 11:50:00-05:00,stop,13861.75,5,141055.0,-2443.7,-1.7324,32.5,0.023,2585.0,1.8326,-13765.2,-13.7652
172,Entry long,2022-02-24 10:15:00-05:00,ORB close above 30m high,13378.5,5,133785.0,,,,,,,,
172,Exit long,2022-02-24 11:15:00-05:00,target,13538.12,5,133785.0,1590.05,1.1885,1772.5,1.3249,705.0,0.527,-12175.15,-12.1751
173,Entry long,2022-02-25 10:45:00-05:00,ORB close above 30m high,14038.75,5,140387.5,,,,,,,,
173,Exit long,2022-02-25 11:15:00-05:00,target,14128.25,5,140387.5,888.8,0.6331,960.0,0.6838,182.5,0.13,-11286.35,-11.2863
174,Entry long,2022-02-28 10:40:00-05:00,ORB close above 30m high,14181.0,5,141810.0,,,,,,,,
174,Exit long,2022-02-28 11:20:00-05:00,target,14257.75,5,141810.0,761.3,0.5368,810.0,0.5712,115.0,0.0811,-10525.05,-10.525
175,Entry long,2022-03-02 11:10:00-05:00,ORB close above 30m high,14159.0,5,141590.0,,,,,,,,
175,Exit long,2022-03-02 13:05:00-05:00,target,14232.88,5,141590.0,732.55,0.5174,877.5,0.6197,232.5,0.1642,-9792.5,-9.7925
176,Entry long,2022-03-08 12:15:00-05:00,ORB close above 30m high,13458.75,5,134587.5,,,,,,,,
176,Exit long,2022-03-08 12:35:00-05:00,target,13577.12,5,134587.5,1177.55,0.8749,1337.5,0.9938,230.0,0.1709,-8614.95,-8.6149
177,Entry long,2022-03-09 10:25:00-05:00,ORB close above 30m high,13641.0,5,136410.0,,,,,,,,
177,Exit long,2022-03-09 12:35:00-05:00,target,13713.0,5,136410.0,713.8,0.5233,1090.0,0.7991,605.0,0.4435,-7901.15,-7.9011
178,Entry long,2022-03-10 10:20:00-05:00,ORB close above 30m high,13605.5,5,136055.0,,,,,,,,
178,Exit long,2022-03-10 10:30:00-05:00,stop,13487.0,5,136055.0,-1191.2,-0.8755,2.5,0.0018,1390.0,1.0216,-9092.35,-9.0923
179,Entry long,2022-03-14 10:15:00-04:00,ORB close above 30m high,13373.25,5,133732.5,,,,,,,,
179,Exit long,2022-03-14 11:40:00-04:00,stop,13204.75,5,133732.5,-1691.2,-1.2646,197.5,0.1477,1870.0,1.3983,-10783.55,-10.7835
180,Entry long,2022-03-15 10:05:00-04:00,ORB close above 30m high,13220.5,5,132205.0,,,,,,,,
180,Exit long,2022-03-15 10:30:00-04:00,target,13285.0,5,132205.0,638.8,0.4832,795.0,0.6013,565.0,0.4274,-10144.75,-10.1447
181,Entry long,2022-03-16 10:15:00-04:00,ORB close above 30m high,13750.75,5,137507.5,,,,,,,,
181,Exit long,2022-03-16 10:15:00-04:00,target,13819.88,5,137507.5,685.05,0.4982,825.0,0.6,22.5,0.0164,-9459.7,-9.4597
182,Entry long,2022-03-17 10:05:00-04:00,ORB close above 30m high,13991.25,5,139912.5,,,,,,,,
182,Exit long,2022-03-17 13:50:00-04:00,target,14077.12,5,139912.5,852.55,0.6093,995.0,0.7112,1490.0,1.065,-8607.15,-8.6071
183,Entry long,2022-03-18 10:05:00-04:00,ORB close above 30m high,14179.75,5,141797.5,,,,,,,,
183,Exit long,2022-03-18 11:35:00-04:00,target,14271.75,5,141797.5,913.8,0.6444,987.5,0.6964,412.5,0.2909,-7693.35,-7.6933
184,Entry long,2022-03-22 10:05:00-04:00,ORB close above 30m high,14531.0,5,145310.0,,,,,,,,
184,Exit long,2022-03-22 10:30:00-04:00,target,14609.0,5,145310.0,773.8,0.5325,857.5,0.5901,125.0,0.086,-6919.55,-6.9195
185,Entry long,2022-03-23 10:15:00-04:00,ORB close above 30m high,14563.5,5,145635.0,,,,,,,,
185,Exit long,2022-03-23 11:00:00-04:00,target,14614.62,5,145635.0,505.05,0.3468,540.0,0.3708,357.5,0.2455,-6414.5,-6.4145
186,Entry long,2022-03-24 11:15:00-04:00,ORB close above 30m high,14563.5,5,145635.0,,,,,,,,
186,Exit long,2022-03-24 11:25:00-04:00,target,14610.5,5,145635.0,463.8,0.3185,667.5,0.4583,132.5,0.091,-5950.7,-5.9507
187,Entry long,2022-03-25 10:45:00-04:00,ORB close above 30m high,14792.5,5,147925.0,,,,,,,,
187,Exit long,2022-03-25 11:00:00-04:00,stop,14707.75,5,147925.0,-853.7,-0.5771,150.0,0.1014,915.0,0.6186,-6804.4,-6.8044
188,Entry long,2022-03-30 10:15:00-04:00,ORB close above 30m high,15219.5,5,152195.0,,,,,,,,
188,Exit long,2022-03-30 11:00:00-04:00,stop,15141.25,5,152195.0,-788.7,-0.5182,155.0,0.1018,857.5,0.5634,-7593.1,-7.5931
189,Entry long,2022-04-04 10:40:00-04:00,ORB close above 30m high,15062.0,5,150620.0,,,,,,,,
189,Exit long,2022-04-04 14:00:00-04:00,time,15119.0,5,150620.0,563.8,0.3743,690.0,0.4581,337.5,0.2241,-7029.3,-7.0293
190,Entry long,2022-04-08 11:05:00-04:00,ORB close above 30m high,14477.75,5,144777.5,,,,,,,,
190,Exit long,2022-04-08 14:00:00-04:00,time,14391.25,5,144777.5,-871.2,-0.6018,202.5,0.1399,1032.5,0.7132,-7900.5,-7.9005
191,Entry long,2022-04-13 10:20:00-04:00,ORB close above 30m high,14081.5,5,140815.0,,,,,,,,
191,Exit long,2022-04-13 11:20:00-04:00,target,14161.25,5,140815.0,791.3,0.5619,817.5,0.5805,392.5,0.2787,-7109.2,-7.1092
192,Entry long,2022-04-18 10:15:00-04:00,ORB close above 30m high,13945.75,5,139457.5,,,,,,,,
192,Exit long,2022-04-18 12:10:00-04:00,stop,13826.75,5,139457.5,-1196.2,-0.8578,565.0,0.4051,1305.0,0.9358,-8305.4,-8.3054
193,Entry long,2022-04-19 10:05:00-04:00,ORB close above 30m high,14023.0,5,140230.0,,,,,,,,
193,Exit long,2022-04-19 10:35:00-04:00,target,14117.38,5,140230.0,937.55,0.6686,972.5,0.6935,105.0,0.0749,-7367.85,-7.3678
194,Entry long,2022-04-25 10:30:00-04:00,ORB close above 30m high,13392.75,5,133927.5,,,,,,,,
194,Exit long,2022-04-25 14:00:00-04:00,time,13351.75,5,133927.5,-416.2,-0.3108,737.5,0.5507,1522.5,1.1368,-7784.05,-7.784
195,Entry long,2022-04-28 12:40:00-04:00,ORB close above 30m high,13292.0,5,132920.0,,,,,,,,
195,Exit long,2022-04-28 13:05:00-04:00,target,13390.0,5,132920.0,973.8,0.7326,1012.5,0.7617,5.0,0.0038,-6810.25,-6.8102
196,Entry long,2022-05-02 10:30:00-04:00,ORB close above 30m high,12983.0,5,129830.0,,,,,,,,
196,Exit long,2022-05-02 13:45:00-04:00,stop,12742.25,5,129830.0,-2413.7,-1.8591,612.5,0.4718,2422.5,1.8659,-9223.95,-9.2239
197,Entry long,2022-05-03 10:05:00-04:00,ORB close above 30m high,13139.75,5,131397.5,,,,,,,,
197,Exit long,2022-05-03 14:00:00-04:00,time,13137.5,5,131397.5,-28.7,-0.0218,442.5,0.3368,1630.0,1.2405,-9252.65,-9.2526
198,Entry long,2022-05-04 13:05:00-04:00,ORB close above 30m high,13121.0,5,131210.0,,,,,,,,
198,Exit long,2022-05-04 14:00:00-04:00,time,13141.75,5,131210.0,201.3,0.1534,1105.0,0.8422,717.5,0.5468,-9051.35,-9.0513
199,Entry long,2022-05-06 10:50:00-04:00,ORB close above 30m high,12807.0,5,128070.0,,,,,,,,
199,Exit long,2022-05-06 14:00:00-04:00,time,12685.0,5,128070.0,-1226.2,-0.9574,1222.5,0.9546,1395.0,1.0892,-10277.55,-10.2775
200,Entry long,2022-05-12 10:10:00-04:00,ORB close above 30m high,11910.0,5,119100.0,,,,,,,,
200,Exit long,2022-05-12 10:20:00-04:00,target,12018.38,5,119100.0,1077.55,0.9047,1365.0,1.1461,125.0,0.105,-9200.0,-9.2
201,Entry long,2022-05-13 10:05:00-04:00,ORB close above 30m high,12288.0,5,122880.0,,,,,,,,
201,Exit long,2022-05-13 12:05:00-04:00,target,12399.38,5,122880.0,1107.55,0.9013,1217.5,0.9908,300.0,0.2441,-8092.45,-8.0924
202,Entry long,2022-05-16 10:30:00-04:00,ORB close above 30m high,12366.5,5,123665.0,,,,,,,,
202,Exit long,2022-05-16 10:55:00-04:00,stop,12214.75,5,123665.0,-1523.7,-1.2321,67.5,0.0546,1602.5,1.2958,-9616.15,-9.6161
203,Entry long,2022-05-19 11:25:00-04:00,ORB close above 30m high,11979.25,5,119792.5,,,,,,,,
203,Exit long,2022-05-19 11:40:00-04:00,target,12070.88,5,119792.5,910.05,0.7597,977.5,0.816,487.5,0.407,-8706.1,-8.7061
204,Entry long,2022-05-23 11:35:00-04:00,ORB close above 30m high,12001.25,5,120012.5,,,,,,,,
204,Exit long,2022-05-23 14:00:00-04:00,time,12002.5,5,120012.5,6.3,0.0052,507.5,0.4229,845.0,0.7041,-8699.8,-8.6998
205,Entry long,2022-05-25 10:30:00-04:00,ORB close above 30m high,11889.75,5,118897.5,,,,,,,,
205,Exit long,2022-05-25 14:00:00-04:00,time,11852.0,5,118897.5,-383.7,-0.3227,397.5,0.3343,1012.5,0.8516,-9083.5,-9.0835
206,Entry long,2022-05-26 10:15:00-04:00,ORB close above 30m high,12161.75,5,121617.5,,,,,,,,
206,Exit long,2022-05-26 12:20:00-04:00,target,12292.88,5,121617.5,1305.05,1.0731,1390.0,1.1429,352.5,0.2898,-7778.45,-7.7784
207,Entry long,2022-05-27 10:05:00-04:00,ORB close above 30m high,12533.25,5,125332.5,,,,,,,,
207,Exit long,2022-05-27 11:50:00-04:00,target,12598.75,5,125332.5,648.8,0.5177,657.5,0.5246,255.0,0.2035,-7129.65,-7.1296
208,Entry long,2022-05-30 10:50:00-04:00,ORB close above 30m high,12792.25,5,127922.5,,,,,,,,
208,Exit long,2022-05-30 11:35:00-04:00,target,12815.12,5,127922.5,222.55,0.174,250.0,0.1954,217.5,0.17,-6907.1,-6.9071
209,Entry long,2022-05-31 11:55:00-04:00,ORB close above 30m high,12698.0,5,126980.0,,,,,,,,
209,Exit long,2022-05-31 14:00:00-04:00,time,12757.75,5,126980.0,591.3,0.4657,695.0,0.5473,392.5,0.3091,-6315.8,-6.3158
210,Entry long,2022-06-02 10:15:00-04:00,ORB close above 30m high,12618.0,5,126180.0,,,,,,,,
210,Exit long,2022-06-02 11:45:00-04:00,target,12705.62,5,126180.0,870.05,0.6895,1047.5,0.8302,1205.0,0.955,-5445.75,-5.4457
211,Entry long,2022-06-06 10:05:00-04:00,ORB close above 30m high,12789.5,5,127895.0,,,,,,,,
211,Exit long,2022-06-06 11:15:00-04:00,stop,12673.0,5,127895.0,-1171.2,-0.9158,210.0,0.1642,1530.0,1.1963,-6616.95,-6.6169
212,Entry long,2022-06-07 10:30:00-04:00,ORB close above 30m high,12591.25,5,125912.5,,,,,,,,
212,Exit long,2022-06-07 10:40:00-04:00,target,12680.62,5,125912.5,887.55,0.7049,932.5,0.7406,85.0,0.0675,-5729.4,-5.7294
213,Entry long,2022-06-09 10:40:00-04:00,ORB close above 30m high,12660.0,5,126600.0,,,,,,,,
213,Exit long,2022-06-09 13:40:00-04:00,stop,12506.0,5,126600.0,-1546.2,-1.2213,40.0,0.0316,1570.0,1.2401,-7275.6,-7.2756
214,Entry long,2022-06-15 10:10:00-04:00,ORB close above 30m high,11556.25,5,115562.5,,,,,,,,
214,Exit long,2022-06-15 14:00:00-04:00,time,11573.25,5,115562.5,163.8,0.1417,875.0,0.7572,1115.0,0.9648,-7111.8,-7.1118
215,Entry long,2022-06-17 13:10:00-04:00,ORB close above 30m high,11364.75,5,113647.5,,,,,,,,
215,Exit long,2022-06-17 14:00:00-04:00,time,11342.75,5,113647.5,-226.2,-0.199,315.0,0.2772,562.5,0.495,-7338.0,-7.338
216,Entry long,2022-06-20 10:20:00-04:00,ORB close above 30m high,11377.5,5,113775.0,,,,,,,,
216,Exit long,2022-06-20 11:30:00-04:00,target,11399.5,5,113775.0,213.8,0.1879,230.0,0.2022,87.5,0.0769,-7124.2,-7.1242
217,Entry long,2022-06-21 10:05:00-04:00,ORB close above 30m high,11646.75,5,116467.5,,,,,,,,
217,Exit long,2022-06-21 14:00:00-04:00,time,11603.0,5,116467.5,-443.7,-0.381,317.5,0.2726,620.0,0.5323,-7567.9,-7.5679
218,Entry long,2022-06-22 10:15:00-04:00,ORB close above 30m high,11629.75,5,116297.5,,,,,,,,
218,Exit long,2022-06-22 10:30:00-04:00,target,11721.12,5,116297.5,907.55,0.7804,945.0,0.8126,115.0,0.0989,-6660.35,-6.6603
219,Entry long,2022-06-23 10:45:00-04:00,ORB close above 30m high,11702.25,5,117022.5,,,,,,,,
219,Exit long,2022-06-23 14:00:00-04:00,time,11618.25,5,117022.5,-846.2,-0.7231,415.0,0.3546,1552.5,1.3267,-7506.55,-7.5065
220,Entry long,2022-06-24 10:05:00-04:00,ORB close above 30m high,12037.0,5,120370.0,,,,,,,,
220,Exit long,2022-06-24 14:00:00-04:00,time,12007.0,5,120370.0,-306.2,-0.2544,457.5,0.3801,677.5,0.5628,-7812.75,-7.8127
221,Entry long,2022-06-29 10:05:00-04:00,ORB close above 30m high,11732.0,5,117320.0,,,,,,,,
221,Exit long,2022-06-29 14:00:00-04:00,time,11690.75,5,117320.0,-418.7,-0.3569,170.0,0.1449,1280.0,1.091,-8231.45,-8.2314
222,Entry long,2022-06-30 11:55:00-04:00,ORB close above 30m high,11592.5,5,115925.0,,,,,,,,
222,Exit long,2022-06-30 14:00:00-04:00,time,11644.0,5,115925.0,508.8,0.4389,927.5,0.8001,527.5,0.455,-7722.65,-7.7226
223,Entry long,2022-07-05 10:15:00-04:00,ORB close above 30m high,11507.5,5,115075.0,,,,,,,,
223,Exit long,2022-07-05 10:35:00-04:00,target,11566.62,5,115075.0,585.05,0.5084,885.0,0.7691,440.0,0.3824,-7137.6,-7.1376
224,Entry long,2022-07-07 10:55:00-04:00,ORB close above 30m high,12065.0,5,120650.0,,,,,,,,
224,Exit long,2022-07-07 14:00:00-04:00,time,12125.5,5,120650.0,598.8,0.4963,680.0,0.5636,377.5,0.3129,-6538.8,-6.5388
225,Entry long,2022-07-08 10:30:00-04:00,ORB close above 30m high,12117.75,5,121177.5,,,,,,,,
225,Exit long,2022-07-08 11:10:00-04:00,target,12187.12,5,121177.5,687.55,0.5674,702.5,0.5797,65.0,0.0536,-5851.25,-5.8512
226,Entry long,2022-07-13 10:35:00-04:00,ORB close above 30m high,11710.0,5,117100.0,,,,,,,,
226,Exit long,2022-07-13 10:40:00-04:00,target,11803.5,5,117100.0,928.8,0.7932,940.0,0.8027,142.5,0.1217,-4922.45,-4.9224
227,Entry long,2022-07-14 11:45:00-04:00,ORB close above 30m high,11697.0,5,116970.0,,,,,,,,
227,Exit long,2022-07-14 14:00:00-04:00,time,11726.5,5,116970.0,288.8,0.2469,480.0,0.4104,760.0,0.6497,-4633.65,-4.6336
228,Entry long,2022-07-15 11:15:00-04:00,ORB close above 30m high,11987.0,5,119870.0,,,,,,,,
228,Exit long,2022-07-15 14:00:00-04:00,time,11980.25,5,119870.0,-73.7,-0.0615,130.0,0.1085,580.0,0.4839,-4707.35,-4.7073
229,Entry long,2022-07-19 10:30:00-04:00,ORB close above 30m high,12086.0,5,120860.0,,,,,,,,
229,Exit long,2022-07-19 10:50:00-04:00,target,12132.5,5,120860.0,458.8,0.3796,597.5,0.4944,90.0,0.0745,-4248.55,-4.2485
230,Entry long,2022-07-20 10:25:00-04:00,ORB close above 30m high,12358.5,5,123585.0,,,,,,,,
230,Exit long,2022-07-20 10:30:00-04:00,target,12409.5,5,123585.0,503.8,0.4077,685.0,0.5543,57.5,0.0465,-3744.75,-3.7447
231,Entry long,2022-07-21 11:35:00-04:00,ORB close above 30m high,12536.75,5,125367.5,,,,,,,,
231,Exit long,2022-07-21 12:25:00-04:00,target,12599.5,5,125367.5,621.3,0.4956,725.0,0.5783,295.0,0.2353,-3123.45,-3.1234
232,Entry long,2022-07-27 10:15:00-04:00,ORB close above 30m high,12416.25,5,124162.5,,,,,,,,
232,Exit long,2022-07-27 14:00:00-04:00,time,12436.75,5,124162.5,198.8,0.1601,727.5,0.5859,285.0,0.2295,-2924.65,-2.9246
233,Entry long,2022-07-28 11:30:00-04:00,ORB close above 30m high,12665.75,5,126657.5,,,,,,,,
233,Exit long,2022-07-28 14:00:00-04:00,time,12729.0,5,126657.5,626.3,0.4945,727.5,0.5744,422.5,0.3336,-2298.35,-2.2983
234,Entry long,2022-07-29 10:05:00-04:00,ORB close above 30m high,12895.75,5,128957.5,,,,,,,,
234,Exit long,2022-07-29 14:00:00-04:00,time,12925.0,5,128957.5,286.3,0.222,427.5,0.3315,1095.0,0.8491,-2012.05,-2.012
235,Entry long,2022-08-01 10:10:00-04:00,ORB close above 30m high,13043.25,5,130432.5,,,,,,,,
235,Exit long,2022-08-01 14:00:00-04:00,time,12933.0,5,130432.5,-1108.7,-0.85,652.5,0.5003,1457.5,1.1174,-3120.75,-3.1207
236,Entry long,2022-08-02 10:55:00-04:00,ORB close above 30m high,12998.0,5,129980.0,,,,,,,,
236,Exit long,2022-08-02 12:20:00-04:00,target,13070.25,5,129980.0,716.3,0.5511,775.0,0.5962,767.5,0.5905,-2404.45,-2.4044
237,Entry long,2022-08-03 10:05:00-04:00,ORB close above 30m high,13146.0,5,131460.0,,,,,,,,
237,Exit long,2022-08-03 12:20:00-04:00,target,13224.12,5,131460.0,775.05,0.5896,800.0,0.6086,852.5,0.6485,-1629.4,-1.6294
238,Entry long,2022-08-05 10:05:00-04:00,ORB close above 30m high,13228.25,5,132282.5,,,,,,,,
238,Exit long,2022-08-05 10:10:00-04:00,target,13285.0,5,132282.5,561.3,0.4243,587.5,0.4441,167.5,0.1266,-1068.1,-1.0681
239,Entry long,2022-08-10 11:05:00-04:00,ORB close above 30m high,13368.75,5,133687.5,,,,,,,,
239,Exit long,2022-08-10 14:00:00-04:00,time,13370.75,5,133687.5,13.8,0.0103,207.5,0.1552,525.0,0.3927,-1054.3,-1.0543
240,Entry long,2022-08-11 10:05:00-04:00,ORB close above 30m high,13527.25,5,135272.5,,,,,,,,
240,Exit long,2022-08-11 10:15:00-04:00,target,13562.62,5,135272.5,347.55,0.2569,485.0,0.3585,15.0,0.0111,-706.75,-0.7067
241,Entry long,2022-08-12 10:20:00-04:00,ORB close above 30m high,13458.5,5,134585.0,,,,,,,,
241,Exit long,2022-08-12 13:30:00-04:00,target,13508.0,5,134585.0,488.8,0.3632,507.5,0.3771,732.5,0.5443,-217.95,-0.2179
242,Entry long,2022-08-15 11:45:00-04:00,ORB close above 30m high,13636.75,5,136367.5,,,,,,,,
242,Exit long,2022-08-15 14:00:00-04:00,time,13661.0,5,136367.5,236.3,0.1733,407.5,0.2988,10.0,0.0073,18.35,0.0184
243,Entry long,2022-08-16 11:55:00-04:00,ORB close above 30m high,13672.5,5,136725.0,,,,,,,,
243,Exit long,2022-08-16 14:00:00-04:00,time,13698.25,5,136725.0,251.3,0.1838,432.5,0.3163,412.5,0.3017,269.65,0.2697
244,Entry long,2022-08-18 10:45:00-04:00,ORB close above 30m high,13507.0,5,135070.0,,,,,,,,
244,Exit long,2022-08-18 11:15:00-04:00,target,13542.25,5,135070.0,346.3,0.2564,407.5,0.3017,205.0,0.1518,615.95,0.616
245,Entry long,2022-08-23 10:10:00-04:00,ORB close above 30m high,12994.5,5,129945.0,,,,,,,,
245,Exit long,2022-08-23 14:00:00-04:00,time,12919.75,5,129945.0,-753.7,-0.58,245.0,0.1885,1197.5,0.9215,-137.75,-0.1377
246,Entry long,2022-08-24 10:20:00-04:00,ORB close above 30m high,12941.5,5,129415.0,,,,,,,,
246,Exit long,2022-08-24 11:15:00-04:00,target,12985.88,5,129415.0,437.55,0.3381,497.5,0.3844,340.0,0.2627,299.8,0.2998
247,Entry long,2022-08-25 10:05:00-04:00,ORB close above 30m high,13055.25,5,130552.5,,,,,,,,
247,Exit long,2022-08-25 10:30:00-04:00,target,13101.62,5,130552.5,457.55,0.3505,527.5,0.4041,142.5,0.1092,757.35,0.7574
248,Entry long,2022-08-26 10:10:00-04:00,ORB close above 30m high,13177.75,5,131777.5,,,,,,,,
248,Exit long,2022-08-26 10:20:00-04:00,stop,13084.5,5,131777.5,-938.7,-0.7123,207.5,0.1575,1530.0,1.161,-181.35,-0.1813
249,Entry long,2022-09-02 10:35:00-04:00,ORB close above 30m high,12432.25,5,124322.5,,,,,,,,
249,Exit long,2022-09-02 12:30:00-04:00,stop,12291.0,5,124322.5,-1418.7,-1.1411,297.5,0.2393,1572.5,1.2649,-1600.05,-1.6
250,Entry long,2022-09-05 10:35:00-04:00,ORB close above 30m high,12154.25,5,121542.5,,,,,,,,
250,Exit long,2022-09-05 18:00:00-04:00,time,12134.75,5,121542.5,-201.2,-0.1655,130.0,0.107,392.5,0.3229,-1801.25,-1.8012
251,Entry long,2022-09-07 11:15:00-04:00,ORB close above 30m high,12140.75,5,121407.5,,,,,,,,
251,Exit long,2022-09-07 13:40:00-04:00,target,12193.0,5,121407.5,516.3,0.4253,722.5,0.5951,397.5,0.3274,-1284.95,-1.2849
252,Entry long,2022-09-08 10:35:00-04:00,ORB close above 30m high,12275.25,5,122752.5,,,,,,,,
252,Exit long,2022-09-08 11:00:00-04:00,target,12354.12,5,122752.5,782.55,0.6375,917.5,0.7474,130.0,0.1059,-502.4,-0.5024
253,Entry long,2022-09-09 10:05:00-04:00,ORB close above 30m high,12524.5,5,125245.0,,,,,,,,
253,Exit long,2022-09-09 11:40:00-04:00,target,12578.62,5,125245.0,535.05,0.4272,562.5,0.4491,372.5,0.2974,32.65,0.0327
254,Entry long,2022-09-12 10:10:00-04:00,ORB close above 30m high,12743.25,5,127432.5,,,,,,,,
254,Exit long,2022-09-12 12:10:00-04:00,stop,12640.75,5,127432.5,-1031.2,-0.8092,127.5,0.1001,1057.5,0.8299,-998.55,-0.9985
255,Entry long,2022-09-14 10:55:00-04:00,ORB close above 30m high,12224.25,5,122242.5,,,,,,,,
255,Exit long,2022-09-14 14:00:00-04:00,time,12148.0,5,122242.5,-768.7,-0.6288,285.0,0.2331,947.5,0.7751,-1767.25,-1.7672
256,Entry long,2022-09-16 10:35:00-04:00,ORB close above 30m high,11898.75,5,118987.5,,,,,,,,
256,Exit long,2022-09-16 12:25:00-04:00,stop,11781.5,5,118987.5,-1178.7,-0.9906,165.0,0.1387,1207.5,1.0148,-2945.95,-2.9459
257,Entry long,2022-09-19 10:40:00-04:00,ORB close above 30m high,11946.25,5,119462.5,,,,,,,,
257,Exit long,2022-09-19 14:00:00-04:00,time,11918.0,5,119462.5,-288.7,-0.2417,325.0,0.2721,980.0,0.8203,-3234.65,-3.2346
258,Entry long,2022-09-20 10:55:00-04:00,ORB close above 30m high,11953.5,5,119535.0,,,,,,,,
258,Exit long,2022-09-20 11:25:00-04:00,target,11986.75,5,119535.0,326.3,0.273,335.0,0.2803,130.0,0.1088,-2908.35,-2.9083
259,Entry long,2022-09-21 12:35:00-04:00,ORB close above 30m high,12004.75,5,120047.5,,,,,,,,
259,Exit long,2022-09-21 13:55:00-04:00,target,12037.75,5,120047.5,323.8,0.2697,612.5,0.5102,397.5,0.3311,-2584.55,-2.5845
260,Entry long,2022-09-26 10:20:00-04:00,ORB close above 30m high,11526.5,5,115265.0,,,,,,,,
260,Exit long,2022-09-26 12:25:00-04:00,stop,11342.25,5,115265.0,-1848.7,-1.6039,90.0,0.0781,2082.5,1.8067,-4433.25,-4.4332
261,Entry long,2022-09-28 10:25:00-04:00,ORB close above 30m high,11371.75,5,113717.5,,,,,,,,
261,Exit long,2022-09-28 10:45:00-04:00,target,11424.38,5,113717.5,520.05,0.4573,607.5,0.5342,125.0,0.1099,-3913.2,-3.9132
262,Entry long,2022-09-30 10:35:00-04:00,ORB close above 30m high,11299.5,5,112995.0,,,,,,,,
262,Exit long,2022-09-30 14:00:00-04:00,time,11160.5,5,112995.0,-1396.2,-1.2356,575.0,0.5089,1530.0,1.354,-5309.4,-5.3094
263,Entry long,2022-10-03 10:05:00-04:00,ORB close above 30m high,11157.5,5,111575.0,,,,,,,,
263,Exit long,2022-10-03 10:30:00-04:00,target,11216.0,5,111575.0,578.8,0.5188,625.0,0.5602,225.0,0.2017,-4730.6,-4.7306
264,Entry long,2022-10-04 10:05:00-04:00,ORB close above 30m high,11650.0,5,116500.0,,,,,,,,
264,Exit long,2022-10-04 14:00:00-04:00,time,11607.75,5,116500.0,-428.7,-0.368,262.5,0.2253,1260.0,1.0815,-5159.3,-5.1593
265,Entry long,2022-10-05 12:50:00-04:00,ORB close above 30m high,11560.75,5,115607.5,,,,,,,,
265,Exit long,2022-10-05 13:20:00-04:00,target,11608.75,5,115607.5,473.8,0.4098,652.5,0.5644,230.0,0.1989,-4685.5,-4.6855
266,Entry long,2022-10-11 11:45:00-04:00,ORB close above 30m high,10972.0,5,109720.0,,,,,,,,
266,Exit long,2022-10-11 14:00:00-04:00,time,10974.0,5,109720.0,13.8,0.0126,677.5,0.6175,590.0,0.5377,-4671.7,-4.6717
267,Entry long,2022-10-13 10:05:00-04:00,ORB close above 30m high,10638.5,5,106385.0,,,,,,,,
267,Exit long,2022-10-13 11:05:00-04:00,target,10715.25,5,106385.0,761.3,0.7156,1400.0,1.316,375.0,0.3525,-3910.4,-3.9104
268,Entry long,2022-10-17 10:15:00-04:00,ORB close above 30m high,11127.5,5,111275.0,,,,,,,,
268,Exit long,2022-10-17 14:00:00-04:00,time,11128.25,5,111275.0,1.3,0.0012,180.0,0.1618,1050.0,0.9436,-3909.1,-3.9091
269,Entry long,2022-10-19 10:20:00-04:00,ORB close above 30m high,11224.25,5,112242.5,,,,,,,,
269,Exit long,2022-10-19 10:25:00-04:00,target,11281.0,5,112242.5,561.3,0.5001,585.0,0.5212,50.0,0.0445,-3347.8,-3.3478
270,Entry long,2022-10-20 10:05:00-04:00,ORB close above 30m high,11245.5,5,112455.0,,,,,,,,
270,Exit long,2022-10-20 10:20:00-04:00,target,11322.25,5,112455.0,761.3,0.677,835.0,0.7425,32.5,0.0289,-2586.5,-2.5865
271,Entry long,2022-10-21 10:05:00-04:00,ORB close above 30m high,11165.0,5,111650.0,,,,,,,,
271,Exit long,2022-10-21 12:50:00-04:00,target,11249.88,5,111650.0,842.55,0.7546,920.0,0.824,1140.0,1.021,-1743.95,-1.7439
272,Entry long,2022-10-24 12:20:00-04:00,ORB close above 30m high,11442.5,5,114425.0,,,,,,,,
272,Exit long,2022-10-24 14:00:00-04:00,time,11395.0,5,114425.0,-481.2,-0.4205,117.5,0.1027,692.5,0.6052,-2225.15,-2.2251
273,Entry long,2022-10-25 11:10:00-04:00,ORB close above 30m high,11671.0,5,116710.0,,,,,,,,
273,Exit long,2022-10-25 14:00:00-04:00,time,11647.0,5,116710.0,-246.2,-0.211,350.0,0.2999,560.0,0.4798,-2471.35,-2.4713
274,Entry long,2022-10-26 10:10:00-04:00,ORB close above 30m high,11531.25,5,115312.5,,,,,,,,
274,Exit long,2022-10-26 10:25:00-04:00,target,11580.12,5,115312.5,482.55,0.4185,572.5,0.4965,167.5,0.1453,-1988.8,-1.9888
275,Entry long,2022-10-28 10:30:00-04:00,ORB close above 30m high,11381.0,5,113810.0,,,,,,,,
275,Exit long,2022-10-28 10:45:00-04:00,target,11468.12,5,113810.0,865.05,0.7601,905.0,0.7952,40.0,0.0351,-1123.75,-1.1237
276,Entry long,2022-11-03 10:50:00-04:00,ORB close above 30m high,10873.75,5,108737.5,,,,,,,,
276,Exit long,2022-11-03 14:00:00-04:00,time,10778.25,5,108737.5,-961.2,-0.884,147.5,0.1356,1220.0,1.122,-2084.95,-2.0849
277,Entry long,2022-11-08 10:20:00-05:00,ORB close above 30m high,11087.75,5,110877.5,,,,,,,,
277,Exit long,2022-11-08 10:40:00-05:00,target,11128.12,5,110877.5,397.55,0.3585,412.5,0.372,52.5,0.0473,-1687.4,-1.6874
278,Entry long,2022-11-10 11:15:00-05:00,ORB close above 30m high,11455.25,5,114552.5,,,,,,,,
278,Exit long,2022-11-10 14:00:00-05:00,time,11500.5,5,114552.5,446.3,0.3896,577.5,0.5041,330.0,0.2881,-1241.1,-1.2411
279,Entry long,2022-11-11 10:15:00-05:00,ORB close above 30m high,11712.5,5,117125.0,,,,,,,,
279,Exit long,2022-11-11 13:00:00-05:00,target,11783.75,5,117125.0,706.3,0.603,725.0,0.619,737.5,0.6297,-534.8,-0.5348
280,Entry long,2022-11-14 10:10:00-05:00,ORB close above 30m high,11789.0,5,117890.0,,,,,,,,
280,Exit long,2022-11-14 12:00:00-05:00,target,11832.25,5,117890.0,426.3,0.3616,460.0,0.3902,605.0,0.5132,-108.5,-0.1085
281,Entry long,2022-11-17 10:20:00-05:00,ORB close above 30m high,11659.5,5,116595.0,,,,,,,,
281,Exit long,2022-11-17 12:00:00-05:00,target,11717.25,5,116595.0,571.3,0.49,605.0,0.5189,615.0,0.5275,462.8,0.4628
282,Entry long,2022-11-22 10:50:00-05:00,ORB close above 30m high,11642.25,5,116422.5,,,,,,,,
282,Exit long,2022-11-22 13:50:00-05:00,target,11699.38,5,116422.5,565.05,0.4853,577.5,0.496,262.5,0.2255,1027.85,1.0279
283,Entry long,2022-11-23 10:15:00-05:00,ORB close above 30m high,11854.75,5,118547.5,,,,,,,,
283,Exit long,2022-11-23 12:55:00-05:00,stop,11744.5,5,118547.5,-1108.7,-0.9352,332.5,0.2805,1130.0,0.9532,-80.85,-0.0808
284,Entry long,2022-11-24 11:00:00-05:00,ORB close above 30m high,11920.0,5,119200.0,,,,,,,,
284,Exit long,2022-11-24 18:00:00-05:00,time,11912.0,5,119200.0,-86.2,-0.0723,50.0,0.0419,100.0,0.0839,-167.05,-0.167
285,Entry long,2022-11-30 13:35:00-05:00,ORB close above 30m high,11609.75,5,116097.5,,,,,,,,
285,Exit long,2022-11-30 13:35:00-05:00,target,11655.0,5,116097.5,446.3,0.3844,990.0,0.8527,15.0,0.0129,279.25,0.2793
286,Entry long,2022-12-02 10:15:00-05:00,ORB close above 30m high,11943.0,5,119430.0,,,,,,,,
286,Exit long,2022-12-02 14:00:00-05:00,time,11936.25,5,119430.0,-73.7,-0.0617,367.5,0.3077,642.5,0.538,205.55,0.2056
287,Entry long,2022-12-08 10:05:00-05:00,ORB close above 30m high,11611.0,5,116110.0,,,,,,,,
287,Exit long,2022-12-08 13:40:00-05:00,target,11677.75,5,116110.0,661.3,0.5695,745.0,0.6416,292.5,0.2519,866.85,0.8669
288,Entry long,2022-12-09 10:40:00-05:00,ORB close above 30m high,11669.0,5,116690.0,,,,,,,,
288,Exit long,2022-12-09 14:00:00-05:00,time,11661.5,5,116690.0,-81.2,-0.0696,495.0,0.4242,402.5,0.3449,785.65,0.7857
289,Entry long,2022-12-14 10:05:00-05:00,ORB close above 30m high,12016.75,5,120167.5,,,,,,,,
289,Exit long,2022-12-14 11:40:00-05:00,target,12059.88,5,120167.5,425.05,0.3537,462.5,0.3849,110.0,0.0915,1210.7,1.2107
290,Entry long,2022-12-20 10:05:00-05:00,ORB close above 30m high,11179.0,5,111790.0,,,,,,,,
290,Exit long,2022-12-20 10:30:00-05:00,target,11235.12,5,111790.0,555.05,0.4965,682.5,0.6105,210.0,0.1879,1765.75,1.7658
291,Entry long,2022-12-21 10:10:00-05:00,ORB close above 30m high,11289.5,5,112895.0,,,,,,,,
291,Exit long,2022-12-21 10:40:00-05:00,target,11343.5,5,112895.0,533.8,0.4728,600.0,0.5315,125.0,0.1107,2299.55,2.2996
292,Entry long,2022-12-23 10:35:00-05:00,ORB close above 30m high,11071.0,5,110710.0,,,,,,,,
292,Exit long,2022-12-23 14:00:00-05:00,time,11038.25,5,110710.0,-333.7,-0.3014,322.5,0.2913,957.5,0.8649,1965.85,1.9659
293,Entry long,2022-12-29 10:15:00-05:00,ORB close above 30m high,10987.75,5,109877.5,,,,,,,,
293,Exit long,2022-12-29 11:45:00-05:00,target,11053.12,5,109877.5,647.55,0.5893,657.5,0.5984,5.0,0.0046,2613.4,2.6134
294,Entry long,2022-12-30 10:50:00-05:00,ORB close above 30m high,10966.5,5,109665.0,,,,,,,,
294,Exit long,2022-12-30 14:00:00-05:00,time,10906.75,5,109665.0,-603.7,-0.5505,0.0,0.0,917.5,0.8366,2009.7,2.0097
295,Entry long,2023-01-04 11:40:00-05:00,ORB close above 30m high,11057.75,5,110577.5,,,,,,,,
295,Exit long,2023-01-04 14:00:00-05:00,time,11001.0,5,110577.5,-573.7,-0.5188,102.5,0.0927,1175.0,1.0626,1436.0,1.436
296,Entry long,2023-01-06 10:40:00-05:00,ORB close above 30m high,10954.75,5,109547.5,,,,,,,,
296,Exit long,2023-01-06 13:30:00-05:00,target,11048.62,5,109547.5,932.55,0.8513,1037.5,0.9471,177.5,0.162,2368.55,2.3686
297,Entry long,2023-01-09 10:05:00-05:00,ORB close above 30m high,11323.5,5,113235.0,,,,,,,,
297,Exit long,2023-01-09 14:00:00-05:00,time,11282.5,5,113235.0,-416.2,-0.3676,620.0,0.5475,630.0,0.5564,1952.35,1.9524
298,Entry long,2023-01-10 10:15:00-05:00,ORB close above 30m high,11256.5,5,112565.0,,,,,,,,
298,Exit long,2023-01-10 10:40:00-05:00,stop,11137.5,5,112565.0,-1196.2,-1.0627,267.5,0.2376,1310.0,1.1638,756.15,0.7562
299,Entry long,2023-01-11 10:25:00-05:00,ORB close above 30m high,11372.0,5,113720.0,,,,,,,,
299,Exit long,2023-01-11 12:15:00-05:00,target,11412.38,5,113720.0,397.55,0.3496,415.0,0.3649,587.5,0.5166,1153.7,1.1537
300,Entry long,2023-01-12 12:20:00-05:00,ORB close above 30m high,11522.5,5,115225.0,,,,,,,,
300,Exit long,2023-01-12 14:00:00-05:00,time,11565.0,5,115225.0,418.8,0.3635,527.5,0.4578,705.0,0.6118,1572.5,1.5725
301,Entry long,2023-01-13 10:10:00-05:00,ORB close above 30m high,11483.25,5,114832.5,,,,,,,,
301,Exit long,2023-01-13 10:20:00-05:00,target,11520.38,5,114832.5,365.05,0.3179,387.5,0.3374,17.5,0.0152,1937.55,1.9376
302,Entry long,2023-01-17 10:05:00-05:00,ORB close above 30m high,11663.0,5,116630.0,,,,,,,,
302,Exit long,2023-01-17 14:00:00-05:00,time,11645.0,5,116630.0,-186.2,-0.1597,220.0,0.1886,1080.0,0.926,1751.35,1.7514
303,Entry long,2023-01-18 10:05:00-05:00,ORB close above 30m high,11739.25,5,117392.5,,,,,,,,
303,Exit long,2023-01-18 10:35:00-05:00,stop,11672.0,5,117392.5,-678.7,-0.5781,202.5,0.1725,882.5,0.7518,1072.65,1.0727
304,Entry long,2023-01-20 10:10:00-05:00,ORB close above 30m high,11475.25,5,114752.5,,,,,,,,
304,Exit long,2023-01-20 11:25:00-05:00,target,11521.12,5,114752.5,452.55,0.3944,622.5,0.5425,245.0,0.2135,1525.2,1.5252
305,Entry long,2023-01-23 10:20:00-05:00,ORB close above 30m high,11827.0,5,118270.0,,,,,,,,
305,Exit long,2023-01-23 11:00:00-05:00,target,11904.38,5,118270.0,767.55,0.649,892.5,0.7546,87.5,0.074,2292.75,2.2928
306,Entry long,2023-01-25 11:20:00-05:00,ORB close above 30m high,11729.75,5,117297.5,,,,,,,,
306,Exit long,2023-01-25 11:55:00-05:00,target,11783.25,5,117297.5,528.8,0.4508,587.5,0.5009,175.0,0.1492,2821.55,2.8216
307,Entry long,2023-01-27 10:05:00-05:00,ORB close above 30m high,12155.75,5,121557.5,,,,,,,,
307,Exit long,2023-01-27 12:15:00-05:00,target,12212.5,5,121557.5,561.3,0.4618,685.0,0.5635,632.5,0.5203,3382.85,3.3829
308,Entry long,2023-01-30 10:05:00-05:00,ORB close above 30m high,12136.0,5,121360.0,,,,,,,,
308,Exit long,2023-01-30 10:20:00-05:00,stop,12059.0,5,121360.0,-776.2,-0.6396,75.0,0.0618,800.0,0.6592,2606.65,2.6067
309,Entry long,2023-01-31 10:30:00-05:00,ORB close above 30m high,12059.5,5,120595.0,,,,,,,,
309,Exit long,2023-01-31 14:00:00-05:00,time,12094.75,5,120595.0,346.3,0.2872,427.5,0.3545,172.5,0.143,2952.95,2.953
310,Entry long,2023-02-02 10:35:00-05:00,ORB close above 30m high,12790.5,5,127905.0,,,,,,,,
310,Exit long,2023-02-02 13:00:00-05:00,target,12851.0,5,127905.0,598.8,0.4682,652.5,0.5101,192.5,0.1505,3551.75,3.5518
311,Entry long,2023-02-03 10:15:00-05:00,ORB close above 30m high,12756.0,5,127560.0,,,,,,,,
311,Exit long,2023-02-03 10:45:00-05:00,target,12854.62,5,127560.0,980.05,0.7683,1012.5,0.7937,152.5,0.1196,4531.8,4.5318
312,Entry long,2023-02-06 10:05:00-05:00,ORB close above 30m high,12572.0,5,125720.0,,,,,,,,
312,Exit long,2023-02-06 10:20:00-05:00,stop,12501.75,5,125720.0,-708.7,-0.5637,202.5,0.1611,867.5,0.69,3823.1,3.8231
313,Entry long,2023-02-07 11:15:00-05:00,ORB close above 30m high,12555.5,5,125555.0,,,,,,,,
313,Exit long,2023-02-07 11:30:00-05:00,target,12588.75,5,125555.0,326.3,0.2599,392.5,0.3126,125.0,0.0996,4149.4,4.1494
314,Entry long,2023-02-10 10:20:00-05:00,ORB close above 30m high,12397.0,5,123970.0,,,,,,,,
314,Exit long,2023-02-10 10:50:00-05:00,stop,12311.5,5,123970.0,-861.2,-0.6947,247.5,0.1996,895.0,0.7219,3288.2,3.2882
315,Entry long,2023-02-13 10:50:00-05:00,ORB close above 30m high,12486.0,5,124860.0,,,,,,,,
315,Exit long,2023-02-13 12:45:00-05:00,target,12552.75,5,124860.0,661.3,0.5296,685.0,0.5486,35.0,0.028,3949.5,3.9495
316,Entry long,2023-02-14 10:05:00-05:00,ORB close above 30m high,12631.25,5,126312.5,,,,,,,,
316,Exit long,2023-02-14 14:00:00-05:00,time,12583.5,5,126312.5,-483.7,-0.3829,420.0,0.3325,2137.5,1.6922,3465.8,3.4658
317,Entry long,2023-02-15 11:30:00-05:00,ORB close above 30m high,12632.75,5,126327.5,,,,,,,,
317,Exit long,2023-02-15 13:40:00-05:00,target,12677.0,5,126327.5,436.3,0.3454,485.0,0.3839,270.0,0.2137,3902.1,3.9021
318,Entry long,2023-02-16 10:25:00-05:00,ORB close above 30m high,12605.0,5,126050.0,,,,,,,,
318,Exit long,2023-02-16 10:45:00-05:00,target,12659.0,5,126050.0,533.8,0.4235,597.5,0.474,112.5,0.0893,4435.9,4.4359
319,Entry long,2023-02-27 10:05:00-05:00,ORB close above 30m high,12156.25,5,121562.5,,,,,,,,
319,Exit long,2023-02-27 10:05:00-05:00,target,12180.88,5,121562.5,240.05,0.1975,332.5,0.2735,12.5,0.0103,4675.95,4.676
320,Entry long,2023-02-28 10:05:00-05:00,ORB close above 30m high,12113.75,5,121137.5,,,,,,,,
320,Exit long,2023-02-28 12:55:00-05:00,target,12149.75,5,121137.5,353.8,0.2921,385.0,0.3178,680.0,0.5613,5029.75,5.0298
321,Entry long,2023-03-02 10:05:00-05:00,ORB close above 30m high,11923.75,5,119237.5,,,,,,,,
321,Exit long,2023-03-02 13:35:00-05:00,target,11962.25,5,119237.5,378.8,0.3177,565.0,0.4738,515.0,0.4319,5408.55,5.4086
322,Entry long,2023-03-03 10:25:00-05:00,ORB close above 30m high,12207.25,5,122072.5,,,,,,,,
322,Exit long,2023-03-03 12:55:00-05:00,target,12255.12,5,122072.5,472.55,0.3871,605.0,0.4956,367.5,0.3011,5881.1,5.8811
323,Entry long,2023-03-06 10:15:00-05:00,ORB close above 30m high,12409.25,5,124092.5,,,,,,,,
323,Exit long,2023-03-06 10:25:00-05:00,target,12440.0,5,124092.5,301.3,0.2428,337.5,0.272,52.5,0.0423,6182.4,6.1824
324,Entry long,2023-03-08 10:35:00-05:00,ORB close above 30m high,12217.25,5,122172.5,,,,,,,,
324,Exit long,2023-03-08 11:45:00-05:00,target,12248.12,5,122172.5,302.55,0.2476,347.5,0.2844,552.5,0.4522,6484.95,6.485
325,Entry long,2023-03-09 10:05:00-05:00,ORB close above 30m high,12342.25,5,123422.5,,,,,,,,
325,Exit long,2023-03-09 12:45:00-05:00,stop,12230.0,5,123422.5,-1128.7,-0.9145,115.0,0.0932,1262.5,1.0229,5356.25,5.3563
326,Entry long,2023-03-10 11:30:00-05:00,ORB close above 30m high,12045.25,5,120452.5,,,,,,,,
326,Exit long,2023-03-10 13:25:00-05:00,stop,11865.5,5,120452.5,-1803.7,-1.4974,342.5,0.2843,2062.5,1.7123,3552.55,3.5526
327,Entry long,2023-03-13 10:35:00-04:00,ORB close above 30m high,11929.75,5,119297.5,,,,,,,,
327,Exit long,2023-03-13 11:25:00-04:00,target,12041.88,5,119297.5,1115.05,0.9347,1175.0,0.9849,870.0,0.7293,4667.6,4.6676
328,Entry long,2023-03-14 10:25:00-04:00,ORB close above 30m high,12163.5,5,121635.0,,,,,,,,
328,Exit long,2023-03-14 11:20:00-04:00,target,12209.88,5,121635.0,457.55,0.3762,470.0,0.3864,72.5,0.0596,5125.15,5.1252
329,Entry long,2023-03-15 11:50:00-04:00,ORB close above 30m high,12299.25,5,122992.5,,,,,,,,
329,Exit long,2023-03-15 12:55:00-04:00,stop,12193.5,5,122992.5,-1063.7,-0.8648,20.0,0.0163,1172.5,0.9533,4061.45,4.0615
330,Entry long,2023-03-16 10:45:00-04:00,ORB close above 30m high,12444.25,5,124442.5,,,,,,,,
330,Exit long,2023-03-16 10:50:00-04:00,target,12509.12,5,124442.5,642.55,0.5163,775.0,0.6228,35.0,0.0281,4704.0,4.704
331,Entry long,2023-03-17 10:05:00-04:00,ORB close above 30m high,12793.25,5,127932.5,,,,,,,,
331,Exit long,2023-03-17 10:25:00-04:00,stop,12690.75,5,127932.5,-1031.2,-0.8061,40.0,0.0313,1225.0,0.9575,3672.8,3.6728
332,Entry long,2023-03-20 10:50:00-04:00,ORB close above 30m high,12635.25,5,126352.5,,,,,,,,
332,Exit long,2023-03-20 11:25:00-04:00,target,12688.0,5,126352.5,521.3,0.4126,595.0,0.4709,202.5,0.1603,4194.1,4.1941
333,Entry long,2023-03-22 10:25:00-04:00,ORB close above 30m high,12901.25,5,129012.5,,,,,,,,
333,Exit long,2023-03-22 10:25:00-04:00,target,12926.12,5,129012.5,242.55,0.188,367.5,0.2849,20.0,0.0155,4436.65,4.4367
334,Entry long,2023-03-23 10:10:00-04:00,ORB close above 30m high,12912.5,5,129125.0,,,,,,,,
334,Exit long,2023-03-23 10:25:00-04:00,target,12945.0,5,129125.0,318.8,0.2469,450.0,0.3485,22.5,0.0174,4755.45,4.7555
335,Entry long,2023-03-29 10:05:00-04:00,ORB close above 30m high,12928.5,5,129285.0,,,,,,,,
335,Exit long,2023-03-29 10:30:00-04:00,stop,12881.0,5,129285.0,-481.2,-0.3722,32.5,0.0251,510.0,0.3945,4274.25,4.2743
336,Entry long,2023-03-30 10:30:00-04:00,ORB close above 30m high,13093.5,5,130935.0,,,,,,,,
336,Exit long,2023-03-30 13:30:00-04:00,stop,13036.75,5,130935.0,-573.7,-0.4382,185.0,0.1413,610.0,0.4659,3700.55,3.7006
337,Entry long,2023-03-31 10:35:00-04:00,ORB close above 30m high,13168.25,5,131682.5,,,,,,,,
337,Exit long,2023-03-31 11:55:00-04:00,target,13213.12,5,131682.5,442.55,0.3361,462.5,0.3512,40.0,0.0304,4143.1,4.1431
338,Entry long,2023-04-03 10:25:00-04:00,ORB close above 30m high,13264.25,5,132642.5,,,,,,,,
338,Exit long,2023-04-03 10:50:00-04:00,stop,13197.5,5,132642.5,-673.7,-0.5079,27.5,0.0207,830.0,0.6257,3469.4,3.4694
339,Entry long,2023-04-04 10:05:00-04:00,ORB close above 30m high,13303.0,5,133030.0,,,,,,,,
339,Exit long,2023-04-04 11:05:00-04:00,stop,13229.75,5,133030.0,-738.7,-0.5553,237.5,0.1785,747.5,0.5619,2730.7,2.7307
340,Entry long,2023-04-06 10:10:00-04:00,ORB close above 30m high,13026.5,5,130265.0,,,,,,,,
340,Exit long,2023-04-06 11:05:00-04:00,target,13063.25,5,130265.0,361.3,0.2774,415.0,0.3186,190.0,0.1459,3092.0,3.092
341,Entry long,2023-04-10 11:10:00-04:00,ORB close above 30m high,13052.75,5,130527.5,,,,,,,,
341,Exit long,2023-04-10 12:35:00-04:00,target,13095.12,5,130527.5,417.55,0.3199,545.0,0.4175,387.5,0.2969,3509.55,3.5096
342,Entry long,2023-04-13 10:10:00-04:00,ORB close above 30m high,13096.25,5,130962.5,,,,,,,,
342,Exit long,2023-04-13 10:15:00-04:00,target,13134.25,5,130962.5,373.8,0.2854,425.0,0.3245,65.0,0.0496,3883.35,3.8834
343,Entry long,2023-04-19 10:40:00-04:00,ORB close above 30m high,13136.0,5,131360.0,,,,,,,,
343,Exit long,2023-04-19 11:40:00-04:00,target,13164.62,5,131360.0,280.05,0.2132,335.0,0.255,120.0,0.0914,4163.4,4.1634
344,Entry long,2023-04-20 10:10:00-04:00,ORB close above 30m high,13137.5,5,131375.0,,,,,,,,
344,Exit long,2023-04-20 13:05:00-04:00,target,13183.12,5,131375.0,450.05,0.3426,490.0,0.373,457.5,0.3482,4613.45,4.6135
345,Entry long,2023-04-21 11:35:00-04:00,ORB close above 30m high,13078.5,5,130785.0,,,,,,,,
345,Exit long,2023-04-21 14:00:00-04:00,time,13100.5,5,130785.0,213.8,0.1635,390.0,0.2982,295.0,0.2256,4827.25,4.8273
346,Entry long,2023-04-26 11:10:00-04:00,ORB close above 30m high,12970.0,5,129700.0,,,,,,,,
346,Exit long,2023-04-26 12:05:00-04:00,target,13005.25,5,129700.0,346.3,0.267,425.0,0.3277,40.0,0.0308,5173.55,5.1736
347,Entry long,2023-04-27 10:15:00-04:00,ORB close above 30m high,13077.5,5,130775.0,,,,,,,,
347,Exit long,2023-04-27 10:35:00-04:00,target,13109.38,5,130775.0,312.55,0.239,322.5,0.2466,85.0,0.065,5486.1,5.4861
348,Entry long,2023-04-28 10:15:00-04:00,ORB close above 30m high,13266.0,5,132660.0,,,,,,,,
348,Exit long,2023-04-28 14:00:00-04:00,time,13276.75,5,132660.0,101.3,0.0764,287.5,0.2167,822.5,0.62,5587.4,5.5874
349,Entry long,2023-05-01 12:35:00-04:00,ORB close above 30m high,13334.5,5,133345.0,,,,,,,,
349,Exit long,2023-05-01 13:40:00-04:00,target,13358.5,5,133345.0,233.8,0.1753,285.0,0.2137,85.0,0.0637,5821.2,5.8212
350,Entry long,2023-05-04 11:10:00-04:00,ORB close above 30m high,13089.75,5,130897.5,,,,,,,,
350,Exit long,2023-05-04 13:20:00-04:00,target,13121.0,5,130897.5,306.3,0.234,337.5,0.2578,592.5,0.4526,6127.5,6.1275
351,Entry long,2023-05-05 10:05:00-04:00,ORB close above 30m high,13200.0,5,132000.0,,,,,,,,
351,Exit long,2023-05-05 10:15:00-04:00,target,13237.62,5,132000.0,370.05,0.2803,397.5,0.3011,47.5,0.036,6497.55,6.4976
352,Entry long,2023-05-08 11:55:00-04:00,ORB close above 30m high,13321.0,5,133210.0,,,,,,,,
352,Exit long,2023-05-08 13:35:00-04:00,target,13350.75,5,133210.0,291.3,0.2187,332.5,0.2496,137.5,0.1032,6788.85,6.7889
353,Entry long,2023-05-10 10:10:00-04:00,ORB close above 30m high,13424.0,5,134240.0,,,,,,,,
353,Exit long,2023-05-10 10:45:00-04:00,stop,13321.25,5,134240.0,-1033.7,-0.77,100.0,0.0745,1075.0,0.8008,5755.15,5.7552
354,Entry long,2023-05-11 11:30:00-04:00,ORB close above 30m high,13434.75,5,134347.5,,,,,,,,
354,Exit long,2023-05-11 14:00:00-04:00,time,13426.25,5,134347.5,-91.2,-0.0679,250.0,0.1861,412.5,0.307,5663.95,5.664
355,Entry long,2023-05-15 11:25:00-04:00,ORB close above 30m high,13432.0,5,134320.0,,,,,,,,
355,Exit long,2023-05-15 13:05:00-04:00,target,13460.88,5,134320.0,282.55,0.2104,342.5,0.255,140.0,0.1042,5946.5,5.9465
356,Entry long,2023-05-16 11:00:00-04:00,ORB close above 30m high,13519.25,5,135192.5,,,,,,,,
356,Exit long,2023-05-16 14:00:00-04:00,time,13544.75,5,135192.5,248.8,0.184,350.0,0.2589,182.5,0.135,6195.3,6.1953
357,Entry long,2023-05-17 11:40:00-04:00,ORB close above 30m high,13540.75,5,135407.5,,,,,,,,
357,Exit long,2023-05-17 12:35:00-04:00,target,13573.38,5,135407.5,320.05,0.2364,367.5,0.2714,35.0,0.0258,6515.35,6.5154
358,Entry long,2023-05-18 10:10:00-04:00,ORB close above 30m high,13731.5,5,137315.0,,,,,,,,
358,Exit long,2023-05-18 10:25:00-04:00,target,13770.62,5,137315.0,385.05,0.2804,442.5,0.3223,62.5,0.0455,6900.4,6.9004
359,Entry long,2023-05-25 11:15:00-04:00,ORB close above 30m high,13976.5,5,139765.0,,,,,,,,
359,Exit long,2023-05-25 14:00:00-04:00,time,13990.75,5,139765.0,136.3,0.0975,550.0,0.3935,552.5,0.3953,7036.7,7.0367
360,Entry long,2023-05-26 10:05:00-04:00,ORB close above 30m high,14133.5,5,141335.0,,,,,,,,
360,Exit long,2023-05-26 10:25:00-04:00,target,14192.62,5,141335.0,585.05,0.4139,710.0,0.5024,72.5,0.0513,7621.75,7.6218
361,Entry long,2023-05-29 10:25:00-04:00,ORB close above 30m high,14379.75,5,143797.5,,,,,,,,
361,Exit long,2023-05-29 10:30:00-04:00,target,14385.5,5,143797.5,51.3,0.0357,62.5,0.0435,2.5,0.0017,7673.05,7.6731
362,Entry long,2023-06-01 10:05:00-04:00,ORB close above 30m high,14323.5,5,143235.0,,,,,,,,
362,Exit long,2023-06-01 10:40:00-04:00,target,14359.0,5,143235.0,348.8,0.2435,395.0,0.2758,507.5,0.3543,8021.85,8.0219
363,Entry long,2023-06-05 10:55:00-04:00,ORB close above 30m high,14657.25,5,146572.5,,,,,,,,
363,Exit long,2023-06-05 14:00:00-04:00,time,14632.5,5,146572.5,-253.7,-0.1731,380.0,0.2593,472.5,0.3224,7768.15,7.7682
364,Entry long,2023-06-06 10:25:00-04:00,ORB close above 30m high,14578.75,5,145787.5,,,,,,,,
364,Exit long,2023-06-06 11:55:00-04:00,target,14615.38,5,145787.5,360.05,0.247,370.0,0.2538,387.5,0.2658,8128.2,8.1282
365,Entry long,2023-06-08 10:15:00-04:00,ORB close above 30m high,14406.5,5,144065.0,,,,,,,,
365,Exit long,2023-06-08 10:45:00-04:00,target,14445.5,5,144065.0,383.8,0.2664,415.0,0.2881,152.5,0.1059,8512.0,8.512
366,Entry long,2023-06-09 10:15:00-04:00,ORB close above 30m high,14670.5,5,146705.0,,,,,,,,
366,Exit long,2023-06-09 11:25:00-04:00,stop,14556.25,5,146705.0,-1148.7,-0.783,175.0,0.1193,1235.0,0.8418,7363.3,7.3633
367,Entry long,2023-06-12 10:50:00-04:00,ORB close above 30m high,14642.0,5,146420.0,,,,,,,,
367,Exit long,2023-06-12 11:35:00-04:00,target,14662.25,5,146420.0,196.3,0.1341,212.5,0.1451,395.0,0.2698,7559.6,7.5596
368,Entry long,2023-06-14 10:05:00-04:00,ORB close above 30m high,15127.5,5,151275.0,,,,,,,,
368,Exit long,2023-06-14 10:20:00-04:00,target,15164.5,5,151275.0,363.8,0.2405,447.5,0.2958,47.5,0.0314,7923.4,7.9234
369,Entry long,2023-06-15 10:10:00-04:00,ORB close above 30m high,15250.75,5,152507.5,,,,,,,,
369,Exit long,2023-06-15 11:35:00-04:00,target,15318.75,5,152507.5,673.8,0.4418,722.5,0.4737,355.0,0.2328,8597.2,8.5972
370,Entry long,2023-06-22 10:15:00-04:00,ORB close above 30m high,15132.75,5,151327.5,,,,,,,,
370,Exit long,2023-06-22 14:00:00-04:00,time,15153.5,5,151327.5,201.3,0.133,480.0,0.3172,767.5,0.5072,8798.5,8.7985
371,Entry long,2023-06-23 12:20:00-04:00,ORB close above 30m high,15103.25,5,151032.5,,,,,,,,
371,Exit long,2023-06-23 14:00:00-04:00,time,15126.0,5,151032.5,221.3,0.1465,522.5,0.346,107.5,0.0712,9019.8,9.0198
372,Entry long,2023-06-26 10:15:00-04:00,ORB close above 30m high,15140.75,5,151407.5,,,,,,,,
372,Exit long,2023-06-26 11:05:00-04:00,stop,15024.0,5,151407.5,-1173.7,-0.7752,115.0,0.076,1247.5,0.8239,7846.1,7.8461
373,Entry long,2023-06-27 11:30:00-04:00,ORB close above 30m high,14982.75,5,149827.5,,,,,,,,
373,Exit long,2023-06-27 12:25:00-04:00,target,15024.88,5,149827.5,415.05,0.277,470.0,0.3137,87.5,0.0584,8261.15,8.2612
374,Entry long,2023-06-28 10:20:00-04:00,ORB close above 30m high,15113.75,5,151137.5,,,,,,,,
374,Exit long,2023-06-28 10:30:00-04:00,target,15157.62,5,151137.5,432.55,0.2862,587.5,0.3887,132.5,0.0877,8693.7,8.6937
375,Entry long,2023-06-30 10:15:00-04:00,ORB close above 30m high,15336.75,5,153367.5,,,,,,,,
375,Exit long,2023-06-30 14:00:00-04:00,time,15355.25,5,153367.5,178.8,0.1166,397.5,0.2592,542.5,0.3537,8872.5,8.8725
376,Entry long,2023-07-05 10:20:00-04:00,ORB close above 30m high,15407.0,5,154070.0,,,,,,,,
376,Exit long,2023-07-05 14:00:00-04:00,time,15370.75,5,154070.0,-368.7,-0.2393,247.5,0.1606,685.0,0.4446,8503.8,8.5038
377,Entry long,2023-07-06 13:00:00-04:00,ORB close above 30m high,15215.5,5,152155.0,,,,,,,,
377,Exit long,2023-07-06 14:00:00-04:00,time,15237.75,5,152155.0,216.3,0.1422,242.5,0.1594,240.0,0.1577,8720.1,8.7201
378,Entry long,2023-07-07 12:00:00-04:00,ORB close above 30m high,15281.0,5,152810.0,,,,,,,,
378,Exit long,2023-07-07 12:35:00-04:00,target,15327.0,5,152810.0,453.8,0.297,557.5,0.3648,12.5,0.0082,9173.9,9.1739
379,Entry long,2023-07-11 12:00:00-04:00,ORB close above 30m high,15236.0,5,152360.0,,,,,,,,
379,Exit long,2023-07-11 14:00:00-04:00,time,15203.25,5,152360.0,-333.7,-0.219,140.0,0.0919,607.5,0.3987,8840.2,8.8402
380,Entry long,2023-07-12 10:10:00-04:00,ORB close above 30m high,15487.5,5,154875.0,,,,,,,,
380,Exit long,2023-07-12 11:35:00-04:00,stop,15407.75,5,154875.0,-803.7,-0.5189,202.5,0.1308,810.0,0.523,8036.5,8.0365
381,Entry long,2023-07-13 12:00:00-04:00,ORB close above 30m high,15631.25,5,156312.5,,,,,,,,
381,Exit long,2023-07-13 13:35:00-04:00,target,15670.5,5,156312.5,386.3,0.2471,400.0,0.2559,65.0,0.0416,8422.8,8.4228
382,Entry long,2023-07-14 10:10:00-04:00,ORB close above 30m high,15812.5,5,158125.0,,,,,,,,
382,Exit long,2023-07-14 14:00:00-04:00,time,15740.5,5,158125.0,-726.2,-0.4593,450.0,0.2846,875.0,0.5534,7696.6,7.6966
383,Entry long,2023-07-17 11:35:00-04:00,ORB close above 30m high,15784.75,5,157847.5,,,,,,,,
383,Exit long,2023-07-17 14:00:00-04:00,time,15819.5,5,157847.5,341.3,0.2162,367.5,0.2328,245.0,0.1552,8037.9,8.0379
384,Entry long,2023-07-18 11:45:00-04:00,ORB close above 30m high,15831.75,5,158317.5,,,,,,,,
384,Exit long,2023-07-18 11:50:00-04:00,target,15880.62,5,158317.5,482.55,0.3048,572.5,0.3616,5.0,0.0032,8520.45,8.5205
385,Entry long,2023-07-19 11:15:00-04:00,ORB close above 30m high,16041.75,5,160417.5,,,,,,,,
385,Exit long,2023-07-19 12:20:00-04:00,stop,15977.75,5,160417.5,-646.2,-0.4028,207.5,0.1293,660.0,0.4114,7874.25,7.8743
386,Entry long,2023-07-25 11:40:00-04:00,ORB close above 30m high,15672.5,5,156725.0,,,,,,,,
386,Exit long,2023-07-25 14:00:00-04:00,time,15689.75,5,156725.0,166.3,0.1061,367.5,0.2345,185.0,0.118,8040.55,8.0406
387,Entry long,2023-07-28 10:05:00-04:00,ORB close above 30m high,15824.75,5,158247.5,,,,,,,,
387,Exit long,2023-07-28 11:40:00-04:00,target,15879.12,5,158247.5,537.55,0.3397,610.0,0.3855,432.5,0.2733,8578.1,8.5781
388,Entry long,2023-08-01 10:40:00-04:00,ORB close above 30m high,15811.25,5,158112.5,,,,,,,,
388,Exit long,2023-08-01 10:50:00-04:00,target,15834.12,5,158112.5,222.55,0.1408,257.5,0.1629,100.0,0.0632,8800.65,8.8007
389,Entry long,2023-08-03 11:20:00-04:00,ORB close above 30m high,15473.25,5,154732.5,,,,,,,,
389,Exit long,2023-08-03 14:00:00-04:00,time,15452.5,5,154732.5,-213.7,-0.1381,505.0,0.3264,315.0,0.2036,8586.95,8.587
390,Entry long,2023-08-04 12:30:00-04:00,ORB close above 30m high,15591.5,5,155915.0,,,,,,,,
390,Exit long,2023-08-04 14:00:00-04:00,time,15524.5,5,155915.0,-676.2,-0.4337,187.5,0.1203,1262.5,0.8097,7910.75,7.9108
391,Entry long,2023-08-10 10:05:00-04:00,ORB close above 30m high,15430.25,5,154302.5,,,,,,,,
391,Exit long,2023-08-10 11:20:00-04:00,stop,15273.0,5,154302.5,-1578.7,-1.0231,82.5,0.0535,1692.5,1.0969,6332.05,6.3321
392,Entry long,2023-08-11 10:15:00-04:00,ORB close above 30m high,15132.0,5,151320.0,,,,,,,,
392,Exit long,2023-08-11 10:20:00-04:00,target,15171.75,5,151320.0,391.3,0.2586,422.5,0.2792,30.0,0.0198,6723.35,6.7234
393,Entry long,2023-08-14 10:05:00-04:00,ORB close above 30m high,15130.5,5,151305.0,,,,,,,,
393,Exit long,2023-08-14 10:30:00-04:00,target,15177.38,5,151305.0,462.55,0.3057,500.0,0.3305,167.5,0.1107,7185.9,7.1859
394,Entry long,2023-08-16 10:20:00-04:00,ORB close above 30m high,15135.75,5,151357.5,,,,,,,,
394,Exit long,2023-08-16 11:50:00-04:00,stop,15050.5,5,151357.5,-858.7,-0.5673,87.5,0.0578,897.5,0.593,6327.2,6.3272
395,Entry long,2023-08-18 11:05:00-04:00,ORB close above 30m high,14705.75,5,147057.5,,,,,,,,
395,Exit long,2023-08-18 12:05:00-04:00,target,14747.0,5,147057.5,406.3,0.2763,440.0,0.2992,575.0,0.391,6733.5,6.7335
396,Entry long,2023-08-21 10:05:00-04:00,ORB close above 30m high,14916.0,5,149160.0,,,,,,,,
396,Exit long,2023-08-21 11:10:00-04:00,stop,14805.25,5,149160.0,-1113.7,-0.7466,162.5,0.1089,1110.0,0.7442,5619.8,5.6198
397,Entry long,2023-08-23 10:10:00-04:00,ORB close above 30m high,15106.25,5,151062.5,,,,,,,,
397,Exit long,2023-08-23 10:40:00-04:00,target,15159.5,5,151062.5,526.3,0.3484,577.5,0.3823,90.0,0.0596,6146.1,6.1461
398,Entry long,2023-08-25 10:15:00-04:00,ORB close above 30m high,14999.25,5,149992.5,,,,,,,,
398,Exit long,2023-08-25 10:25:00-04:00,stop,14891.75,5,149992.5,-1081.2,-0.7208,497.5,0.3317,1292.5,0.8617,5064.9,5.0649
399,Entry long,2023-08-29 10:05:00-04:00,ORB close above 30m high,15229.75,5,152297.5,,,,,,,,
399,Exit long,2023-08-29 10:30:00-04:00,target,15313.25,5,152297.5,828.8,0.5442,907.5,0.5959,107.5,0.0706,5893.7,5.8937
400,Entry long,2023-08-30 10:10:00-04:00,ORB close above 30m high,15478.75,5,154787.5,,,,,,,,
400,Exit long,2023-08-30 10:25:00-04:00,stop,15386.25,5,154787.5,-931.2,-0.6016,287.5,0.1857,1045.0,0.6751,4962.5,4.9625
401,Entry long,2023-08-31 10:15:00-04:00,ORB close above 30m high,15582.25,5,155822.5,,,,,,,,
401,Exit long,2023-08-31 14:00:00-04:00,time,15557.5,5,155822.5,-253.7,-0.1628,245.0,0.1572,885.0,0.568,4708.8,4.7088
402,Entry long,2023-09-05 10:25:00-04:00,ORB close above 30m high,15511.0,5,155110.0,,,,,,,,
402,Exit long,2023-09-05 11:00:00-04:00,target,15543.38,5,155110.0,317.55,0.2047,477.5,0.3078,340.0,0.2192,5026.35,5.0264
403,Entry long,2023-09-07 10:45:00-04:00,ORB close above 30m high,15270.5,5,152705.0,,,,,,,,
403,Exit long,2023-09-07 14:00:00-04:00,time,15279.5,5,152705.0,83.8,0.0549,225.0,0.1473,732.5,0.4797,5110.15,5.1102
404,Entry long,2023-09-08 10:20:00-04:00,ORB close above 30m high,15374.5,5,153745.0,,,,,,,,
404,Exit long,2023-09-08 14:00:00-04:00,time,15326.5,5,153745.0,-486.2,-0.3162,160.0,0.1041,870.0,0.5659,4623.95,4.624
405,Entry long,2023-09-11 13:40:00-04:00,ORB close above 30m high,15453.75,5,154537.5,,,,,,,,
405,Exit long,2023-09-11 14:00:00-04:00,time,15468.0,5,154537.5,136.3,0.0882,177.5,0.1149,75.0,0.0485,4760.25,4.7603
406,Entry long,2023-09-13 11:05:00-04:00,ORB close above 30m high,15581.25,5,155812.5,,,,,,,,
406,Exit long,2023-09-13 14:00:00-04:00,time,15604.0,5,155812.5,221.3,0.142,387.5,0.2487,435.0,0.2792,4981.55,4.9816
407,Entry long,2023-09-14 10:45:00-04:00,ORB close above 30m high,15645.5,5,156455.0,,,,,,,,
407,Exit long,2023-09-14 12:50:00-04:00,target,15699.88,5,156455.0,537.55,0.3436,572.5,0.3659,185.0,0.1182,5519.1,5.5191
408,Entry long,2023-09-18 11:35:00-04:00,ORB close above 30m high,15435.25,5,154352.5,,,,,,,,
408,Exit long,2023-09-18 14:00:00-04:00,time,15436.25,5,154352.5,3.8,0.0025,255.0,0.1652,112.5,0.0729,5522.9,5.5229
409,Entry long,2023-09-19 13:55:00-04:00,ORB close above 30m high,15378.0,5,153780.0,,,,,,,,
409,Exit long,2023-09-19 14:00:00-04:00,time,15373.25,5,153780.0,-53.7,-0.0349,60.0,0.039,102.5,0.0667,5469.2,5.4692
410,Entry long,2023-09-22 10:25:00-04:00,ORB close above 30m high,14955.75,5,149557.5,,,,,,,,
410,Exit long,2023-09-22 10:30:00-04:00,target,14989.38,5,149557.5,330.05,0.2207,380.0,0.2541,212.5,0.1421,5799.25,5.7993
411,Entry long,2023-09-25 11:20:00-04:00,ORB close above 30m high,14914.0,5,149140.0,,,,,,,,
411,Exit long,2023-09-25 14:00:00-04:00,time,14903.25,5,149140.0,-113.7,-0.0762,220.0,0.1475,497.5,0.3336,5685.55,5.6856
412,Entry long,2023-09-28 10:05:00-04:00,ORB close above 30m high,14771.25,5,147712.5,,,,,,,,
412,Exit long,2023-09-28 11:30:00-04:00,target,14828.5,5,147712.5,566.3,0.3834,870.0,0.589,920.0,0.6228,6251.85,6.2519
413,Entry long,2023-09-29 10:05:00-04:00,ORB close above 30m high,15051.5,5,150515.0,,,,,,,,
413,Exit long,2023-09-29 10:20:00-04:00,stop,14976.5,5,150515.0,-756.2,-0.5024,12.5,0.0083,775.0,0.5149,5495.65,5.4957
414,Entry long,2023-10-02 10:05:00-04:00,ORB close above 30m high,14982.5,5,149825.0,,,,,,,,
414,Exit long,2023-10-02 14:00:00-04:00,time,14909.0,5,149825.0,-741.2,-0.4947,637.5,0.4255,1157.5,0.7726,4754.45,4.7545
415,Entry long,2023-10-04 11:20:00-04:00,ORB close above 30m high,14845.25,5,148452.5,,,,,,,,
415,Exit long,2023-10-04 11:55:00-04:00,target,14893.62,5,148452.5,477.55,0.3217,522.5,0.352,212.5,0.1431,5232.0,5.232
416,Entry long,2023-10-06 10:25:00-04:00,ORB close above 30m high,14824.0,5,148240.0,,,,,,,,
416,Exit long,2023-10-06 10:30:00-04:00,target,14884.75,5,148240.0,601.3,0.4056,617.5,0.4166,57.5,0.0388,5833.3,5.8333
417,Entry long,2023-10-09 12:20:00-04:00,ORB close above 30m high,15074.5,5,150745.0,,,,,,,,
417,Exit long,2023-10-09 13:35:00-04:00,target,15136.88,5,150745.0,617.55,0.4097,645.0,0.4279,280.0,0.1857,6450.85,6.4509
418,Entry long,2023-10-10 10:05:00-04:00,ORB close above 30m high,15264.0,5,152640.0,,,,,,,,
418,Exit long,2023-10-10 10:30:00-04:00,target,15305.75,5,152640.0,411.3,0.2695,502.5,0.3292,265.0,0.1736,6862.15,6.8622
419,Entry long,2023-10-12 10:10:00-04:00,ORB close above 30m high,15423.0,5,154230.0,,,,,,,,
419,Exit long,2023-10-12 10:10:00-04:00,target,15451.5,5,154230.0,278.8,0.1808,367.5,0.2383,17.5,0.0113,7140.95,7.141
420,Entry long,2023-10-16 10:20:00-04:00,ORB close above 30m high,15264.0,5,152640.0,,,,,,,,
420,Exit long,2023-10-16 10:30:00-04:00,target,15311.38,5,152640.0,467.55,0.3063,612.5,0.4013,50.0,0.0328,7608.5,7.6085
421,Entry long,2023-10-17 10:15:00-04:00,ORB close above 30m high,15158.75,5,151587.5,,,,,,,,
421,Exit long,2023-10-17 10:35:00-04:00,target,15212.88,5,151587.5,535.05,0.353,785.0,0.5179,27.5,0.0181,8143.55,8.1436
422,Entry long,2023-10-18 10:20:00-04:00,ORB close above 30m high,15200.5,5,152005.0,,,,,,,,
422,Exit long,2023-10-18 10:35:00-04:00,stop,15121.25,5,152005.0,-798.7,-0.5254,235.0,0.1546,960.0,0.6316,7344.85,7.3449
423,Entry long,2023-10-19 12:25:00-04:00,ORB close above 30m high,15115.25,5,151152.5,,,,,,,,
423,Exit long,2023-10-19 12:30:00-04:00,stop,15020.75,5,151152.5,-951.2,-0.6293,27.5,0.0182,1597.5,1.0569,6393.65,6.3937
424,Entry long,2023-10-23 10:15:00-04:00,ORB close above 30m high,14657.5,5,146575.0,,,,,,,,
424,Exit long,2023-10-23 11:15:00-04:00,target,14728.88,5,146575.0,707.55,0.4827,782.5,0.5339,237.5,0.162,7101.2,7.1012
425,Entry long,2023-10-24 10:30:00-04:00,ORB close above 30m high,14848.25,5,148482.5,,,,,,,,
425,Exit long,2023-10-24 12:20:00-04:00,stop,14758.75,5,148482.5,-901.2,-0.6069,295.0,0.1987,927.5,0.6247,6200.0,6.2
426,Entry long,2023-10-27 11:10:00-04:00,ORB close above 30m high,14358.75,5,143587.5,,,,,,,,
426,Exit long,2023-10-27 11:15:00-04:00,target,14392.38,5,143587.5,330.05,0.2299,462.5,0.3221,112.5,0.0783,6530.05,6.5301
427,Entry long,2023-10-31 12:50:00-04:00,ORB close above 30m high,14435.25,5,144352.5,,,,,,,,
427,Exit long,2023-10-31 14:00:00-04:00,time,14477.25,5,144352.5,413.8,0.2867,527.5,0.3654,222.5,0.1541,6943.85,6.9439
428,Entry long,2023-11-01 10:25:00-04:00,ORB close above 30m high,14631.0,5,146310.0,,,,,,,,
428,Exit long,2023-11-01 14:00:00-04:00,time,14605.5,5,146310.0,-261.2,-0.1785,185.0,0.1264,687.5,0.4699,6682.65,6.6827
429,Entry long,2023-11-02 10:55:00-04:00,ORB close above 30m high,14955.25,5,149552.5,,,,,,,,
429,Exit long,2023-11-02 13:30:00-04:00,target,14982.25,5,149552.5,263.8,0.1764,342.5,0.229,327.5,0.219,6946.45,6.9465
430,Entry long,2023-11-03 11:50:00-04:00,ORB close above 30m high,15143.5,5,151435.0,,,,,,,,
430,Exit long,2023-11-03 13:55:00-04:00,target,15194.88,5,151435.0,507.55,0.3352,607.5,0.4012,77.5,0.0512,7454.0,7.454
431,Entry long,2023-11-07 10:05:00-05:00,ORB close above 30m high,15309.25,5,153092.5,,,,,,,,
431,Exit long,2023-11-07 10:30:00-05:00,target,15351.38,5,153092.5,415.05,0.2711,460.0,0.3005,362.5,0.2368,7869.05,7.8691
432,Entry long,2023-11-09 11:50:00-05:00,ORB close above 30m high,15429.75,5,154297.5,,,,,,,,
432,Exit long,2023-11-09 13:00:00-05:00,stop,15365.5,5,154297.5,-648.7,-0.4204,235.0,0.1523,1087.5,0.7048,7220.35,7.2204
433,Entry long,2023-11-10 11:05:00-05:00,ORB close above 30m high,15404.25,5,154042.5,,,,,,,,
433,Exit long,2023-11-10 12:00:00-05:00,target,15453.38,5,154042.5,485.05,0.3149,630.0,0.409,10.0,0.0065,7705.4,7.7054
434,Entry long,2023-11-13 10:55:00-05:00,ORB close above 30m high,15543.25,5,155432.5,,,,,,,,
434,Exit long,2023-11-13 11:45:00-05:00,target,15582.0,5,155432.5,381.3,0.2453,462.5,0.2976,137.5,0.0885,8086.7,8.0867
435,Entry long,2023-11-14 10:05:00-05:00,ORB close above 30m high,15884.5,5,158845.0,,,,,,,,
435,Exit long,2023-11-14 14:00:00-05:00,time,15852.25,5,158845.0,-328.7,-0.2069,182.5,0.1149,512.5,0.3226,7758.0,7.758
436,Entry long,2023-11-17 12:05:00-05:00,ORB close above 30m high,15883.5,5,158835.0,,,,,,,,
436,Exit long,2023-11-17 13:10:00-05:00,target,15909.25,5,158835.0,251.3,0.1582,302.5,0.1904,200.0,0.1259,8009.3,8.0093
437,Entry long,2023-11-20 11:00:00-05:00,ORB close above 30m high,15999.75,5,159997.5,,,,,,,,
437,Exit long,2023-11-20 13:00:00-05:00,target,16052.0,5,159997.5,516.3,0.3227,550.0,0.3438,5.0,0.0031,8525.6,8.5256
438,Entry long,2023-11-23 11:00:00-05:00,ORB close above 30m high,16073.5,5,160735.0,,,,,,,,
438,Exit long,2023-11-23 18:00:00-05:00,time,16062.25,5,160735.0,-118.7,-0.0738,27.5,0.0171,150.0,0.0933,8406.9,8.4069
439,Entry long,2023-11-27 10:10:00-05:00,ORB close above 30m high,16044.25,5,160442.5,,,,,,,,
439,Exit long,2023-11-27 13:00:00-05:00,target,16081.0,5,160442.5,361.3,0.2252,405.0,0.2524,450.0,0.2805,8768.2,8.7682
440,Entry long,2023-11-28 10:40:00-05:00,ORB close above 30m high,16010.75,5,160107.5,,,,,,,,
440,Exit long,2023-11-28 10:40:00-05:00,target,16036.75,5,160107.5,253.8,0.1585,370.0,0.2311,10.0,0.0062,9022.0,9.022
441,Entry long,2023-12-01 11:15:00-05:00,ORB close above 30m high,15976.75,5,159767.5,,,,,,,,
441,Exit long,2023-12-01 12:40:00-05:00,target,16027.12,5,159767.5,497.55,0.3114,580.0,0.363,465.0,0.291,9519.55,9.5196
442,Entry long,2023-12-05 10:05:00-05:00,ORB close above 30m high,15925.75,5,159257.5,,,,,,,,
442,Exit long,2023-12-05 14:00:00-05:00,time,15872.75,5,159257.5,-536.2,-0.3367,360.0,0.226,982.5,0.6169,8983.35,8.9834
443,Entry long,2023-12-07 10:25:00-05:00,ORB close above 30m high,15993.75,5,159937.5,,,,,,,,
443,Exit long,2023-12-07 12:15:00-05:00,target,16046.38,5,159937.5,520.05,0.3252,532.5,0.3329,630.0,0.3939,9503.4,9.5034
444,Entry long,2023-12-08 10:05:00-05:00,ORB close above 30m high,16045.0,5,160450.0,,,,,,,,
444,Exit long,2023-12-08 10:15:00-05:00,target,16093.88,5,160450.0,482.55,0.3007,650.0,0.4051,170.0,0.106,9985.95,9.986
445,Entry long,2023-12-11 10:10:00-05:00,ORB close above 30m high,16168.25,5,161682.5,,,,,,,,
445,Exit long,2023-12-11 13:00:00-05:00,target,16217.88,5,161682.5,490.05,0.3031,530.0,0.3278,467.5,0.2891,10476.0,10.476
446,Entry long,2023-12-12 10:05:00-05:00,ORB close above 30m high,16257.5,5,162575.0,,,,,,,,
446,Exit long,2023-12-12 11:00:00-05:00,target,16293.5,5,162575.0,353.8,0.2176,362.5,0.223,107.5,0.0661,10829.8,10.8298
447,Entry long,2023-12-15 10:20:00-05:00,ORB close above 30m high,16848.25,5,168482.5,,,,,,,,
447,Exit long,2023-12-15 11:30:00-05:00,target,16882.0,5,168482.5,331.3,0.1966,390.0,0.2315,130.0,0.0772,11161.1,11.1611
448,Entry long,2023-12-18 10:05:00-05:00,ORB close above 30m high,16896.25,5,168962.5,,,,,,,,
448,Exit long,2023-12-18 12:15:00-05:00,target,16928.12,5,168962.5,312.55,0.185,420.0,0.2486,405.0,0.2397,11473.65,11.4737
449,Entry long,2023-12-19 10:35:00-05:00,ORB close above 30m high,16997.75,5,169977.5,,,,,,,,
449,Exit long,2023-12-19 14:00:00-05:00,time,16993.5,5,169977.5,-48.7,-0.0287,150.0,0.0882,327.5,0.1927,11424.95,11.425
450,Entry long,2023-12-20 10:05:00-05:00,ORB close above 30m high,17026.5,5,170265.0,,,,,,,,
450,Exit long,2023-12-20 10:25:00-05:00,target,17054.12,5,170265.0,270.05,0.1586,282.5,0.1659,10.0,0.0059,11695.0,11.695
451,Entry long,2023-12-26 10:40:00-05:00,ORB close above 30m high,17057.75,5,170577.5,,,,,,,,
451,Exit long,2023-12-26 14:00:00-05:00,time,17049.0,5,170577.5,-93.7,-0.0549,62.5,0.0366,350.0,0.2052,11601.3,11.6013
452,Entry long,2024-01-04 10:10:00-05:00,ORB close above 30m high,16513.75,5,165137.5,,,,,,,,
452,Exit long,2024-01-04 11:10:00-05:00,target,16548.88,5,165137.5,345.05,0.2089,605.0,0.3664,177.5,0.1075,11946.35,11.9464
453,Entry long,2024-01-05 10:05:00-05:00,ORB close above 30m high,16540.5,5,165405.0,,,,,,,,
453,Exit long,2024-01-05 13:15:00-05:00,stop,16437.0,5,165405.0,-1041.2,-0.6295,365.0,0.2207,1102.5,0.6665,10905.15,10.9052
454,Entry long,2024-01-08 10:05:00-05:00,ORB close above 30m high,16641.25,5,166412.5,,,,,,,,
454,Exit long,2024-01-08 12:40:00-05:00,target,16709.0,5,166412.5,671.3,0.4034,727.5,0.4372,182.5,0.1097,11576.45,11.5765
455,Entry long,2024-01-09 10:10:00-05:00,ORB close above 30m high,16720.75,5,167207.5,,,,,,,,
455,Exit long,2024-01-09 10:40:00-05:00,target,16750.5,5,167207.5,291.3,0.1742,302.5,0.1809,90.0,0.0538,11867.75,11.8678
456,Entry long,2024-01-10 10:45:00-05:00,ORB close above 30m high,16885.5,5,168855.0,,,,,,,,
456,Exit long,2024-01-10 13:00:00-05:00,target,16921.38,5,168855.0,352.55,0.2088,447.5,0.265,310.0,0.1836,12220.3,12.2203
457,Entry long,2024-01-15 10:50:00-05:00,ORB close above 30m high,16968.5,5,169685.0,,,,,,,,
457,Exit long,2024-01-15 18:00:00-05:00,time,16965.75,5,169685.0,-33.7,-0.0199,115.0,0.0678,142.5,0.084,12186.6,12.1866
458,Entry long,2024-01-16 10:20:00-05:00,ORB close above 30m high,16965.0,5,169650.0,,,,,,,,
458,Exit long,2024-01-16 10:40:00-05:00,target,17019.75,5,169650.0,541.3,0.3191,570.0,0.336,30.0,0.0177,12727.9,12.7279
459,Entry long,2024-01-18 10:40:00-05:00,ORB close above 30m high,17059.5,5,170595.0,,,,,,,,
459,Exit long,2024-01-18 11:30:00-05:00,target,17091.25,5,170595.0,311.3,0.1825,420.0,0.2462,332.5,0.1949,13039.2,13.0392
460,Entry long,2024-01-19 10:05:00-05:00,ORB close above 30m high,17217.5,5,172175.0,,,,,,,,
460,Exit long,2024-01-19 11:05:00-05:00,target,17242.88,5,172175.0,247.55,0.1438,345.0,0.2004,487.5,0.2831,13286.75,13.2868
461,Entry long,2024-01-23 13:00:00-05:00,ORB close above 30m high,17490.0,5,174900.0,,,,,,,,
461,Exit long,2024-01-23 14:00:00-05:00,time,17481.75,5,174900.0,-88.7,-0.0507,30.0,0.0172,300.0,0.1715,13198.05,13.1981
462,Entry long,2024-01-24 10:20:00-05:00,ORB close above 30m high,17703.25,5,177032.5,,,,,,,,
462,Exit long,2024-01-24 10:35:00-05:00,target,17736.0,5,177032.5,321.3,0.1815,410.0,0.2316,85.0,0.048,13519.35,13.5194
463,Entry long,2024-01-25 10:30:00-05:00,ORB close above 30m high,17730.5,5,177305.0,,,,,,,,
463,Exit long,2024-01-25 12:30:00-05:00,stop,17660.25,5,177305.0,-708.7,-0.3997,215.0,0.1213,815.0,0.4597,12810.65,12.8107
464,Entry long,2024-01-26 10:30:00-05:00,ORB close above 30m high,17581.0,5,175810.0,,,,,,,,
464,Exit long,2024-01-26 10:50:00-05:00,target,17613.62,5,175810.0,320.05,0.182,362.5,0.2062,27.5,0.0156,13130.7,13.1307
465,Entry long,2024-01-29 12:25:00-05:00,ORB close above 30m high,17599.5,5,175995.0,,,,,,,,
465,Exit long,2024-01-29 14:00:00-05:00,time,17587.75,5,175995.0,-123.7,-0.0703,102.5,0.0582,215.0,0.1222,13007.0,13.007
466,Entry long,2024-02-01 10:10:00-05:00,ORB close above 30m high,17352.75,5,173527.5,,,,,,,,
466,Exit long,2024-02-01 10:55:00-05:00,stop,17284.75,5,173527.5,-686.2,-0.3954,185.0,0.1066,805.0,0.4639,12320.8,12.3208
467,Entry long,2024-02-02 10:45:00-05:00,ORB close above 30m high,17654.0,5,176540.0,,,,,,,,
467,Exit long,2024-02-02 12:25:00-05:00,target,17747.88,5,176540.0,932.55,0.5282,972.5,0.5509,480.0,0.2719,13253.35,13.2534
468,Entry long,2024-02-07 10:15:00-05:00,ORB close above 30m high,17807.5,5,178075.0,,,,,,,,
468,Exit long,2024-02-07 10:25:00-05:00,target,17851.88,5,178075.0,437.55,0.2457,602.5,0.3383,50.0,0.0281,13690.9,13.6909
469,Entry long,2024-02-08 10:05:00-05:00,ORB close above 30m high,17852.75,5,178527.5,,,,,,,,
469,Exit long,2024-02-08 10:45:00-05:00,target,17875.12,5,178527.5,217.55,0.1219,260.0,0.1456,292.5,0.1638,13908.45,13.9085
470,Entry long,2024-02-09 10:20:00-05:00,ORB close above 30m high,17954.75,5,179547.5,,,,,,,,
470,Exit long,2024-02-09 10:45:00-05:00,target,17994.25,5,179547.5,388.8,0.2165,422.5,0.2353,35.0,0.0195,14297.25,14.2973
471,Entry long,2024-02-12 10:45:00-05:00,ORB close above 30m high,18060.0,5,180600.0,,,,,,,,
471,Exit long,2024-02-12 11:20:00-05:00,target,18086.12,5,180600.0,255.05,0.1412,310.0,0.1717,27.5,0.0152,14552.3,14.5523
472,Entry long,2024-02-13 10:25:00-05:00,ORB close above 30m high,17705.0,5,177050.0,,,,,,,,
472,Exit long,2024-02-13 10:35:00-05:00,target,17764.0,5,177050.0,583.8,0.3297,760.0,0.4293,7.5,0.0042,15136.1,15.1361
473,Entry long,2024-02-14 10:20:00-05:00,ORB close above 30m high,17826.0,5,178260.0,,,,,,,,
473,Exit long,2024-02-14 11:00:00-05:00,stop,17742.75,5,178260.0,-838.7,-0.4705,210.0,0.1178,1210.0,0.6788,14297.4,14.2974
474,Entry long,2024-02-15 13:20:00-05:00,ORB close above 30m high,17916.5,5,179165.0,,,,,,,,
474,Exit long,2024-02-15 14:00:00-05:00,time,17911.25,5,179165.0,-58.7,-0.0328,162.5,0.0907,210.0,0.1172,14238.7,14.2387
475,Entry long,2024-02-21 10:05:00-05:00,ORB close above 30m high,17522.75,5,175227.5,,,,,,,,
475,Exit long,2024-02-21 12:10:00-05:00,stop,17448.25,5,175227.5,-751.2,-0.4287,2.5,0.0014,855.0,0.4879,13487.5,13.4875
476,Entry long,2024-02-22 11:20:00-05:00,ORB close above 30m high,17971.25,5,179712.5,,,,,,,,
476,Exit long,2024-02-22 13:05:00-05:00,target,18024.62,5,179712.5,527.55,0.2936,537.5,0.2991,362.5,0.2017,14015.05,14.015
477,Entry long,2024-02-26 11:55:00-05:00,ORB close above 30m high,18055.75,5,180557.5,,,,,,,,
477,Exit long,2024-02-26 14:00:00-05:00,time,18014.0,5,180557.5,-423.7,-0.2347,40.0,0.0222,755.0,0.4181,13591.35,13.5913
478,Entry long,2024-02-27 10:20:00-05:00,ORB close above 30m high,18028.5,5,180285.0,,,,,,,,
478,Exit long,2024-02-27 12:50:00-05:00,stop,17937.75,5,180285.0,-913.7,-0.5068,40.0,0.0222,917.5,0.5089,12677.65,12.6776
479,Entry long,2024-02-28 11:05:00-05:00,ORB close above 30m high,17951.25,5,179512.5,,,,,,,,
479,Exit long,2024-02-28 14:00:00-05:00,time,17949.0,5,179512.5,-28.7,-0.016,237.5,0.1323,575.0,0.3203,12648.95,12.6489
480,Entry long,2024-03-01 10:10:00-05:00,ORB close above 30m high,18173.0,5,181730.0,,,,,,,,
480,Exit long,2024-03-01 11:00:00-05:00,target,18212.5,5,181730.0,388.8,0.2139,455.0,0.2504,287.5,0.1582,13037.75,13.0377
481,Entry long,2024-03-06 12:05:00-05:00,ORB close above 30m high,18132.0,5,181320.0,,,,,,,,
481,Exit long,2024-03-06 13:50:00-05:00,stop,18036.5,5,181320.0,-961.2,-0.5301,422.5,0.233,1012.5,0.5584,12076.55,12.0765
482,Entry long,2024-03-07 10:25:00-05:00,ORB close above 30m high,18227.0,5,182270.0,,,,,,,,
482,Exit long,2024-03-07 10:45:00-05:00,target,18280.75,5,182270.0,531.3,0.2915,552.5,0.3031,85.0,0.0466,12607.85,12.6078
483,Entry long,2024-03-08 10:05:00-05:00,ORB close above 30m high,18396.5,5,183965.0,,,,,,,,
483,Exit long,2024-03-08 11:05:00-05:00,stop,18287.75,5,183965.0,-1093.7,-0.5945,397.5,0.2161,1315.0,0.7148,11514.15,11.5141
484,Entry long,2024-03-11 10:55:00-04:00,ORB close above 30m high,18008.5,5,180085.0,,,,,,,,
484,Exit long,2024-03-11 14:00:00-04:00,time,17975.0,5,180085.0,-341.2,-0.1895,145.0,0.0805,897.5,0.4984,11172.95,11.1729
485,Entry long,2024-03-12 10:25:00-04:00,ORB close above 30m high,18109.75,5,181097.5,,,,,,,,
485,Exit long,2024-03-12 11:20:00-04:00,target,18199.5,5,181097.5,891.3,0.4922,985.0,0.5439,77.5,0.0428,12064.25,12.0642
486,Entry long,2024-03-18 10:30:00-04:00,ORB close above 30m high,18372.75,5,183727.5,,,,,,,,
486,Exit long,2024-03-18 11:50:00-04:00,stop,18277.25,5,183727.5,-961.2,-0.5232,72.5,0.0395,962.5,0.5239,11103.05,11.103
487,Entry long,2024-03-19 11:50:00-04:00,ORB close above 30m high,18153.75,5,181537.5,,,,,,,,
487,Exit long,2024-03-19 12:30:00-04:00,target,18203.75,5,181537.5,493.8,0.272,645.0,0.3553,212.5,0.1171,11596.85,11.5968
488,Entry long,2024-03-22 10:05:00-04:00,ORB close above 30m high,18557.75,5,185577.5,,,,,,,,
488,Exit long,2024-03-22 13:00:00-04:00,target,18586.25,5,185577.5,278.8,0.1502,300.0,0.1617,560.0,0.3018,11875.65,11.8756
489,Entry long,2024-03-25 10:10:00-04:00,ORB close above 30m high,18497.25,5,184972.5,,,,,,,,
489,Exit long,2024-03-25 10:20:00-04:00,target,18538.12,5,184972.5,402.55,0.2176,450.0,0.2433,5.0,0.0027,12278.2,12.2782
490,Entry long,2024-03-26 10:05:00-04:00,ORB close above 30m high,18606.75,5,186067.5,,,,,,,,
490,Exit long,2024-03-26 10:25:00-04:00,stop,18549.75,5,186067.5,-576.2,-0.3097,10.0,0.0054,595.0,0.3198,11702.0,11.702
491,Entry long,2024-04-02 13:05:00-04:00,ORB close above 30m high,18294.25,5,182942.5,,,,,,,,
491,Exit long,2024-04-02 14:00:00-04:00,time,18277.5,5,182942.5,-173.7,-0.0949,62.5,0.0342,245.0,0.1339,11528.3,11.5283
492,Entry long,2024-04-03 10:05:00-04:00,ORB close above 30m high,18352.5,5,183525.0,,,,,,,,
492,Exit long,2024-04-03 10:25:00-04:00,target,18409.0,5,183525.0,558.8,0.3045,657.5,0.3583,240.0,0.1308,12087.1,12.0871
493,Entry long,2024-04-05 10:15:00-04:00,ORB close above 30m high,18239.75,5,182397.5,,,,,,,,
493,Exit long,2024-04-05 10:55:00-04:00,target,18308.12,5,182397.5,677.55,0.3715,715.0,0.392,582.5,0.3194,12764.65,12.7646
494,Entry long,2024-04-08 10:30:00-04:00,ORB close above 30m high,18340.0,5,183400.0,,,,,,,,
494,Exit long,2024-04-08 14:00:00-04:00,time,18307.25,5,183400.0,-333.7,-0.182,375.0,0.2045,877.5,0.4785,12430.95,12.4309
495,Entry long,2024-04-10 10:40:00-04:00,ORB close above 30m high,18221.5,5,182215.0,,,,,,,,
495,Exit long,2024-04-10 14:00:00-04:00,time,18166.5,5,182215.0,-556.2,-0.3052,30.0,0.0165,1075.0,0.59,11874.75,11.8747
496,Entry long,2024-04-11 11:55:00-04:00,ORB close above 30m high,18278.75,5,182787.5,,,,,,,,
496,Exit long,2024-04-11 11:55:00-04:00,target,18306.62,5,182787.5,272.55,0.1491,437.5,0.2393,20.0,0.0109,12147.3,12.1473
497,Entry long,2024-04-16 10:15:00-04:00,ORB close above 30m high,17912.75,5,179127.5,,,,,,,,
497,Exit long,2024-04-16 13:30:00-04:00,stop,17821.75,5,179127.5,-916.2,-0.5115,247.5,0.1382,947.5,0.529,11231.1,11.2311
498,Entry long,2024-04-18 10:40:00-04:00,ORB close above 30m high,17682.75,5,176827.5,,,,,,,,
498,Exit long,2024-04-18 13:20:00-04:00,stop,17550.75,5,176827.5,-1326.2,-0.75,632.5,0.3577,1437.5,0.8129,9904.9,9.9049
499,Entry long,2024-04-22 13:30:00-04:00,ORB close above 30m high,17344.5,5,173445.0,,,,,,,,
499,Exit long,2024-04-22 13:50:00-04:00,target,17384.5,5,173445.0,393.8,0.227,660.0,0.3805,30.0,0.0173,10298.7,10.2987
500,Entry long,2024-04-23 10:25:00-04:00,ORB close above 30m high,17529.75,5,175297.5,,,,,,,,
500,Exit long,2024-04-23 10:30:00-04:00,target,17587.62,5,175297.5,572.55,0.3266,690.0,0.3936,72.5,0.0414,10871.25,10.8712
501,Entry long,2024-04-25 10:15:00-04:00,ORB close above 30m high,17410.5,5,174105.0,,,,,,,,
501,Exit long,2024-04-25 12:25:00-04:00,target,17461.5,5,174105.0,503.8,0.2894,535.0,0.3073,690.0,0.3963,11375.05,11.375
502,Entry long,2024-04-26 10:05:00-04:00,ORB close above 30m high,17808.5,5,178085.0,,,,,,,,
502,Exit long,2024-04-26 11:00:00-04:00,target,17878.38,5,178085.0,692.55,0.3889,775.0,0.4352,400.0,0.2246,12067.6,12.0676
503,Entry long,2024-05-02 13:30:00-04:00,ORB close above 30m high,17604.5,5,176045.0,,,,,,,,
503,Exit long,2024-05-02 14:00:00-04:00,time,17594.75,5,176045.0,-103.7,-0.0589,120.0,0.0682,295.0,0.1676,11963.9,11.9639
504,Entry long,2024-05-06 11:45:00-04:00,ORB close above 30m high,18111.5,5,181115.0,,,,,,,,
504,Exit long,2024-05-06 14:00:00-04:00,time,18128.0,5,181115.0,158.8,0.0877,275.0,0.1518,442.5,0.2443,12122.7,12.1227
505,Entry long,2024-05-07 11:00:00-04:00,ORB close above 30m high,18250.5,5,182505.0,,,,,,,,
505,Exit long,2024-05-07 13:55:00-04:00,stop,18187.75,5,182505.0,-633.7,-0.3472,172.5,0.0945,672.5,0.3685,11489.0,11.489
506,Entry long,2024-05-08 10:25:00-04:00,ORB close above 30m high,18194.5,5,181945.0,,,,,,,,
506,Exit long,2024-05-08 14:00:00-04:00,time,18178.75,5,181945.0,-163.7,-0.09,477.5,0.2624,562.5,0.3092,11325.3,11.3253
507,Entry long,2024-05-09 10:40:00-04:00,ORB close above 30m high,18204.0,5,182040.0,,,,,,,,
507,Exit long,2024-05-09 14:00:00-04:00,time,18205.75,5,182040.0,11.3,0.0062,335.0,0.184,340.0,0.1868,11336.6,11.3366
508,Entry long,2024-05-14 10:25:00-04:00,ORB close above 30m high,18344.0,5,183440.0,,,,,,,,
508,Exit long,2024-05-14 14:00:00-04:00,time,18331.0,5,183440.0,-136.2,-0.0742,275.0,0.1499,607.5,0.3312,11200.4,11.2004
509,Entry long,2024-05-15 10:25:00-04:00,ORB close above 30m high,18536.25,5,185362.5,,,,,,,,
509,Exit long,2024-05-15 11:00:00-04:00,target,18580.5,5,185362.5,436.3,0.2354,452.5,0.2441,125.0,0.0674,11636.7,11.6367
510,Entry long,2024-05-16 10:25:00-04:00,ORB close above 30m high,18718.5,5,187185.0,,,,,,,,
510,Exit long,2024-05-16 10:55:00-04:00,target,18741.5,5,187185.0,223.8,0.1196,310.0,0.1656,92.5,0.0494,11860.5,11.8605
511,Entry long,2024-05-17 10:35:00-04:00,ORB close above 30m high,18675.25,5,186752.5,,,,,,,,
511,Exit long,2024-05-17 12:45:00-04:00,stop,18620.25,5,186752.5,-556.2,-0.2978,17.5,0.0094,675.0,0.3614,11304.3,11.3043
512,Entry long,2024-05-20 10:45:00-04:00,ORB close above 30m high,18756.0,5,187560.0,,,,,,,,
512,Exit long,2024-05-20 14:00:00-04:00,time,18745.25,5,187560.0,-113.7,-0.0606,385.0,0.2053,275.0,0.1466,11190.6,11.1906
513,Entry long,2024-05-21 10:05:00-04:00,ORB close above 30m high,18723.75,5,187237.5,,,,,,,,
513,Exit long,2024-05-21 10:35:00-04:00,target,18746.38,5,187237.5,220.05,0.1175,347.5,0.1856,237.5,0.1268,11410.65,11.4106
514,Entry long,2024-05-22 11:15:00-04:00,ORB close above 30m high,18834.5,5,188345.0,,,,,,,,
514,Exit long,2024-05-22 13:35:00-04:00,stop,18788.75,5,188345.0,-463.7,-0.2462,40.0,0.0212,672.5,0.3571,10946.95,10.9469
515,Entry long,2024-05-24 10:15:00-04:00,ORB close above 30m high,18791.0,5,187910.0,,,,,,,,
515,Exit long,2024-05-24 10:20:00-04:00,target,18820.38,5,187910.0,287.55,0.153,322.5,0.1716,7.5,0.004,11234.5,11.2345
516,Entry long,2024-05-27 11:05:00-04:00,ORB close above 30m high,18913.5,5,189135.0,,,,,,,,
516,Exit long,2024-05-27 11:35:00-04:00,target,18931.38,5,189135.0,172.55,0.0912,190.0,0.1005,22.5,0.0119,11407.05,11.407
517,Entry long,2024-05-28 13:35:00-04:00,ORB close above 30m high,18937.25,5,189372.5,,,,,,,,
517,Exit long,2024-05-28 14:00:00-04:00,time,18902.25,5,189372.5,-356.2,-0.1881,85.0,0.0449,457.5,0.2416,11050.85,11.0508
518,Entry long,2024-05-29 10:25:00-04:00,ORB close above 30m high,18856.75,5,188567.5,,,,,,,,
518,Exit long,2024-05-29 14:00:00-04:00,time,18859.25,5,188567.5,18.8,0.01,232.5,0.1233,405.0,0.2148,11069.65,11.0696
519,Entry long,2024-06-05 10:25:00-04:00,ORB close above 30m high,18876.25,5,188762.5,,,,,,,,
519,Exit long,2024-06-05 10:30:00-04:00,target,18907.38,5,188762.5,305.05,0.1616,562.5,0.298,20.0,0.0106,11374.7,11.3747
520,Entry long,2024-06-07 10:40:00-04:00,ORB close above 30m high,19073.5,5,190735.0,,,,,,,,
520,Exit long,2024-06-07 10:45:00-04:00,target,19113.88,5,190735.0,397.55,0.2084,437.5,0.2294,10.0,0.0052,11772.25,11.7722
521,Entry long,2024-06-10 10:30:00-04:00,ORB close above 30m high,19035.5,5,190355.0,,,,,,,,
521,Exit long,2024-06-10 10:55:00-04:00,target,19064.25,5,190355.0,281.3,0.1478,340.0,0.1786,132.5,0.0696,12053.55,12.0535
522,Entry long,2024-06-11 10:40:00-04:00,ORB close above 30m high,19092.5,5,190925.0,,,,,,,,
522,Exit long,2024-06-11 13:15:00-04:00,target,19141.12,5,190925.0,480.05,0.2514,492.5,0.258,295.0,0.1545,12533.6,12.5336
523,Entry long,2024-06-12 10:15:00-04:00,ORB close above 30m high,19509.5,5,195095.0,,,,,,,,
523,Exit long,2024-06-12 14:00:00-04:00,time,19514.75,5,195095.0,46.3,0.0237,370.0,0.1897,625.0,0.3204,12579.9,12.5799
524,Entry long,2024-06-14 13:15:00-04:00,ORB close above 30m high,19652.0,5,196520.0,,,,,,,,
524,Exit long,2024-06-14 14:00:00-04:00,time,19657.25,5,196520.0,46.3,0.0236,242.5,0.1234,135.0,0.0687,12626.2,12.6262
525,Entry long,2024-06-17 11:00:00-04:00,ORB close above 30m high,19714.0,5,197140.0,,,,,,,,
525,Exit long,2024-06-17 11:15:00-04:00,target,19750.62,5,197140.0,360.05,0.1826,405.0,0.2054,2.5,0.0013,12986.25,12.9862
526,Entry long,2024-06-18 13:50:00-04:00,ORB close above 30m high,19949.75,5,199497.5,,,,,,,,
526,Exit long,2024-06-18 14:00:00-04:00,time,19927.0,5,199497.5,-233.7,-0.1171,32.5,0.0163,647.5,0.3246,12752.55,12.7525
527,Entry long,2024-06-21 11:20:00-04:00,ORB close above 30m high,20033.5,5,200335.0,,,,,,,,
527,Exit long,2024-06-21 14:00:00-04:00,time,19961.0,5,200335.0,-731.2,-0.365,395.0,0.1972,862.5,0.4305,12021.35,12.0213
528,Entry long,2024-06-24 10:05:00-04:00,ORB close above 30m high,19975.75,5,199757.5,,,,,,,,
528,Exit long,2024-06-24 10:40:00-04:00,stop,19866.5,5,199757.5,-1098.7,-0.55,197.5,0.0989,1167.5,0.5845,10922.65,10.9226
529,Entry long,2024-06-25 10:05:00-04:00,ORB close above 30m high,19874.75,5,198747.5,,,,,,,,
529,Exit long,2024-06-25 11:10:00-04:00,target,19915.75,5,198747.5,403.8,0.2032,472.5,0.2377,215.0,0.1082,11326.45,11.3264
530,Entry long,2024-06-26 10:10:00-04:00,ORB close above 30m high,20002.5,5,200025.0,,,,,,,,
530,Exit long,2024-06-26 11:10:00-04:00,stop,19918.25,5,200025.0,-848.7,-0.4243,215.0,0.1075,905.0,0.4524,10477.75,10.4777
531,Entry long,2024-06-27 10:15:00-04:00,ORB close above 30m high,20111.0,5,201110.0,,,,,,,,
531,Exit long,2024-06-27 11:25:00-04:00,stop,19989.5,5,201110.0,-1221.2,-0.6072,55.0,0.0273,1325.0,0.6588,9256.55,9.2565
532,Entry long,2024-06-28 10:05:00-04:00,ORB close above 30m high,20220.0,5,202200.0,,,,,,,,
532,Exit long,2024-06-28 12:15:00-04:00,stop,20038.75,5,202200.0,-1818.7,-0.8995,532.5,0.2634,1982.5,0.9805,7437.85,7.4378
533,Entry long,2024-07-01 12:10:00-04:00,ORB close above 30m high,20004.5,5,200045.0,,,,,,,,
533,Exit long,2024-07-01 14:00:00-04:00,time,19999.5,5,200045.0,-56.2,-0.0281,220.0,0.11,270.0,0.135,7381.65,7.3816
534,Entry long,2024-07-02 10:55:00-04:00,ORB close above 30m high,20113.75,5,201137.5,,,,,,,,
534,Exit long,2024-07-02 13:15:00-04:00,target,20182.12,5,201137.5,677.55,0.3369,750.0,0.3729,487.5,0.2424,8059.2,8.0592
535,Entry long,2024-07-03 10:20:00-04:00,ORB close above 30m high,20284.5,5,202845.0,,,,,,,,
535,Exit long,2024-07-03 10:55:00-04:00,target,20318.5,5,202845.0,333.8,0.1646,365.0,0.1799,405.0,0.1997,8393.0,8.393
536,Entry long,2024-07-05 10:05:00-04:00,ORB close above 30m high,20529.5,5,205295.0,,,,,,,,
536,Exit long,2024-07-05 11:40:00-04:00,target,20580.0,5,205295.0,498.8,0.243,632.5,0.3081,672.5,0.3276,8891.8,8.8918
537,Entry long,2024-07-08 11:25:00-04:00,ORB close above 30m high,20658.5,5,206585.0,,,,,,,,
537,Exit long,2024-07-08 14:00:00-04:00,time,20653.5,5,206585.0,-56.2,-0.0272,127.5,0.0617,495.0,0.2396,8835.6,8.8356
538,Entry long,2024-07-10 10:10:00-04:00,ORB close above 30m high,20785.5,5,207855.0,,,,,,,,
538,Exit long,2024-07-10 11:00:00-04:00,stop,20721.25,5,207855.0,-648.7,-0.3121,102.5,0.0493,825.0,0.3969,8186.9,8.1869
539,Entry long,2024-07-12 10:05:00-04:00,ORB close above 30m high,20557.25,5,205572.5,,,,,,,,
539,Exit long,2024-07-12 10:35:00-04:00,target,20623.0,5,205572.5,651.3,0.3168,667.5,0.3247,352.5,0.1715,8838.2,8.8382
540,Entry long,2024-07-15 10:10:00-04:00,ORB close above 30m high,20668.5,5,206685.0,,,,,,,,
540,Exit long,2024-07-15 10:35:00-04:00,target,20711.75,5,206685.0,426.3,0.2063,482.5,0.2334,190.0,0.0919,9264.5,9.2645
541,Entry long,2024-07-23 11:15:00-04:00,ORB close above 30m high,20052.75,5,200527.5,,,,,,,,
541,Exit long,2024-07-23 12:55:00-04:00,stop,19933.0,5,200527.5,-1203.7,-0.6003,322.5,0.1608,1260.0,0.6283,8060.8,8.0608
542,Entry long,2024-07-25 11:15:00-04:00,ORB close above 30m high,19246.75,5,192467.5,,,,,,,,
542,Exit long,2024-07-25 13:00:00-04:00,target,19361.62,5,192467.5,1142.55,0.5936,1385.0,0.7196,1042.5,0.5416,9203.35,9.2033
543,Entry long,2024-07-26 11:50:00-04:00,ORB close above 30m high,19190.0,5,191900.0,,,,,,,,
543,Exit long,2024-07-26 12:30:00-04:00,target,19254.5,5,191900.0,638.8,0.3329,715.0,0.3726,270.0,0.1407,9842.15,9.8421
544,Entry long,2024-07-31 10:10:00-04:00,ORB close above 30m high,19444.75,5,194447.5,,,,,,,,
544,Exit long,2024-07-31 11:30:00-04:00,target,19511.62,5,194447.5,662.55,0.3407,712.5,0.3664,335.0,0.1723,10504.7,10.5047
545,Entry long,2024-08-05 10:05:00-04:00,ORB close above 30m high,18042.5,5,180425.0,,,,,,,,
545,Exit long,2024-08-05 14:00:00-04:00,time,18078.25,5,180425.0,351.3,0.1947,2467.5,1.3676,1922.5,1.0655,10856.0,10.856
546,Entry long,2024-08-06 10:05:00-04:00,ORB close above 30m high,18181.25,5,181812.5,,,,,,,,
546,Exit long,2024-08-06 10:45:00-04:00,target,18291.0,5,181812.5,1091.3,0.6002,1585.0,0.8718,540.0,0.297,11947.3,11.9473
547,Entry long,2024-08-08 10:05:00-04:00,ORB close above 30m high,18276.0,5,182760.0,,,,,,,,
547,Exit long,2024-08-08 10:25:00-04:00,target,18381.38,5,182760.0,1047.55,0.5732,1140.0,0.6238,457.5,0.2503,12994.85,12.9948
548,Entry long,2024-08-09 10:15:00-04:00,ORB close above 30m high,18547.0,5,185470.0,,,,,,,,
548,Exit long,2024-08-09 13:15:00-04:00,target,18608.75,5,185470.0,611.3,0.3296,800.0,0.4313,1107.5,0.5971,13606.15,13.6061
549,Entry long,2024-08-12 10:20:00-04:00,ORB close above 30m high,18674.0,5,186740.0,,,,,,,,
549,Exit long,2024-08-12 11:00:00-04:00,target,18748.75,5,186740.0,741.3,0.397,915.0,0.49,22.5,0.012,14347.45,14.3474
550,Entry long,2024-08-13 10:50:00-04:00,ORB close above 30m high,18946.75,5,189467.5,,,,,,,,
550,Exit long,2024-08-13 12:15:00-04:00,target,19012.0,5,189467.5,646.3,0.3411,670.0,0.3536,175.0,0.0924,14993.75,14.9937
551,Entry long,2024-08-14 11:55:00-04:00,ORB close above 30m high,19176.0,5,191760.0,,,,,,,,
551,Exit long,2024-08-14 14:00:00-04:00,time,19071.75,5,191760.0,-1048.7,-0.5469,277.5,0.1447,1575.0,0.8213,13945.05,13.945
552,Entry long,2024-08-15 10:25:00-04:00,ORB close above 30m high,19464.25,5,194642.5,,,,,,,,
552,Exit long,2024-08-15 11:40:00-04:00,target,19528.0,5,194642.5,631.3,0.3243,805.0,0.4136,37.5,0.0193,14576.35,14.5763
553,Entry long,2024-08-16 10:10:00-04:00,ORB close above 30m high,19546.75,5,195467.5,,,,,,,,
553,Exit long,2024-08-16 10:20:00-04:00,target,19588.62,5,195467.5,412.55,0.2111,447.5,0.2289,55.0,0.0281,14988.9,14.9889
554,Entry long,2024-08-19 10:55:00-04:00,ORB close above 30m high,19654.0,5,196540.0,,,,,,,,
554,Exit long,2024-08-19 13:45:00-04:00,target,19708.25,5,196540.0,536.3,0.2729,575.0,0.2926,347.5,0.1768,15525.2,15.5252
555,Entry long,2024-08-21 10:05:00-04:00,ORB close above 30m high,19900.0,5,199000.0,,,,,,,,
555,Exit long,2024-08-21 10:35:00-04:00,target,19943.12,5,199000.0,425.05,0.2136,440.0,0.2211,657.5,0.3304,15950.25,15.9502
556,Entry long,2024-08-23 10:05:00-04:00,ORB close above 30m high,19846.0,5,198460.0,,,,,,,,
556,Exit long,2024-08-23 10:45:00-04:00,stop,19706.25,5,198460.0,-1403.7,-0.7073,572.5,0.2885,2047.5,1.0317,14546.55,14.5465
557,Entry long,2024-08-27 10:15:00-04:00,ORB close above 30m high,19572.25,5,195722.5,,,,,,,,
557,Exit long,2024-08-27 10:30:00-04:00,target,19637.25,5,195722.5,643.8,0.3289,907.5,0.4637,195.0,0.0996,15190.35,15.1903
558,Entry long,2024-08-29 10:50:00-04:00,ORB close above 30m high,19681.0,5,196810.0,,,,,,,,
558,Exit long,2024-08-29 14:00:00-04:00,time,19633.25,5,196810.0,-483.7,-0.2458,110.0,0.0559,1055.0,0.536,14706.65,14.7066
559,Entry long,2024-08-30 10:05:00-04:00,ORB close above 30m high,19605.25,5,196052.5,,,,,,,,
559,Exit long,2024-08-30 10:55:00-04:00,stop,19512.75,5,196052.5,-931.2,-0.475,52.5,0.0268,1387.5,0.7077,13775.45,13.7754
560,Entry long,2024-09-02 10:40:00-04:00,ORB close above 30m high,19651.5,5,196515.0,,,,,,,,
560,Exit long,2024-09-02 18:00:00-04:00,time,19646.5,5,196515.0,-56.2,-0.0286,300.0,0.1527,237.5,0.1209,13719.25,13.7192
561,Entry long,2024-09-04 10:30:00-04:00,ORB close above 30m high,18992.75,5,189927.5,,,,,,,,
561,Exit long,2024-09-04 10:40:00-04:00,target,19058.88,5,189927.5,655.05,0.3449,692.5,0.3646,162.5,0.0856,14374.3,14.3743
562,Entry long,2024-09-05 10:05:00-04:00,ORB close above 30m high,19085.0,5,190850.0,,,,,,,,
562,Exit long,2024-09-05 11:25:00-04:00,stop,18884.5,5,190850.0,-2011.2,-1.0538,652.5,0.3419,2217.5,1.1619,12363.1,12.3631
563,Entry long,2024-09-09 10:15:00-04:00,ORB close above 30m high,18698.5,5,186985.0,,,,,,,,
563,Exit long,2024-09-09 10:30:00-04:00,stop,18604.75,5,186985.0,-943.7,-0.5047,27.5,0.0147,1325.0,0.7086,11419.4,11.4194
564,Entry long,2024-09-11 12:30:00-04:00,ORB close above 30m high,18914.25,5,189142.5,,,,,,,,
564,Exit long,2024-09-11 13:10:00-04:00,target,18984.5,5,189142.5,696.3,0.3681,710.0,0.3754,430.0,0.2273,12115.7,12.1157
565,Entry long,2024-09-12 10:15:00-04:00,ORB close above 30m high,19311.5,5,193115.0,,,,,,,,
565,Exit long,2024-09-12 11:10:00-04:00,target,19374.38,5,193115.0,622.55,0.3224,767.5,0.3974,562.5,0.2913,12738.25,12.7382
566,Entry long,2024-09-13 10:10:00-04:00,ORB close above 30m high,19507.5,5,195075.0,,,,,,,,
566,Exit long,2024-09-13 13:15:00-04:00,target,19563.0,5,195075.0,548.8,0.2813,570.0,0.2922,945.0,0.4844,13287.05,13.287
567,Entry long,2024-09-17 10:50:00-04:00,ORB close above 30m high,19604.25,5,196042.5,,,,,,,,
567,Exit long,2024-09-17 12:15:00-04:00,stop,19475.0,5,196042.5,-1298.7,-0.6625,20.0,0.0102,1337.5,0.6823,11988.35,11.9883
568,Entry long,2024-09-19 10:20:00-04:00,ORB close above 30m high,20085.75,5,200857.5,,,,,,,,
568,Exit long,2024-09-19 10:30:00-04:00,target,20146.75,5,200857.5,603.8,0.3006,727.5,0.3622,137.5,0.0685,12592.15,12.5921
569,Entry long,2024-09-23 10:55:00-04:00,ORB close above 30m high,20109.75,5,201097.5,,,,,,,,
569,Exit long,2024-09-23 13:00:00-04:00,stop,20031.5,5,201097.5,-788.7,-0.3922,162.5,0.0808,912.5,0.4538,11803.45,11.8034
570,Entry long,2024-09-24 11:50:00-04:00,ORB close above 30m high,20163.75,5,201637.5,,,,,,,,
570,Exit long,2024-09-24 11:50:00-04:00,target,20204.5,5,201637.5,401.3,0.199,442.5,0.2195,22.5,0.0112,12204.75,12.2047
571,Entry long,2024-09-25 10:10:00-04:00,ORB close above 30m high,20245.5,5,202455.0,,,,,,,,
571,Exit long,2024-09-25 13:00:00-04:00,stop,20138.0,5,202455.0,-1081.2,-0.534,272.5,0.1346,1100.0,0.5433,11123.55,11.1235
572,Entry long,2024-10-02 10:20:00-04:00,ORB close above 30m high,19997.5,5,199975.0,,,,,,,,
572,Exit long,2024-10-02 11:15:00-04:00,target,20079.25,5,199975.0,811.3,0.4057,920.0,0.4601,515.0,0.2575,11934.85,11.9348
573,Entry long,2024-10-03 10:05:00-04:00,ORB close above 30m high,20091.0,5,200910.0,,,,,,,,
573,Exit long,2024-10-03 13:00:00-04:00,stop,19894.25,5,200910.0,-1973.7,-0.9824,240.0,0.1195,2120.0,1.0552,9961.15,9.9611
574,Entry long,2024-10-07 10:20:00-04:00,ORB close above 30m high,20169.0,5,201690.0,,,,,,,,
574,Exit long,2024-10-07 14:00:00-04:00,time,20148.5,5,201690.0,-211.2,-0.1047,187.5,0.093,675.0,0.3347,9749.95,9.7499
575,Entry long,2024-10-08 10:05:00-04:00,ORB close above 30m high,20188.0,5,201880.0,,,,,,,,
575,Exit long,2024-10-08 10:40:00-04:00,target,20247.0,5,201880.0,583.8,0.2892,682.5,0.3381,325.0,0.161,10333.75,10.3337
576,Entry long,2024-10-09 10:15:00-04:00,ORB close above 30m high,20300.5,5,203005.0,,,,,,,,
576,Exit long,2024-10-09 10:20:00-04:00,target,20331.38,5,203005.0,302.55,0.149,360.0,0.1773,67.5,0.0333,10636.3,10.6363
577,Entry long,2024-10-10 10:15:00-04:00,ORB close above 30m high,20402.25,5,204022.5,,,,,,,,
577,Exit long,2024-10-10 11:55:00-04:00,target,20452.5,5,204022.5,496.3,0.2433,752.5,0.3688,420.0,0.2059,11132.6,11.1326
578,Entry long,2024-10-11 10:10:00-04:00,ORB close above 30m high,20414.0,5,204140.0,,,,,,,,
578,Exit long,2024-10-11 10:25:00-04:00,target,20464.12,5,204140.0,495.05,0.2425,670.0,0.3282,47.5,0.0233,11627.65,11.6276
579,Entry long,2024-10-18 10:10:00-04:00,ORB close above 30m high,20514.25,5,205142.5,,,,,,,,
579,Exit long,2024-10-18 14:00:00-04:00,time,20485.25,5,205142.5,-296.2,-0.1444,177.5,0.0865,720.0,0.351,11331.45,11.3314
580,Entry long,2024-10-21 10:10:00-04:00,ORB close above 30m high,20527.75,5,205277.5,,,,,,,,
580,Exit long,2024-10-21 10:40:00-04:00,stop,20422.75,5,205277.5,-1056.2,-0.5145,265.0,0.1291,1122.5,0.5468,10275.25,10.2752
581,Entry long,2024-10-22 10:10:00-04:00,ORB close above 30m high,20491.25,5,204912.5,,,,,,,,
581,Exit long,2024-10-22 13:40:00-04:00,target,20552.25,5,204912.5,603.8,0.2947,702.5,0.3428,660.0,0.3221,10879.05,10.879
582,Entry long,2024-10-24 13:45:00-04:00,ORB close above 30m high,20381.5,5,203815.0,,,,,,,,
582,Exit long,2024-10-24 14:00:00-04:00,time,20345.0,5,203815.0,-371.2,-0.1821,20.0,0.0098,537.5,0.2637,10507.85,10.5078
583,Entry long,2024-10-25 10:05:00-04:00,ORB close above 30m high,20679.0,5,206790.0,,,,,,,,
583,Exit long,2024-10-25 13:40:00-04:00,stop,20489.75,5,206790.0,-1898.7,-0.9182,285.0,0.1378,1960.0,0.9478,8609.15,8.6091
584,Entry long,2024-10-29 10:05:00-04:00,ORB close above 30m high,20531.5,5,205315.0,,,,,,,,
584,Exit long,2024-10-29 10:20:00-04:00,target,20581.0,5,205315.0,488.8,0.2381,590.0,0.2874,205.0,0.0998,9097.95,9.0979
585,Entry long,2024-10-30 10:20:00-04:00,ORB close above 30m high,20679.5,5,206795.0,,,,,,,,
585,Exit long,2024-10-30 14:00:00-04:00,time,20576.25,5,206795.0,-1038.7,-0.5023,200.0,0.0967,1212.5,0.5863,8059.25,8.0592
586,Entry long,2024-11-01 10:15:00-04:00,ORB close above 30m high,20215.5,5,202155.0,,,,,,,,
586,Exit long,2024-11-01 14:00:00-04:00,time,20157.5,5,202155.0,-586.2,-0.29,717.5,0.3549,662.5,0.3277,7473.05,7.473
587,Entry long,2024-11-04 10:20:00-05:00,ORB close above 30m high,20161.5,5,201615.0,,,,,,,,
587,Exit long,2024-11-04 14:00:00-05:00,time,20148.5,5,201615.0,-136.2,-0.0676,652.5,0.3236,1327.5,0.6584,7336.85,7.3368
588,Entry long,2024-11-05 10:25:00-05:00,ORB close above 30m high,20305.75,5,203057.5,,,,,,,,
588,Exit long,2024-11-05 14:00:00-05:00,time,20308.25,5,203057.5,18.8,0.0093,672.5,0.3312,732.5,0.3607,7355.65,7.3556
589,Entry long,2024-11-06 12:15:00-05:00,ORB close above 30m high,20813.0,5,208130.0,,,,,,,,
589,Exit long,2024-11-06 14:00:00-05:00,time,20861.5,5,208130.0,478.8,0.23,635.0,0.3051,275.0,0.1321,7834.45,7.8344
590,Entry long,2024-11-07 10:10:00-05:00,ORB close above 30m high,21116.0,5,211160.0,,,,,,,,
590,Exit long,2024-11-07 11:40:00-05:00,target,21171.88,5,211160.0,552.55,0.2617,590.0,0.2794,295.0,0.1397,8387.0,8.387
591,Entry long,2024-11-08 13:30:00-05:00,ORB close above 30m high,21233.0,5,212330.0,,,,,,,,
591,Exit long,2024-11-08 13:35:00-05:00,target,21261.12,5,212330.0,275.05,0.1295,335.0,0.1578,30.0,0.0141,8662.05,8.662
592,Entry long,2024-11-13 12:15:00-05:00,ORB close above 30m high,21195.75,5,211957.5,,,,,,,,
592,Exit long,2024-11-13 13:00:00-05:00,target,21232.5,5,211957.5,361.3,0.1705,417.5,0.197,265.0,0.125,9023.35,9.0233
593,Entry long,2024-11-18 10:05:00-05:00,ORB close above 30m high,20587.25,5,205872.5,,,,,,,,
593,Exit long,2024-11-18 10:25:00-05:00,target,20630.38,5,205872.5,425.05,0.2065,662.5,0.3218,192.5,0.0935,9448.4,9.4484
594,Entry long,2024-11-19 10:30:00-05:00,ORB close above 30m high,20602.5,5,206025.0,,,,,,,,
594,Exit long,2024-11-19 10:50:00-05:00,target,20649.5,5,206025.0,463.8,0.2251,550.0,0.267,200.0,0.0971,9912.2,9.9122
595,Entry long,2024-11-28 10:25:00-05:00,ORB close above 30m high,20900.0,5,209000.0,,,,,,,,
595,Exit long,2024-11-28 18:00:00-05:00,time,20886.75,5,209000.0,-138.7,-0.0664,95.0,0.0455,250.0,0.1196,9773.5,9.7735
596,Entry long,2024-12-02 10:05:00-05:00,ORB close above 30m high,21175.0,5,211750.0,,,,,,,,
596,Exit long,2024-12-02 12:00:00-05:00,target,21249.0,5,211750.0,733.8,0.3465,755.0,0.3566,340.0,0.1606,10507.3,10.5073
597,Entry long,2024-12-03 10:05:00-05:00,ORB close above 30m high,21210.5,5,212105.0,,,,,,,,
597,Exit long,2024-12-03 11:25:00-05:00,target,21248.12,5,212105.0,370.05,0.1745,412.5,0.1945,485.0,0.2287,10877.35,10.8773
598,Entry long,2024-12-04 10:15:00-05:00,ORB close above 30m high,21444.75,5,214447.5,,,,,,,,
598,Exit long,2024-12-04 10:30:00-05:00,target,21472.75,5,214447.5,273.8,0.1277,330.0,0.1539,292.5,0.1364,11151.15,11.1511
599,Entry long,2024-12-05 12:15:00-05:00,ORB close above 30m high,21559.75,5,215597.5,,,,,,,,
599,Exit long,2024-12-05 13:20:00-05:00,stop,21497.5,5,215597.5,-628.7,-0.2916,80.0,0.0371,785.0,0.3641,10522.45,10.5224
600,Entry long,2024-12-06 10:15:00-05:00,ORB close above 30m high,21623.75,5,216237.5,,,,,,,,
600,Exit long,2024-12-06 14:00:00-05:00,time,21658.25,5,216237.5,338.8,0.1567,457.5,0.2116,510.0,0.2359,10861.25,10.8612
601,Entry long,2024-12-10 10:10:00-05:00,ORB close above 30m high,21593.5,5,215935.0,,,,,,,,
601,Exit long,2024-12-10 10:55:00-05:00,stop,21505.0,5,215935.0,-891.2,-0.4127,132.5,0.0614,970.0,0.4492,9970.05,9.97
602,Entry long,2024-12-11 10:10:00-05:00,ORB close above 30m high,21724.0,5,217240.0,,,,,,,,
602,Exit long,2024-12-11 13:25:00-05:00,target,21799.25,5,217240.0,746.3,0.3435,787.5,0.3625,502.5,0.2313,10716.35,10.7163
603,Entry long,2024-12-12 10:30:00-05:00,ORB close above 30m high,21707.5,5,217075.0,,,,,,,,
603,Exit long,2024-12-12 11:00:00-05:00,target,21733.12,5,217075.0,250.05,0.1152,300.0,0.1382,182.5,0.0841,10966.4,10.9664
604,Entry long,2024-12-16 10:05:00-05:00,ORB close above 30m high,21989.5,5,219895.0,,,,,,,,
604,Exit long,2024-12-16 11:05:00-05:00,target,22036.0,5,219895.0,458.8,0.2086,470.0,0.2137,607.5,0.2763,11425.2,11.4252
605,Entry long,2024-12-17 11:40:00-05:00,ORB close above 30m high,22074.75,5,220747.5,,,,,,,,
605,Exit long,2024-12-17 14:00:00-05:00,time,22004.25,5,220747.5,-711.2,-0.3222,60.0,0.0272,890.0,0.4032,10714.0,10.714
606,Entry long,2024-12-18 10:15:00-05:00,ORB close above 30m high,22013.0,5,220130.0,,,,,,,,
606,Exit long,2024-12-18 14:00:00-05:00,time,21991.5,5,220130.0,-221.2,-0.1005,410.0,0.1863,1050.0,0.477,10492.8,10.4928
607,Entry long,2024-12-20 10:15:00-05:00,ORB close above 30m high,21341.5,5,213415.0,,,,,,,,
607,Exit long,2024-12-20 10:25:00-05:00,target,21431.88,5,213415.0,897.55,0.4206,1200.0,0.5623,175.0,0.082,11390.35,11.3903
608,Entry long,2024-12-23 11:55:00-05:00,ORB close above 30m high,21681.0,5,216810.0,,,,,,,,
608,Exit long,2024-12-23 13:35:00-05:00,target,21745.0,5,216810.0,633.8,0.2923,740.0,0.3413,385.0,0.1776,12024.15,12.0241
609,Entry long,2024-12-24 10:05:00-05:00,ORB close above 30m high,21928.25,5,219282.5,,,,,,,,
609,Exit long,2024-12-24 11:40:00-05:00,target,21992.62,5,219282.5,637.55,0.2907,650.0,0.2964,312.5,0.1425,12661.7,12.6617
610,Entry long,2024-12-26 11:15:00-05:00,ORB close above 30m high,22012.25,5,220122.5,,,,,,,,
610,Exit long,2024-12-26 14:00:00-05:00,time,22016.5,5,220122.5,36.3,0.0165,627.5,0.2851,392.5,0.1783,12698.0,12.698
611,Entry long,2024-12-30 11:40:00-05:00,ORB close above 30m high,21432.0,5,214320.0,,,,,,,,
611,Exit long,2024-12-30 12:20:00-05:00,target,21506.75,5,214320.0,741.3,0.3459,807.5,0.3768,187.5,0.0875,13439.3,13.4393
