session_date,entry_time,exit_time,entry,exit,stop,target,qty,net_pnl,exit_reason
2020-01-03,2020-01-03 12:05:00-05:00,2020-01-03 14:00:00-05:00,8847.25,8833.75,8770.5,8877.95,1,-274.6,time
2020-01-06,2020-01-06 10:15:00-05:00,2020-01-06 14:00:00-05:00,8806.25,8830.5,8729.0,8837.15,1,480.4,time
2020-01-07,2020-01-07 11:05:00-05:00,2020-01-07 14:00:00-05:00,8882.5,8884.0,8834.5,8901.7,1,25.4,time
2020-01-08,2020-01-08 11:30:00-05:00,2020-01-08 11:35:00-05:00,8897.75,8917.4,8848.0,8917.65,1,388.3999999999927,target
2020-01-13,2020-01-13 11:20:00-05:00,2020-01-13 11:55:00-05:00,9041.25,9056.0,9003.75,9056.25,1,290.4,target
2020-01-14,2020-01-14 12:40:00-05:00,2020-01-14 14:00:00-05:00,9088.25,9056.25,9036.25,9109.05,1,-644.6,time
2020-01-15,2020-01-15 10:10:00-05:00,2020-01-15 13:30:00-05:00,9088.5,9051.0,9051.25,9103.4,1,-754.6,stop
2020-01-20,2020-01-20 11:35:00-05:00,2020-01-20 18:00:00-05:00,9173.75,9176.0,9163.25,9177.95,1,40.4,time
2020-01-21,2020-01-21 10:05:00-05:00,2020-01-21 11:20:00-05:00,9180.0,9191.05,9151.75,9191.3,1,216.39999999998545,target
2020-01-22,2020-01-22 10:40:00-05:00,2020-01-22 14:00:00-05:00,9248.5,9228.25,9211.75,9263.2,1,-409.6,time
2020-01-23,2020-01-23 10:15:00-05:00,2020-01-23 14:00:00-05:00,9202.75,9212.0,9151.75,9223.15,1,180.4,time
2020-01-27,2020-01-27 12:20:00-05:00,2020-01-27 14:00:00-05:00,8994.5,8994.75,8925.5,9022.1,1,0.40000000000000036,time
2020-01-28,2020-01-28 10:25:00-05:00,2020-01-28 10:40:00-05:00,9049.75,9069.0,9001.0,9069.25,1,380.4,target
2020-02-03,2020-02-03 10:05:00-05:00,2020-02-03 14:00:00-05:00,9144.25,9127.25,9035.75,9187.65,1,-344.6,time
2020-02-04,2020-02-04 10:30:00-05:00,2020-02-04 11:15:00-05:00,9280.25,9301.3,9227.0,9301.55,1,416.3999999999854,target
2020-02-06,2020-02-06 10:40:00-05:00,2020-02-06 11:15:00-05:00,9416.75,9438.2,9362.5,9438.45,1,424.40000000001453,target
2020-02-07,2020-02-07 10:40:00-05:00,2020-02-07 11:20:00-05:00,9427.25,9443.9,9385.0,9444.15,1,328.3999999999927,target
2020-02-10,2020-02-10 10:10:00-05:00,2020-02-10 11:45:00-05:00,9454.25,9484.2,9378.75,9484.45,1,594.4000000000145,target
2020-02-11,2020-02-11 10:15:00-05:00,2020-02-11 10:40:00-05:00,9588.25,9607.8,9538.75,9608.05,1,386.3999999999854,target
2020-02-12,2020-02-12 11:30:00-05:00,2020-02-12 14:00:00-05:00,9605.25,9609.0,9561.0,9622.95,1,70.4,time
2020-02-13,2020-02-13 10:45:00-05:00,2020-02-13 11:20:00-05:00,9595.0,9617.05,9539.25,9617.3,1,436.3999999999854,target
2020-02-17,2020-02-17 11:05:00-05:00,2020-02-17 12:55:00-05:00,9664.75,9668.1,9655.75,9668.35,1,62.400000000007275,target
2020-02-18,2020-02-18 10:10:00-05:00,2020-02-18 14:00:00-05:00,9624.75,9615.5,9574.5,9644.85,1,-189.6,time
2020-02-19,2020-02-19 10:25:00-05:00,2020-02-19 11:35:00-05:00,9722.25,9738.3,9681.5,9738.55,1,316.3999999999854,target
2020-02-20,2020-02-20 10:15:00-05:00,2020-02-20 11:05:00-05:00,9719.75,9685.75,9686.0,9733.25,1,-684.6,stop
2020-02-24,2020-02-24 10:15:00-05:00,2020-02-24 14:00:00-05:00,9200.5,9103.25,9041.25,9264.2,1,-1949.6,time
2020-02-26,2020-02-26 10:45:00-05:00,2020-02-26 12:15:00-05:00,9029.5,8879.75,8880.0,9089.3,1,-2999.6,stop
2020-02-27,2020-02-27 11:20:00-05:00,2020-02-27 12:35:00-05:00,8732.0,8782.25,8605.75,8782.5,1,1000.4,target
2020-02-28,2020-02-28 11:30:00-05:00,2020-02-28 11:40:00-05:00,8340.5,8425.95,8126.25,8426.2,1,1704.4000000000146,target
2020-03-02,2020-03-02 11:15:00-05:00,2020-03-02 11:50:00-05:00,8637.0,8697.55,8485.0,8697.8,1,1206.3999999999855,target
2020-03-03,2020-03-03 10:05:00-05:00,2020-03-03 11:20:00-05:00,8977.25,8744.5,8744.75,9070.25,1,-4659.6,stop
2020-03-04,2020-03-04 10:25:00-05:00,2020-03-04 13:05:00-05:00,8788.75,8837.9,8665.25,8838.15,1,978.3999999999927,target
2020-03-05,2020-03-05 10:20:00-05:00,2020-03-05 11:10:00-05:00,8792.75,8829.0,8701.5,8829.25,1,720.4,target
2020-03-06,2020-03-06 10:25:00-05:00,2020-03-06 10:25:00-05:00,8464.5,8504.65,8363.5,8504.9,1,798.3999999999927,target
2020-03-17,2020-03-17 11:10:00-04:00,2020-03-17 12:05:00-04:00,7322.5,7464.85,6966.0,7465.1,1,2842.4000000000074,target
2020-03-18,2020-03-18 10:05:00-04:00,2020-03-18 13:15:00-04:00,7306.0,6980.25,6980.5,7436.2,1,-6519.6,stop
2020-03-19,2020-03-19 10:10:00-04:00,2020-03-19 11:25:00-04:00,7305.25,7414.7,7031.0,7414.95,1,2184.3999999999965,target
2020-03-23,2020-03-23 10:15:00-04:00,2020-03-23 11:25:00-04:00,7064.75,6834.25,6834.5,7156.85,1,-4614.6,stop
2020-03-24,2020-03-24 11:40:00-04:00,2020-03-24 12:25:00-04:00,7446.0,7494.15,7325.0,7494.4,1,958.3999999999927,target
2020-03-25,2020-03-25 13:10:00-04:00,2020-03-25 13:45:00-04:00,7670.0,7751.75,7465.0,7752.0,1,1630.4,target
2020-03-26,2020-03-26 10:10:00-04:00,2020-03-26 11:30:00-04:00,7665.75,7725.9,7514.75,7726.15,1,1198.3999999999928,target
2020-03-27,2020-03-27 13:40:00-04:00,2020-03-27 14:00:00-04:00,7703.5,7680.75,7578.0,7753.7,1,-459.6,time
2020-03-30,2020-03-30 10:05:00-04:00,2020-03-30 10:20:00-04:00,7724.75,7762.4,7630.0,7762.65,1,748.3999999999927,target
2020-03-31,2020-03-31 10:10:00-04:00,2020-03-31 10:10:00-04:00,7880.0,7912.95,7797.0,7913.2,1,654.3999999999963,target
2020-04-01,2020-04-01 10:35:00-04:00,2020-04-01 11:05:00-04:00,7638.25,7668.9,7561.0,7669.15,1,608.3999999999927,target
2020-04-02,2020-04-02 10:30:00-04:00,2020-04-02 10:30:00-04:00,7522.25,7567.4,7408.75,7567.65,1,898.3999999999927,target
2020-04-06,2020-04-06 10:20:00-04:00,2020-04-06 12:10:00-04:00,7857.75,7900.6,7750.0,7900.85,1,852.4000000000073,target
2020-04-08,2020-04-08 11:30:00-04:00,2020-04-08 14:00:00-04:00,8167.25,8124.75,8064.25,8208.45,1,-854.6,time
2020-04-13,2020-04-13 13:55:00-04:00,2020-04-13 14:00:00-04:00,8246.75,8241.25,8161.75,8280.75,1,-114.6,time
2020-04-14,2020-04-14 10:20:00-04:00,2020-04-14 13:30:00-04:00,8607.5,8667.45,8457.0,8667.7,1,1194.4000000000146,target
2020-04-15,2020-04-15 10:55:00-04:00,2020-04-15 14:00:00-04:00,8570.25,8572.25,8486.5,8603.75,1,35.4,time
2020-04-16,2020-04-16 10:50:00-04:00,2020-04-16 11:05:00-04:00,8700.0,8723.95,8639.5,8724.2,1,474.40000000001453,target
2020-04-20,2020-04-20 10:30:00-04:00,2020-04-20 10:45:00-04:00,8788.25,8811.4,8729.75,8811.65,1,458.3999999999927,target
2020-04-22,2020-04-22 11:45:00-04:00,2020-04-22 13:20:00-04:00,8601.75,8628.7,8533.75,8628.95,1,534.4000000000145,target
2020-04-23,2020-04-23 10:20:00-04:00,2020-04-23 10:40:00-04:00,8747.0,8780.75,8662.0,8781.0,1,670.4,target
2020-04-24,2020-04-24 12:30:00-04:00,2020-04-24 13:55:00-04:00,8678.25,8716.1,8583.0,8716.35,1,752.4000000000073,target
2020-04-27,2020-04-27 10:20:00-04:00,2020-04-27 10:55:00-04:00,8870.0,8819.0,8819.25,8890.3,1,-1024.6,stop
2020-04-29,2020-04-29 10:20:00-04:00,2020-04-29 12:10:00-04:00,8908.0,8944.55,8816.0,8944.8,1,726.3999999999854,target
2020-05-01,2020-05-01 10:05:00-04:00,2020-05-01 11:30:00-04:00,8855.75,8779.75,8780.0,8886.05,1,-1524.6,stop
2020-05-04,2020-05-04 10:05:00-04:00,2020-05-04 14:00:00-04:00,8746.25,8745.5,8650.5,8784.55,1,-19.6,time
2020-05-05,2020-05-05 10:05:00-04:00,2020-05-05 12:00:00-04:00,8963.75,8990.9,8895.25,8991.15,1,538.3999999999927,target
2020-05-06,2020-05-06 10:50:00-04:00,2020-05-06 14:00:00-04:00,9035.0,9041.25,8969.0,9061.4,1,120.4,time
2020-05-07,2020-05-07 12:30:00-04:00,2020-05-07 14:00:00-04:00,9110.0,9108.75,9058.0,9130.8,1,-29.6,time
2020-05-08,2020-05-08 10:20:00-04:00,2020-05-08 11:40:00-04:00,9177.5,9201.85,9116.0,9202.1,1,482.40000000000725,target
2020-05-11,2020-05-11 10:05:00-04:00,2020-05-11 12:20:00-04:00,9236.0,9271.15,9147.5,9271.4,1,698.3999999999927,target
2020-05-13,2020-05-13 10:05:00-04:00,2020-05-13 10:30:00-04:00,9152.0,9195.45,9042.75,9195.7,1,864.4000000000145,target
2020-05-14,2020-05-14 13:00:00-04:00,2020-05-14 14:00:00-04:00,8979.5,8970.25,8853.75,9029.8,1,-189.6,time
2020-05-15,2020-05-15 10:10:00-04:00,2020-05-15 10:15:00-04:00,9024.75,9057.0,8943.5,9057.25,1,640.4,target
2020-05-18,2020-05-18 10:35:00-04:00,2020-05-18 10:55:00-04:00,9304.0,9330.75,9236.5,9331.0,1,530.4,target
2020-05-19,2020-05-19 10:10:00-04:00,2020-05-19 14:00:00-04:00,9383.75,9403.0,9314.0,9411.65,1,380.4,time
2020-05-20,2020-05-20 10:10:00-04:00,2020-05-20 11:45:00-04:00,9468.0,9494.15,9402.0,9494.4,1,518.3999999999927,target
2020-05-22,2020-05-22 13:25:00-04:00,2020-05-22 14:00:00-04:00,9404.0,9397.5,9319.75,9437.7,1,-134.6,time
2020-05-25,2020-05-25 11:15:00-04:00,2020-05-25 11:20:00-04:00,9528.25,9533.8,9513.75,9534.05,1,106.39999999998545,target
2020-05-28,2020-05-28 10:15:00-04:00,2020-05-28 11:05:00-04:00,9468.25,9502.4,9382.25,9502.65,1,678.3999999999927,target
2020-06-01,2020-06-01 10:10:00-04:00,2020-06-01 13:25:00-04:00,9573.5,9600.35,9505.75,9600.6,1,532.4000000000073,target
2020-06-02,2020-06-02 10:25:00-04:00,2020-06-02 10:45:00-04:00,9610.25,9558.0,9558.25,9631.05,1,-1049.6,stop
2020-06-05,2020-06-05 11:05:00-04:00,2020-06-05 14:00:00-04:00,9792.25,9817.0,9653.25,9847.85,1,490.4,time
2020-06-08,2020-06-08 13:35:00-04:00,2020-06-08 14:00:00-04:00,9842.0,9855.5,9769.25,9871.1,1,265.4,time
2020-06-09,2020-06-09 10:25:00-04:00,2020-06-09 10:45:00-04:00,9912.75,9936.8,9852.0,9937.05,1,476.3999999999854,target
2020-06-10,2020-06-10 10:05:00-04:00,2020-06-10 10:55:00-04:00,10068.75,10023.25,10023.5,10086.85,1,-914.6,stop
2020-06-11,2020-06-11 10:15:00-04:00,2020-06-11 11:00:00-04:00,9964.0,9875.75,9876.0,9999.2,1,-1769.6,stop
2020-06-15,2020-06-15 10:05:00-04:00,2020-06-15 12:00:00-04:00,9603.0,9650.55,9483.5,9650.8,1,946.3999999999854,target
2020-06-17,2020-06-17 12:35:00-04:00,2020-06-17 13:40:00-04:00,10034.0,10057.75,9974.0,10058.0,1,470.4,target
2020-06-18,2020-06-18 10:10:00-04:00,2020-06-18 10:30:00-04:00,10002.0,9954.0,9954.25,10021.1,1,-964.6,stop
2020-06-22,2020-06-22 10:05:00-04:00,2020-06-22 11:40:00-04:00,10038.25,10063.0,9975.75,10063.25,1,490.4,target
2020-06-23,2020-06-23 10:20:00-04:00,2020-06-23 10:40:00-04:00,10207.75,10227.1,10158.75,10227.35,1,382.40000000000725,target
2020-06-25,2020-06-25 12:20:00-04:00,2020-06-25 14:00:00-04:00,10033.25,10013.5,9885.5,10092.35,1,-399.6,time
2020-06-29,2020-06-29 10:40:00-04:00,2020-06-29 12:35:00-04:00,9868.25,9923.8,9728.75,9924.05,1,1106.3999999999855,target
2020-06-30,2020-06-30 10:10:00-04:00,2020-06-30 11:15:00-04:00,10040.25,10078.8,9943.25,10079.05,1,766.3999999999854,target
2020-07-01,2020-07-01 10:20:00-04:00,2020-07-01 10:40:00-04:00,10194.0,10221.15,10125.5,10221.4,1,538.3999999999927,target
2020-07-06,2020-07-06 10:05:00-04:00,2020-07-06 10:55:00-04:00,10540.25,10568.1,10470.0,10568.35,1,552.4000000000073,target
2020-07-07,2020-07-07 10:15:00-04:00,2020-07-07 11:10:00-04:00,10648.0,10684.05,10557.25,10684.3,1,716.3999999999854,target
2020-07-08,2020-07-08 10:20:00-04:00,2020-07-08 11:15:00-04:00,10633.75,10566.25,10566.5,10660.65,1,-1354.6,stop
2020-07-10,2020-07-10 13:10:00-04:00,2020-07-10 14:00:00-04:00,10751.25,10768.75,10657.0,10788.95,1,345.4,time
2020-07-13,2020-07-13 10:30:00-04:00,2020-07-13 10:55:00-04:00,10999.25,11026.9,10929.5,11027.15,1,548.3999999999927,target
2020-07-16,2020-07-16 13:15:00-04:00,2020-07-16 14:00:00-04:00,10610.5,10586.25,10537.5,10639.7,1,-489.6,time
2020-07-20,2020-07-20 10:05:00-04:00,2020-07-20 10:15:00-04:00,10697.25,10733.6,10605.75,10733.85,1,722.4000000000073,target
2020-07-24,2020-07-24 10:25:00-04:00,2020-07-24 11:20:00-04:00,10452.0,10512.15,10301.0,10512.4,1,1198.3999999999928,target
2020-07-29,2020-07-29 10:05:00-04:00,2020-07-29 14:00:00-04:00,10625.75,10615.0,10571.0,10647.65,1,-219.6,time
2020-07-30,2020-07-30 11:35:00-04:00,2020-07-30 12:15:00-04:00,10638.5,10680.95,10531.75,10681.2,1,844.4000000000145,target
2020-08-03,2020-08-03 12:00:00-04:00,2020-08-03 14:00:00-04:00,11053.0,11037.5,10980.5,11082.0,1,-314.6,time
2020-08-04,2020-08-04 10:10:00-04:00,2020-08-04 14:00:00-04:00,11080.75,11057.25,11006.25,11110.55,1,-474.6,time
2020-08-05,2020-08-05 10:15:00-04:00,2020-08-05 14:00:00-04:00,11118.25,11111.75,11064.5,11139.75,1,-134.6,time
2020-08-06,2020-08-06 10:15:00-04:00,2020-08-06 12:20:00-04:00,11131.0,11153.95,11073.0,11154.2,1,454.40000000001453,target
2020-08-07,2020-08-07 10:55:00-04:00,2020-08-07 11:25:00-04:00,11265.25,11207.5,11207.75,11288.25,1,-1159.6,stop
2020-08-11,2020-08-11 11:10:00-04:00,2020-08-11 14:00:00-04:00,11048.25,11043.5,10956.0,11085.15,1,-99.6,time
2020-08-12,2020-08-12 10:20:00-04:00,2020-08-12 10:50:00-04:00,11068.0,11111.95,10957.5,11112.2,1,874.4000000000145,target
2020-08-13,2020-08-13 10:35:00-04:00,2020-08-13 14:00:00-04:00,11238.5,11209.25,11164.5,11268.1,1,-589.6,time
2020-08-17,2020-08-17 10:05:00-04:00,2020-08-17 14:00:00-04:00,11271.5,11277.25,11221.5,11291.5,1,110.4,time
2020-08-18,2020-08-18 13:40:00-04:00,2020-08-18 14:00:00-04:00,11384.5,11376.25,11323.25,11409.0,1,-169.6,time
2020-08-19,2020-08-19 11:35:00-04:00,2020-08-19 14:00:00-04:00,11417.75,11424.75,11332.5,11451.85,1,135.4,time
2020-08-20,2020-08-20 10:50:00-04:00,2020-08-20 11:55:00-04:00,11378.75,11423.2,11267.0,11423.45,1,884.4000000000145,target
2020-08-21,2020-08-21 10:30:00-04:00,2020-08-21 10:55:00-04:00,11524.0,11551.15,11455.5,11551.4,1,538.3999999999927,target
2020-08-25,2020-08-25 10:20:00-04:00,2020-08-25 11:10:00-04:00,11638.75,11664.1,11574.75,11664.35,1,502.40000000000725,target
2020-08-26,2020-08-26 10:25:00-04:00,2020-08-26 10:30:00-04:00,11801.0,11816.05,11762.75,11816.3,1,296.3999999999854,target
2020-08-27,2020-08-27 11:05:00-04:00,2020-08-27 12:35:00-04:00,12026.75,11911.75,11912.0,12072.65,1,-2304.6,stop
2020-08-31,2020-08-31 10:20:00-04:00,2020-08-31 10:50:00-04:00,12056.0,12080.65,11993.75,12080.9,1,488.3999999999927,target
2020-09-01,2020-09-01 10:05:00-04:00,2020-09-01 13:40:00-04:00,12229.75,12271.4,12125.0,12271.65,1,828.3999999999927,target
2020-09-07,2020-09-07 10:55:00-04:00,2020-09-07 11:55:00-04:00,11504.5,11527.35,11446.75,11527.6,1,452.40000000000725,target
2020-09-08,2020-09-08 10:10:00-04:00,2020-09-08 10:30:00-04:00,11320.75,11402.0,11117.0,11402.25,1,1620.4,target
2020-09-09,2020-09-09 10:30:00-04:00,2020-09-09 12:10:00-04:00,11347.0,11410.25,11188.25,11410.5,1,1260.4,target
2020-09-10,2020-09-10 10:05:00-04:00,2020-09-10 10:45:00-04:00,11557.0,11456.25,11456.5,11597.2,1,-2019.6,stop
2020-09-14,2020-09-14 10:05:00-04:00,2020-09-14 13:30:00-04:00,11319.25,11207.25,11207.5,11363.95,1,-2244.6,stop
2020-09-15,2020-09-15 12:45:00-04:00,2020-09-15 14:00:00-04:00,11485.25,11466.25,11414.5,11513.55,1,-384.6,time
2020-09-17,2020-09-17 10:10:00-04:00,2020-09-17 11:05:00-04:00,11097.75,11152.7,10959.75,11152.95,1,1094.4000000000146,target
2020-09-21,2020-09-21 13:25:00-04:00,2020-09-21 14:00:00-04:00,10861.0,10827.75,10704.25,10923.7,1,-669.6,time
2020-09-22,2020-09-22 13:45:00-04:00,2020-09-22 14:00:00-04:00,11078.25,11104.0,10950.5,11129.35,1,510.4,time
2020-09-24,2020-09-24 10:05:00-04:00,2020-09-24 12:05:00-04:00,10899.25,10977.1,10704.0,10977.35,1,1552.4000000000074,target
2020-09-25,2020-09-25 10:25:00-04:00,2020-09-25 10:35:00-04:00,10929.5,10968.85,10830.5,10969.1,1,782.4000000000073,target
2020-09-30,2020-09-30 10:05:00-04:00,2020-09-30 10:25:00-04:00,11425.25,11471.0,11310.25,11471.25,1,910.4,target
2020-10-01,2020-10-01 13:55:00-04:00,2020-10-01 14:00:00-04:00,11578.25,11544.25,11510.0,11605.55,1,-684.6,time
2020-10-02,2020-10-02 10:10:00-04:00,2020-10-02 11:50:00-04:00,11446.0,11301.0,11301.25,11503.9,1,-2904.6,stop
2020-10-05,2020-10-05 10:05:00-04:00,2020-10-05 10:10:00-04:00,11386.75,11412.6,11321.5,11412.85,1,512.4000000000073,target
2020-10-06,2020-10-06 10:10:00-04:00,2020-10-06 11:10:00-04:00,11484.25,11417.75,11418.0,11510.75,1,-1334.6,stop
2020-10-07,2020-10-07 12:15:00-04:00,2020-10-07 13:20:00-04:00,11448.5,11473.75,11384.75,11474.0,1,500.4,target
2020-10-09,2020-10-09 10:05:00-04:00,2020-10-09 11:00:00-04:00,11643.0,11664.65,11588.25,11664.9,1,428.3999999999927,target
2020-10-12,2020-10-12 10:55:00-04:00,2020-10-12 11:05:00-04:00,11954.0,11988.45,11867.25,11988.7,1,684.4000000000145,target
2020-10-13,2020-10-13 11:25:00-04:00,2020-10-13 13:55:00-04:00,12166.75,12031.75,12032.0,12220.65,1,-2704.6,stop
2020-10-16,2020-10-16 10:05:00-04:00,2020-10-16 10:15:00-04:00,11988.75,12013.3,11926.75,12013.55,1,486.3999999999854,target
2020-10-20,2020-10-20 10:10:00-04:00,2020-10-20 11:00:00-04:00,11720.0,11631.5,11631.75,11755.3,1,-1774.6,stop
2020-10-26,2020-10-26 10:05:00-04:00,2020-10-26 10:45:00-04:00,11688.25,11566.25,11566.5,11736.95,1,-2444.6,stop
2020-10-27,2020-10-27 11:15:00-04:00,2020-10-27 14:00:00-04:00,11587.75,11589.5,11498.25,11623.55,1,30.4,time
2020-10-29,2020-10-29 10:05:00-04:00,2020-10-29 11:20:00-04:00,11284.75,11330.2,11170.5,11330.45,1,904.4000000000145,target
2020-11-03,2020-11-03 10:05:00-05:00,2020-11-03 10:15:00-05:00,11233.0,11285.45,11101.25,11285.7,1,1044.4000000000146,target
2020-11-04,2020-11-04 10:05:00-05:00,2020-11-04 10:10:00-05:00,11689.75,11742.6,11557.0,11742.85,1,1052.4000000000074,target
2020-11-05,2020-11-05 10:05:00-05:00,2020-11-05 14:00:00-05:00,12093.25,12059.5,11972.75,12141.45,1,-679.6,time
2020-11-06,2020-11-06 11:40:00-05:00,2020-11-06 14:00:00-05:00,12049.75,12082.75,11883.25,12116.35,1,655.4,time
2020-11-09,2020-11-09 10:05:00-05:00,2020-11-09 14:00:00-05:00,12214.75,12077.5,12042.0,12283.85,1,-2749.6,time
2020-11-11,2020-11-11 10:35:00-05:00,2020-11-11 12:10:00-05:00,11831.5,11882.65,11703.0,11882.9,1,1018.3999999999927,target
2020-11-16,2020-11-16 10:25:00-05:00,2020-11-16 14:00:00-05:00,11992.75,11970.5,11887.75,12034.75,1,-449.6,time
2020-11-18,2020-11-18 12:00:00-05:00,2020-11-18 14:00:00-05:00,11998.0,11963.25,11913.5,12031.8,1,-699.6,time
2020-11-19,2020-11-19 10:40:00-05:00,2020-11-19 14:00:00-05:00,11937.5,11962.25,11841.75,11975.8,1,490.4,time
2020-11-20,2020-11-20 10:25:00-05:00,2020-11-20 10:35:00-05:00,11984.75,12000.0,11946.0,12000.25,1,300.4,target
2020-11-24,2020-11-24 10:45:00-05:00,2020-11-24 11:05:00-05:00,11970.5,12009.35,11872.75,12009.6,1,772.4000000000073,target
2020-11-25,2020-11-25 13:05:00-05:00,2020-11-25 14:00:00-05:00,12146.75,12140.25,12099.25,12165.75,1,-134.6,time
2020-11-27,2020-11-27 10:15:00-05:00,2020-11-27 10:20:00-05:00,12262.75,12281.8,12214.5,12282.05,1,376.3999999999854,target
2020-12-01,2020-12-01 10:05:00-05:00,2020-12-01 11:35:00-05:00,12413.25,12444.6,12334.25,12444.85,1,622.4000000000073,target
2020-12-02,2020-12-02 10:20:00-05:00,2020-12-02 11:50:00-05:00,12414.0,12454.35,12312.5,12454.6,1,802.4000000000073,target
2020-12-03,2020-12-03 10:05:00-05:00,2020-12-03 10:10:00-05:00,12508.75,12526.6,12463.5,12526.85,1,352.40000000000725,target
2020-12-04,2020-12-04 10:10:00-05:00,2020-12-04 14:00:00-05:00,12512.0,12506.0,12448.5,12537.4,1,-124.6,time
2020-12-07,2020-12-07 10:05:00-05:00,2020-12-07 14:00:00-05:00,12591.25,12569.0,12525.75,12617.45,1,-449.6,time
2020-12-08,2020-12-08 12:05:00-05:00,2020-12-08 13:30:00-05:00,12597.5,12626.65,12524.0,12626.9,1,578.3999999999927,target
2020-12-10,2020-12-10 10:10:00-05:00,2020-12-10 14:00:00-05:00,12390.0,12392.25,12218.25,12458.7,1,40.4,time
2020-12-14,2020-12-14 10:15:00-05:00,2020-12-14 14:00:00-05:00,12526.0,12512.0,12419.25,12568.7,1,-284.6,time
2020-12-16,2020-12-16 10:45:00-05:00,2020-12-16 11:50:00-05:00,12627.25,12650.8,12567.75,12651.05,1,466.3999999999854,target
2020-12-21,2020-12-21 13:10:00-05:00,2020-12-21 13:55:00-05:00,12660.25,12698.1,12565.0,12698.35,1,752.4000000000073,target
2020-12-23,2020-12-23 13:10:00-05:00,2020-12-23 14:00:00-05:00,12726.25,12722.5,12649.25,12757.05,1,-79.6,time
2020-12-28,2020-12-28 11:30:00-05:00,2020-12-28 12:30:00-05:00,12821.75,12837.1,12782.75,12837.35,1,302.40000000000725,target
2021-01-05,2021-01-05 10:05:00-05:00,2021-01-05 14:00:00-05:00,12773.0,12751.75,12650.25,12822.1,1,-429.6,time
2021-01-06,2021-01-06 10:15:00-05:00,2021-01-06 10:35:00-05:00,12677.25,12727.4,12551.25,12727.65,1,998.3999999999927,target
2021-01-07,2021-01-07 10:05:00-05:00,2021-01-07 14:00:00-05:00,12871.5,12912.75,12726.0,12929.7,1,820.4,time
2021-01-08,2021-01-08 12:15:00-05:00,2021-01-08 13:20:00-05:00,13056.5,12985.5,12985.75,13084.8,1,-1424.6,stop
2021-01-11,2021-01-11 10:10:00-05:00,2021-01-11 14:00:00-05:00,12980.5,12959.75,12892.25,13015.8,1,-419.6,time
2021-01-13,2021-01-13 10:40:00-05:00,2021-01-13 14:00:00-05:00,12958.75,12977.75,12864.5,12996.45,1,375.4,time
2021-01-14,2021-01-14 10:50:00-05:00,2021-01-14 11:55:00-05:00,13021.25,12968.5,12968.75,13042.25,1,-1059.6,stop
2021-01-19,2021-01-19 12:40:00-05:00,2021-01-19 13:00:00-05:00,12931.25,12959.3,12860.5,12959.55,1,556.3999999999854,target
2021-01-20,2021-01-20 10:10:00-05:00,2021-01-20 10:30:00-05:00,13206.75,13240.8,13121.0,13241.05,1,676.3999999999854,target
2021-01-21,2021-01-21 10:15:00-05:00,2021-01-21 14:00:00-05:00,13364.75,13364.75,13283.25,13397.35,1,-4.6,time
2021-01-26,2021-01-26 10:50:00-05:00,2021-01-26 14:00:00-05:00,13514.25,13500.0,13426.75,13549.25,1,-289.6,time
2021-01-28,2021-01-28 10:20:00-05:00,2021-01-28 12:00:00-05:00,13267.0,13322.25,13128.25,13322.5,1,1100.4,target
2021-01-29,2021-01-29 10:25:00-05:00,2021-01-29 11:20:00-05:00,13147.25,12997.75,12998.0,13206.95,1,-2994.6,stop
2021-02-01,2021-02-01 10:45:00-05:00,2021-02-01 11:30:00-05:00,13116.5,13174.75,12970.25,13175.0,1,1160.4,target
2021-02-02,2021-02-02 10:20:00-05:00,2021-02-02 12:15:00-05:00,13434.5,13470.05,13345.0,13470.3,1,706.3999999999854,target
2021-02-04,2021-02-04 13:05:00-05:00,2021-02-04 14:00:00-05:00,13486.25,13494.75,13412.25,13515.85,1,165.4,time
2021-02-05,2021-02-05 12:20:00-05:00,2021-02-05 12:40:00-05:00,13595.75,13619.7,13535.25,13619.95,1,474.40000000001453,target
2021-02-08,2021-02-08 10:05:00-05:00,2021-02-08 10:05:00-05:00,13674.75,13691.3,13632.75,13691.55,1,326.3999999999854,target
2021-02-09,2021-02-09 10:10:00-05:00,2021-02-09 14:00:00-05:00,13713.75,13671.25,13645.25,13741.15,1,-854.6,time
2021-02-12,2021-02-12 10:15:00-05:00,2021-02-12 10:50:00-05:00,13707.5,13731.85,13646.0,13732.1,1,482.40000000000725,target
2021-02-15,2021-02-15 12:30:00-05:00,2021-02-15 12:40:00-05:00,13863.5,13869.35,13848.25,13869.6,1,112.40000000000728,target
2021-02-16,2021-02-16 10:40:00-05:00,2021-02-16 11:05:00-05:00,13871.5,13811.25,13811.5,13895.5,1,-1209.6,stop
2021-02-18,2021-02-18 13:25:00-05:00,2021-02-18 14:00:00-05:00,13596.5,13600.0,13522.5,13626.1,1,65.4,time
2021-02-23,2021-02-23 10:30:00-05:00,2021-02-23 14:00:00-05:00,13025.25,13045.25,12757.25,13132.45,1,395.4,time
2021-02-24,2021-02-24 11:15:00-05:00,2021-02-24 12:00:00-05:00,13143.5,13199.85,13002.0,13200.1,1,1122.4000000000074,target
2021-02-26,2021-02-26 12:10:00-05:00,2021-02-26 14:00:00-05:00,13052.75,12955.5,12858.75,13130.35,1,-1949.6,time
2021-03-01,2021-03-01 10:20:00-05:00,2021-03-01 10:40:00-05:00,13131.75,13168.0,13040.5,13168.25,1,720.4,target
2021-03-04,2021-03-04 11:45:00-05:00,2021-03-04 12:25:00-05:00,12783.0,12568.0,12568.25,12868.9,1,-4304.6,stop
2021-03-08,2021-03-08 10:35:00-05:00,2021-03-08 11:50:00-05:00,12708.75,12526.5,12526.75,12781.55,1,-3649.6,stop
2021-03-09,2021-03-09 10:05:00-05:00,2021-03-09 12:10:00-05:00,12725.25,12780.3,12587.0,12780.55,1,1096.3999999999855,target
2021-03-11,2021-03-11 10:50:00-05:00,2021-03-11 11:00:00-05:00,13009.5,13040.55,12931.25,13040.8,1,616.3999999999854,target
2021-03-12,2021-03-12 12:30:00-05:00,2021-03-12 14:00:00-05:00,12903.5,12882.75,12798.0,12945.7,1,-419.6,time
2021-03-15,2021-03-15 10:15:00-04:00,2021-03-15 11:30:00-04:00,12987.25,12896.75,12897.0,13023.35,1,-1814.6,stop
2021-03-16,2021-03-16 10:05:00-04:00,2021-03-16 10:50:00-04:00,13245.75,13286.8,13142.5,13287.05,1,816.3999999999854,target
2021-03-17,2021-03-17 10:20:00-04:00,2021-03-17 14:00:00-04:00,13079.75,13009.5,12946.5,13133.05,1,-1409.6,time
2021-03-22,2021-03-22 10:35:00-04:00,2021-03-22 10:50:00-04:00,13026.0,13065.05,12927.75,13065.3,1,776.3999999999854,target
2021-03-23,2021-03-23 10:15:00-04:00,2021-03-23 11:05:00-04:00,13122.75,13151.4,13050.5,13151.65,1,568.3999999999927,target
2021-03-25,2021-03-25 10:05:00-04:00,2021-03-25 10:45:00-04:00,12823.0,12688.5,12688.75,12876.7,1,-2694.6,stop
2021-03-26,2021-03-26 10:05:00-04:00,2021-03-26 14:00:00-04:00,12851.0,12798.75,12753.75,12889.9,1,-1049.6,time
2021-03-29,2021-03-29 13:05:00-04:00,2021-03-29 14:00:00-04:00,12986.5,12953.75,12852.25,13040.2,1,-659.6,time
2021-03-30,2021-03-30 11:35:00-04:00,2021-03-30 14:00:00-04:00,12895.25,12851.5,12805.25,12931.25,1,-879.6,time
2021-03-31,2021-03-31 10:05:00-04:00,2021-03-31 10:40:00-04:00,13067.5,13113.05,12953.0,13113.3,1,906.3999999999854,target
2021-04-01,2021-04-01 10:10:00-04:00,2021-04-01 14:00:00-04:00,13306.5,13281.25,13241.75,13332.4,1,-509.6,time
2021-04-05,2021-04-05 10:10:00-04:00,2021-04-05 10:30:00-04:00,13490.25,13522.4,13409.25,13522.65,1,638.3999999999927,target
2021-04-06,2021-04-06 10:05:00-04:00,2021-04-06 11:10:00-04:00,13605.0,13631.25,13538.75,13631.5,1,520.4,target
2021-04-07,2021-04-07 10:05:00-04:00,2021-04-07 11:05:00-04:00,13593.0,13624.95,13512.5,13625.2,1,634.4000000000145,target
2021-04-09,2021-04-09 10:05:00-04:00,2021-04-09 11:50:00-04:00,13732.5,13761.95,13658.25,13762.2,1,584.4000000000145,target
2021-04-12,2021-04-12 12:35:00-04:00,2021-04-12 14:00:00-04:00,13814.0,13782.75,13742.5,13842.6,1,-629.6,time
2021-04-15,2021-04-15 10:30:00-04:00,2021-04-15 13:30:00-04:00,13989.25,14015.5,13923.0,14015.75,1,520.4,target
2021-04-21,2021-04-21 10:30:00-04:00,2021-04-21 11:30:00-04:00,13816.0,13861.95,13700.5,13862.2,1,914.4000000000145,target
2021-04-22,2021-04-22 10:35:00-04:00,2021-04-22 13:10:00-04:00,13931.25,13855.25,13855.5,13961.55,1,-1524.6,stop
2021-04-23,2021-04-23 10:05:00-04:00,2021-04-23 10:35:00-04:00,13837.75,13862.2,13776.0,13862.45,1,484.40000000001453,target
2021-04-26,2021-04-26 10:10:00-04:00,2021-04-26 10:45:00-04:00,13952.25,13972.0,13902.25,13972.25,1,390.4,target
2021-04-30,2021-04-30 10:25:00-04:00,2021-04-30 10:35:00-04:00,13923.25,13956.1,13840.5,13956.35,1,652.4000000000073,target
2021-05-03,2021-05-03 10:15:00-04:00,2021-05-03 10:50:00-04:00,13929.75,13850.75,13851.0,13961.25,1,-1584.6,stop
2021-05-06,2021-05-06 11:35:00-04:00,2021-05-06 11:50:00-04:00,13524.0,13563.55,13424.5,13563.8,1,786.3999999999854,target
2021-05-07,2021-05-07 10:10:00-04:00,2021-05-07 10:20:00-04:00,13764.5,13805.45,13661.5,13805.7,1,814.4000000000145,target
2021-05-11,2021-05-11 11:20:00-04:00,2021-05-11 13:25:00-04:00,13272.25,13347.0,13084.75,13347.25,1,1490.4,target
2021-05-13,2021-05-13 10:05:00-04:00,2021-05-13 11:40:00-04:00,13189.25,13086.5,13086.75,13230.25,1,-2059.6,stop
2021-05-14,2021-05-14 10:15:00-04:00,2021-05-14 10:45:00-04:00,13287.25,13318.4,13208.75,13318.65,1,618.3999999999927,target
2021-05-18,2021-05-18 10:30:00-04:00,2021-05-18 14:00:00-04:00,13382.75,13331.0,13300.0,13415.85,1,-1039.6,time
2021-05-19,2021-05-19 10:30:00-04:00,2021-05-19 11:20:00-04:00,13092.25,13141.1,12969.5,13141.35,1,972.4000000000073,target
2021-05-20,2021-05-20 10:05:00-04:00,2021-05-20 11:25:00-04:00,13406.0,13455.65,13281.25,13455.9,1,988.3999999999927,target
2021-05-24,2021-05-24 10:05:00-04:00,2021-05-24 10:15:00-04:00,13589.5,13627.65,13493.5,13627.9,1,758.3999999999927,target
2021-05-26,2021-05-26 11:10:00-04:00,2021-05-26 14:00:00-04:00,13711.5,13686.5,13662.0,13731.3,1,-504.6,time
2021-05-27,2021-05-27 10:20:00-04:00,2021-05-27 14:00:00-04:00,13699.25,13686.75,13644.0,13721.35,1,-254.6,time
2021-05-28,2021-05-28 11:45:00-04:00,2021-05-28 14:00:00-04:00,13745.5,13716.0,13695.75,13765.4,1,-594.6,time
2021-06-03,2021-06-03 11:00:00-04:00,2021-06-03 14:00:00-04:00,13579.0,13566.0,13462.25,13625.7,1,-264.6,time
2021-06-04,2021-06-04 10:05:00-04:00,2021-06-04 14:00:00-04:00,13733.25,13774.5,13605.5,13784.35,1,820.4,time
2021-06-14,2021-06-14 12:05:00-04:00,2021-06-14 14:00:00-04:00,14049.0,14067.0,13965.25,14082.5,1,355.4,time
2021-06-17,2021-06-17 10:05:00-04:00,2021-06-17 10:25:00-04:00,14050.75,14093.9,13942.25,14094.15,1,858.3999999999927,target
2021-06-21,2021-06-21 10:40:00-04:00,2021-06-21 11:05:00-04:00,14082.0,14131.15,13958.5,14131.4,1,978.3999999999927,target
2021-06-22,2021-06-22 11:10:00-04:00,2021-06-22 12:20:00-04:00,14187.5,14219.25,14107.5,14219.5,1,630.4,target
2021-06-24,2021-06-24 10:10:00-04:00,2021-06-24 10:30:00-04:00,14387.25,14404.3,14344.0,14404.55,1,336.3999999999854,target
2021-06-28,2021-06-28 10:10:00-04:00,2021-06-28 14:00:00-04:00,14467.25,14463.0,14390.75,14497.85,1,-89.6,time
2021-06-29,2021-06-29 12:20:00-04:00,2021-06-29 14:00:00-04:00,14534.0,14551.0,14470.5,14559.4,1,335.4,time
2021-07-02,2021-07-02 11:55:00-04:00,2021-07-02 13:00:00-04:00,14670.25,14690.4,14619.25,14690.65,1,398.3999999999927,target
2021-07-06,2021-07-06 10:10:00-04:00,2021-07-06 10:30:00-04:00,14786.25,14737.75,14738.0,14805.55,1,-974.6,stop
2021-07-08,2021-07-08 10:30:00-04:00,2021-07-08 11:50:00-04:00,14644.25,14685.5,14540.5,14685.75,1,820.4,target
2021-07-09,2021-07-09 10:25:00-04:00,2021-07-09 10:50:00-04:00,14728.25,14752.1,14668.0,14752.35,1,472.40000000000725,target
2021-07-13,2021-07-13 10:05:00-04:00,2021-07-13 10:30:00-04:00,14927.5,14961.35,14842.25,14961.6,1,672.4000000000073,target
2021-07-14,2021-07-14 10:05:00-04:00,2021-07-14 11:25:00-04:00,14992.25,14934.75,14935.0,15015.15,1,-1154.6,stop
2021-07-20,2021-07-20 10:25:00-04:00,2021-07-20 10:45:00-04:00,14608.75,14645.3,14516.75,14645.55,1,726.3999999999854,target
2021-07-21,2021-07-21 10:25:00-04:00,2021-07-21 13:50:00-04:00,14761.25,14788.6,14692.25,14788.85,1,542.4000000000073,target
2021-07-22,2021-07-22 10:30:00-04:00,2021-07-22 14:00:00-04:00,14905.0,14905.5,14839.5,14931.2,1,5.4,time
2021-07-23,2021-07-23 10:20:00-04:00,2021-07-23 11:00:00-04:00,14997.75,15022.9,14934.25,15023.15,1,498.3999999999927,target
2021-07-26,2021-07-26 10:05:00-04:00,2021-07-26 14:00:00-04:00,15112.75,15105.0,15040.25,15141.75,1,-159.6,time
2021-07-28,2021-07-28 10:20:00-04:00,2021-07-28 14:00:00-04:00,15054.5,14973.25,14901.5,15115.7,1,-1629.6,time
2021-07-30,2021-07-30 10:05:00-04:00,2021-07-30 14:00:00-04:00,14977.0,14964.5,14866.0,15021.4,1,-254.6,time
2021-08-02,2021-08-02 11:25:00-04:00,2021-08-02 14:00:00-04:00,15045.75,14985.5,14935.75,15089.75,1,-1209.6,time
2021-08-03,2021-08-03 12:00:00-04:00,2021-08-03 14:00:00-04:00,15011.0,15019.5,14903.25,15054.1,1,165.4,time
2021-08-04,2021-08-04 13:05:00-04:00,2021-08-04 13:20:00-04:00,15075.25,15097.7,15018.5,15097.95,1,444.40000000001453,target
2021-08-05,2021-08-05 10:10:00-04:00,2021-08-05 10:50:00-04:00,15129.0,15151.15,15073.0,15151.4,1,438.3999999999927,target
2021-08-12,2021-08-12 10:20:00-04:00,2021-08-12 10:30:00-04:00,15008.5,15033.05,14946.5,15033.3,1,486.3999999999854,target
2021-08-13,2021-08-13 10:20:00-04:00,2021-08-13 14:00:00-04:00,15133.75,15115.5,15068.25,15159.95,1,-369.6,time
2021-08-17,2021-08-17 10:45:00-04:00,2021-08-17 11:55:00-04:00,15050.0,14954.75,14955.0,15088.0,1,-1909.6,stop
2021-08-19,2021-08-19 10:10:00-04:00,2021-08-19 10:15:00-04:00,14847.0,14880.05,14763.75,14880.3,1,656.3999999999854,target
2021-08-20,2021-08-20 10:05:00-04:00,2021-08-20 14:00:00-04:00,15059.75,15053.75,14959.0,15100.05,1,-124.6,time
2021-08-23,2021-08-23 10:05:00-04:00,2021-08-23 10:50:00-04:00,15230.25,15272.2,15124.75,15272.45,1,834.4000000000145,target
2021-08-24,2021-08-24 10:10:00-04:00,2021-08-24 14:00:00-04:00,15361.25,15347.25,15313.0,15380.55,1,-284.6,time
2021-08-27,2021-08-27 10:05:00-04:00,2021-08-27 10:10:00-04:00,15361.25,15391.8,15284.25,15392.05,1,606.3999999999854,target
2021-08-30,2021-08-30 10:05:00-04:00,2021-08-30 10:30:00-04:00,15545.75,15581.7,15455.25,15581.95,1,714.4000000000145,target
2021-09-03,2021-09-03 10:05:00-04:00,2021-09-03 14:00:00-04:00,15661.5,15656.25,15554.25,15704.4,1,-109.6,time
2021-09-06,2021-09-06 10:05:00-04:00,2021-09-06 18:00:00-04:00,15706.25,15701.75,15686.75,15714.05,1,-94.6,time
2021-09-07,2021-09-07 10:55:00-04:00,2021-09-07 12:45:00-04:00,15673.5,15697.25,15613.5,15697.5,1,470.4,target
2021-09-15,2021-09-15 13:00:00-04:00,2021-09-15 14:00:00-04:00,15447.0,15460.25,15339.0,15490.2,1,260.4,time
2021-09-22,2021-09-22 10:05:00-04:00,2021-09-22 10:25:00-04:00,15094.0,15125.45,15014.75,15125.7,1,624.4000000000145,target
2021-09-23,2021-09-23 10:05:00-04:00,2021-09-23 14:00:00-04:00,15319.0,15344.75,15182.0,15373.8,1,510.4,time
2021-09-24,2021-09-24 10:05:00-04:00,2021-09-24 12:40:00-04:00,15257.5,15284.35,15189.75,15284.6,1,532.4000000000073,target
2021-09-27,2021-09-27 11:05:00-04:00,2021-09-27 14:00:00-04:00,15221.75,15199.75,15084.0,15276.85,1,-444.6,time
2021-10-01,2021-10-01 13:50:00-04:00,2021-10-01 14:00:00-04:00,14740.25,14717.75,14606.75,14793.65,1,-454.6,time
2021-10-05,2021-10-05 10:05:00-04:00,2021-10-05 10:40:00-04:00,14606.5,14649.85,14497.5,14650.1,1,862.4000000000073,target
2021-10-06,2021-10-06 10:25:00-04:00,2021-10-06 14:00:00-04:00,14658.75,14691.25,14511.5,14717.65,1,645.4,time
2021-10-07,2021-10-07 10:05:00-04:00,2021-10-07 14:00:00-04:00,14971.0,14962.25,14859.25,15015.7,1,-179.6,time
2021-10-11,2021-10-11 10:05:00-04:00,2021-10-11 14:00:00-04:00,14868.25,14782.25,14722.0,14926.75,1,-1724.6,time
2021-10-14,2021-10-14 10:05:00-04:00,2021-10-14 11:40:00-04:00,14973.5,15006.45,14890.5,15006.7,1,654.4000000000145,target
2021-10-15,2021-10-15 11:00:00-04:00,2021-10-15 14:00:00-04:00,15110.5,15099.0,15049.25,15135.0,1,-234.6,time
2021-10-18,2021-10-18 10:10:00-04:00,2021-10-18 11:05:00-04:00,15153.75,15194.2,15052.0,15194.45,1,804.4000000000145,target
2021-10-19,2021-10-19 10:30:00-04:00,2021-10-19 11:50:00-04:00,15359.5,15382.25,15302.0,15382.5,1,450.4,target
2021-10-20,2021-10-20 10:35:00-04:00,2021-10-20 11:00:00-04:00,15445.0,15397.0,15397.25,15464.1,1,-964.6,stop
2021-10-21,2021-10-21 10:10:00-04:00,2021-10-21 10:25:00-04:00,15399.75,15425.8,15334.0,15426.05,1,516.3999999999854,target
2021-10-22,2021-10-22 10:30:00-04:00,2021-10-22 11:15:00-04:00,15463.0,15385.25,15385.5,15494.0,1,-1559.6,stop
2021-10-25,2021-10-25 12:00:00-04:00,2021-10-25 12:35:00-04:00,15437.0,15482.65,15322.25,15482.9,1,908.3999999999927,target
2021-10-26,2021-10-26 10:15:00-04:00,2021-10-26 12:00:00-04:00,15675.0,15579.75,15580.0,15713.0,1,-1909.6,stop
2021-10-27,2021-10-27 10:55:00-04:00,2021-10-27 12:40:00-04:00,15649.0,15684.85,15558.75,15685.1,1,712.4000000000073,target
2021-10-28,2021-10-28 10:30:00-04:00,2021-10-28 10:45:00-04:00,15699.5,15724.85,15635.5,15725.1,1,502.40000000000725,target
2021-10-29,2021-10-29 11:10:00-04:00,2021-10-29 11:55:00-04:00,15708.25,15745.0,15615.75,15745.25,1,730.4,target
2021-11-02,2021-11-02 11:45:00-04:00,2021-11-02 14:00:00-04:00,15972.25,15937.25,15864.0,16015.55,1,-704.6,time
2021-11-04,2021-11-04 10:05:00-04:00,2021-11-04 10:20:00-04:00,16253.75,16292.2,16157.0,16292.45,1,764.4000000000145,target
2021-11-10,2021-11-10 10:05:00-05:00,2021-11-10 13:15:00-05:00,16182.75,16041.5,16041.75,16239.15,1,-2829.6,stop
2021-11-12,2021-11-12 10:50:00-05:00,2021-11-12 11:00:00-05:00,16087.25,16121.2,16001.75,16121.45,1,674.4000000000145,target
2021-11-16,2021-11-16 11:05:00-05:00,2021-11-16 11:15:00-05:00,16255.75,16298.1,16149.25,16298.35,1,842.4000000000073,target
2021-11-17,2021-11-17 10:40:00-05:00,2021-11-17 11:45:00-05:00,16345.0,16374.75,16270.0,16375.0,1,590.4,target
2021-11-18,2021-11-18 11:35:00-05:00,2021-11-18 11:45:00-05:00,16430.5,16461.15,16353.25,16461.4,1,608.4000000000291,target
2021-11-19,2021-11-19 11:40:00-05:00,2021-11-19 14:00:00-05:00,16618.5,16581.0,16516.25,16659.4,1,-754.6,time
2021-11-22,2021-11-22 10:05:00-05:00,2021-11-22 11:10:00-05:00,16744.75,16638.0,16638.25,16787.35,1,-2139.6,stop
2021-11-24,2021-11-24 10:05:00-05:00,2021-11-24 11:15:00-05:00,16225.75,16275.0,16102.0,16275.25,1,980.4,target
2021-11-29,2021-11-29 11:35:00-05:00,2021-11-29 12:00:00-05:00,16317.5,16360.85,16208.5,16361.1,1,862.4000000000073,target
2021-11-30,2021-11-30 10:05:00-05:00,2021-11-30 10:45:00-05:00,16422.25,16318.75,16319.0,16463.55,1,-2074.6,stop
2021-12-01,2021-12-01 10:10:00-05:00,2021-12-01 11:10:00-05:00,16371.75,16412.0,16270.5,16412.25,1,800.4,target
2021-12-02,2021-12-02 10:05:00-05:00,2021-12-02 10:40:00-05:00,16018.25,15788.25,15788.5,16110.15,1,-4604.6,stop
2021-12-06,2021-12-06 10:20:00-05:00,2021-12-06 13:25:00-05:00,15764.0,15845.65,15559.25,15845.9,1,1628.3999999999928,target
2021-12-07,2021-12-07 10:10:00-05:00,2021-12-07 10:45:00-05:00,16245.5,16295.85,16119.0,16296.1,1,1002.4000000000073,target
2021-12-08,2021-12-08 13:45:00-05:00,2021-12-08 14:00:00-05:00,16369.0,16356.0,16251.5,16416.0,1,-264.6,time
2021-12-21,2021-12-21 12:15:00-05:00,2021-12-21 13:20:00-05:00,15813.75,15873.4,15664.0,15873.65,1,1188.3999999999928,target
2021-12-22,2021-12-22 10:40:00-05:00,2021-12-22 11:15:00-05:00,16066.0,16118.85,15933.25,16119.1,1,1052.4000000000074,target
2021-12-23,2021-12-23 10:15:00-05:00,2021-12-23 10:55:00-05:00,16258.75,16291.4,16176.5,16291.65,1,648.3999999999927,target
2021-12-27,2021-12-27 10:05:00-05:00,2021-12-27 10:25:00-05:00,16457.5,16502.45,16344.5,16502.7,1,894.4000000000145,target
2021-12-30,2021-12-30 10:10:00-05:00,2021-12-30 14:00:00-05:00,16538.25,16534.25,16449.25,16573.85,1,-84.6,time
2022-01-06,2022-01-06 11:15:00-05:00,2022-01-06 14:00:00-05:00,15860.5,15822.5,15672.0,15935.9,1,-764.6,time
2022-01-10,2022-01-10 13:55:00-05:00,2022-01-10 14:00:00-05:00,15418.75,15409.0,15241.75,15489.55,1,-199.6,time
2022-01-11,2022-01-11 10:05:00-05:00,2022-01-11 11:10:00-05:00,15620.75,15678.8,15475.0,15679.05,1,1156.3999999999855,target
2022-01-12,2022-01-12 10:15:00-05:00,2022-01-12 10:35:00-05:00,16003.5,15884.25,15884.5,16051.1,1,-2389.6,stop
2022-01-18,2022-01-18 10:10:00-05:00,2022-01-18 11:30:00-05:00,15408.25,15271.5,15271.75,15462.85,1,-2739.6,stop
2022-01-20,2022-01-20 10:35:00-05:00,2022-01-20 14:00:00-05:00,15302.5,15178.75,15160.25,15359.4,1,-2479.6,time
2022-01-21,2022-01-21 11:25:00-05:00,2022-01-21 12:20:00-05:00,14844.25,14631.0,14631.25,14929.45,1,-4269.6,stop
2022-01-26,2022-01-26 10:05:00-05:00,2022-01-26 10:40:00-05:00,14505.25,14350.0,14350.25,14567.25,1,-3109.6,stop
2022-01-27,2022-01-27 10:15:00-05:00,2022-01-27 10:30:00-05:00,14401.75,14231.75,14232.0,14469.65,1,-3404.6,stop
2022-01-28,2022-01-28 10:55:00-05:00,2022-01-28 11:15:00-05:00,14110.25,14207.3,13867.0,14207.55,1,1936.3999999999855,target
2022-01-31,2022-01-31 10:05:00-05:00,2022-01-31 11:50:00-05:00,14650.0,14743.25,14416.25,14743.5,1,1860.4,target
2022-02-03,2022-02-03 10:30:00-05:00,2022-02-03 11:55:00-05:00,14823.25,14677.25,14677.5,14881.55,1,-2924.6,stop
2022-02-04,2022-02-04 10:05:00-05:00,2022-02-04 13:00:00-05:00,14610.25,14681.0,14432.75,14681.25,1,1410.4,target
2022-02-08,2022-02-08 10:50:00-05:00,2022-02-08 11:00:00-05:00,14592.25,14628.3,14501.5,14628.55,1,716.3999999999854,target
2022-02-09,2022-02-09 11:05:00-05:00,2022-02-09 14:00:00-05:00,14964.25,14982.25,14863.75,15004.45,1,355.4,time
2022-02-10,2022-02-10 10:05:00-05:00,2022-02-10 13:35:00-05:00,14959.0,14734.75,14735.0,15048.6,1,-4489.6,stop
2022-02-14,2022-02-14 11:20:00-05:00,2022-02-14 13:50:00-05:00,14338.0,14181.75,14182.0,14400.4,1,-3129.6,stop
2022-02-15,2022-02-15 10:45:00-05:00,2022-02-15 12:45:00-05:00,14540.25,14444.75,14445.0,14578.35,1,-1914.6,stop
2022-02-22,2022-02-22 10:30:00-05:00,2022-02-22 11:50:00-05:00,14105.25,13861.75,13862.0,14202.55,1,-4874.6,stop
2022-02-24,2022-02-24 10:15:00-05:00,2022-02-24 11:10:00-05:00,13377.75,13505.4,13058.0,13505.65,1,2548.399999999993,target
2022-02-25,2022-02-25 10:45:00-05:00,2022-02-25 11:10:00-05:00,14038.75,14110.0,13860.0,14110.25,1,1420.4,target
2022-02-28,2022-02-28 10:40:00-05:00,2022-02-28 11:15:00-05:00,14181.0,14242.25,14027.25,14242.5,1,1220.4,target
2022-03-02,2022-03-02 11:10:00-05:00,2022-03-02 11:30:00-05:00,14158.75,14217.6,14011.0,14217.85,1,1172.4000000000074,target
2022-03-08,2022-03-08 12:15:00-05:00,2022-03-08 12:20:00-05:00,13458.25,13552.6,13221.75,13552.85,1,1882.4000000000074,target
2022-03-09,2022-03-09 10:25:00-05:00,2022-03-09 12:30:00-05:00,13641.0,13698.75,13496.0,13699.0,1,1150.4,target
2022-03-10,2022-03-10 10:20:00-05:00,2022-03-10 10:30:00-05:00,13605.75,13486.0,13486.25,13653.55,1,-2399.6,stop
2022-03-14,2022-03-14 10:15:00-04:00,2022-03-14 11:40:00-04:00,13373.75,13204.75,13205.0,13441.25,1,-3384.6,stop
2022-03-15,2022-03-15 10:05:00-04:00,2022-03-15 10:30:00-04:00,13219.25,13270.2,13091.25,13270.45,1,1014.4000000000145,target
2022-03-16,2022-03-16 10:15:00-04:00,2022-03-16 10:15:00-04:00,13753.25,13809.2,13612.75,13809.45,1,1114.4000000000146,target
2022-03-17,2022-03-17 10:05:00-04:00,2022-03-17 13:40:00-04:00,13997.0,14066.45,13822.75,14066.7,1,1384.4000000000146,target
2022-03-22,2022-03-22 10:05:00-04:00,2022-03-22 10:30:00-04:00,14531.25,14593.9,14374.0,14594.15,1,1248.3999999999928,target
2022-03-23,2022-03-23 10:15:00-04:00,2022-03-23 10:35:00-04:00,14563.75,14604.7,14460.75,14604.95,1,814.4000000000145,target
2022-03-24,2022-03-24 11:15:00-04:00,2022-03-24 11:25:00-04:00,14563.0,14600.55,14468.5,14600.8,1,746.3999999999854,target
2022-03-25,2022-03-25 10:45:00-04:00,2022-03-25 11:00:00-04:00,14792.5,14708.0,14708.25,14826.2,1,-1694.6,stop
2022-03-30,2022-03-30 10:15:00-04:00,2022-03-30 11:00:00-04:00,15219.5,15141.0,15141.25,15250.8,1,-1574.6,stop
2022-04-04,2022-04-04 10:40:00-04:00,2022-04-04 14:00:00-04:00,15062.5,15119.25,14883.5,15134.1,1,1130.4,time
2022-04-08,2022-04-08 12:25:00-04:00,2022-04-08 14:00:00-04:00,14483.75,14391.25,14312.5,14552.25,1,-1854.6,time
2022-04-13,2022-04-13 10:20:00-04:00,2022-04-13 11:10:00-04:00,14082.0,14146.15,13921.0,14146.4,1,1278.3999999999928,target
2022-04-18,2022-04-18 10:15:00-04:00,2022-04-18 10:20:00-04:00,13945.5,13992.65,13827.0,13992.9,1,938.3999999999927,target
2022-04-19,2022-04-19 10:05:00-04:00,2022-04-19 10:30:00-04:00,14023.0,14098.55,13833.5,14098.8,1,1506.3999999999855,target
2022-04-25,2022-04-25 10:30:00-04:00,2022-04-25 10:35:00-04:00,13392.75,13455.2,13236.0,13455.45,1,1244.4000000000146,target
2022-04-28,2022-04-28 12:40:00-04:00,2022-04-28 12:45:00-04:00,13292.0,13370.25,13095.75,13370.5,1,1560.4,target
2022-05-02,2022-05-02 10:30:00-04:00,2022-05-02 13:45:00-04:00,12983.25,12742.5,12742.75,13079.45,1,-4819.6,stop
2022-05-03,2022-05-03 10:05:00-04:00,2022-05-03 14:00:00-04:00,13140.0,13137.5,12968.5,13208.6,1,-54.6,time
2022-05-04,2022-05-04 13:05:00-04:00,2022-05-04 13:55:00-04:00,13121.0,13162.45,13016.75,13162.7,1,824.4000000000145,target
2022-05-06,2022-05-06 10:50:00-04:00,2022-05-06 11:20:00-04:00,12807.5,12922.65,12519.0,12922.9,1,2298.399999999993,target
2022-05-12,2022-05-12 10:10:00-04:00,2022-05-12 10:20:00-04:00,11910.25,11996.8,11693.25,11997.05,1,1726.3999999999855,target
2022-05-13,2022-05-13 10:05:00-04:00,2022-05-13 12:00:00-04:00,12288.5,12377.75,12064.75,12378.0,1,1780.4,target
2022-05-16,2022-05-16 10:30:00-04:00,2022-05-16 10:55:00-04:00,12366.5,12216.75,12217.0,12426.3,1,-2999.6,stop
2022-05-19,2022-05-19 11:25:00-04:00,2022-05-19 11:40:00-04:00,11979.25,12052.6,11795.25,12052.85,1,1462.4000000000074,target
2022-05-23,2022-05-23 11:35:00-04:00,2022-05-23 14:00:00-04:00,12001.5,12003.0,11817.75,12075.0,1,25.4,time
2022-05-25,2022-05-25 10:30:00-04:00,2022-05-25 14:00:00-04:00,11890.25,11849.5,11708.0,11963.15,1,-819.6,time
2022-05-26,2022-05-26 10:15:00-04:00,2022-05-26 12:10:00-04:00,12162.0,12266.95,11899.0,12267.2,1,2094.4000000000146,target
2022-05-27,2022-05-27 10:05:00-04:00,2022-05-27 10:35:00-04:00,12533.25,12585.5,12402.0,12585.75,1,1040.4,target
2022-05-30,2022-05-30 10:50:00-04:00,2022-05-30 11:30:00-04:00,12792.25,12810.5,12746.0,12810.75,1,360.4,target
2022-05-31,2022-05-31 11:55:00-04:00,2022-05-31 14:00:00-04:00,12698.25,12757.5,12520.75,12769.25,1,1180.4,time
2022-06-02,2022-06-02 10:15:00-04:00,2022-06-02 11:15:00-04:00,12618.0,12687.95,12442.5,12688.2,1,1394.4000000000146,target
2022-06-06,2022-06-06 10:05:00-04:00,2022-06-06 11:15:00-04:00,12788.75,12673.25,12673.5,12834.85,1,-2314.6,stop
2022-06-07,2022-06-07 10:30:00-04:00,2022-06-07 10:35:00-04:00,12591.5,12662.85,12412.5,12663.1,1,1422.4000000000074,target
2022-06-09,2022-06-09 10:40:00-04:00,2022-06-09 13:40:00-04:00,12659.75,12505.75,12506.0,12721.25,1,-3084.6,stop
2022-06-15,2022-06-15 10:10:00-04:00,2022-06-15 14:00:00-04:00,11524.5,11546.0,11427.75,11563.2,1,425.4,time
2022-06-20,2022-06-20 10:20:00-04:00,2022-06-20 11:25:00-04:00,11378.0,11395.75,11333.0,11396.0,1,350.4,target
2022-06-21,2022-06-21 10:05:00-04:00,2022-06-21 14:00:00-04:00,11646.75,11603.0,11475.75,11715.15,1,-879.6,time
2022-06-22,2022-06-22 10:15:00-04:00,2022-06-22 10:20:00-04:00,11629.75,11702.7,11446.75,11702.95,1,1454.4000000000146,target
2022-06-23,2022-06-23 10:45:00-04:00,2022-06-23 14:00:00-04:00,11702.25,11618.5,11543.0,11765.95,1,-1679.6,time
2022-06-24,2022-06-24 10:05:00-04:00,2022-06-24 14:00:00-04:00,12036.25,12007.25,11838.75,12115.25,1,-584.6,time
2022-06-29,2022-06-29 10:05:00-04:00,2022-06-29 14:00:00-04:00,11731.75,11690.5,11564.5,11798.65,1,-829.6,time
2022-06-30,2022-06-30 11:55:00-04:00,2022-06-30 12:30:00-04:00,11592.0,11671.45,11392.75,11671.7,1,1584.4000000000146,target
2022-07-05,2022-07-05 10:15:00-04:00,2022-07-05 10:35:00-04:00,11507.5,11554.55,11389.25,11554.8,1,936.3999999999854,target
2022-07-07,2022-07-07 10:55:00-04:00,2022-07-07 13:55:00-04:00,12064.5,12122.75,11918.25,12123.0,1,1160.4,target
2022-07-08,2022-07-08 10:30:00-04:00,2022-07-08 11:05:00-04:00,12117.75,12173.3,11978.25,12173.55,1,1106.3999999999855,target
2022-07-13,2022-07-13 10:35:00-04:00,2022-07-13 10:40:00-04:00,11710.0,11784.75,11522.5,11785.0,1,1490.4,target
2022-07-14,2022-07-14 11:45:00-04:00,2022-07-14 14:00:00-04:00,11696.5,11726.75,11547.5,11756.1,1,600.4,time
2022-07-15,2022-07-15 11:15:00-04:00,2022-07-15 14:00:00-04:00,11986.75,11980.5,11853.5,12040.05,1,-129.6,time
2022-07-19,2022-07-19 10:30:00-04:00,2022-07-19 10:45:00-04:00,12085.75,12122.6,11993.0,12122.85,1,732.4000000000073,target
2022-07-20,2022-07-20 10:25:00-04:00,2022-07-20 10:30:00-04:00,12358.5,12398.65,12257.5,12398.9,1,798.3999999999927,target
2022-07-21,2022-07-21 11:35:00-04:00,2022-07-21 12:05:00-04:00,12537.0,12587.85,12409.25,12588.1,1,1012.4000000000073,target
2022-07-27,2022-07-27 10:15:00-04:00,2022-07-27 12:25:00-04:00,12416.25,12471.9,12276.5,12472.15,1,1108.3999999999928,target
2022-07-28,2022-07-28 11:30:00-04:00,2022-07-28 14:00:00-04:00,12665.75,12729.0,12453.75,12750.55,1,1260.4,time
2022-07-29,2022-07-29 10:05:00-04:00,2022-07-29 14:00:00-04:00,12895.75,12925.25,12744.25,12956.35,1,585.4,time
2022-08-01,2022-08-01 10:10:00-04:00,2022-08-01 14:00:00-04:00,13043.25,12933.0,12851.75,13119.85,1,-2209.6,time
2022-08-02,2022-08-02 10:55:00-04:00,2022-08-02 12:15:00-04:00,12997.5,13055.05,12853.0,13055.3,1,1146.3999999999855,target
2022-08-03,2022-08-03 10:05:00-04:00,2022-08-03 11:35:00-04:00,13146.25,13208.7,12989.5,13208.95,1,1244.4000000000146,target
2022-08-05,2022-08-05 10:05:00-04:00,2022-08-05 10:10:00-04:00,13228.5,13273.85,13114.5,13274.1,1,902.4000000000073,target
2022-08-10,2022-08-10 11:05:00-04:00,2022-08-10 14:00:00-04:00,13368.5,13371.0,13268.5,13408.5,1,45.4,time
2022-08-11,2022-08-11 10:05:00-04:00,2022-08-11 10:10:00-04:00,13527.25,13555.7,13455.5,13555.95,1,564.4000000000145,target
2022-08-12,2022-08-12 10:20:00-04:00,2022-08-12 12:35:00-04:00,13458.75,13498.3,13359.25,13498.55,1,786.3999999999854,target
2022-08-15,2022-08-15 11:45:00-04:00,2022-08-15 13:05:00-04:00,13636.75,13677.5,13534.25,13677.75,1,810.4,target
2022-08-16,2022-08-16 11:55:00-04:00,2022-08-16 14:00:00-04:00,13672.0,13698.25,13583.0,13707.6,1,520.4,time
2022-08-18,2022-08-18 10:45:00-04:00,2022-08-18 11:15:00-04:00,13507.25,13535.9,13435.0,13536.15,1,568.3999999999927,target
2022-08-23,2022-08-23 10:10:00-04:00,2022-08-23 14:00:00-04:00,12994.5,12919.75,12866.0,13045.9,1,-1499.6,time
2022-08-24,2022-08-24 10:20:00-04:00,2022-08-24 11:15:00-04:00,12941.25,12976.9,12851.5,12977.15,1,708.3999999999927,target
2022-08-25,2022-08-25 10:05:00-04:00,2022-08-25 10:20:00-04:00,13055.25,13092.3,12962.0,13092.55,1,736.3999999999854,target
2022-08-26,2022-08-26 10:10:00-04:00,2022-08-26 10:20:00-04:00,13177.75,13084.5,13084.75,13214.95,1,-1869.6,stop
2022-09-02,2022-09-02 10:35:00-04:00,2022-09-02 12:30:00-04:00,12432.0,12291.5,12291.75,12488.1,1,-2814.6,stop
2022-09-05,2022-09-05 10:35:00-04:00,2022-09-05 18:00:00-04:00,12154.75,12135.75,12104.25,12174.95,1,-384.6,time
2022-09-07,2022-09-07 11:15:00-04:00,2022-09-07 13:05:00-04:00,12140.75,12182.4,12036.0,12182.65,1,828.3999999999927,target
2022-09-08,2022-09-08 10:35:00-04:00,2022-09-08 10:55:00-04:00,12275.0,12338.45,12115.75,12338.7,1,1264.4000000000146,target
2022-09-09,2022-09-09 10:05:00-04:00,2022-09-09 10:40:00-04:00,12524.5,12567.85,12415.5,12568.1,1,862.4000000000073,target
2022-09-12,2022-09-12 10:10:00-04:00,2022-09-12 12:10:00-04:00,12743.25,12641.25,12641.5,12783.95,1,-2044.6,stop
2022-09-14,2022-09-14 10:55:00-04:00,2022-09-14 14:00:00-04:00,12145.25,12068.25,12019.0,12195.75,1,-1544.6,time
2022-09-19,2022-09-19 10:40:00-04:00,2022-09-19 14:00:00-04:00,11946.25,11918.0,11815.75,11998.45,1,-569.6,time
2022-09-20,2022-09-20 10:55:00-04:00,2022-09-20 11:05:00-04:00,11953.5,11979.85,11887.0,11980.1,1,522.4000000000073,target
2022-09-21,2022-09-21 12:35:00-04:00,2022-09-21 13:55:00-04:00,12004.75,12031.2,11938.0,12031.45,1,524.4000000000145,target
2022-09-26,2022-09-26 10:20:00-04:00,2022-09-26 12:25:00-04:00,11527.0,11342.25,11342.5,11600.8,1,-3699.6,stop
2022-09-28,2022-09-28 10:25:00-04:00,2022-09-28 10:35:00-04:00,11371.75,11413.8,11266.0,11414.05,1,836.3999999999854,target
2022-09-30,2022-09-30 10:35:00-04:00,2022-09-30 14:00:00-04:00,11299.25,11160.5,11143.0,11361.75,1,-2779.6,time
2022-10-03,2022-10-03 10:05:00-04:00,2022-10-03 10:25:00-04:00,11157.75,11204.7,11039.75,11204.95,1,934.4000000000145,target
2022-10-04,2022-10-04 10:05:00-04:00,2022-10-04 14:00:00-04:00,11649.75,11607.75,11514.25,11703.95,1,-844.6,time
2022-10-05,2022-10-05 12:50:00-04:00,2022-10-05 13:15:00-04:00,11560.5,11598.35,11465.25,11598.6,1,752.4000000000073,target
2022-10-11,2022-10-11 11:45:00-04:00,2022-10-11 12:45:00-04:00,10972.25,11032.5,10821.0,11032.75,1,1200.4,target
2022-10-13,2022-10-13 10:05:00-04:00,2022-10-13 10:55:00-04:00,10638.5,10699.75,10484.75,10700.0,1,1220.4,target
2022-10-17,2022-10-17 10:15:00-04:00,2022-10-17 14:00:00-04:00,11127.5,11128.25,10999.0,11178.9,1,10.4,time
2022-10-19,2022-10-19 10:20:00-04:00,2022-10-19 10:20:00-04:00,11224.0,11269.35,11110.0,11269.6,1,902.4000000000073,target
2022-10-20,2022-10-20 10:05:00-04:00,2022-10-20 10:15:00-04:00,11245.75,11307.4,11091.0,11307.65,1,1228.3999999999928,target
2022-10-21,2022-10-21 10:05:00-04:00,2022-10-21 12:00:00-04:00,11165.0,11232.65,10995.25,11232.9,1,1348.3999999999928,target
2022-10-24,2022-10-24 12:20:00-04:00,2022-10-24 14:00:00-04:00,11442.5,11395.25,11300.5,11499.3,1,-949.6,time
2022-10-25,2022-10-25 11:10:00-04:00,2022-10-25 14:00:00-04:00,11671.0,11647.5,11515.0,11733.4,1,-474.6,time
2022-10-26,2022-10-26 10:10:00-04:00,2022-10-26 10:15:00-04:00,11531.0,11569.95,11433.0,11570.2,1,774.4000000000145,target
2022-10-28,2022-10-28 10:30:00-04:00,2022-10-28 10:45:00-04:00,11381.0,11450.65,11206.25,11450.9,1,1388.3999999999928,target
2022-11-03,2022-11-03 10:50:00-04:00,2022-11-03 14:00:00-04:00,10873.5,10778.25,10723.0,10933.7,1,-1909.6,time
2022-11-08,2022-11-08 10:20:00-05:00,2022-11-08 10:35:00-05:00,11088.0,11120.25,11006.75,11120.5,1,640.4,target
2022-11-10,2022-11-10 11:15:00-05:00,2022-11-10 14:00:00-05:00,11455.25,11500.5,11269.25,11529.65,1,900.4,time
2022-11-11,2022-11-11 10:15:00-05:00,2022-11-11 10:45:00-05:00,11712.0,11768.85,11569.25,11769.1,1,1132.4000000000074,target
2022-11-14,2022-11-14 10:10:00-05:00,2022-11-14 11:45:00-05:00,11789.5,11824.25,11702.0,11824.5,1,690.4,target
2022-11-17,2022-11-17 10:20:00-05:00,2022-11-17 11:55:00-05:00,11659.75,11705.9,11543.75,11706.15,1,918.3999999999927,target
2022-11-22,2022-11-22 10:50:00-05:00,2022-11-22 13:10:00-05:00,11642.25,11688.0,11527.25,11688.25,1,910.4,target
2022-11-23,2022-11-23 10:15:00-05:00,2022-11-23 12:55:00-05:00,11855.0,11745.0,11745.25,11898.9,1,-2204.6,stop
2022-11-24,2022-11-24 11:00:00-05:00,2022-11-24 18:00:00-05:00,11920.0,11914.0,11898.75,11928.5,1,-124.6,time
2022-11-30,2022-11-30 13:35:00-05:00,2022-11-30 13:35:00-05:00,11609.0,11644.85,11518.75,11645.1,1,712.4000000000073,target
2022-12-02,2022-12-02 10:15:00-05:00,2022-12-02 14:00:00-05:00,11943.0,11936.25,11837.25,11985.3,1,-139.6,time
2022-12-08,2022-12-08 10:05:00-05:00,2022-12-08 10:30:00-05:00,11611.0,11664.25,11477.25,11664.5,1,1060.4,target
2022-12-09,2022-12-09 10:40:00-05:00,2022-12-09 11:50:00-05:00,11669.25,11716.7,11550.0,11716.95,1,944.4000000000145,target
2022-12-14,2022-12-14 10:05:00-05:00,2022-12-14 11:00:00-05:00,11897.25,11931.4,11811.25,11931.65,1,678.3999999999927,target
2022-12-20,2022-12-20 10:05:00-05:00,2022-12-20 10:30:00-05:00,11178.75,11223.3,11066.75,11223.55,1,886.3999999999854,target
2022-12-21,2022-12-21 10:10:00-05:00,2022-12-21 10:35:00-05:00,11289.5,11332.65,11181.0,11332.9,1,858.3999999999927,target
2022-12-23,2022-12-23 10:35:00-05:00,2022-12-23 14:00:00-05:00,11071.0,11038.0,10922.25,11130.5,1,-664.6,time
2022-12-29,2022-12-29 10:15:00-05:00,2022-12-29 11:30:00-05:00,10988.0,11040.35,10856.5,11040.6,1,1042.4000000000074,target
2022-12-30,2022-12-30 10:50:00-05:00,2022-12-30 14:00:00-05:00,10965.75,10906.75,10855.5,11009.85,1,-1184.6,time
2023-01-04,2023-01-04 11:40:00-05:00,2023-01-04 14:00:00-05:00,11057.75,11016.0,10954.5,11099.05,1,-839.6,time
2023-01-06,2023-01-06 10:40:00-05:00,2023-01-06 11:50:00-05:00,10955.0,11030.25,10766.25,11030.5,1,1500.4,target
2023-01-09,2023-01-09 10:05:00-05:00,2023-01-09 11:10:00-05:00,11323.5,11374.75,11194.75,11375.0,1,1020.4,target
2023-01-10,2023-01-10 10:15:00-05:00,2023-01-10 10:40:00-05:00,11256.5,11137.75,11138.0,11303.9,1,-2379.6,stop
2023-01-11,2023-01-11 10:25:00-05:00,2023-01-11 12:15:00-05:00,11372.0,11404.15,11291.0,11404.4,1,638.3999999999927,target
2023-01-12,2023-01-12 12:20:00-05:00,2023-01-12 14:00:00-05:00,11522.5,11565.25,11311.25,11607.0,1,850.4,time
2023-01-13,2023-01-13 10:10:00-05:00,2023-01-13 10:10:00-05:00,11483.25,11512.8,11408.75,11513.05,1,586.3999999999854,target
2023-01-17,2023-01-17 10:05:00-05:00,2023-01-17 14:00:00-05:00,11663.5,11645.0,11549.5,11709.1,1,-374.6,time
2023-01-18,2023-01-18 10:05:00-05:00,2023-01-18 10:35:00-05:00,11739.25,11672.0,11672.25,11766.05,1,-1349.6,stop
2023-01-20,2023-01-20 10:10:00-05:00,2023-01-20 11:10:00-05:00,11475.0,11511.35,11383.5,11511.6,1,722.4000000000073,target
2023-01-23,2023-01-23 10:20:00-05:00,2023-01-23 11:00:00-05:00,11827.25,11889.2,11671.75,11889.45,1,1234.4000000000146,target
2023-01-25,2023-01-25 11:20:00-05:00,2023-01-25 11:50:00-05:00,11729.75,11772.6,11622.0,11772.85,1,852.4000000000073,target
2023-01-27,2023-01-27 10:05:00-05:00,2023-01-27 11:50:00-05:00,12156.25,12201.8,12041.75,12202.05,1,906.3999999999854,target
2023-01-30,2023-01-30 10:05:00-05:00,2023-01-30 10:20:00-05:00,12135.75,12059.25,12059.5,12166.25,1,-1534.6,stop
2023-01-31,2023-01-31 10:30:00-05:00,2023-01-31 11:35:00-05:00,12059.25,12095.1,11969.0,12095.35,1,712.4000000000073,target
2023-02-02,2023-02-02 10:35:00-05:00,2023-02-02 12:35:00-05:00,12790.75,12839.3,12668.75,12839.55,1,966.3999999999854,target
2023-02-03,2023-02-03 10:15:00-05:00,2023-02-03 10:35:00-05:00,12756.0,12834.75,12558.5,12835.0,1,1570.4,target
2023-02-06,2023-02-06 10:05:00-05:00,2023-02-06 10:20:00-05:00,12571.75,12502.25,12502.5,12599.45,1,-1394.6,stop
2023-02-07,2023-02-07 11:15:00-05:00,2023-02-07 11:30:00-05:00,12556.5,12583.35,12488.75,12583.6,1,532.4000000000073,target
2023-02-10,2023-02-10 10:20:00-05:00,2023-02-10 10:50:00-05:00,12397.5,12311.25,12311.5,12431.9,1,-1729.6,stop
2023-02-13,2023-02-13 10:50:00-05:00,2023-02-13 11:40:00-05:00,12486.0,12539.35,12352.0,12539.6,1,1062.4000000000074,target
2023-02-14,2023-02-14 10:05:00-05:00,2023-02-14 14:00:00-05:00,12631.25,12583.5,12390.5,12727.55,1,-959.6,time
2023-02-15,2023-02-15 11:30:00-05:00,2023-02-15 11:45:00-05:00,12632.75,12668.2,12543.5,12668.45,1,704.4000000000145,target
2023-02-16,2023-02-16 10:25:00-05:00,2023-02-16 10:35:00-05:00,12605.0,12648.15,12496.5,12648.4,1,858.3999999999927,target
2023-02-27,2023-02-27 10:05:00-05:00,2023-02-27 10:05:00-05:00,12156.0,12175.65,12106.25,12175.9,1,388.3999999999927,target
2023-02-28,2023-02-28 10:05:00-05:00,2023-02-28 12:50:00-05:00,12113.75,12142.4,12041.5,12142.65,1,568.3999999999927,target
2023-03-02,2023-03-02 10:05:00-05:00,2023-03-02 13:35:00-05:00,11923.25,11953.8,11846.25,11954.05,1,606.3999999999854,target
2023-03-03,2023-03-03 10:25:00-05:00,2023-03-03 12:50:00-05:00,12207.5,12245.65,12111.5,12245.9,1,758.3999999999927,target
2023-03-06,2023-03-06 10:15:00-05:00,2023-03-06 10:15:00-05:00,12408.75,12433.1,12347.25,12433.35,1,482.40000000000725,target
2023-03-08,2023-03-08 10:35:00-05:00,2023-03-08 11:45:00-05:00,12217.75,12242.6,12155.0,12242.85,1,492.40000000000725,target
2023-03-09,2023-03-09 10:05:00-05:00,2023-03-09 12:45:00-05:00,12342.25,12229.75,12230.0,12387.15,1,-2254.6,stop
2023-03-10,2023-03-10 11:30:00-05:00,2023-03-10 13:25:00-05:00,12045.0,11864.75,11865.0,12117.0,1,-3609.6,stop
2023-03-13,2023-03-13 10:35:00-04:00,2023-03-13 11:10:00-04:00,11930.5,12020.45,11705.0,12020.7,1,1794.4000000000146,target
2023-03-14,2023-03-14 10:25:00-04:00,2023-03-14 11:15:00-04:00,12163.0,12199.75,12070.5,12200.0,1,730.4,target
2023-03-15,2023-03-15 11:50:00-04:00,2023-03-15 12:55:00-04:00,12174.0,12069.75,12070.0,12215.6,1,-2089.6,stop
2023-03-16,2023-03-16 10:45:00-04:00,2023-03-16 10:45:00-04:00,12317.25,12368.2,12189.25,12368.45,1,1014.4000000000145,target
2023-03-20,2023-03-20 10:50:00-04:00,2023-03-20 11:25:00-04:00,12635.0,12676.95,12529.5,12677.2,1,834.4000000000145,target
2023-03-22,2023-03-22 10:25:00-04:00,2023-03-22 10:25:00-04:00,12901.5,12921.35,12851.25,12921.6,1,392.40000000000725,target
2023-03-23,2023-03-23 10:10:00-04:00,2023-03-23 10:15:00-04:00,12912.25,12938.0,12847.25,12938.25,1,510.4,target
2023-03-29,2023-03-29 10:05:00-04:00,2023-03-29 10:30:00-04:00,12928.5,12880.75,12881.0,12947.5,1,-959.6,stop
2023-03-30,2023-03-30 10:30:00-04:00,2023-03-30 13:30:00-04:00,13093.75,13036.75,13037.0,13116.45,1,-1144.6,stop
2023-03-31,2023-03-31 10:35:00-04:00,2023-03-31 11:45:00-04:00,13168.25,13203.2,13080.25,13203.45,1,694.4000000000145,target
2023-04-03,2023-04-03 10:25:00-04:00,2023-04-03 10:50:00-04:00,13264.0,13198.0,13198.25,13290.3,1,-1324.6,stop
2023-04-04,2023-04-04 10:05:00-04:00,2023-04-04 11:05:00-04:00,13303.0,13229.75,13230.0,13332.2,1,-1469.6,stop
2023-04-06,2023-04-06 10:10:00-04:00,2023-04-06 11:05:00-04:00,13026.5,13055.55,12953.25,13055.8,1,576.3999999999854,target
2023-04-10,2023-04-10 11:10:00-04:00,2023-04-10 11:40:00-04:00,13052.5,13086.25,12967.5,13086.5,1,670.4,target
2023-04-13,2023-04-13 10:10:00-04:00,2023-04-13 10:15:00-04:00,13096.25,13126.6,13019.75,13126.85,1,602.4000000000073,target
2023-04-19,2023-04-19 10:40:00-04:00,2023-04-19 11:00:00-04:00,13136.0,13157.95,13080.5,13158.2,1,434.40000000001453,target
2023-04-20,2023-04-20 10:10:00-04:00,2023-04-20 12:55:00-04:00,13137.5,13173.75,13046.25,13174.0,1,720.4,target
2023-04-21,2023-04-21 11:35:00-04:00,2023-04-21 14:00:00-04:00,13078.75,13100.5,12994.5,13112.45,1,430.4,time
2023-04-26,2023-04-26 11:10:00-04:00,2023-04-26 12:00:00-04:00,12970.0,12998.05,12899.25,12998.3,1,556.3999999999854,target
2023-04-27,2023-04-27 10:15:00-04:00,2023-04-27 10:35:00-04:00,13077.5,13102.85,13013.5,13103.1,1,502.40000000000725,target
2023-04-28,2023-04-28 10:15:00-04:00,2023-04-28 14:00:00-04:00,13265.75,13277.0,13172.25,13303.15,1,220.4,time
2023-05-01,2023-05-01 12:35:00-04:00,2023-05-01 13:10:00-04:00,13334.75,13354.1,13285.75,13354.35,1,382.40000000000725,target
2023-05-04,2023-05-04 11:10:00-04:00,2023-05-04 13:15:00-04:00,13089.75,13114.6,13027.0,13114.85,1,492.40000000000725,target
2023-05-05,2023-05-05 10:05:00-04:00,2023-05-05 10:10:00-04:00,13200.0,13230.05,13124.25,13230.3,1,596.3999999999854,target
2023-05-08,2023-05-08 11:55:00-04:00,2023-05-08 13:30:00-04:00,13321.25,13345.0,13261.25,13345.25,1,470.4,target
2023-05-10,2023-05-10 10:10:00-04:00,2023-05-10 10:45:00-04:00,13424.0,13321.0,13321.25,13465.1,1,-2064.6,stop
2023-05-11,2023-05-11 11:30:00-04:00,2023-05-11 12:45:00-04:00,13434.75,13459.5,13372.25,13459.75,1,490.4,target
2023-05-15,2023-05-15 11:25:00-04:00,2023-05-15 13:00:00-04:00,13432.0,13454.85,13374.25,13455.1,1,452.40000000000725,target
2023-05-16,2023-05-16 11:00:00-04:00,2023-05-16 12:40:00-04:00,13519.25,13552.9,13434.5,13553.15,1,668.3999999999927,target
2023-05-17,2023-05-17 11:40:00-04:00,2023-05-17 12:30:00-04:00,13541.0,13566.95,13475.5,13567.2,1,514.4000000000145,target
2023-05-18,2023-05-18 10:10:00-04:00,2023-05-18 10:20:00-04:00,13731.5,13762.75,13652.75,13763.0,1,620.4,target
2023-05-25,2023-05-25 11:15:00-04:00,2023-05-25 14:00:00-04:00,13976.75,13991.0,13851.25,14026.95,1,280.4,time
2023-05-26,2023-05-26 10:05:00-04:00,2023-05-26 10:20:00-04:00,14133.5,14180.75,14014.75,14181.0,1,940.4,target
2023-05-29,2023-05-29 10:25:00-04:00,2023-05-29 10:25:00-04:00,14379.75,14384.2,14368.0,14384.45,1,84.40000000001456,target
2023-06-01,2023-06-01 10:15:00-04:00,2023-06-01 10:40:00-04:00,14327.0,14356.75,14252.0,14357.0,1,590.4,target
2023-06-05,2023-06-05 10:55:00-04:00,2023-06-05 13:00:00-04:00,14657.25,14692.8,14567.75,14693.05,1,706.3999999999854,target
2023-06-06,2023-06-06 10:25:00-04:00,2023-06-06 11:55:00-04:00,14578.5,14607.85,14504.5,14608.1,1,582.4000000000073,target
2023-06-08,2023-06-08 10:15:00-04:00,2023-06-08 10:40:00-04:00,14406.75,14438.0,14328.0,14438.25,1,620.4,target
2023-06-09,2023-06-09 10:15:00-04:00,2023-06-09 11:25:00-04:00,14670.25,14556.75,14557.0,14715.55,1,-2274.6,stop
2023-06-12,2023-06-12 10:50:00-04:00,2023-06-12 11:35:00-04:00,14641.5,14657.65,14600.5,14657.9,1,318.3999999999927,target
2023-06-14,2023-06-14 10:05:00-04:00,2023-06-14 10:15:00-04:00,14941.25,14970.0,14868.75,14970.25,1,570.4,target
2023-06-15,2023-06-15 10:10:00-04:00,2023-06-15 11:35:00-04:00,15066.5,15120.55,14930.75,15120.8,1,1076.3999999999855,target
2023-06-22,2023-06-22 10:15:00-04:00,2023-06-22 14:00:00-04:00,15132.75,15153.25,14964.0,15200.25,1,405.4,time
2023-06-23,2023-06-23 12:20:00-04:00,2023-06-23 13:15:00-04:00,15103.25,15150.2,14985.25,15150.45,1,934.4000000000145,target
2023-06-26,2023-06-26 10:15:00-04:00,2023-06-26 11:05:00-04:00,15140.75,15024.25,15024.5,15187.25,1,-2334.6,stop
2023-06-27,2023-06-27 11:30:00-04:00,2023-06-27 12:00:00-04:00,14982.75,15016.4,14898.0,15016.65,1,668.3999999999927,target
2023-06-28,2023-06-28 10:20:00-04:00,2023-06-28 10:30:00-04:00,15114.5,15149.85,15025.5,15150.1,1,702.4000000000073,target
2023-06-30,2023-06-30 10:15:00-04:00,2023-06-30 10:20:00-04:00,15336.5,15375.45,15238.5,15375.7,1,774.4000000000145,target
2023-07-05,2023-07-05 10:20:00-04:00,2023-07-05 14:00:00-04:00,15406.75,15371.0,15292.5,15452.45,1,-719.6,time
2023-07-06,2023-07-06 13:00:00-04:00,2023-07-06 14:00:00-04:00,15215.75,15237.75,15129.25,15250.35,1,435.4,time
2023-07-07,2023-07-07 12:00:00-04:00,2023-07-07 12:30:00-04:00,15280.75,15317.3,15188.75,15317.55,1,726.3999999999854,target
2023-07-11,2023-07-11 12:00:00-04:00,2023-07-11 14:00:00-04:00,15236.0,15203.25,15141.5,15273.8,1,-659.6,time
2023-07-12,2023-07-12 10:10:00-04:00,2023-07-12 11:35:00-04:00,15487.5,15408.25,15408.5,15519.1,1,-1589.6,stop
2023-07-13,2023-07-13 12:00:00-04:00,2023-07-13 12:30:00-04:00,15631.25,15662.6,15552.25,15662.85,1,622.4000000000073,target
2023-07-14,2023-07-14 10:10:00-04:00,2023-07-14 10:15:00-04:00,15812.25,15848.3,15721.5,15848.55,1,716.3999999999854,target
2023-07-17,2023-07-17 11:35:00-04:00,2023-07-17 13:45:00-04:00,15784.75,15814.9,15708.75,15815.15,1,598.3999999999927,target
2023-07-18,2023-07-18 11:45:00-04:00,2023-07-18 11:45:00-04:00,15831.75,15871.0,15733.0,15871.25,1,780.4,target
2023-07-19,2023-07-19 11:15:00-04:00,2023-07-19 12:20:00-04:00,16041.75,15977.25,15977.5,16067.45,1,-1294.6,stop
2023-07-25,2023-07-25 11:40:00-04:00,2023-07-25 13:20:00-04:00,15672.75,15706.5,15587.75,15706.75,1,670.4,target
2023-07-28,2023-07-28 10:05:00-04:00,2023-07-28 11:20:00-04:00,15825.0,15868.45,15715.75,15868.7,1,864.4000000000145,target
2023-08-01,2023-08-01 10:40:00-04:00,2023-08-01 10:50:00-04:00,15811.25,15829.8,15764.25,15830.05,1,366.3999999999854,target
2023-08-03,2023-08-03 11:20:00-04:00,2023-08-03 12:50:00-04:00,15473.25,15521.8,15351.25,15522.05,1,966.3999999999854,target
2023-08-04,2023-08-04 12:30:00-04:00,2023-08-04 14:00:00-04:00,15591.5,15524.75,15440.0,15652.1,1,-1339.6,time
2023-08-10,2023-08-10 10:05:00-04:00,2023-08-10 11:20:00-04:00,15430.25,15273.0,15273.25,15493.05,1,-3149.6,stop
2023-08-11,2023-08-11 10:15:00-04:00,2023-08-11 10:20:00-04:00,15131.5,15163.05,15052.0,15163.3,1,626.3999999999854,target
2023-08-14,2023-08-14 10:05:00-04:00,2023-08-14 10:25:00-04:00,15130.5,15168.45,15035.0,15168.7,1,754.4000000000145,target
2023-08-16,2023-08-16 10:20:00-04:00,2023-08-16 11:50:00-04:00,15136.25,15050.75,15051.0,15170.35,1,-1714.6,stop
2023-08-18,2023-08-18 11:05:00-04:00,2023-08-18 11:55:00-04:00,14705.75,14738.4,14623.5,14738.65,1,648.3999999999927,target
2023-08-21,2023-08-21 10:05:00-04:00,2023-08-21 11:10:00-04:00,14916.0,14805.25,14805.5,14960.2,1,-2219.6,stop
2023-08-23,2023-08-23 10:10:00-04:00,2023-08-23 10:40:00-04:00,15106.0,15148.35,14999.5,15148.6,1,842.4000000000073,target
2023-08-25,2023-08-25 10:15:00-04:00,2023-08-25 10:15:00-04:00,14999.25,15041.8,14892.25,15042.05,1,846.3999999999854,target
2023-08-29,2023-08-29 10:05:00-04:00,2023-08-29 10:25:00-04:00,15229.75,15296.3,15062.75,15296.55,1,1326.3999999999855,target
2023-08-30,2023-08-30 10:10:00-04:00,2023-08-30 10:25:00-04:00,15478.5,15386.25,15386.5,15515.3,1,-1849.6,stop
2023-08-31,2023-08-31 10:15:00-04:00,2023-08-31 14:00:00-04:00,15581.75,15557.0,15488.75,15618.95,1,-499.6,time
2023-09-05,2023-09-05 10:25:00-04:00,2023-09-05 10:50:00-04:00,15510.75,15536.3,15446.25,15536.55,1,506.3999999999854,target
2023-09-07,2023-09-07 10:45:00-04:00,2023-09-07 14:00:00-04:00,15270.5,15279.75,15157.5,15315.7,1,180.4,time
2023-09-08,2023-09-08 10:20:00-04:00,2023-09-08 14:00:00-04:00,15374.5,15327.0,15270.0,15416.3,1,-954.6,time
2023-09-11,2023-09-11 13:40:00-04:00,2023-09-11 14:00:00-04:00,15453.75,15468.0,15351.75,15494.55,1,280.4,time
2023-09-13,2023-09-13 11:05:00-04:00,2023-09-13 13:40:00-04:00,15386.25,15420.9,15299.0,15421.15,1,688.3999999999927,target
2023-09-14,2023-09-14 10:45:00-04:00,2023-09-14 11:10:00-04:00,15450.0,15493.05,15341.75,15493.3,1,856.3999999999854,target
2023-09-18,2023-09-18 11:35:00-04:00,2023-09-18 14:00:00-04:00,15435.25,15436.0,15343.0,15472.15,1,10.4,time
2023-09-19,2023-09-19 13:55:00-04:00,2023-09-19 14:00:00-04:00,15378.0,15373.0,15303.25,15407.9,1,-104.6,time
2023-09-22,2023-09-22 10:25:00-04:00,2023-09-22 10:30:00-04:00,14955.75,14982.6,14888.0,14982.85,1,532.4000000000073,target
2023-09-25,2023-09-25 11:20:00-04:00,2023-09-25 14:00:00-04:00,14914.0,14903.25,14782.5,14966.6,1,-219.6,time
2023-09-28,2023-09-28 10:05:00-04:00,2023-09-28 11:20:00-04:00,14771.25,14816.3,14658.0,14816.55,1,896.3999999999854,target
2023-09-29,2023-09-29 10:05:00-04:00,2023-09-29 10:20:00-04:00,15051.25,14976.5,14976.75,15081.05,1,-1499.6,stop
2023-10-02,2023-10-02 10:05:00-04:00,2023-10-02 11:20:00-04:00,14982.5,15036.15,14847.75,15036.4,1,1068.3999999999928,target
2023-10-04,2023-10-04 11:20:00-04:00,2023-10-04 11:55:00-04:00,14845.5,14883.85,14749.0,14884.1,1,762.4000000000073,target
2023-10-06,2023-10-06 10:25:00-04:00,2023-10-06 10:30:00-04:00,14824.25,14872.8,14702.25,14873.05,1,966.3999999999854,target
2023-10-09,2023-10-09 12:20:00-04:00,2023-10-09 13:30:00-04:00,15074.5,15124.25,14949.5,15124.5,1,990.4,target
2023-10-10,2023-10-10 10:05:00-04:00,2023-10-10 10:30:00-04:00,15264.25,15297.7,15180.0,15297.95,1,664.4000000000145,target
2023-10-12,2023-10-12 10:10:00-04:00,2023-10-12 10:10:00-04:00,15423.0,15445.55,15366.0,15445.8,1,446.3999999999854,target
2023-10-16,2023-10-16 10:20:00-04:00,2023-10-16 10:30:00-04:00,15264.0,15301.85,15168.75,15302.1,1,752.4000000000073,target
2023-10-17,2023-10-17 10:15:00-04:00,2023-10-17 10:20:00-04:00,15158.75,15201.9,15050.25,15202.15,1,858.3999999999927,target
2023-10-18,2023-10-18 10:20:00-04:00,2023-10-18 10:35:00-04:00,15200.5,15122.25,15122.5,15231.7,1,-1569.6,stop
2023-10-19,2023-10-19 12:25:00-04:00,2023-10-19 12:30:00-04:00,15115.75,15021.0,15021.25,15153.55,1,-1899.6,stop
2023-10-23,2023-10-23 10:15:00-04:00,2023-10-23 11:05:00-04:00,14657.25,14714.2,14514.25,14714.45,1,1134.4000000000146,target
2023-10-24,2023-10-24 10:30:00-04:00,2023-10-24 12:20:00-04:00,14848.0,14758.25,14758.5,14883.8,1,-1799.6,stop
2023-10-27,2023-10-27 11:10:00-04:00,2023-10-27 11:15:00-04:00,14359.0,14385.95,14291.0,14386.2,1,534.4000000000145,target
2023-10-31,2023-10-31 12:50:00-04:00,2023-10-31 14:00:00-04:00,14435.25,14477.25,14311.25,14484.85,1,835.4,time
2023-11-01,2023-11-01 10:25:00-04:00,2023-11-01 14:00:00-04:00,14631.0,14605.5,14515.25,14677.3,1,-514.6,time
2023-11-02,2023-11-02 10:55:00-04:00,2023-11-02 13:15:00-04:00,14955.25,14976.8,14900.75,14977.05,1,426.3999999999854,target
2023-11-03,2023-11-03 11:50:00-04:00,2023-11-03 12:25:00-04:00,15144.0,15185.15,15040.5,15185.4,1,818.3999999999927,target
2023-11-07,2023-11-07 10:05:00-05:00,2023-11-07 10:25:00-05:00,15309.25,15343.1,15224.0,15343.35,1,672.4000000000073,target
2023-11-09,2023-11-09 11:50:00-05:00,2023-11-09 13:00:00-05:00,15429.75,15365.25,15365.5,15455.45,1,-1294.6,stop
2023-11-10,2023-11-10 11:05:00-05:00,2023-11-10 11:10:00-05:00,15404.0,15443.15,15305.5,15443.4,1,778.3999999999927,target
2023-11-13,2023-11-13 10:55:00-05:00,2023-11-13 11:40:00-05:00,15543.5,15574.55,15465.25,15574.8,1,616.3999999999854,target
2023-11-14,2023-11-14 10:05:00-05:00,2023-11-14 14:00:00-05:00,15884.75,15851.75,15790.25,15922.55,1,-664.6,time
2023-11-17,2023-11-17 12:05:00-05:00,2023-11-17 13:10:00-05:00,15883.75,15904.4,15831.5,15904.65,1,408.3999999999927,target
2023-11-20,2023-11-20 11:00:00-05:00,2023-11-20 13:00:00-05:00,15999.75,16041.5,15894.75,16041.75,1,830.4,target
2023-11-23,2023-11-23 11:00:00-05:00,2023-11-23 18:00:00-05:00,16073.5,16062.25,16054.75,16081.0,1,-229.6,time
2023-11-27,2023-11-27 10:10:00-05:00,2023-11-27 12:55:00-05:00,16044.25,16073.6,15970.25,16073.85,1,582.4000000000073,target
2023-11-28,2023-11-28 10:40:00-05:00,2023-11-28 10:40:00-05:00,16010.5,16031.05,15958.5,16031.3,1,406.3999999999854,target
2023-12-01,2023-12-01 11:15:00-05:00,2023-12-01 11:50:00-05:00,15976.5,16016.65,15875.5,16016.9,1,798.3999999999927,target
2023-12-05,2023-12-05 10:05:00-05:00,2023-12-05 14:00:00-05:00,15925.75,15873.0,15783.25,15982.75,1,-1059.6,time
2023-12-07,2023-12-07 10:25:00-05:00,2023-12-07 12:15:00-05:00,15993.75,16036.0,15887.5,16036.25,1,840.4,target
2023-12-08,2023-12-08 10:05:00-05:00,2023-12-08 10:05:00-05:00,16045.0,16083.85,15947.25,16084.1,1,772.4000000000073,target
2023-12-11,2023-12-11 10:10:00-05:00,2023-12-11 13:00:00-05:00,16168.75,16208.5,16068.75,16208.75,1,790.4,target
2023-12-12,2023-12-12 10:05:00-05:00,2023-12-12 10:55:00-05:00,16257.25,16285.8,16185.25,16286.05,1,566.3999999999854,target
2023-12-18,2023-12-18 10:05:00-05:00,2023-12-18 12:10:00-05:00,16896.5,16921.85,16832.5,16922.1,1,502.3999999999709,target
2023-12-19,2023-12-19 10:35:00-05:00,2023-12-19 14:00:00-05:00,16997.75,16993.5,16944.5,17019.05,1,-89.6,time
2023-12-20,2023-12-20 10:05:00-05:00,2023-12-20 10:20:00-05:00,17026.5,17048.45,16971.0,17048.7,1,434.40000000001453,target
2023-12-26,2023-12-26 10:40:00-05:00,2023-12-26 14:00:00-05:00,17057.5,17049.0,17005.5,17078.3,1,-174.6,time
2024-01-04,2024-01-04 10:10:00-05:00,2024-01-04 11:00:00-05:00,16514.0,16542.05,16443.25,16542.3,1,556.3999999999854,target
2024-01-05,2024-01-05 10:05:00-05:00,2024-01-05 13:15:00-05:00,16540.75,16437.25,16437.5,16582.05,1,-2074.6,stop
2024-01-08,2024-01-08 10:05:00-05:00,2024-01-08 12:05:00-05:00,16641.25,16695.3,16505.5,16695.55,1,1076.3999999999855,target
2024-01-09,2024-01-09 10:10:00-05:00,2024-01-09 10:15:00-05:00,16720.5,16744.25,16660.5,16744.5,1,470.4,target
2024-01-10,2024-01-10 10:45:00-05:00,2024-01-10 13:00:00-05:00,16885.5,16914.05,16813.5,16914.3,1,566.3999999999854,target
2024-01-15,2024-01-15 10:50:00-05:00,2024-01-15 18:00:00-05:00,16968.75,16960.75,16936.25,16981.75,1,-164.6,time
2024-01-16,2024-01-16 10:20:00-05:00,2024-01-16 10:40:00-05:00,16965.0,17008.75,16855.0,17009.0,1,870.4,target
2024-01-18,2024-01-18 10:40:00-05:00,2024-01-18 11:20:00-05:00,17059.5,17085.15,16994.75,17085.4,1,508.4000000000291,target
2024-01-19,2024-01-19 10:05:00-05:00,2024-01-19 10:55:00-05:00,17217.5,17237.75,17166.25,17238.0,1,400.4,target
2024-01-23,2024-01-23 13:00:00-05:00,2024-01-23 14:00:00-05:00,17490.0,17481.5,17409.5,17522.2,1,-174.6,time
2024-01-24,2024-01-24 10:20:00-05:00,2024-01-24 10:35:00-05:00,17703.25,17729.3,17637.5,17729.55,1,516.3999999999854,target
2024-01-25,2024-01-25 10:30:00-05:00,2024-01-25 12:30:00-05:00,17730.5,17660.25,17660.5,17758.5,1,-1409.6,stop
2024-01-26,2024-01-26 10:30:00-05:00,2024-01-26 10:35:00-05:00,17581.0,17606.25,17517.25,17606.5,1,500.4,target
2024-01-29,2024-01-29 12:15:00-05:00,2024-01-29 12:25:00-05:00,17584.25,17605.8,17529.75,17606.05,1,426.3999999999854,target
2024-02-01,2024-02-01 10:10:00-05:00,2024-02-01 10:55:00-05:00,17352.75,17285.0,17285.25,17379.75,1,-1359.6,stop
2024-02-02,2024-02-02 10:45:00-05:00,2024-02-02 12:25:00-05:00,17654.0,17729.15,17465.5,17729.4,1,1498.4000000000292,target
2024-02-07,2024-02-07 10:15:00-05:00,2024-02-07 10:25:00-05:00,17807.5,17842.75,17718.75,17843.0,1,700.4,target
2024-02-08,2024-02-08 10:05:00-05:00,2024-02-08 10:45:00-05:00,17853.0,17870.75,17808.0,17871.0,1,350.4,target
2024-02-09,2024-02-09 10:20:00-05:00,2024-02-09 10:35:00-05:00,17954.75,17986.4,17875.0,17986.65,1,628.4000000000291,target
2024-02-12,2024-02-12 10:45:00-05:00,2024-02-12 10:50:00-05:00,18060.0,18080.85,18007.25,18081.1,1,412.3999999999709,target
2024-02-13,2024-02-13 10:25:00-05:00,2024-02-13 10:30:00-05:00,17705.0,17752.05,17586.75,17752.3,1,936.3999999999854,target
2024-02-14,2024-02-14 10:20:00-05:00,2024-02-14 11:00:00-05:00,17825.5,17742.75,17743.0,17858.5,1,-1659.6,stop
2024-02-15,2024-02-15 13:20:00-05:00,2024-02-15 14:00:00-05:00,17916.5,17911.0,17810.5,17958.9,1,-114.6,time
2024-02-21,2024-02-21 10:05:00-05:00,2024-02-21 12:10:00-05:00,17522.75,17448.0,17448.25,17552.55,1,-1499.6,stop
2024-02-22,2024-02-22 11:20:00-05:00,2024-02-22 12:55:00-05:00,17971.5,18014.25,17864.0,18014.5,1,850.4,target
2024-02-26,2024-02-26 11:55:00-05:00,2024-02-26 14:00:00-05:00,18056.0,18014.25,17966.0,18092.0,1,-839.6,time
2024-02-27,2024-02-27 10:20:00-05:00,2024-02-27 12:50:00-05:00,18028.25,17940.75,17941.0,18063.15,1,-1754.6,stop
2024-02-28,2024-02-28 11:05:00-05:00,2024-02-28 14:00:00-05:00,17951.25,17949.0,17876.0,17981.35,1,-49.6,time
2024-03-01,2024-03-01 10:10:00-05:00,2024-03-01 11:00:00-05:00,18173.0,18204.45,18093.75,18204.7,1,624.4000000000145,target
2024-03-06,2024-03-06 12:05:00-05:00,2024-03-06 12:30:00-05:00,18132.0,18169.95,18036.5,18170.2,1,754.4000000000145,target
2024-03-07,2024-03-07 10:25:00-05:00,2024-03-07 10:45:00-05:00,18227.0,18270.05,18118.75,18270.3,1,856.3999999999854,target
2024-03-08,2024-03-08 10:05:00-05:00,2024-03-08 11:05:00-05:00,18396.5,18287.75,18288.0,18439.9,1,-2179.6,stop
2024-03-11,2024-03-11 10:55:00-04:00,2024-03-11 14:00:00-04:00,18009.0,17975.25,17898.25,18053.3,1,-679.6,time
2024-03-12,2024-03-12 10:25:00-04:00,2024-03-12 10:45:00-04:00,18110.25,18182.1,17930.0,18182.35,1,1432.399999999971,target
2024-03-18,2024-03-18 10:30:00-04:00,2024-03-18 11:50:00-04:00,18372.5,18277.25,18277.5,18410.5,1,-1909.6,stop
2024-03-19,2024-03-19 11:35:00-04:00,2024-03-19 12:20:00-04:00,18152.5,18191.95,18053.25,18192.2,1,784.4000000000145,target
2024-03-22,2024-03-22 10:05:00-04:00,2024-03-22 12:50:00-04:00,18557.75,18580.6,18500.0,18580.85,1,452.3999999999709,target
2024-03-25,2024-03-25 10:10:00-04:00,2024-03-25 10:20:00-04:00,18497.0,18529.65,18414.75,18529.9,1,648.4000000000291,target
2024-03-26,2024-03-26 10:05:00-04:00,2024-03-26 10:25:00-04:00,18606.75,18549.75,18550.0,18629.45,1,-1144.6,stop
2024-04-02,2024-04-02 13:05:00-04:00,2024-04-02 14:00:00-04:00,18294.0,18277.5,18223.25,18322.3,1,-334.6,time
2024-04-03,2024-04-03 10:05:00-04:00,2024-04-03 10:20:00-04:00,18352.5,18397.45,18239.5,18397.7,1,894.4000000000145,target
2024-04-05,2024-04-05 10:15:00-04:00,2024-04-05 10:55:00-04:00,18239.25,18293.7,18102.5,18293.95,1,1084.4000000000146,target
2024-04-08,2024-04-08 10:30:00-04:00,2024-04-08 14:00:00-04:00,18340.0,18307.25,18237.5,18381.0,1,-659.6,time
2024-04-10,2024-04-10 10:40:00-04:00,2024-04-10 14:00:00-04:00,18221.5,18164.5,18107.75,18267.0,1,-1144.6,time
2024-04-11,2024-04-11 11:55:00-04:00,2024-04-11 11:55:00-04:00,18278.75,18300.9,18222.75,18301.15,1,438.4000000000291,target
2024-04-16,2024-04-16 10:15:00-04:00,2024-04-16 13:30:00-04:00,17912.75,17821.75,17822.0,17949.05,1,-1824.6,stop
2024-04-18,2024-04-18 10:40:00-04:00,2024-04-18 11:15:00-04:00,17683.0,17735.15,17552.0,17735.4,1,1038.4000000000292,target
2024-04-22,2024-04-22 13:30:00-04:00,2024-04-22 13:45:00-04:00,17344.5,17376.45,17264.0,17376.7,1,634.4000000000145,target
2024-04-23,2024-04-23 10:25:00-04:00,2024-04-23 10:30:00-04:00,17530.0,17576.25,17413.75,17576.5,1,920.4,target
2024-04-25,2024-04-25 10:15:00-04:00,2024-04-25 12:20:00-04:00,17411.5,17452.55,17308.25,17452.8,1,816.3999999999854,target
2024-04-26,2024-04-26 10:05:00-04:00,2024-04-26 11:00:00-04:00,17808.75,17864.7,17668.25,17864.95,1,1114.4000000000146,target
2024-05-02,2024-05-02 13:30:00-04:00,2024-05-02 14:00:00-04:00,17604.75,17595.25,17483.0,17653.45,1,-194.6,time
2024-05-06,2024-05-06 11:45:00-04:00,2024-05-06 14:00:00-04:00,18111.75,18128.25,18042.75,18139.35,1,325.4,time
2024-05-07,2024-05-07 11:00:00-04:00,2024-05-07 13:55:00-04:00,18250.75,18187.75,18188.0,18275.85,1,-1264.6,stop
2024-05-08,2024-05-08 10:25:00-04:00,2024-05-08 10:45:00-04:00,18194.25,18240.3,18078.5,18240.55,1,916.3999999999854,target
2024-05-09,2024-05-09 10:40:00-04:00,2024-05-09 14:00:00-04:00,18204.25,18206.25,18108.75,18242.45,1,35.4,time
2024-05-14,2024-05-14 10:25:00-04:00,2024-05-14 14:00:00-04:00,18344.0,18331.0,18265.5,18375.4,1,-264.6,time
2024-05-15,2024-05-15 10:25:00-04:00,2024-05-15 10:45:00-04:00,18536.5,18572.15,18446.75,18572.4,1,708.4000000000291,target
2024-05-16,2024-05-16 10:25:00-04:00,2024-05-16 10:50:00-04:00,18718.5,18736.85,18672.0,18737.1,1,362.3999999999709,target
2024-05-17,2024-05-17 10:35:00-04:00,2024-05-17 12:45:00-04:00,18675.5,18620.25,18620.5,18697.5,1,-1109.6,stop
2024-05-20,2024-05-20 10:45:00-04:00,2024-05-20 14:00:00-04:00,18756.25,18745.5,18635.25,18804.65,1,-219.6,time
2024-05-21,2024-05-21 10:05:00-04:00,2024-05-21 10:30:00-04:00,18724.0,18742.15,18678.0,18742.4,1,358.4000000000291,target
2024-05-22,2024-05-22 11:15:00-04:00,2024-05-22 13:35:00-04:00,18834.5,18788.5,18788.75,18852.8,1,-924.6,stop
2024-05-24,2024-05-24 10:15:00-04:00,2024-05-24 10:15:00-04:00,18791.0,18814.15,18732.5,18814.4,1,458.4000000000291,target
2024-05-27,2024-05-27 11:05:00-04:00,2024-05-27 11:20:00-04:00,18913.75,18927.8,18878.0,18928.05,1,276.3999999999854,target
2024-05-28,2024-05-28 13:35:00-04:00,2024-05-28 14:00:00-04:00,18937.0,18902.0,18839.0,18976.2,1,-704.6,time
2024-05-29,2024-05-29 10:25:00-04:00,2024-05-29 14:00:00-04:00,18856.75,18859.0,18761.0,18895.05,1,40.4,time
2024-06-05,2024-06-05 10:25:00-04:00,2024-06-05 10:30:00-04:00,18876.25,18901.0,18813.75,18901.25,1,490.4,target
2024-06-07,2024-06-07 10:40:00-04:00,2024-06-07 10:45:00-04:00,19073.75,19106.0,18992.5,19106.25,1,640.4,target
2024-06-10,2024-06-10 10:30:00-04:00,2024-06-10 10:50:00-04:00,19035.5,19058.35,18977.75,19058.6,1,452.3999999999709,target
2024-06-11,2024-06-11 10:40:00-04:00,2024-06-11 10:50:00-04:00,19092.5,19131.45,18994.5,19131.7,1,774.4000000000145,target
2024-06-12,2024-06-12 10:15:00-04:00,2024-06-12 14:00:00-04:00,19509.5,19518.25,19374.75,19563.4,1,170.4,time
2024-06-14,2024-06-14 10:25:00-04:00,2024-06-14 14:00:00-04:00,19647.5,19657.25,19557.25,19683.6,1,190.4,time
2024-06-17,2024-06-17 11:00:00-04:00,2024-06-17 11:05:00-04:00,19714.0,19743.15,19640.5,19743.4,1,578.4000000000291,target
2024-06-18,2024-06-18 13:50:00-04:00,2024-06-18 14:00:00-04:00,19949.75,19927.5,19889.75,19973.75,1,-449.6,time
2024-06-24,2024-06-24 10:05:00-04:00,2024-06-24 10:40:00-04:00,19976.0,19866.5,19866.75,20019.7,1,-2194.6,stop
2024-06-25,2024-06-25 10:05:00-04:00,2024-06-25 11:05:00-04:00,19874.75,19907.5,19792.25,19907.75,1,650.4,target
2024-06-26,2024-06-26 10:10:00-04:00,2024-06-26 11:10:00-04:00,20002.5,19919.0,19919.25,20035.8,1,-1674.6,stop
2024-06-27,2024-06-27 10:15:00-04:00,2024-06-27 11:25:00-04:00,20110.75,19989.5,19989.75,20159.15,1,-2429.6,stop
2024-06-28,2024-06-28 10:05:00-04:00,2024-06-28 12:15:00-04:00,20220.0,20039.0,20039.25,20292.3,1,-3624.6,stop
2024-07-01,2024-07-01 12:10:00-04:00,2024-07-01 14:00:00-04:00,20004.75,19999.25,19841.25,20070.15,1,-114.6,time
2024-07-02,2024-07-02 10:55:00-04:00,2024-07-02 13:10:00-04:00,20113.75,20168.3,19976.75,20168.55,1,1086.3999999999855,target
2024-07-03,2024-07-03 10:20:00-04:00,2024-07-03 10:45:00-04:00,20284.0,20310.95,20216.0,20311.2,1,534.4000000000145,target
2024-07-05,2024-07-05 10:05:00-04:00,2024-07-05 11:30:00-04:00,20529.5,20569.75,20428.25,20570.0,1,800.4,target
2024-07-08,2024-07-08 11:25:00-04:00,2024-07-08 14:00:00-04:00,20658.75,20653.25,20600.5,20682.05,1,-114.6,time
2024-07-10,2024-07-10 10:10:00-04:00,2024-07-10 11:00:00-04:00,20785.75,20721.25,20721.5,20811.45,1,-1294.6,stop
2024-07-12,2024-07-12 10:05:00-04:00,2024-07-12 10:35:00-04:00,20557.25,20609.8,20425.25,20610.05,1,1046.3999999999855,target
2024-07-15,2024-07-15 10:10:00-04:00,2024-07-15 10:30:00-04:00,20668.25,20702.6,20581.75,20702.85,1,682.3999999999709,target
2024-07-23,2024-07-23 11:15:00-04:00,2024-07-23 12:55:00-04:00,20052.75,19933.25,19933.5,20100.45,1,-2394.6,stop
2024-07-25,2024-07-25 11:15:00-04:00,2024-07-25 12:20:00-04:00,19246.75,19338.6,19016.5,19338.85,1,1832.399999999971,target
2024-07-26,2024-07-26 11:50:00-04:00,2024-07-26 12:25:00-04:00,19190.5,19242.25,19060.5,19242.5,1,1030.4,target
2024-07-31,2024-07-31 10:10:00-04:00,2024-07-31 11:30:00-04:00,19444.5,19497.75,19310.75,19498.0,1,1060.4,target
2024-08-05,2024-08-05 10:05:00-04:00,2024-08-05 12:25:00-04:00,18043.0,18256.25,17509.25,18256.5,1,4260.4,target
2024-08-06,2024-08-06 10:05:00-04:00,2024-08-06 10:45:00-04:00,18181.0,18266.75,17966.0,18267.0,1,1710.4,target
2024-08-08,2024-08-08 10:05:00-04:00,2024-08-08 10:25:00-04:00,18275.75,18360.1,18064.25,18360.35,1,1682.399999999971,target
2024-08-09,2024-08-09 10:15:00-04:00,2024-08-09 13:15:00-04:00,18547.0,18596.25,18423.25,18596.5,1,980.4,target
2024-08-12,2024-08-12 10:20:00-04:00,2024-08-12 10:35:00-04:00,18674.0,18733.95,18523.5,18734.2,1,1194.4000000000146,target
2024-08-13,2024-08-13 10:05:00-04:00,2024-08-13 11:00:00-04:00,18913.25,18951.8,18816.25,18952.05,1,766.3999999999854,target
2024-08-14,2024-08-14 11:55:00-04:00,2024-08-14 14:00:00-04:00,19176.25,19071.5,19011.0,19242.35,1,-2099.6,time
2024-08-15,2024-08-15 10:25:00-04:00,2024-08-15 11:15:00-04:00,19464.5,19515.55,19336.25,19515.8,1,1016.3999999999854,target
2024-08-16,2024-08-16 10:10:00-04:00,2024-08-16 10:15:00-04:00,19546.5,19579.85,19462.5,19580.1,1,662.3999999999709,target
2024-08-19,2024-08-19 10:55:00-04:00,2024-08-19 12:50:00-04:00,19654.0,19697.55,19544.5,19697.8,1,866.3999999999854,target
2024-08-21,2024-08-21 10:05:00-04:00,2024-08-21 10:35:00-04:00,19900.25,19934.9,19813.0,19935.15,1,688.4000000000291,target
2024-08-23,2024-08-23 10:05:00-04:00,2024-08-23 10:25:00-04:00,19846.75,19902.6,19706.5,19902.85,1,1112.399999999971,target
2024-08-27,2024-08-27 10:15:00-04:00,2024-08-27 10:25:00-04:00,19572.0,19623.95,19441.5,19624.2,1,1034.4000000000146,target
2024-08-29,2024-08-29 10:50:00-04:00,2024-08-29 14:00:00-04:00,19681.0,19633.0,19478.25,19762.1,1,-964.6,time
2024-08-30,2024-08-30 10:05:00-04:00,2024-08-30 10:55:00-04:00,19605.75,19513.75,19514.0,19642.45,1,-1844.6,stop
2024-09-02,2024-09-02 10:40:00-04:00,2024-09-02 11:05:00-04:00,19651.75,19666.8,19613.5,19667.05,1,296.3999999999854,target
2024-09-04,2024-09-04 10:30:00-04:00,2024-09-04 10:35:00-04:00,18992.75,19045.6,18860.0,19045.85,1,1052.399999999971,target
2024-09-05,2024-09-05 10:05:00-04:00,2024-09-05 11:25:00-04:00,19084.75,18884.75,18885.0,19164.65,1,-4004.6,stop
2024-09-09,2024-09-09 10:15:00-04:00,2024-09-09 10:30:00-04:00,18698.5,18604.5,18604.75,18736.0,1,-1884.6,stop
2024-09-11,2024-09-11 12:30:00-04:00,2024-09-11 13:05:00-04:00,18914.25,18970.4,18773.25,18970.65,1,1118.4000000000292,target
2024-09-12,2024-09-12 10:15:00-04:00,2024-09-12 10:30:00-04:00,19312.0,19362.55,19185.0,19362.8,1,1006.3999999999854,target
2024-09-13,2024-09-13 10:10:00-04:00,2024-09-13 12:00:00-04:00,19507.25,19550.6,19398.25,19550.85,1,862.3999999999709,target
2024-09-17,2024-09-17 10:50:00-04:00,2024-09-17 12:15:00-04:00,19604.25,19475.0,19475.25,19655.85,1,-2589.6,stop
2024-09-19,2024-09-19 10:20:00-04:00,2024-09-19 10:25:00-04:00,19850.0,19898.85,19727.25,19899.1,1,972.3999999999709,target
2024-09-23,2024-09-23 10:45:00-04:00,2024-09-23 13:00:00-04:00,20104.75,20031.0,20031.25,20134.15,1,-1479.6,stop
2024-09-24,2024-09-24 11:50:00-04:00,2024-09-24 11:50:00-04:00,20164.0,20196.55,20082.0,20196.8,1,646.3999999999854,target
2024-09-25,2024-09-25 10:10:00-04:00,2024-09-25 13:00:00-04:00,20246.0,20137.75,20138.0,20289.2,1,-2169.6,stop
2024-10-02,2024-10-02 10:20:00-04:00,2024-10-02 11:15:00-04:00,19998.0,20063.55,19833.5,20063.8,1,1306.3999999999855,target
2024-10-03,2024-10-03 10:05:00-04:00,2024-10-03 13:00:00-04:00,20090.75,19894.5,19894.75,20169.15,1,-3929.6,stop
2024-10-07,2024-10-07 10:20:00-04:00,2024-10-07 14:00:00-04:00,20169.25,20148.25,20088.5,20201.55,1,-424.6,time
2024-10-08,2024-10-08 10:05:00-04:00,2024-10-08 10:40:00-04:00,20188.25,20235.4,20069.75,20235.65,1,938.4000000000291,target
2024-10-09,2024-10-09 10:15:00-04:00,2024-10-09 10:20:00-04:00,20301.25,20326.1,20238.5,20326.35,1,492.3999999999709,target
2024-10-10,2024-10-10 10:15:00-04:00,2024-10-10 11:35:00-04:00,20402.25,20442.3,20301.5,20442.55,1,796.3999999999854,target
2024-10-11,2024-10-11 10:10:00-04:00,2024-10-11 10:20:00-04:00,20414.5,20454.15,20314.75,20454.4,1,788.4000000000291,target
2024-10-18,2024-10-18 10:10:00-04:00,2024-10-18 14:00:00-04:00,20514.25,20485.5,20433.0,20546.75,1,-579.6,time
2024-10-21,2024-10-21 10:10:00-04:00,2024-10-21 10:40:00-04:00,20527.5,20422.5,20422.75,20569.4,1,-2104.6,stop
2024-10-22,2024-10-22 10:10:00-04:00,2024-10-22 13:35:00-04:00,20491.5,20540.05,20369.5,20540.3,1,966.3999999999854,target
2024-10-24,2024-10-24 13:05:00-04:00,2024-10-24 14:00:00-04:00,20377.0,20345.0,20296.25,20409.3,1,-644.6,time
2024-10-25,2024-10-25 10:05:00-04:00,2024-10-25 13:40:00-04:00,20679.0,20490.0,20490.25,20754.5,1,-3784.6,stop
2024-10-29,2024-10-29 10:05:00-04:00,2024-10-29 10:20:00-04:00,20531.75,20571.3,20432.25,20571.55,1,786.3999999999854,target
2024-10-30,2024-10-30 10:20:00-04:00,2024-10-30 14:00:00-04:00,20679.5,20575.75,20542.75,20734.2,1,-2079.6,time
2024-11-01,2024-11-01 10:15:00-04:00,2024-11-01 11:25:00-04:00,20215.5,20278.45,20057.5,20278.7,1,1254.4000000000146,target
2024-11-04,2024-11-04 10:20:00-05:00,2024-11-04 11:10:00-05:00,20161.5,20220.65,20013.0,20220.9,1,1178.4000000000292,target
2024-11-05,2024-11-05 10:25:00-05:00,2024-11-05 12:15:00-05:00,20305.75,20369.0,20147.0,20369.25,1,1260.4,target
2024-11-06,2024-11-06 12:15:00-05:00,2024-11-06 14:00:00-05:00,20813.0,20861.25,20644.0,20880.6,1,960.4,time
2024-11-07,2024-11-07 10:10:00-05:00,2024-11-07 10:55:00-05:00,21116.25,21160.9,21004.0,21161.15,1,888.4000000000291,target
2024-11-08,2024-11-08 13:30:00-05:00,2024-11-08 13:35:00-05:00,21232.75,21255.1,21176.25,21255.35,1,442.3999999999709,target
2024-11-13,2024-11-13 12:15:00-05:00,2024-11-13 12:55:00-05:00,21196.0,21225.55,21121.5,21225.8,1,586.3999999999854,target
2024-11-18,2024-11-18 10:05:00-05:00,2024-11-18 10:20:00-05:00,20586.75,20620.8,20501.0,20621.05,1,676.3999999999854,target
2024-11-19,2024-11-19 10:30:00-05:00,2024-11-19 10:45:00-05:00,20602.5,20640.05,20508.0,20640.3,1,746.3999999999854,target
2024-11-28,2024-11-28 10:25:00-05:00,2024-11-28 18:00:00-05:00,20899.5,20883.75,20874.0,20909.7,1,-319.6,time
2024-11-29,2024-11-29 10:10:00-05:00,2024-11-29 11:50:00-05:00,20947.75,21004.4,20805.5,21004.65,1,1128.4000000000292,target
2024-12-02,2024-12-02 10:05:00-05:00,2024-12-02 11:40:00-05:00,21174.75,21233.8,21026.5,21234.05,1,1176.3999999999855,target
2024-12-03,2024-12-03 10:05:00-05:00,2024-12-03 11:25:00-05:00,21210.5,21240.75,21134.25,21241.0,1,600.4,target
2024-12-04,2024-12-04 10:15:00-05:00,2024-12-04 10:30:00-05:00,21444.75,21467.1,21388.25,21467.35,1,442.3999999999709,target
2024-12-05,2024-12-05 12:15:00-05:00,2024-12-05 13:20:00-05:00,21560.0,21497.5,21497.75,21584.9,1,-1254.6,stop
2024-12-06,2024-12-06 10:15:00-05:00,2024-12-06 14:00:00-05:00,21624.0,21658.25,21486.0,21679.2,1,680.4,time
2024-12-10,2024-12-10 10:10:00-05:00,2024-12-10 10:55:00-05:00,21593.75,21505.25,21505.5,21629.05,1,-1774.6,stop
2024-12-11,2024-12-11 10:10:00-05:00,2024-12-11 12:05:00-05:00,21724.0,21784.15,21573.0,21784.4,1,1198.4000000000292,target
2024-12-12,2024-12-12 10:30:00-05:00,2024-12-12 10:55:00-05:00,21707.75,21728.2,21656.0,21728.45,1,404.40000000001453,target
2024-12-16,2024-12-16 10:05:00-05:00,2024-12-16 11:05:00-05:00,21989.5,22026.65,21896.0,22026.9,1,738.4000000000291,target
2024-12-17,2024-12-17 11:40:00-05:00,2024-12-17 14:00:00-05:00,22074.75,22004.0,21977.25,22113.75,1,-1419.6,time
2024-12-18,2024-12-18 10:15:00-05:00,2024-12-18 10:45:00-05:00,22013.0,22052.65,21913.25,22052.9,1,788.4000000000291,target
2024-12-23,2024-12-23 11:55:00-05:00,2024-12-23 13:10:00-05:00,21681.25,21732.3,21553.0,21732.55,1,1016.3999999999854,target
2024-12-24,2024-12-24 10:05:00-05:00,2024-12-24 11:15:00-05:00,21928.75,21980.3,21799.25,21980.55,1,1026.3999999999855,target
2024-12-26,2024-12-26 11:15:00-05:00,2024-12-26 12:15:00-05:00,22012.5,22069.15,21870.25,22069.4,1,1128.4000000000292,target
2024-12-30,2024-12-30 11:40:00-05:00,2024-12-30 12:10:00-05:00,21432.0,21491.25,21283.25,21491.5,1,1180.4,target
2025-01-02,2025-01-02 10:05:00-05:00,2025-01-02 12:25:00-05:00,21413.0,21166.25,21166.5,21511.6,1,-4939.6,stop
2025-01-03,2025-01-03 11:35:00-05:00,2025-01-03 13:35:00-05:00,21452.75,21522.5,21277.75,21522.75,1,1390.4,target
2025-01-06,2025-01-06 10:15:00-05:00,2025-01-06 13:45:00-05:00,21853.0,21723.25,21723.5,21904.8,1,-2599.6,stop
2025-01-08,2025-01-08 10:05:00-05:00,2025-01-08 10:10:00-05:00,21387.75,21285.75,21286.0,21428.45,1,-2044.6,stop
2025-01-13,2025-01-13 10:45:00-05:00,2025-01-13 14:00:00-05:00,20856.0,20891.5,20702.0,20917.6,1,705.4,time
2025-01-15,2025-01-15 10:05:00-05:00,2025-01-15 14:00:00-05:00,21364.25,21380.5,21186.75,21435.25,1,320.4,time
2025-01-17,2025-01-17 13:15:00-05:00,2025-01-17 14:00:00-05:00,21657.5,21631.75,21487.0,21725.7,1,-519.6,time
2025-01-21,2025-01-21 12:50:00-05:00,2025-01-21 14:00:00-05:00,21720.5,21752.5,21572.75,21779.6,1,635.4,time
2025-01-22,2025-01-22 10:15:00-05:00,2025-01-22 12:00:00-05:00,22028.25,22078.3,21902.5,22078.55,1,996.3999999999854,target
2025-01-23,2025-01-23 10:35:00-05:00,2025-01-23 11:00:00-05:00,21920.75,21942.4,21866.0,21942.65,1,428.4000000000291,target
2025-01-27,2025-01-27 10:30:00-05:00,2025-01-27 14:00:00-05:00,21367.75,21151.5,21109.0,21471.25,1,-4329.6,time
2025-01-28,2025-01-28 10:05:00-05:00,2025-01-28 10:20:00-05:00,21357.25,21436.1,21159.5,21436.35,1,1572.399999999971,target
2025-01-31,2025-01-31 10:05:00-05:00,2025-01-31 10:55:00-05:00,21900.5,21954.45,21765.0,21954.7,1,1074.4000000000146,target
2025-02-03,2025-02-03 10:30:00-05:00,2025-02-03 10:40:00-05:00,21352.5,21424.65,21171.5,21424.9,1,1438.4000000000292,target
2025-02-04,2025-02-04 10:05:00-05:00,2025-02-04 11:25:00-05:00,21603.25,21682.2,21405.25,21682.45,1,1574.4000000000146,target
2025-02-05,2025-02-05 10:40:00-05:00,2025-02-05 11:05:00-05:00,21592.0,21620.95,21519.0,21621.2,1,574.4000000000145,target
2025-02-06,2025-02-06 10:15:00-05:00,2025-02-06 14:00:00-05:00,21836.25,21815.0,21738.25,21875.45,1,-429.6,time
2025-02-10,2025-02-10 10:05:00-05:00,2025-02-10 10:05:00-05:00,21815.0,21843.15,21744.0,21843.4,1,558.4000000000291,target
2025-02-11,2025-02-11 10:25:00-05:00,2025-02-11 10:40:00-05:00,21808.75,21851.7,21700.75,21851.95,1,854.4000000000145,target
2025-02-12,2025-02-12 10:25:00-05:00,2025-02-12 12:00:00-05:00,21718.25,21790.8,21536.25,21791.05,1,1446.3999999999855,target
2025-02-13,2025-02-13 10:20:00-05:00,2025-02-13 10:35:00-05:00,21973.5,22028.75,21834.75,22029.0,1,1100.4,target
2025-02-14,2025-02-14 10:10:00-05:00,2025-02-14 10:55:00-05:00,22144.5,22166.05,22090.0,22166.3,1,426.3999999999854,target
2025-02-17,2025-02-17 11:05:00-05:00,2025-02-17 18:00:00-05:00,22245.75,22224.5,22192.5,22267.05,1,-429.6,time
2025-02-19,2025-02-19 11:45:00-05:00,2025-02-19 14:00:00-05:00,22238.0,22232.25,22154.75,22271.3,1,-119.6,time
2025-02-26,2025-02-26 10:15:00-05:00,2025-02-26 11:05:00-05:00,21329.25,21385.1,21189.0,21385.35,1,1112.399999999971,target
2025-02-28,2025-02-28 10:15:00-05:00,2025-02-28 14:00:00-05:00,20692.75,20541.25,20460.5,20785.65,1,-3034.6,time
2025-03-04,2025-03-04 13:15:00-05:00,2025-03-04 14:00:00-05:00,20480.75,20499.75,20227.5,20582.05,1,375.4,time
2025-03-05,2025-03-05 10:10:00-05:00,2025-03-05 11:10:00-05:00,20455.0,20270.0,20270.25,20528.9,1,-3704.6,stop
2025-03-06,2025-03-06 10:05:00-05:00,2025-03-06 10:05:00-05:00,20359.25,20411.4,20228.25,20411.65,1,1038.4000000000292,target
2025-03-14,2025-03-14 11:05:00-04:00,2025-03-14 14:00:00-04:00,19636.25,19629.75,19450.75,19710.45,1,-134.6,time
2025-03-19,2025-03-19 10:05:00-04:00,2025-03-19 11:50:00-04:00,19658.75,19720.3,19504.25,19720.55,1,1226.3999999999855,target
2025-03-20,2025-03-20 10:05:00-04:00,2025-03-20 10:45:00-04:00,19800.0,19898.05,19554.25,19898.3,1,1956.3999999999855,target
2025-03-24,2025-03-24 10:25:00-04:00,2025-03-24 14:00:00-04:00,20344.25,20342.5,20229.25,20390.25,1,-39.6,time
2025-03-25,2025-03-25 10:25:00-04:00,2025-03-25 10:35:00-04:00,20431.25,20458.8,20361.75,20459.05,1,546.3999999999854,target
2025-03-27,2025-03-27 10:30:00-04:00,2025-03-27 10:55:00-04:00,20120.75,20193.9,19937.25,20194.15,1,1458.4000000000292,target
2025-03-31,2025-03-31 11:25:00-04:00,2025-03-31 14:00:00-04:00,19216.75,19222.25,18976.75,19312.75,1,105.4,time
2025-04-01,2025-04-01 10:55:00-04:00,2025-04-01 11:10:00-04:00,19494.0,19556.05,19338.25,19556.3,1,1236.3999999999855,target
2025-04-02,2025-04-02 10:05:00-04:00,2025-04-02 12:15:00-04:00,19614.25,19733.1,19316.5,19733.35,1,2372.399999999971,target
2025-04-07,2025-04-07 10:15:00-04:00,2025-04-07 14:00:00-04:00,17955.25,17784.5,16673.5,18467.95,1,-3419.6,time
2025-04-08,2025-04-08 10:05:00-04:00,2025-04-08 11:10:00-04:00,18283.0,18059.0,18059.25,18372.5,1,-4484.6,stop
2025-04-09,2025-04-09 13:05:00-04:00,2025-04-09 13:15:00-04:00,17695.25,17892.2,17202.25,17892.45,1,3934.4000000000146,target
2025-04-11,2025-04-11 12:35:00-04:00,2025-04-11 13:40:00-04:00,18666.5,18792.35,18351.25,18792.6,1,2512.399999999971,target
2025-04-16,2025-04-16 11:25:00-04:00,2025-04-16 13:30:00-04:00,18705.25,18523.0,18523.25,18778.05,1,-3649.6,stop
2025-04-22,2025-04-22 10:05:00-04:00,2025-04-22 10:45:00-04:00,18265.5,18331.25,18100.5,18331.5,1,1310.4,target
2025-04-23,2025-04-23 10:35:00-04:00,2025-04-23 11:20:00-04:00,19135.25,18916.25,18916.5,19222.75,1,-4384.6,stop
2025-04-24,2025-04-24 10:05:00-04:00,2025-04-24 10:35:00-04:00,19072.75,19163.0,18846.5,19163.25,1,1800.4,target
2025-04-25,2025-04-25 10:10:00-04:00,2025-04-25 10:30:00-04:00,19376.25,19235.5,19235.75,19432.45,1,-2819.6,stop
2025-04-29,2025-04-29 10:10:00-04:00,2025-04-29 13:45:00-04:00,19575.75,19644.3,19403.75,19644.55,1,1366.3999999999855,target
2025-04-30,2025-04-30 10:30:00-04:00,2025-04-30 11:05:00-04:00,19309.5,19390.65,19106.0,19390.9,1,1618.4000000000292,target
2025-05-01,2025-05-01 10:30:00-04:00,2025-05-01 10:55:00-04:00,19999.25,20054.7,19860.0,20054.95,1,1104.4000000000146,target
2025-05-02,2025-05-02 10:10:00-04:00,2025-05-02 10:25:00-04:00,20131.0,20175.25,20019.75,20175.5,1,880.4,target
2025-05-05,2025-05-05 10:20:00-04:00,2025-05-05 12:05:00-04:00,20085.25,20125.0,19985.25,20125.25,1,790.4,target
2025-05-06,2025-05-06 10:20:00-04:00,2025-05-06 10:30:00-04:00,19868.0,19916.15,19747.0,19916.4,1,958.4000000000291,target
2025-05-07,2025-05-07 10:15:00-04:00,2025-05-07 10:50:00-04:00,19946.25,19857.25,19857.5,19981.75,1,-1784.6,stop
2025-05-08,2025-05-08 11:35:00-04:00,2025-05-08 11:40:00-04:00,20193.75,20246.6,20061.0,20246.85,1,1052.399999999971,target
2025-05-12,2025-05-12 13:10:00-04:00,2025-05-12 14:00:00-04:00,20929.25,20908.75,20746.5,21002.35,1,-414.6,time
2025-05-13,2025-05-13 10:05:00-04:00,2025-05-13 10:10:00-04:00,21142.75,21210.5,20972.75,21210.75,1,1350.4,target
2025-05-14,2025-05-14 12:35:00-04:00,2025-05-14 14:00:00-04:00,21412.0,21365.0,21273.75,21467.3,1,-944.6,time
2025-05-15,2025-05-15 11:05:00-04:00,2025-05-15 11:20:00-04:00,21362.0,21407.45,21247.75,21407.7,1,904.4000000000145,target
2025-05-16,2025-05-16 13:35:00-04:00,2025-05-16 14:00:00-04:00,21472.0,21445.25,21388.25,21505.5,1,-539.6,time
2025-05-19,2025-05-19 10:05:00-04:00,2025-05-19 11:40:00-04:00,21391.0,21466.25,21202.25,21466.5,1,1500.4,target
2025-05-20,2025-05-20 10:45:00-04:00,2025-05-20 14:00:00-04:00,21445.0,21430.25,21354.75,21481.1,1,-299.6,time
2025-05-21,2025-05-21 10:10:00-04:00,2025-05-21 11:00:00-04:00,21411.75,21465.4,21277.0,21465.65,1,1068.4000000000292,target
2025-05-22,2025-05-22 10:05:00-04:00,2025-05-22 14:00:00-04:00,21309.0,21292.0,21113.75,21387.1,1,-344.6,time
2025-05-23,2025-05-23 10:15:00-04:00,2025-05-23 13:10:00-04:00,20970.0,21028.75,20822.5,21029.0,1,1170.4,target
2025-05-27,2025-05-27 10:05:00-04:00,2025-05-27 10:45:00-04:00,21333.25,21389.2,21192.75,21389.45,1,1114.4000000000146,target
2025-05-30,2025-05-30 10:40:00-04:00,2025-05-30 12:25:00-04:00,21395.0,21234.5,21234.75,21459.1,1,-3214.6,stop
2025-06-02,2025-06-02 13:05:00-04:00,2025-06-02 14:00:00-04:00,21458.75,21445.25,21286.75,21527.55,1,-274.6,time
2025-06-03,2025-06-03 10:05:00-04:00,2025-06-03 10:55:00-04:00,21615.75,21657.9,21509.75,21658.15,1,838.4000000000291,target
2025-06-05,2025-06-05 11:00:00-04:00,2025-06-05 11:25:00-04:00,21858.5,21925.05,21691.5,21925.3,1,1326.3999999999855,target
2025-06-09,2025-06-09 10:10:00-04:00,2025-06-09 10:15:00-04:00,21823.0,21851.65,21750.75,21851.9,1,568.4000000000291,target
2025-06-10,2025-06-10 12:05:00-04:00,2025-06-10 13:10:00-04:00,21894.25,21924.5,21818.0,21924.75,1,600.4,target
2025-06-11,2025-06-11 10:25:00-04:00,2025-06-11 12:20:00-04:00,22031.0,21915.5,21915.75,22077.1,1,-2314.6,stop
2025-06-12,2025-06-12 10:15:00-04:00,2025-06-12 11:00:00-04:00,21915.25,21953.7,21818.5,21953.95,1,764.4000000000145,target
2025-06-13,2025-06-13 11:30:00-04:00,2025-06-13 12:10:00-04:00,21797.75,21851.8,21662.0,21852.05,1,1076.3999999999855,target
2025-06-16,2025-06-16 10:05:00-04:00,2025-06-16 14:00:00-04:00,21947.25,21938.5,21792.25,22009.25,1,-179.6,time
2025-06-17,2025-06-17 10:15:00-04:00,2025-06-17 12:55:00-04:00,21896.75,21802.0,21802.25,21934.55,1,-1899.6,stop
2025-06-18,2025-06-18 10:15:00-04:00,2025-06-18 10:30:00-04:00,21821.5,21868.05,21704.5,21868.3,1,926.3999999999854,target
2025-06-23,2025-06-23 10:05:00-04:00,2025-06-23 12:35:00-04:00,21957.25,21758.25,21758.5,22036.75,1,-3984.6,stop
2025-06-24,2025-06-24 10:45:00-04:00,2025-06-24 11:20:00-04:00,22337.25,22367.9,22260.0,22368.15,1,608.4000000000291,target
2025-06-26,2025-06-26 10:25:00-04:00,2025-06-26 11:20:00-04:00,22571.5,22609.45,22476.0,22609.7,1,754.4000000000145,target
2025-06-27,2025-06-27 10:05:00-04:00,2025-06-27 14:00:00-04:00,22794.25,22736.0,22685.25,22837.85,1,-1169.6,time
2025-07-02,2025-07-02 10:05:00-04:00,2025-07-02 10:20:00-04:00,22733.0,22765.45,22651.25,22765.7,1,644.4000000000145,target
2025-07-03,2025-07-03 10:05:00-04:00,2025-07-03 11:25:00-04:00,23038.75,23081.9,22930.25,23082.15,1,858.4000000000291,target
2025-07-08,2025-07-08 12:25:00-04:00,2025-07-08 13:15:00-04:00,22947.0,22880.75,22881.0,22973.4,1,-1329.6,stop
2025-07-11,2025-07-11 10:15:00-04:00,2025-07-11 14:00:00-04:00,22978.75,22997.5,22863.0,23025.05,1,370.4,time
2025-07-14,2025-07-14 11:00:00-04:00,2025-07-14 13:10:00-04:00,22991.75,23051.3,22842.25,23051.55,1,1186.3999999999855,target
2025-07-17,2025-07-17 10:05:00-04:00,2025-07-17 11:00:00-04:00,23172.75,23215.3,23065.75,23215.55,1,846.3999999999854,target
2025-07-21,2025-07-21 10:15:00-04:00,2025-07-21 14:00:00-04:00,23399.5,23411.25,23255.25,23457.2,1,230.4,time
2025-07-24,2025-07-24 13:15:00-04:00,2025-07-24 14:00:00-04:00,23411.75,23383.5,23334.25,23442.75,1,-569.6,time
2025-07-25,2025-07-25 10:45:00-04:00,2025-07-25 12:10:00-04:00,23408.75,23439.7,23330.75,23439.95,1,614.4000000000145,target
2025-07-28,2025-07-28 10:10:00-04:00,2025-07-28 11:15:00-04:00,23522.75,23464.5,23464.75,23545.95,1,-1169.6,stop
2025-07-30,2025-07-30 10:55:00-04:00,2025-07-30 14:00:00-04:00,23532.25,23541.75,23450.75,23564.85,1,185.4,time
2025-08-04,2025-08-04 12:10:00-04:00,2025-08-04 14:00:00-04:00,23260.75,23268.0,23088.75,23329.55,1,140.4,time
2025-08-06,2025-08-06 10:05:00-04:00,2025-08-06 11:20:00-04:00,23269.75,23318.0,23148.5,23318.25,1,960.4,target
2025-08-08,2025-08-08 10:05:00-04:00,2025-08-08 10:30:00-04:00,23649.5,23697.05,23530.0,23697.3,1,946.3999999999854,target
2025-08-11,2025-08-11 10:15:00-04:00,2025-08-11 12:05:00-04:00,23746.5,23772.55,23680.75,23772.8,1,516.3999999999854,target
2025-08-12,2025-08-12 11:10:00-04:00,2025-08-12 12:20:00-04:00,23810.5,23874.75,23649.25,23875.0,1,1280.4,target
2025-08-14,2025-08-14 10:35:00-04:00,2025-08-14 14:00:00-04:00,23972.75,23962.75,23841.25,24025.35,1,-204.6,time
2025-08-21,2025-08-21 10:20:00-04:00,2025-08-21 12:10:00-04:00,23301.75,23175.5,23175.75,23352.15,1,-2529.6,stop
2025-08-22,2025-08-22 10:05:00-04:00,2025-08-22 10:15:00-04:00,23486.25,23598.3,23205.5,23598.55,1,2236.3999999999855,target
2025-08-25,2025-08-25 10:05:00-04:00,2025-08-25 11:05:00-04:00,23543.0,23582.65,23443.25,23582.9,1,788.4000000000291,target
2025-08-26,2025-08-26 10:25:00-04:00,2025-08-26 14:00:00-04:00,23540.5,23502.5,23427.0,23585.9,1,-764.6,time
2025-08-27,2025-08-27 10:15:00-04:00,2025-08-27 10:15:00-04:00,23566.25,23597.5,23487.5,23597.75,1,620.4,target
2025-08-28,2025-08-28 12:30:00-04:00,2025-08-28 14:00:00-04:00,23754.75,23766.0,23572.5,23827.65,1,220.4,time
2025-09-01,2025-09-01 11:20:00-04:00,2025-09-01 18:00:00-04:00,23495.25,23502.0,23441.75,23516.65,1,130.4,time
2025-09-02,2025-09-02 10:30:00-04:00,2025-09-02 14:00:00-04:00,23261.5,23188.75,23025.25,23356.0,1,-1459.6,time
2025-09-03,2025-09-03 10:20:00-04:00,2025-09-03 10:25:00-04:00,23442.5,23471.25,23370.0,23471.5,1,570.4,target
2025-09-04,2025-09-04 11:55:00-04:00,2025-09-04 13:50:00-04:00,23551.25,23588.6,23457.25,23588.85,1,742.3999999999709,target
2025-09-08,2025-09-08 10:45:00-04:00,2025-09-08 13:50:00-04:00,23881.5,23771.5,23771.75,23925.4,1,-2204.6,stop
2025-09-11,2025-09-11 10:35:00-04:00,2025-09-11 11:15:00-04:00,23998.0,24033.05,23909.75,24033.3,1,696.3999999999854,target
2025-09-12,2025-09-12 10:25:00-04:00,2025-09-12 10:50:00-04:00,24071.25,24098.9,24001.5,24099.15,1,548.4000000000291,target
2025-09-15,2025-09-15 11:05:00-04:00,2025-09-15 14:00:00-04:00,24266.5,24286.25,24172.75,24304.0,1,390.4,time
2025-09-18,2025-09-18 10:05:00-04:00,2025-09-18 10:20:00-04:00,24478.25,24526.9,24356.0,24527.15,1,968.4000000000291,target
2025-09-22,2025-09-22 10:25:00-04:00,2025-09-22 10:40:00-04:00,24890.25,24920.4,24814.25,24920.65,1,598.4000000000291,target
2025-09-25,2025-09-25 10:20:00-04:00,2025-09-25 11:40:00-04:00,24605.75,24678.8,24422.5,24679.05,1,1456.3999999999855,target
2025-09-29,2025-09-29 10:10:00-04:00,2025-09-29 11:35:00-04:00,24969.25,24848.0,24848.25,25017.65,1,-2429.6,stop
2025-09-30,2025-09-30 11:00:00-04:00,2025-09-30 14:00:00-04:00,24842.75,24768.25,24722.25,24890.95,1,-1494.6,time
2025-10-01,2025-10-01 10:20:00-04:00,2025-10-01 10:35:00-04:00,24858.0,24910.55,24726.0,24910.8,1,1046.3999999999855,target
2025-10-06,2025-10-06 13:25:00-04:00,2025-10-06 14:00:00-04:00,25225.25,25227.5,25116.75,25268.65,1,40.4,time
2025-10-08,2025-10-08 10:05:00-04:00,2025-10-08 11:50:00-04:00,25203.5,25255.05,25074.0,25255.3,1,1026.3999999999855,target
2025-10-13,2025-10-13 10:05:00-04:00,2025-10-13 14:00:00-04:00,24904.25,24926.0,24724.5,24976.15,1,430.4,time
2025-10-14,2025-10-14 10:25:00-04:00,2025-10-14 11:45:00-04:00,24688.25,24794.9,24421.0,24795.15,1,2128.400000000029,target
2025-10-15,2025-10-15 10:05:00-04:00,2025-10-15 10:05:00-04:00,25038.75,25095.2,24897.0,25095.45,1,1124.4000000000146,target
2025-10-16,2025-10-16 10:40:00-04:00,2025-10-16 10:40:00-04:00,25126.5,25166.15,25026.75,25166.4,1,788.4000000000291,target
2025-10-17,2025-10-17 10:15:00-04:00,2025-10-17 14:00:00-04:00,24931.5,24935.0,24672.5,25035.1,1,65.4,time
2025-10-20,2025-10-20 10:10:00-04:00,2025-10-20 10:40:00-04:00,25248.75,25302.1,25114.75,25302.35,1,1062.399999999971,target
2025-10-21,2025-10-21 11:50:00-04:00,2025-10-21 12:50:00-04:00,25309.0,25347.75,25211.5,25348.0,1,770.4,target
2025-10-23,2025-10-23 10:40:00-04:00,2025-10-23 13:35:00-04:00,25187.0,25261.95,24999.0,25262.2,1,1494.4000000000146,target
2025-10-24,2025-10-24 10:15:00-04:00,2025-10-24 14:00:00-04:00,25538.75,25548.75,25429.75,25582.35,1,195.4,time
2025-10-27,2025-10-27 10:05:00-04:00,2025-10-27 11:10:00-04:00,25866.75,25894.6,25796.5,25894.85,1,552.3999999999709,target
2025-10-28,2025-10-28 12:35:00-04:00,2025-10-28 13:35:00-04:00,26109.5,26141.25,26029.5,26141.5,1,630.4,target
2025-11-05,2025-11-05 10:40:00-05:00,2025-11-05 12:25:00-05:00,25704.25,25790.5,25488.0,25790.75,1,1720.4,target
2025-11-10,2025-11-10 13:40:00-05:00,2025-11-10 14:00:00-05:00,25668.5,25647.0,25525.25,25725.8,1,-434.6,time
2025-11-11,2025-11-11 13:20:00-05:00,2025-11-11 13:55:00-05:00,25657.25,25695.8,25560.25,25696.05,1,766.3999999999854,target
2025-11-14,2025-11-14 10:30:00-05:00,2025-11-14 10:45:00-05:00,25010.5,25164.05,24626.0,25164.3,1,3066.3999999999855,target
2025-11-19,2025-11-19 10:05:00-05:00,2025-11-19 12:30:00-05:00,24924.75,24572.25,24572.5,25065.65,1,-7054.6,stop
2025-11-20,2025-11-20 10:40:00-05:00,2025-11-20 11:00:00-05:00,25292.0,25145.75,25146.0,25350.4,1,-2929.6,stop
2025-11-21,2025-11-21 12:00:00-05:00,2025-11-21 13:45:00-05:00,24372.0,24479.95,24101.5,24480.2,1,2154.4000000000146,target
2025-11-24,2025-11-24 10:05:00-05:00,2025-11-24 11:00:00-05:00,24734.75,24821.7,24516.75,24821.95,1,1734.4000000000146,target
2025-11-25,2025-11-25 11:55:00-05:00,2025-11-25 12:25:00-05:00,24898.0,25016.15,24602.0,25016.4,1,2358.400000000029,target
2025-11-26,2025-11-26 11:05:00-05:00,2025-11-26 11:35:00-05:00,25292.25,25346.8,25155.25,25347.05,1,1086.3999999999855,target
2025-11-28,2025-11-28 11:10:00-05:00,2025-11-28 12:55:00-05:00,25434.25,25475.3,25331.0,25475.55,1,816.3999999999854,target
2025-12-01,2025-12-01 10:55:00-05:00,2025-12-01 12:45:00-05:00,25409.75,25489.7,25209.25,25489.95,1,1594.4000000000146,target
2025-12-02,2025-12-02 10:05:00-05:00,2025-12-02 11:20:00-05:00,25635.75,25471.0,25471.25,25701.55,1,-3299.6,stop
2025-12-03,2025-12-03 10:05:00-05:00,2025-12-03 12:20:00-05:00,25572.0,25628.55,25430.0,25628.8,1,1126.3999999999855,target
2025-12-05,2025-12-05 10:05:00-05:00,2025-12-05 11:30:00-05:00,25812.5,25673.25,25673.5,25868.1,1,-2789.6,stop
2025-12-09,2025-12-09 10:30:00-05:00,2025-12-09 11:00:00-05:00,25657.0,25695.55,25560.0,25695.8,1,766.3999999999854,target
2025-12-11,2025-12-11 13:40:00-05:00,2025-12-11 14:00:00-05:00,25663.0,25636.5,25400.5,25768.0,1,-534.6,time
2025-12-18,2025-12-18 10:35:00-05:00,2025-12-18 14:00:00-05:00,25130.25,25102.75,24929.5,25210.55,1,-554.6,time
2025-12-23,2025-12-23 11:45:00-05:00,2025-12-23 14:00:00-05:00,25752.5,25773.75,25638.0,25798.3,1,420.4,time
2025-12-24,2025-12-24 10:15:00-05:00,2025-12-24 11:10:00-05:00,25828.25,25845.7,25784.0,25845.95,1,344.40000000001453,target
2025-12-30,2025-12-30 11:25:00-05:00,2025-12-30 14:00:00-05:00,25782.75,25732.25,25674.25,25826.15,1,-1014.6,time
2026-01-05,2026-01-05 10:30:00-05:00,2026-01-05 14:00:00-05:00,25674.5,25612.5,25538.5,25728.9,1,-1244.6,time
2026-01-06,2026-01-06 10:25:00-05:00,2026-01-06 14:00:00-05:00,25763.5,25804.75,25608.0,25825.7,1,820.4,time
2026-01-07,2026-01-07 10:35:00-05:00,2026-01-07 11:10:00-05:00,25882.25,25926.5,25771.0,25926.75,1,880.4,target
2026-01-09,2026-01-09 10:25:00-05:00,2026-01-09 10:30:00-05:00,25800.25,25860.7,25648.5,25860.95,1,1204.4000000000146,target
2026-01-12,2026-01-12 11:10:00-05:00,2026-01-12 14:00:00-05:00,25925.75,25978.25,25743.5,25998.65,1,1045.4,time
2026-01-19,2026-01-19 10:05:00-05:00,2026-01-19 11:10:00-05:00,25335.0,25374.15,25236.5,25374.4,1,778.4000000000291,target
2026-01-20,2026-01-20 10:35:00-05:00,2026-01-20 13:30:00-05:00,25385.75,25233.5,25233.75,25446.55,1,-3049.6,stop
2026-01-21,2026-01-21 10:20:00-05:00,2026-01-21 10:35:00-05:00,25347.75,25435.6,25127.5,25435.85,1,1752.399999999971,target
2026-01-23,2026-01-23 10:05:00-05:00,2026-01-23 10:30:00-05:00,25712.0,25771.55,25562.5,25771.8,1,1186.3999999999855,target
2026-01-26,2026-01-26 10:20:00-05:00,2026-01-26 14:00:00-05:00,25871.5,25898.0,25704.25,25938.4,1,525.4,time
2026-01-27,2026-01-27 10:10:00-05:00,2026-01-27 14:00:00-05:00,26066.75,26089.75,25917.25,26126.55,1,455.4,time
2026-02-02,2026-02-02 10:10:00-05:00,2026-02-02 13:55:00-05:00,25831.25,25947.6,25539.75,25947.85,1,2322.399999999971,target
2026-02-06,2026-02-06 11:15:00-05:00,2026-02-06 13:05:00-05:00,25002.5,25122.95,24700.75,25123.2,1,2404.4000000000146,target
2026-02-09,2026-02-09 10:10:00-05:00,2026-02-09 10:50:00-05:00,25198.75,25295.8,24955.5,25296.05,1,1936.3999999999855,target
2026-02-10,2026-02-10 10:10:00-05:00,2026-02-10 14:00:00-05:00,25435.5,25312.25,25255.75,25507.4,1,-2469.6,time
2026-02-13,2026-02-13 10:35:00-05:00,2026-02-13 14:00:00-05:00,24908.25,24940.25,24578.75,25040.05,1,635.4,time
2026-02-16,2026-02-16 10:05:00-05:00,2026-02-16 10:30:00-05:00,24788.0,24692.5,24692.75,24826.1,1,-1914.6,stop
2026-02-17,2026-02-17 13:40:00-05:00,2026-02-17 14:00:00-05:00,24818.75,24845.25,24475.0,24956.25,1,525.4,time
2026-02-18,2026-02-18 10:05:00-05:00,2026-02-18 12:05:00-05:00,25017.0,25122.75,24752.0,25123.0,1,2110.4,target
2026-02-19,2026-02-19 10:05:00-05:00,2026-02-19 13:20:00-05:00,24925.25,24762.75,24763.0,24990.15,1,-3254.6,stop
2026-02-20,2026-02-20 10:05:00-05:00,2026-02-20 10:45:00-05:00,24975.0,25093.35,24678.5,25093.6,1,2362.399999999971,target
2026-02-24,2026-02-24 10:30:00-05:00,2026-02-24 14:00:00-05:00,25011.5,25029.75,24694.5,25138.3,1,360.4,time
2026-02-25,2026-02-25 13:55:00-05:00,2026-02-25 14:00:00-05:00,25354.5,25350.0,25156.75,25433.6,1,-94.6,time
2026-02-27,2026-02-27 10:10:00-05:00,2026-02-27 12:05:00-05:00,24956.25,25025.7,24782.0,25025.95,1,1384.4000000000146,target
2026-03-02,2026-03-02 10:10:00-05:00,2026-03-02 11:45:00-05:00,24903.0,25021.95,24605.0,25022.2,1,2374.4000000000146,target
2026-03-03,2026-03-03 11:50:00-05:00,2026-03-03 13:30:00-05:00,24690.75,24774.7,24480.25,24774.95,1,1674.4000000000146,target
2026-03-04,2026-03-04 10:10:00-05:00,2026-03-04 10:20:00-05:00,24995.25,25062.7,24826.0,25062.95,1,1344.4000000000146,target
2026-03-06,2026-03-06 10:05:00-05:00,2026-03-06 10:25:00-05:00,24765.5,24827.95,24608.75,24828.2,1,1244.4000000000146,target
2026-03-09,2026-03-09 10:45:00-04:00,2026-03-09 11:20:00-04:00,24535.75,24624.6,24313.0,24624.85,1,1772.399999999971,target
2026-03-10,2026-03-10 10:40:00-04:00,2026-03-10 10:55:00-04:00,25092.0,25149.65,24947.25,25149.9,1,1148.4000000000292,target
2026-03-11,2026-03-11 10:05:00-04:00,2026-03-11 10:25:00-04:00,25121.75,25015.0,25015.25,25164.35,1,-2139.6,stop
2026-03-16,2026-03-16 10:25:00-04:00,2026-03-16 10:50:00-04:00,24751.75,24622.75,24623.0,24803.25,1,-2584.6,stop
2026-03-19,2026-03-19 11:05:00-04:00,2026-03-19 14:00:00-04:00,24312.25,24239.0,24115.0,24391.15,1,-1469.6,time
2026-03-23,2026-03-23 10:20:00-04:00,2026-03-23 11:50:00-04:00,24643.25,24432.25,24432.5,24727.55,1,-4224.6,stop
2026-03-24,2026-03-24 11:20:00-04:00,2026-03-24 14:00:00-04:00,24333.5,24242.75,24134.0,24413.3,1,-1819.6,time
2026-03-31,2026-03-31 12:40:00-04:00,2026-03-31 12:40:00-04:00,23667.75,23783.1,23378.75,23783.35,1,2302.399999999971,target
2026-04-01,2026-04-01 10:40:00-04:00,2026-04-01 11:00:00-04:00,24213.75,24281.7,24043.25,24281.95,1,1354.4000000000146,target
2026-04-02,2026-04-02 10:10:00-04:00,2026-04-02 10:35:00-04:00,23930.5,24031.25,23678.0,24031.5,1,2010.4,target
2026-04-09,2026-04-09 11:35:00-04:00,2026-04-09 11:45:00-04:00,25123.0,25169.75,25005.5,25170.0,1,930.4,target
2026-04-10,2026-04-10 11:15:00-04:00,2026-04-10 11:40:00-04:00,25369.0,25290.25,25290.5,25400.4,1,-1579.6,stop
2026-04-13,2026-04-13 10:05:00-04:00,2026-04-13 12:25:00-04:00,25317.0,25379.55,25160.0,25379.8,1,1246.3999999999855,target
2026-04-14,2026-04-14 10:15:00-04:00,2026-04-14 11:20:00-04:00,25775.25,25822.7,25656.0,25822.95,1,944.4000000000145,target
2026-04-15,2026-04-15 10:05:00-04:00,2026-04-15 10:20:00-04:00,26074.75,26111.5,25982.25,26111.75,1,730.4,target
2026-04-16,2026-04-16 11:10:00-04:00,2026-04-16 11:35:00-04:00,26465.25,26540.9,26275.5,26541.15,1,1508.4000000000292,target
2026-04-17,2026-04-17 10:05:00-04:00,2026-04-17 10:35:00-04:00,26750.5,26798.65,26629.5,26798.9,1,958.4000000000291,target
2026-04-21,2026-04-21 10:10:00-04:00,2026-04-21 11:00:00-04:00,26861.0,26726.5,26726.75,26914.7,1,-2694.6,stop
2026-04-22,2026-04-22 10:15:00-04:00,2026-04-22 10:20:00-04:00,26923.25,26967.7,26811.5,26967.95,1,884.4000000000145,target
2026-04-23,2026-04-23 11:05:00-04:00,2026-04-23 13:05:00-04:00,27105.75,26964.75,26965.0,27162.05,1,-2824.6,stop
2026-04-24,2026-04-24 10:50:00-04:00,2026-04-24 11:10:00-04:00,27261.5,27313.75,27130.25,27314.0,1,1040.4,target
2026-04-27,2026-04-27 13:35:00-04:00,2026-04-27 14:00:00-04:00,27438.25,27428.25,27298.5,27494.15,1,-204.6,time
2026-04-29,2026-04-29 10:25:00-04:00,2026-04-29 10:35:00-04:00,27244.0,27291.65,27124.25,27291.9,1,948.4000000000291,target
2026-04-30,2026-04-30 13:40:00-04:00,2026-04-30 14:00:00-04:00,27498.5,27543.25,27203.0,27616.7,1,890.4,time
2026-05-01,2026-05-01 10:05:00-04:00,2026-05-01 14:00:00-04:00,27888.0,27883.0,27617.75,27996.1,1,-104.6,time
2026-05-04,2026-05-04 10:20:00-04:00,2026-05-04 11:15:00-04:00,27906.0,27808.0,27808.25,27945.1,1,-1964.6,stop
2026-05-05,2026-05-05 10:30:00-04:00,2026-05-05 14:00:00-04:00,28119.75,28159.25,27971.0,28179.25,1,785.4,time
2026-05-06,2026-05-06 10:45:00-04:00,2026-05-06 12:10:00-04:00,28521.25,28595.1,28336.0,28595.35,1,1472.399999999971,target
2026-05-07,2026-05-07 10:05:00-04:00,2026-05-07 10:15:00-04:00,28809.5,28849.85,28708.0,28850.1,1,802.3999999999709,target
2026-05-08,2026-05-08 10:05:00-04:00,2026-05-08 12:10:00-04:00,29116.0,29218.35,28859.5,29218.6,1,2042.399999999971,target
2026-05-11,2026-05-11 11:50:00-04:00,2026-05-11 14:00:00-04:00,29440.0,29441.75,29281.5,29503.4,1,30.4,time
2026-05-13,2026-05-13 10:55:00-04:00,2026-05-13 12:20:00-04:00,29310.0,29403.75,29075.0,29404.0,1,1870.4,target
2026-05-14,2026-05-14 10:45:00-04:00,2026-05-14 12:05:00-04:00,29686.75,29777.8,29458.5,29778.05,1,1816.3999999999855,target
2026-05-15,2026-05-15 10:15:00-04:00,2026-05-15 13:20:00-04:00,29301.0,29385.25,29089.75,29385.5,1,1680.4,target
2026-05-19,2026-05-19 13:10:00-04:00,2026-05-19 14:00:00-04:00,29069.75,29069.0,28850.25,29157.55,1,-19.6,time
2026-05-20,2026-05-20 10:30:00-04:00,2026-05-20 11:15:00-04:00,29209.0,29283.05,29023.25,29283.3,1,1476.3999999999855,target
2026-05-21,2026-05-21 10:10:00-04:00,2026-05-21 10:20:00-04:00,29321.0,29173.75,29174.0,29379.8,1,-2949.6,stop
2026-05-22,2026-05-22 13:30:00-04:00,2026-05-22 14:00:00-04:00,29736.75,29679.0,29551.25,29810.95,1,-1159.6,time
2026-05-26,2026-05-26 10:15:00-04:00,2026-05-26 10:35:00-04:00,30029.0,30109.65,29826.75,30109.9,1,1608.4000000000292,target
2026-05-28,2026-05-28 10:15:00-04:00,2026-05-28 11:25:00-04:00,30161.25,30257.4,29920.25,30257.65,1,1918.4000000000292,target
2026-06-01,2026-06-01 11:25:00-04:00,2026-06-01 11:30:00-04:00,30477.5,30545.85,30306.0,30546.1,1,1362.399999999971,target
2026-06-02,2026-06-02 10:10:00-04:00,2026-06-02 11:50:00-04:00,30612.25,30687.4,30423.75,30687.65,1,1498.4000000000292,target
2026-06-04,2026-06-04 11:05:00-04:00,2026-06-04 11:10:00-04:00,30370.0,30442.65,30187.75,30442.9,1,1448.4000000000292,target
2026-06-08,2026-06-08 10:40:00-04:00,2026-06-08 11:00:00-04:00,29586.5,29684.45,29341.0,29684.7,1,1954.4000000000146,target
2026-06-10,2026-06-10 10:25:00-04:00,2026-06-10 11:10:00-04:00,29217.75,28772.25,28772.5,29395.85,1,-8914.6,stop
2026-06-11,2026-06-11 10:05:00-04:00,2026-06-11 10:55:00-04:00,29039.5,28650.5,28650.75,29195.0,1,-7784.6,stop
2026-06-12,2026-06-12 10:10:00-04:00,2026-06-12 11:15:00-04:00,29578.5,29717.65,29230.0,29717.9,1,2778.400000000029,target
2026-06-15,2026-06-15 11:05:00-04:00,2026-06-15 11:50:00-04:00,30502.5,30582.35,30302.25,30582.6,1,1592.399999999971,target
2026-06-22,2026-06-22 10:10:00-04:00,2026-06-22 10:25:00-04:00,30950.5,30756.5,30756.75,31028.0,1,-3884.6,stop
2026-06-23,2026-06-23 10:05:00-04:00,2026-06-23 14:00:00-04:00,29986.75,29732.5,29616.5,30134.85,1,-5089.6,time
2026-06-24,2026-06-24 11:00:00-04:00,2026-06-24 13:05:00-04:00,29891.5,29562.0,29562.25,30023.2,1,-6594.6,stop
2026-06-26,2026-06-26 10:05:00-04:00,2026-06-26 11:40:00-04:00,29534.5,29675.45,29181.5,29675.7,1,2814.4000000000146,target
2026-06-29,2026-06-29 12:05:00-04:00,2026-06-29 13:10:00-04:00,29868.5,29992.85,29557.0,29993.1,1,2482.399999999971,target
2026-06-30,2026-06-30 10:05:00-04:00,2026-06-30 12:45:00-04:00,30392.0,30535.35,30033.0,30535.6,1,2862.399999999971,target
2026-07-01,2026-07-01 10:10:00-04:00,2026-07-01 14:00:00-04:00,30296.75,30164.0,30087.75,30380.35,1,-2659.6,time
2026-07-06,2026-07-06 10:15:00-04:00,2026-07-06 14:00:00-04:00,30022.0,29896.0,29776.25,30120.3,1,-2524.6,time
2026-07-08,2026-07-08 13:25:00-04:00,2026-07-08 14:00:00-04:00,29420.75,29352.0,29201.0,29508.65,1,-1379.6,time
2026-07-09,2026-07-09 13:10:00-04:00,2026-07-09 14:00:00-04:00,29942.0,29974.5,29672.0,30050.0,1,645.4,time
2026-07-10,2026-07-10 11:30:00-04:00,2026-07-10 13:30:00-04:00,29980.25,30052.9,29798.0,30053.15,1,1448.4000000000292,target
2026-07-14,2026-07-14 11:10:00-04:00,2026-07-14 14:00:00-04:00,29857.75,29862.75,29685.0,29926.85,1,95.4,time
2026-07-17,2026-07-17 10:05:00-04:00,2026-07-17 10:10:00-04:00,28718.25,28842.0,28408.25,28842.25,1,2470.4,target
2026-07-21,2026-07-21 11:10:00-04:00,2026-07-21 12:50:00-04:00,29274.5,29347.05,29092.5,29347.3,1,1446.3999999999855,target
2026-07-22,2026-07-22 11:10:00-04:00,2026-07-22 14:00:00-04:00,29292.75,29243.75,29090.0,29373.85,1,-984.6,time
2026-07-28,2026-07-28 11:40:00-04:00,2026-07-28 14:00:00-04:00,28005.75,27973.75,27641.75,28151.35,1,-644.6,time
2026-07-30,2026-07-30 10:25:00-04:00,2026-07-30 14:00:00-04:00,28164.25,28177.25,27813.25,28304.65,1,255.4,time
2026-08-03,2026-08-03 10:25:00-04:00,2026-08-03 10:55:00-04:00,28662.25,28801.5,28313.5,28801.75,1,2780.4,target
2026-08-04,2026-08-04 10:10:00-04:00,2026-08-04 11:20:00-04:00,29518.75,29642.7,29208.25,29642.95,1,2474.4000000000146,target
2026-08-06,2026-08-06 10:10:00-04:00,2026-08-06 14:00:00-04:00,29580.25,29528.75,29241.25,29715.85,1,-1034.6,time
2026-08-07,2026-08-07 11:30:00-04:00,2026-08-07 14:00:00-04:00,29826.25,29743.25,29643.75,29899.25,1,-1664.6,time
2026-08-10,2026-08-10 10:10:00-04:00,2026-08-10 14:00:00-04:00,29875.0,29758.75,29718.75,29937.5,1,-2329.6,time
2026-08-13,2026-08-13 10:15:00-04:00,2026-08-13 14:00:00-04:00,30206.5,30204.75,29863.5,30343.7,1,-39.6,time
2026-08-17,2026-08-17 11:05:00-04:00,2026-08-17 13:05:00-04:00,30269.0,30165.25,30165.5,30310.4,1,-2079.6,stop
2026-08-27,2026-08-27 10:30:00-04:00,2026-08-27 14:00:00-04:00,29606.75,29611.75,29423.75,29679.95,1,95.4,time
2026-08-28,2026-08-28 10:45:00-04:00,2026-08-28 11:00:00-04:00,29735.0,29803.65,29562.75,29803.9,1,1368.4000000000292,target
2026-09-01,2026-09-01 10:25:00-04:00,2026-09-01 10:30:00-04:00,29161.5,29209.75,29040.25,29210.0,1,960.4,target
2026-09-02,2026-09-02 10:15:00-04:00,2026-09-02 10:20:00-04:00,29128.0,29172.05,29017.25,29172.3,1,876.3999999999854,target
2026-09-03,2026-09-03 11:05:00-04:00,2026-09-03 11:25:00-04:00,29437.25,29532.1,29199.5,29532.35,1,1892.399999999971,target
2026-09-09,2026-09-09 10:05:00-04:00,2026-09-09 11:10:00-04:00,29578.5,29418.0,29418.25,29642.6,1,-3214.6,stop
2026-09-10,2026-09-10 10:25:00-04:00,2026-09-10 14:00:00-04:00,29229.75,29186.0,29057.5,29298.65,1,-879.6,time
2026-09-11,2026-09-11 11:30:00-04:00,2026-09-11 14:00:00-04:00,29485.5,29452.0,29347.25,29540.8,1,-674.6,time
2026-09-14,2026-09-14 10:10:00-04:00,2026-09-14 11:30:00-04:00,29065.5,29139.95,28878.75,29140.2,1,1484.4000000000146,target
2026-09-16,2026-09-16 11:00:00-04:00,2026-09-16 14:00:00-04:00,29204.25,29182.75,29081.5,29253.35,1,-434.6,time
2026-09-17,2026-09-17 11:45:00-04:00,2026-09-17 14:00:00-04:00,29443.25,29447.0,29309.0,29496.95,1,70.4,time
2026-09-21,2026-09-21 10:15:00-04:00,2026-09-21 10:30:00-04:00,30437.75,30526.0,30216.5,30526.25,1,1760.4,target
2026-09-22,2026-09-22 10:15:00-04:00,2026-09-22 14:00:00-04:00,30961.25,30977.0,30763.5,31040.35,1,310.4,time
2026-09-24,2026-09-24 10:30:00-04:00,2026-09-24 12:15:00-04:00,30630.25,30684.8,30493.25,30685.05,1,1086.3999999999855,target
