session_date,entry_time,exit_time,entry,exit,stop,target,qty,net_pnl,exit_reason
2020-01-03,2020-01-03 12:05:00-05:00,2020-01-03 14:00:00-05:00,8847.25,8833.75,8770.5,8993.075,1,-274.6,time
2020-01-06,2020-01-06 10:15:00-05:00,2020-01-06 14:00:00-05:00,8806.25,8830.5,8729.0,8953.025,1,480.4,time
2020-01-07,2020-01-07 11:05:00-05:00,2020-01-07 14:00:00-05:00,8882.5,8884.0,8834.5,8973.7,1,25.4,time
2020-01-08,2020-01-08 11:30:00-05:00,2020-01-08 14:00:00-05:00,8897.75,8933.75,8848.0,8992.275,1,715.4,time
2020-01-13,2020-01-13 11:20:00-05:00,2020-01-13 14:00:00-05:00,9041.25,9065.0,9003.75,9112.5,1,470.4,time
2020-01-14,2020-01-14 12:40:00-05:00,2020-01-14 14:00:00-05:00,9088.25,9056.25,9036.25,9187.05,1,-644.6,time
2020-01-15,2020-01-15 10:10:00-05:00,2020-01-15 13:30:00-05:00,9088.5,9051.0,9051.25,9159.275,1,-754.6,stop
2020-01-20,2020-01-20 11:35:00-05:00,2020-01-20 18:00:00-05:00,9173.75,9176.0,9163.25,9193.7,1,40.4,time
2020-01-21,2020-01-21 10:05:00-05:00,2020-01-21 14:00:00-05:00,9180.0,9157.0,9151.75,9233.675,1,-464.6,time
2020-01-22,2020-01-22 10:40:00-05:00,2020-01-22 14:00:00-05:00,9248.5,9228.25,9211.75,9318.325,1,-409.6,time
2020-01-23,2020-01-23 10:15:00-05:00,2020-01-23 14:00:00-05:00,9202.75,9212.0,9151.75,9299.65,1,180.4,time
2020-01-27,2020-01-27 12:20:00-05:00,2020-01-27 14:00:00-05:00,8994.5,8994.75,8925.5,9125.6,1,0.40000000000000036,time
2020-01-28,2020-01-28 10:25:00-05:00,2020-01-28 14:00:00-05:00,9049.75,9101.25,9001.0,9142.375,1,1025.4,time
2020-02-03,2020-02-03 10:05:00-05:00,2020-02-03 14:00:00-05:00,9144.25,9127.25,9035.75,9350.4,1,-344.6,time
2020-02-04,2020-02-04 10:30:00-05:00,2020-02-04 14:00:00-05:00,9280.25,9334.0,9227.0,9381.425,1,1070.4,time
2020-02-06,2020-02-06 10:40:00-05:00,2020-02-06 14:00:00-05:00,9416.75,9442.5,9362.5,9519.825,1,510.4,time
2020-02-07,2020-02-07 10:40:00-05:00,2020-02-07 14:00:00-05:00,9427.25,9414.25,9385.0,9507.525,1,-264.6,time
2020-02-10,2020-02-10 10:10:00-05:00,2020-02-10 14:00:00-05:00,9454.25,9471.5,9378.75,9597.7,1,340.4,time
2020-02-11,2020-02-11 10:15:00-05:00,2020-02-11 14:00:00-05:00,9588.25,9553.0,9538.75,9682.3,1,-709.6,time
2020-02-12,2020-02-12 11:30:00-05:00,2020-02-12 14:00:00-05:00,9605.25,9609.0,9561.0,9689.325,1,70.4,time
2020-02-13,2020-02-13 10:45:00-05:00,2020-02-13 14:00:00-05:00,9595.0,9638.5,9539.25,9700.925,1,865.4,time
2020-02-17,2020-02-17 11:05:00-05:00,2020-02-17 18:00:00-05:00,9664.75,9622.75,9655.75,9681.85,1,-844.6,time
2020-02-18,2020-02-18 10:10:00-05:00,2020-02-18 14:00:00-05:00,9624.75,9615.5,9574.5,9720.225,1,-189.6,time
2020-02-19,2020-02-19 10:25:00-05:00,2020-02-19 14:00:00-05:00,9722.25,9734.5,9681.5,9799.675,1,240.4,time
2020-02-20,2020-02-20 10:15:00-05:00,2020-02-20 11:05:00-05:00,9719.75,9685.75,9686.0,9783.875,1,-684.6,stop
2020-02-24,2020-02-24 10:15:00-05:00,2020-02-24 14:00:00-05:00,9200.5,9103.25,9041.25,9503.075,1,-1949.6,time
2020-02-26,2020-02-26 10:45:00-05:00,2020-02-26 12:15:00-05:00,9029.5,8879.75,8880.0,9313.55,1,-2999.6,stop
2020-02-27,2020-02-27 11:20:00-05:00,2020-02-27 14:00:00-05:00,8732.0,8640.5,8605.75,8971.875,1,-1834.6,time
2020-02-28,2020-02-28 11:30:00-05:00,2020-02-28 14:00:00-05:00,8340.5,8276.5,8126.25,8747.575,1,-1284.6,time
2020-03-02,2020-03-02 11:15:00-05:00,2020-03-02 14:00:00-05:00,8637.0,8677.5,8485.0,8925.8,1,805.4,time
2020-03-03,2020-03-03 10:05:00-05:00,2020-03-03 11:20:00-05:00,8977.25,8744.5,8744.75,9419.0,1,-4659.6,stop
2020-03-04,2020-03-04 10:25:00-05:00,2020-03-04 14:00:00-05:00,8788.75,8835.5,8665.25,9023.4,1,930.4,time
2020-03-05,2020-03-05 10:20:00-05:00,2020-03-05 12:40:00-05:00,8792.75,8701.25,8701.5,8966.125,1,-1834.6,stop
2020-03-06,2020-03-06 10:25:00-05:00,2020-03-06 14:00:00-05:00,8464.5,8396.25,8363.5,8656.4,1,-1369.6,time
2020-03-17,2020-03-17 11:10:00-04:00,2020-03-17 14:00:00-04:00,7322.5,7389.75,6966.0,7999.85,1,1340.4,time
2020-03-18,2020-03-18 10:05:00-04:00,2020-03-18 13:15:00-04:00,7306.0,6980.25,6980.5,7924.45,1,-6519.6,stop
2020-03-19,2020-03-19 10:10:00-04:00,2020-03-19 14:00:00-04:00,7305.25,7443.25,7031.0,7826.325,1,2755.4,time
2020-03-23,2020-03-23 10:15:00-04:00,2020-03-23 11:25:00-04:00,7064.75,6834.25,6834.5,7502.225,1,-4614.6,stop
2020-03-24,2020-03-24 11:40:00-04:00,2020-03-24 14:00:00-04:00,7446.0,7351.5,7325.0,7675.9,1,-1894.6,time
2020-03-25,2020-03-25 13:10:00-04:00,2020-03-25 14:00:00-04:00,7670.0,7693.0,7465.0,8059.5,1,455.4,time
2020-03-26,2020-03-26 10:10:00-04:00,2020-03-26 14:00:00-04:00,7665.75,7703.5,7514.75,7952.65,1,750.4,time
2020-03-27,2020-03-27 13:40:00-04:00,2020-03-27 14:00:00-04:00,7703.5,7680.75,7578.0,7941.95,1,-459.6,time
2020-03-30,2020-03-30 10:05:00-04:00,2020-03-30 14:00:00-04:00,7724.75,7815.0,7630.0,7904.775,1,1800.4,time
2020-03-31,2020-03-31 10:10:00-04:00,2020-03-31 14:00:00-04:00,7880.0,7883.75,7797.0,8037.7,1,70.4,time
2020-04-01,2020-04-01 10:35:00-04:00,2020-04-01 12:25:00-04:00,7638.25,7560.75,7561.0,7785.025,1,-1554.6,stop
2020-04-02,2020-04-02 10:30:00-04:00,2020-04-02 14:00:00-04:00,7522.25,7517.25,7408.75,7737.9,1,-104.6,time
2020-04-06,2020-04-06 10:20:00-04:00,2020-04-06 14:00:00-04:00,7857.75,7959.75,7750.0,8062.475,1,2035.4,time
2020-04-08,2020-04-08 11:30:00-04:00,2020-04-08 14:00:00-04:00,8167.25,8124.75,8064.25,8362.95,1,-854.6,time
2020-04-13,2020-04-13 13:55:00-04:00,2020-04-13 14:00:00-04:00,8246.75,8241.25,8161.75,8408.25,1,-114.6,time
2020-04-14,2020-04-14 10:20:00-04:00,2020-04-14 14:00:00-04:00,8607.5,8684.0,8457.0,8893.45,1,1525.4,time
2020-04-15,2020-04-15 10:55:00-04:00,2020-04-15 14:00:00-04:00,8570.25,8572.25,8486.5,8729.375,1,35.4,time
2020-04-16,2020-04-16 10:50:00-04:00,2020-04-16 12:30:00-04:00,8700.0,8639.25,8639.5,8814.95,1,-1219.6,stop
2020-04-20,2020-04-20 10:30:00-04:00,2020-04-20 14:00:00-04:00,8788.25,8817.5,8729.75,8899.4,1,580.4,time
2020-04-22,2020-04-22 11:45:00-04:00,2020-04-22 14:00:00-04:00,8601.75,8647.25,8533.75,8730.95,1,905.4,time
2020-04-23,2020-04-23 10:20:00-04:00,2020-04-23 12:45:00-04:00,8747.0,8661.75,8662.0,8908.5,1,-1709.6,stop
2020-04-24,2020-04-24 12:30:00-04:00,2020-04-24 14:00:00-04:00,8678.25,8718.0,8583.0,8859.225,1,790.4,time
2020-04-27,2020-04-27 10:20:00-04:00,2020-04-27 10:55:00-04:00,8870.0,8819.0,8819.25,8966.425,1,-1024.6,stop
2020-04-29,2020-04-29 10:20:00-04:00,2020-04-29 14:00:00-04:00,8908.0,8960.25,8816.0,9082.8,1,1040.4,time
2020-05-01,2020-05-01 10:05:00-04:00,2020-05-01 11:30:00-04:00,8855.75,8779.75,8780.0,8999.675,1,-1524.6,stop
2020-05-04,2020-05-04 10:05:00-04:00,2020-05-04 14:00:00-04:00,8746.25,8745.5,8650.5,8928.175,1,-19.6,time
2020-05-05,2020-05-05 10:05:00-04:00,2020-05-05 14:00:00-04:00,8963.75,8996.25,8895.25,9093.9,1,645.4,time
2020-05-06,2020-05-06 10:50:00-04:00,2020-05-06 14:00:00-04:00,9035.0,9041.25,8969.0,9160.4,1,120.4,time
2020-05-07,2020-05-07 12:30:00-04:00,2020-05-07 14:00:00-04:00,9110.0,9108.75,9058.0,9208.8,1,-29.6,time
2020-05-08,2020-05-08 10:20:00-04:00,2020-05-08 14:00:00-04:00,9177.5,9168.5,9116.0,9294.35,1,-184.6,time
2020-05-11,2020-05-11 10:05:00-04:00,2020-05-11 14:00:00-04:00,9236.0,9308.25,9147.5,9404.15,1,1440.4,time
2020-05-13,2020-05-13 10:05:00-04:00,2020-05-13 11:35:00-04:00,9152.0,9042.5,9042.75,9359.575,1,-2194.6,stop
2020-05-14,2020-05-14 13:00:00-04:00,2020-05-14 14:00:00-04:00,8979.5,8970.25,8853.75,9218.425,1,-189.6,time
2020-05-15,2020-05-15 10:10:00-04:00,2020-05-15 14:00:00-04:00,9024.75,9079.25,8943.5,9179.125,1,1085.4,time
2020-05-18,2020-05-18 10:35:00-04:00,2020-05-18 14:00:00-04:00,9304.0,9344.75,9236.5,9432.25,1,810.4,time
2020-05-19,2020-05-19 10:10:00-04:00,2020-05-19 14:00:00-04:00,9383.75,9403.0,9314.0,9516.275,1,380.4,time
2020-05-20,2020-05-20 10:10:00-04:00,2020-05-20 14:00:00-04:00,9468.0,9456.75,9402.0,9593.4,1,-229.6,time
2020-05-22,2020-05-22 13:25:00-04:00,2020-05-22 14:00:00-04:00,9404.0,9397.5,9319.75,9564.075,1,-134.6,time
2020-05-25,2020-05-25 11:15:00-04:00,2020-05-25 18:00:00-04:00,9528.25,9530.0,9513.75,9555.8,1,30.4,time
2020-05-28,2020-05-28 10:15:00-04:00,2020-05-28 14:00:00-04:00,9468.25,9541.0,9382.25,9631.65,1,1450.4,time
2020-06-01,2020-06-01 10:10:00-04:00,2020-06-01 14:00:00-04:00,9573.5,9594.25,9505.75,9702.225,1,410.4,time
2020-06-02,2020-06-02 10:25:00-04:00,2020-06-02 10:45:00-04:00,9610.25,9558.0,9558.25,9709.05,1,-1049.6,stop
2020-06-05,2020-06-05 11:05:00-04:00,2020-06-05 14:00:00-04:00,9792.25,9817.0,9653.25,10056.35,1,490.4,time
2020-06-08,2020-06-08 13:35:00-04:00,2020-06-08 14:00:00-04:00,9842.0,9855.5,9769.25,9980.225,1,265.4,time
2020-06-09,2020-06-09 10:25:00-04:00,2020-06-09 14:00:00-04:00,9912.75,9997.5,9852.0,10028.175,1,1690.4,time
2020-06-10,2020-06-10 10:05:00-04:00,2020-06-10 10:55:00-04:00,10068.75,10023.25,10023.5,10154.725,1,-914.6,stop
2020-06-11,2020-06-11 10:15:00-04:00,2020-06-11 11:00:00-04:00,9964.0,9875.75,9876.0,10131.2,1,-1769.6,stop
2020-06-15,2020-06-15 10:05:00-04:00,2020-06-15 14:00:00-04:00,9603.0,9704.5,9483.5,9830.05,1,2025.4,time
2020-06-17,2020-06-17 12:35:00-04:00,2020-06-17 14:00:00-04:00,10034.0,10037.0,9974.0,10148.0,1,55.4,time
2020-06-18,2020-06-18 10:10:00-04:00,2020-06-18 10:30:00-04:00,10002.0,9954.0,9954.25,10092.725,1,-964.6,stop
2020-06-22,2020-06-22 10:05:00-04:00,2020-06-22 14:00:00-04:00,10038.25,10095.0,9975.75,10157.0,1,1130.4,time
2020-06-23,2020-06-23 10:20:00-04:00,2020-06-23 14:00:00-04:00,10207.75,10283.75,10158.75,10300.85,1,1515.4,time
2020-06-25,2020-06-25 12:20:00-04:00,2020-06-25 14:00:00-04:00,10033.25,10013.5,9885.5,10313.975,1,-399.6,time
2020-06-29,2020-06-29 10:40:00-04:00,2020-06-29 14:00:00-04:00,9868.25,9926.5,9728.75,10133.3,1,1160.4,time
2020-06-30,2020-06-30 10:10:00-04:00,2020-06-30 14:00:00-04:00,10040.25,10068.25,9943.25,10224.55,1,555.4,time
2020-07-01,2020-07-01 10:20:00-04:00,2020-07-01 14:00:00-04:00,10194.0,10259.25,10125.5,10324.15,1,1300.4,time
2020-07-06,2020-07-06 10:05:00-04:00,2020-07-06 14:00:00-04:00,10540.25,10564.25,10470.0,10673.725,1,475.4,time
2020-07-07,2020-07-07 10:15:00-04:00,2020-07-07 14:00:00-04:00,10648.0,10611.0,10557.25,10820.425,1,-744.6,time
2020-07-08,2020-07-08 10:20:00-04:00,2020-07-08 11:15:00-04:00,10633.75,10566.25,10566.5,10761.525,1,-1354.6,stop
2020-07-10,2020-07-10 13:10:00-04:00,2020-07-10 14:00:00-04:00,10751.25,10768.75,10657.0,10930.325,1,345.4,time
2020-07-13,2020-07-13 10:30:00-04:00,2020-07-13 14:00:00-04:00,10999.25,10945.5,10929.5,11131.775,1,-1079.6,time
2020-07-16,2020-07-16 13:15:00-04:00,2020-07-16 14:00:00-04:00,10610.5,10586.25,10537.5,10749.2,1,-489.6,time
2020-07-20,2020-07-20 10:05:00-04:00,2020-07-20 14:00:00-04:00,10697.25,10845.75,10605.75,10871.1,1,2965.4,time
2020-07-24,2020-07-24 10:25:00-04:00,2020-07-24 14:00:00-04:00,10452.0,10473.0,10301.0,10738.9,1,415.4,time
2020-07-29,2020-07-29 10:05:00-04:00,2020-07-29 14:00:00-04:00,10625.75,10615.0,10571.0,10729.775,1,-219.6,time
2020-07-30,2020-07-30 11:35:00-04:00,2020-07-30 14:00:00-04:00,10638.5,10708.5,10531.75,10841.325,1,1395.4,time
2020-08-03,2020-08-03 12:00:00-04:00,2020-08-03 14:00:00-04:00,11053.0,11037.5,10980.5,11190.75,1,-314.6,time
2020-08-04,2020-08-04 10:10:00-04:00,2020-08-04 14:00:00-04:00,11080.75,11057.25,11006.25,11222.3,1,-474.6,time
2020-08-05,2020-08-05 10:15:00-04:00,2020-08-05 14:00:00-04:00,11118.25,11111.75,11064.5,11220.375,1,-134.6,time
2020-08-06,2020-08-06 10:15:00-04:00,2020-08-06 14:00:00-04:00,11131.0,11194.25,11073.0,11241.2,1,1260.4,time
2020-08-07,2020-08-07 10:55:00-04:00,2020-08-07 11:25:00-04:00,11265.25,11207.5,11207.75,11374.5,1,-1159.6,stop
2020-08-11,2020-08-11 11:10:00-04:00,2020-08-11 14:00:00-04:00,11048.25,11043.5,10956.0,11223.525,1,-99.6,time
2020-08-12,2020-08-12 10:20:00-04:00,2020-08-12 14:00:00-04:00,11068.0,11176.75,10957.5,11277.95,1,2170.4,time
2020-08-13,2020-08-13 10:35:00-04:00,2020-08-13 14:00:00-04:00,11238.5,11209.25,11164.5,11379.1,1,-589.6,time
2020-08-17,2020-08-17 10:05:00-04:00,2020-08-17 14:00:00-04:00,11271.5,11277.25,11221.5,11366.5,1,110.4,time
2020-08-18,2020-08-18 13:40:00-04:00,2020-08-18 14:00:00-04:00,11384.5,11376.25,11323.25,11500.875,1,-169.6,time
2020-08-19,2020-08-19 11:35:00-04:00,2020-08-19 14:00:00-04:00,11417.75,11424.75,11332.5,11579.725,1,135.4,time
2020-08-20,2020-08-20 10:50:00-04:00,2020-08-20 14:00:00-04:00,11378.75,11422.25,11267.0,11591.075,1,865.4,time
2020-08-21,2020-08-21 10:30:00-04:00,2020-08-21 14:00:00-04:00,11524.0,11524.0,11455.5,11654.15,1,-4.6,time
2020-08-25,2020-08-25 10:20:00-04:00,2020-08-25 14:00:00-04:00,11638.75,11665.0,11574.75,11760.35,1,520.4,time
2020-08-26,2020-08-26 10:25:00-04:00,2020-08-26 11:35:00-04:00,11801.0,11873.425,11762.75,11873.675,1,1443.8999999999855,target
2020-08-27,2020-08-27 11:05:00-04:00,2020-08-27 12:35:00-04:00,12026.75,11911.75,11912.0,12244.775,1,-2304.6,stop
2020-08-31,2020-08-31 10:20:00-04:00,2020-08-31 14:00:00-04:00,12056.0,12140.75,11993.75,12174.275,1,1690.4,time
2020-09-01,2020-09-01 10:05:00-04:00,2020-09-01 14:00:00-04:00,12229.75,12269.75,12125.0,12428.775,1,795.4,time
2020-09-07,2020-09-07 10:55:00-04:00,2020-09-07 18:00:00-04:00,11504.5,11505.25,11446.75,11614.225,1,10.4,time
2020-09-08,2020-09-08 10:10:00-04:00,2020-09-08 14:00:00-04:00,11320.75,11265.5,11117.0,11707.875,1,-1109.6,time
2020-09-09,2020-09-09 10:30:00-04:00,2020-09-09 14:00:00-04:00,11347.0,11385.75,11188.25,11648.625,1,770.4,time
2020-09-10,2020-09-10 10:05:00-04:00,2020-09-10 10:45:00-04:00,11557.0,11456.25,11456.5,11747.95,1,-2019.6,stop
2020-09-14,2020-09-14 10:05:00-04:00,2020-09-14 13:30:00-04:00,11319.25,11207.25,11207.5,11531.575,1,-2244.6,stop
2020-09-15,2020-09-15 12:45:00-04:00,2020-09-15 14:00:00-04:00,11485.25,11466.25,11414.5,11619.675,1,-384.6,time
2020-09-17,2020-09-17 10:10:00-04:00,2020-09-17 12:15:00-04:00,11097.75,10959.5,10959.75,11359.95,1,-2769.6,stop
2020-09-21,2020-09-21 13:25:00-04:00,2020-09-21 14:00:00-04:00,10861.0,10827.75,10704.25,11158.825,1,-669.6,time
2020-09-22,2020-09-22 13:45:00-04:00,2020-09-22 14:00:00-04:00,11078.25,11104.0,10950.5,11320.975,1,510.4,time
2020-09-24,2020-09-24 10:05:00-04:00,2020-09-24 14:00:00-04:00,10899.25,10962.0,10704.0,11270.225,1,1250.4,time
2020-09-25,2020-09-25 10:25:00-04:00,2020-09-25 14:00:00-04:00,10929.5,11063.0,10830.5,11117.6,1,2665.4,time
2020-09-30,2020-09-30 10:05:00-04:00,2020-09-30 14:00:00-04:00,11425.25,11497.5,11310.25,11643.75,1,1440.4,time
2020-10-01,2020-10-01 13:55:00-04:00,2020-10-01 14:00:00-04:00,11578.25,11544.25,11510.0,11707.925,1,-684.6,time
2020-10-02,2020-10-02 10:10:00-04:00,2020-10-02 11:50:00-04:00,11446.0,11301.0,11301.25,11721.025,1,-2904.6,stop
2020-10-05,2020-10-05 10:05:00-04:00,2020-10-05 14:00:00-04:00,11386.75,11408.25,11321.5,11510.725,1,425.4,time
2020-10-06,2020-10-06 10:10:00-04:00,2020-10-06 11:10:00-04:00,11484.25,11417.75,11418.0,11610.125,1,-1334.6,stop
2020-10-07,2020-10-07 12:15:00-04:00,2020-10-07 14:00:00-04:00,11448.5,11478.75,11384.75,11569.625,1,600.4,time
2020-10-09,2020-10-09 10:05:00-04:00,2020-10-09 14:00:00-04:00,11643.0,11692.0,11588.25,11747.025,1,975.4,time
2020-10-12,2020-10-12 10:55:00-04:00,2020-10-12 12:45:00-04:00,11954.0,12118.575,11867.25,12118.825,1,3286.9000000000146,target
2020-10-13,2020-10-13 11:25:00-04:00,2020-10-13 13:55:00-04:00,12166.75,12031.75,12032.0,12422.775,1,-2704.6,stop
2020-10-16,2020-10-16 10:05:00-04:00,2020-10-16 11:10:00-04:00,11988.75,11926.5,11926.75,12106.55,1,-1249.6,stop
2020-10-20,2020-10-20 10:10:00-04:00,2020-10-20 11:00:00-04:00,11720.0,11631.5,11631.75,11887.675,1,-1774.6,stop
2020-10-26,2020-10-26 10:05:00-04:00,2020-10-26 10:45:00-04:00,11688.25,11566.25,11566.5,11919.575,1,-2444.6,stop
2020-10-27,2020-10-27 11:15:00-04:00,2020-10-27 14:00:00-04:00,11587.75,11589.5,11498.25,11757.8,1,30.4,time
2020-10-29,2020-10-29 10:05:00-04:00,2020-10-29 14:00:00-04:00,11284.75,11383.0,11170.5,11501.825,1,1960.4,time
2020-11-03,2020-11-03 10:05:00-05:00,2020-11-03 14:00:00-05:00,11233.0,11224.5,11101.25,11483.325,1,-174.6,time
2020-11-04,2020-11-04 10:05:00-05:00,2020-11-04 14:00:00-05:00,11689.75,11782.25,11557.0,11941.975,1,1845.4,time
2020-11-05,2020-11-05 10:05:00-05:00,2020-11-05 14:00:00-05:00,12093.25,12059.5,11972.75,12322.2,1,-679.6,time
2020-11-06,2020-11-06 11:40:00-05:00,2020-11-06 14:00:00-05:00,12049.75,12082.75,11883.25,12366.1,1,655.4,time
2020-11-09,2020-11-09 10:05:00-05:00,2020-11-09 14:00:00-05:00,12214.75,12077.5,12042.0,12542.975,1,-2749.6,time
2020-11-11,2020-11-11 10:35:00-05:00,2020-11-11 14:00:00-05:00,11831.5,11869.0,11703.0,12075.65,1,745.4,time
2020-11-16,2020-11-16 10:25:00-05:00,2020-11-16 14:00:00-05:00,11992.75,11970.5,11887.75,12192.25,1,-449.6,time
2020-11-18,2020-11-18 12:00:00-05:00,2020-11-18 14:00:00-05:00,11998.0,11963.25,11913.5,12158.55,1,-699.6,time
2020-11-19,2020-11-19 10:40:00-05:00,2020-11-19 14:00:00-05:00,11937.5,11962.25,11841.75,12119.425,1,490.4,time
2020-11-20,2020-11-20 10:25:00-05:00,2020-11-20 14:00:00-05:00,11984.75,11988.5,11946.0,12058.375,1,70.4,time
2020-11-24,2020-11-24 10:45:00-05:00,2020-11-24 14:00:00-05:00,11970.5,12082.5,11872.75,12156.225,1,2235.4,time
2020-11-25,2020-11-25 13:05:00-05:00,2020-11-25 14:00:00-05:00,12146.75,12140.25,12099.25,12237.0,1,-134.6,time
2020-12-01,2020-12-01 10:05:00-05:00,2020-12-01 14:00:00-05:00,12413.25,12489.25,12334.25,12563.35,1,1515.4,time
2020-12-02,2020-12-02 10:20:00-05:00,2020-12-02 14:00:00-05:00,12414.0,12424.25,12312.5,12606.85,1,200.4,time
2020-12-03,2020-12-03 10:05:00-05:00,2020-12-03 11:05:00-05:00,12508.75,12463.25,12463.5,12594.725,1,-914.6,stop
2020-12-04,2020-12-04 10:10:00-05:00,2020-12-04 14:00:00-05:00,12512.0,12506.0,12448.5,12632.65,1,-124.6,time
2020-12-07,2020-12-07 10:05:00-05:00,2020-12-07 14:00:00-05:00,12591.25,12569.0,12525.75,12715.7,1,-449.6,time
2020-12-08,2020-12-08 12:05:00-05:00,2020-12-08 14:00:00-05:00,12597.5,12629.75,12524.0,12737.15,1,640.4,time
2020-12-10,2020-12-10 10:10:00-05:00,2020-12-10 14:00:00-05:00,12390.0,12392.25,12218.25,12716.325,1,40.4,time
2020-12-14,2020-12-14 10:15:00-05:00,2020-12-14 14:00:00-05:00,12526.0,12512.0,12419.25,12728.825,1,-284.6,time
2020-12-16,2020-12-16 10:45:00-05:00,2020-12-16 14:00:00-05:00,12627.25,12646.5,12567.75,12740.3,1,380.4,time
2020-12-21,2020-12-21 13:10:00-05:00,2020-12-21 14:00:00-05:00,12660.25,12687.75,12565.0,12841.225,1,545.4,time
2020-12-23,2020-12-23 13:10:00-05:00,2020-12-23 14:00:00-05:00,12726.25,12722.5,12649.25,12872.55,1,-79.6,time
2020-12-28,2020-12-28 11:30:00-05:00,2020-12-28 14:00:00-05:00,12821.75,12838.5,12782.75,12895.85,1,330.4,time
2021-01-05,2021-01-05 10:05:00-05:00,2021-01-05 14:00:00-05:00,12773.0,12751.75,12650.25,13006.225,1,-429.6,time
2021-01-06,2021-01-06 10:15:00-05:00,2021-01-06 14:00:00-05:00,12677.25,12769.5,12551.25,12916.65,1,1840.4,time
2021-01-07,2021-01-07 10:05:00-05:00,2021-01-07 14:00:00-05:00,12871.5,12912.75,12726.0,13147.95,1,820.4,time
2021-01-08,2021-01-08 12:15:00-05:00,2021-01-08 13:20:00-05:00,13056.5,12985.5,12985.75,13190.925,1,-1424.6,stop
2021-01-11,2021-01-11 10:10:00-05:00,2021-01-11 14:00:00-05:00,12980.5,12959.75,12892.25,13148.175,1,-419.6,time
2021-01-13,2021-01-13 10:40:00-05:00,2021-01-13 14:00:00-05:00,12958.75,12977.75,12864.5,13137.825,1,375.4,time
2021-01-14,2021-01-14 10:50:00-05:00,2021-01-14 11:55:00-05:00,13021.25,12968.5,12968.75,13121.0,1,-1059.6,stop
2021-01-19,2021-01-19 12:40:00-05:00,2021-01-19 14:00:00-05:00,12931.25,12988.5,12860.5,13065.675,1,1140.4,time
2021-01-20,2021-01-20 10:10:00-05:00,2021-01-20 14:00:00-05:00,13206.75,13280.25,13121.0,13369.675,1,1465.4,time
2021-01-21,2021-01-21 10:15:00-05:00,2021-01-21 14:00:00-05:00,13364.75,13364.75,13283.25,13519.6,1,-4.6,time
2021-01-26,2021-01-26 10:50:00-05:00,2021-01-26 14:00:00-05:00,13514.25,13500.0,13426.75,13680.5,1,-289.6,time
2021-01-28,2021-01-28 10:20:00-05:00,2021-01-28 14:00:00-05:00,13267.0,13376.5,13128.25,13530.625,1,2185.4,time
2021-01-29,2021-01-29 10:25:00-05:00,2021-01-29 11:20:00-05:00,13147.25,12997.75,12998.0,13430.825,1,-2994.6,stop
2021-02-01,2021-02-01 10:45:00-05:00,2021-02-01 14:00:00-05:00,13116.5,13261.0,12970.25,13394.375,1,2885.4,time
2021-02-02,2021-02-02 10:20:00-05:00,2021-02-02 14:00:00-05:00,13434.5,13471.5,13345.0,13604.55,1,735.4,time
2021-02-04,2021-02-04 13:05:00-05:00,2021-02-04 14:00:00-05:00,13486.25,13494.75,13412.25,13626.85,1,165.4,time
2021-02-05,2021-02-05 12:20:00-05:00,2021-02-05 14:00:00-05:00,13595.75,13587.75,13535.25,13710.7,1,-164.6,time
2021-02-08,2021-02-08 10:05:00-05:00,2021-02-08 11:25:00-05:00,13674.75,13632.5,13632.75,13754.55,1,-849.6,stop
2021-02-09,2021-02-09 10:10:00-05:00,2021-02-09 14:00:00-05:00,13713.75,13671.25,13645.25,13843.9,1,-854.6,time
2021-02-12,2021-02-12 10:15:00-05:00,2021-02-12 14:00:00-05:00,13707.5,13721.5,13646.0,13824.35,1,275.4,time
2021-02-15,2021-02-15 12:30:00-05:00,2021-02-15 18:00:00-05:00,13863.5,13872.25,13848.25,13892.475,1,170.4,time
2021-02-16,2021-02-16 10:40:00-05:00,2021-02-16 11:05:00-05:00,13871.5,13811.25,13811.5,13985.5,1,-1209.6,stop
2021-02-18,2021-02-18 13:25:00-05:00,2021-02-18 14:00:00-05:00,13596.5,13600.0,13522.5,13737.1,1,65.4,time
2021-02-23,2021-02-23 10:30:00-05:00,2021-02-23 14:00:00-05:00,13025.25,13045.25,12757.25,13534.45,1,395.4,time
2021-02-24,2021-02-24 11:15:00-05:00,2021-02-24 14:00:00-05:00,13143.5,13252.5,13002.0,13412.35,1,2175.4,time
2021-02-26,2021-02-26 12:10:00-05:00,2021-02-26 14:00:00-05:00,13052.75,12955.5,12858.75,13421.35,1,-1949.6,time
2021-03-01,2021-03-01 10:20:00-05:00,2021-03-01 14:00:00-05:00,13131.75,13207.75,13040.5,13305.125,1,1515.4,time
2021-03-04,2021-03-04 11:45:00-05:00,2021-03-04 12:25:00-05:00,12783.0,12568.0,12568.25,13191.025,1,-4304.6,stop
2021-03-08,2021-03-08 10:35:00-05:00,2021-03-08 11:50:00-05:00,12708.75,12526.5,12526.75,13054.55,1,-3649.6,stop
2021-03-09,2021-03-09 10:05:00-05:00,2021-03-09 14:00:00-05:00,12725.25,12854.25,12587.0,12987.925,1,2575.4,time
2021-03-11,2021-03-11 10:50:00-05:00,2021-03-11 14:00:00-05:00,13009.5,13073.5,12931.25,13158.175,1,1275.4,time
2021-03-12,2021-03-12 12:30:00-05:00,2021-03-12 14:00:00-05:00,12903.5,12882.75,12798.0,13103.95,1,-419.6,time
2021-03-15,2021-03-15 10:15:00-04:00,2021-03-15 11:30:00-04:00,12987.25,12896.75,12897.0,13158.725,1,-1814.6,stop
2021-03-16,2021-03-16 10:05:00-04:00,2021-03-16 14:00:00-04:00,13245.75,13189.5,13142.5,13441.925,1,-1129.6,time
2021-03-17,2021-03-17 10:20:00-04:00,2021-03-17 14:00:00-04:00,13079.75,13009.5,12946.5,13332.925,1,-1409.6,time
2021-03-22,2021-03-22 10:35:00-04:00,2021-03-22 14:00:00-04:00,13026.0,13139.0,12927.75,13212.675,1,2255.4,time
2021-03-23,2021-03-23 10:15:00-04:00,2021-03-23 14:00:00-04:00,13122.75,13080.25,13050.5,13260.025,1,-854.6,time
2021-03-25,2021-03-25 10:05:00-04:00,2021-03-25 10:45:00-04:00,12823.0,12688.5,12688.75,13078.075,1,-2694.6,stop
2021-03-26,2021-03-26 10:05:00-04:00,2021-03-26 14:00:00-04:00,12851.0,12798.75,12753.75,13035.775,1,-1049.6,time
2021-03-29,2021-03-29 13:05:00-04:00,2021-03-29 14:00:00-04:00,12986.5,12953.75,12852.25,13241.575,1,-659.6,time
2021-03-30,2021-03-30 11:35:00-04:00,2021-03-30 14:00:00-04:00,12895.25,12851.5,12805.25,13066.25,1,-879.6,time
2021-03-31,2021-03-31 10:05:00-04:00,2021-03-31 14:00:00-04:00,13067.5,13124.75,12953.0,13285.05,1,1140.4,time
2021-04-01,2021-04-01 10:10:00-04:00,2021-04-01 14:00:00-04:00,13306.5,13281.25,13241.75,13429.525,1,-509.6,time
2021-04-05,2021-04-05 10:10:00-04:00,2021-04-05 14:00:00-04:00,13490.25,13598.5,13409.25,13644.15,1,2160.4,time
2021-04-06,2021-04-06 10:05:00-04:00,2021-04-06 14:00:00-04:00,13605.0,13592.75,13538.75,13730.875,1,-249.6,time
2021-04-07,2021-04-07 10:05:00-04:00,2021-04-07 14:00:00-04:00,13593.0,13596.25,13512.5,13745.95,1,60.4,time
2021-04-09,2021-04-09 10:05:00-04:00,2021-04-09 14:00:00-04:00,13732.5,13781.25,13658.25,13873.575,1,970.4,time
2021-04-12,2021-04-12 12:35:00-04:00,2021-04-12 14:00:00-04:00,13814.0,13782.75,13742.5,13949.85,1,-629.6,time
2021-04-15,2021-04-15 10:30:00-04:00,2021-04-15 14:00:00-04:00,13989.25,14013.75,13923.0,14115.125,1,485.4,time
2021-04-21,2021-04-21 10:30:00-04:00,2021-04-21 14:00:00-04:00,13816.0,13859.25,13700.5,14035.45,1,860.4,time
2021-04-22,2021-04-22 10:35:00-04:00,2021-04-22 13:10:00-04:00,13931.25,13855.25,13855.5,14075.175,1,-1524.6,stop
2021-04-23,2021-04-23 10:05:00-04:00,2021-04-23 12:50:00-04:00,13837.75,13954.825,13776.0,13955.075,1,2336.9000000000146,target
2021-04-26,2021-04-26 10:10:00-04:00,2021-04-26 14:00:00-04:00,13952.25,13993.25,13902.25,14047.25,1,815.4,time
2021-04-30,2021-04-30 10:25:00-04:00,2021-04-30 13:50:00-04:00,13923.25,13840.25,13840.5,14080.475,1,-1664.6,stop
2021-05-03,2021-05-03 10:15:00-04:00,2021-05-03 10:50:00-04:00,13929.75,13850.75,13851.0,14079.375,1,-1584.6,stop
2021-05-06,2021-05-06 11:35:00-04:00,2021-05-06 14:00:00-04:00,13524.0,13492.25,13424.5,13713.05,1,-639.6,time
2021-05-07,2021-05-07 10:10:00-04:00,2021-05-07 14:00:00-04:00,13764.5,13681.0,13661.5,13960.2,1,-1674.6,time
2021-05-11,2021-05-11 11:20:00-04:00,2021-05-11 14:00:00-04:00,13272.25,13335.0,13084.75,13628.5,1,1250.4,time
2021-05-13,2021-05-13 10:05:00-04:00,2021-05-13 11:40:00-04:00,13189.25,13086.5,13086.75,13384.0,1,-2059.6,stop
2021-05-14,2021-05-14 10:15:00-04:00,2021-05-14 14:00:00-04:00,13287.25,13369.0,13208.75,13436.4,1,1630.4,time
2021-05-18,2021-05-18 10:30:00-04:00,2021-05-18 14:00:00-04:00,13382.75,13331.0,13300.0,13539.975,1,-1039.6,time
2021-05-19,2021-05-19 10:30:00-04:00,2021-05-19 14:00:00-04:00,13092.25,13164.75,12969.5,13325.475,1,1445.4,time
2021-05-20,2021-05-20 10:05:00-04:00,2021-05-20 14:00:00-04:00,13406.0,13479.25,13281.25,13643.025,1,1460.4,time
2021-05-24,2021-05-24 10:05:00-04:00,2021-05-24 14:00:00-04:00,13589.5,13657.5,13493.5,13771.9,1,1355.4,time
2021-05-26,2021-05-26 11:10:00-04:00,2021-05-26 14:00:00-04:00,13711.5,13686.5,13662.0,13805.55,1,-504.6,time
2021-05-27,2021-05-27 10:20:00-04:00,2021-05-27 14:00:00-04:00,13699.25,13686.75,13644.0,13804.225,1,-254.6,time
2021-05-28,2021-05-28 11:45:00-04:00,2021-05-28 14:00:00-04:00,13745.5,13716.0,13695.75,13840.025,1,-594.6,time
2021-06-03,2021-06-03 11:00:00-04:00,2021-06-03 14:00:00-04:00,13579.0,13566.0,13462.25,13800.825,1,-264.6,time
2021-06-04,2021-06-04 10:05:00-04:00,2021-06-04 14:00:00-04:00,13733.25,13774.5,13605.5,13975.975,1,820.4,time
2021-06-14,2021-06-14 12:05:00-04:00,2021-06-14 14:00:00-04:00,14049.0,14067.0,13965.25,14208.125,1,355.4,time
2021-06-17,2021-06-17 10:05:00-04:00,2021-06-17 14:00:00-04:00,14050.75,14175.5,13942.25,14256.9,1,2490.4,time
2021-06-21,2021-06-21 10:40:00-04:00,2021-06-21 14:00:00-04:00,14082.0,14133.5,13958.5,14316.65,1,1025.4,time
2021-06-22,2021-06-22 11:10:00-04:00,2021-06-22 14:00:00-04:00,14187.5,14220.75,14107.5,14339.5,1,660.4,time
2021-06-24,2021-06-24 10:10:00-04:00,2021-06-24 13:20:00-04:00,14387.25,14343.75,14344.0,14469.425,1,-874.6,stop
2021-06-28,2021-06-28 10:10:00-04:00,2021-06-28 14:00:00-04:00,14467.25,14463.0,14390.75,14612.6,1,-89.6,time
2021-06-29,2021-06-29 12:20:00-04:00,2021-06-29 14:00:00-04:00,14534.0,14551.0,14470.5,14654.65,1,335.4,time
2021-07-02,2021-07-02 11:55:00-04:00,2021-07-02 14:00:00-04:00,14670.25,14690.25,14619.25,14767.15,1,395.4,time
2021-07-06,2021-07-06 10:10:00-04:00,2021-07-06 10:30:00-04:00,14786.25,14737.75,14738.0,14877.925,1,-974.6,stop
2021-07-08,2021-07-08 10:30:00-04:00,2021-07-08 14:00:00-04:00,14644.25,14734.0,14540.5,14841.375,1,1790.4,time
2021-07-09,2021-07-09 10:25:00-04:00,2021-07-09 14:00:00-04:00,14728.25,14809.25,14668.0,14842.725,1,1615.4,time
2021-07-13,2021-07-13 10:05:00-04:00,2021-07-13 14:00:00-04:00,14927.5,14885.5,14842.25,15089.475,1,-844.6,time
2021-07-14,2021-07-14 10:05:00-04:00,2021-07-14 11:25:00-04:00,14992.25,14934.75,14935.0,15101.025,1,-1154.6,stop
2021-07-20,2021-07-20 10:25:00-04:00,2021-07-20 14:00:00-04:00,14608.75,14723.5,14516.75,14783.55,1,2290.4,time
2021-07-21,2021-07-21 10:25:00-04:00,2021-07-21 14:00:00-04:00,14761.25,14779.0,14692.25,14892.35,1,350.4,time
2021-07-22,2021-07-22 10:30:00-04:00,2021-07-22 14:00:00-04:00,14905.0,14905.5,14839.5,15029.45,1,5.4,time
2021-07-23,2021-07-23 10:20:00-04:00,2021-07-23 14:00:00-04:00,14997.75,15097.25,14934.25,15118.4,1,1985.4,time
2021-07-26,2021-07-26 10:05:00-04:00,2021-07-26 14:00:00-04:00,15112.75,15105.0,15040.25,15250.5,1,-159.6,time
2021-07-28,2021-07-28 10:20:00-04:00,2021-07-28 14:00:00-04:00,15054.5,14973.25,14901.5,15345.2,1,-1629.6,time
2021-07-30,2021-07-30 10:05:00-04:00,2021-07-30 14:00:00-04:00,14977.0,14964.5,14866.0,15187.9,1,-254.6,time
2021-08-02,2021-08-02 11:25:00-04:00,2021-08-02 14:00:00-04:00,15045.75,14985.5,14935.75,15254.75,1,-1209.6,time
2021-08-03,2021-08-03 12:00:00-04:00,2021-08-03 14:00:00-04:00,15011.0,15019.5,14903.25,15215.725,1,165.4,time
2021-08-04,2021-08-04 13:05:00-04:00,2021-08-04 14:00:00-04:00,15075.25,15074.5,15018.5,15183.075,1,-19.6,time
2021-08-05,2021-08-05 10:10:00-04:00,2021-08-05 14:00:00-04:00,15129.0,15154.75,15073.0,15235.4,1,510.4,time
2021-08-12,2021-08-12 10:20:00-04:00,2021-08-12 14:00:00-04:00,15008.5,15052.25,14946.5,15126.3,1,870.4,time
2021-08-13,2021-08-13 10:20:00-04:00,2021-08-13 14:00:00-04:00,15133.75,15115.5,15068.25,15258.2,1,-369.6,time
2021-08-17,2021-08-17 10:45:00-04:00,2021-08-17 11:55:00-04:00,15050.0,14954.75,14955.0,15230.5,1,-1909.6,stop
2021-08-19,2021-08-19 10:10:00-04:00,2021-08-19 14:00:00-04:00,14847.0,14928.0,14763.75,15005.175,1,1615.4,time
2021-08-20,2021-08-20 10:05:00-04:00,2021-08-20 14:00:00-04:00,15059.75,15053.75,14959.0,15251.175,1,-124.6,time
2021-08-23,2021-08-23 10:05:00-04:00,2021-08-23 14:00:00-04:00,15230.25,15314.5,15124.75,15430.7,1,1680.4,time
2021-08-24,2021-08-24 10:10:00-04:00,2021-08-24 14:00:00-04:00,15361.25,15347.25,15313.0,15452.925,1,-284.6,time
2021-08-27,2021-08-27 10:05:00-04:00,2021-08-27 14:00:00-04:00,15361.25,15434.0,15284.25,15507.55,1,1450.4,time
2021-08-30,2021-08-30 10:05:00-04:00,2021-08-30 14:00:00-04:00,15545.75,15612.5,15455.25,15717.7,1,1330.4,time
2021-09-03,2021-09-03 10:05:00-04:00,2021-09-03 14:00:00-04:00,15661.5,15656.25,15554.25,15865.275,1,-109.6,time
2021-09-06,2021-09-06 10:05:00-04:00,2021-09-06 18:00:00-04:00,15706.25,15701.75,15686.75,15743.3,1,-94.6,time
2021-09-07,2021-09-07 10:55:00-04:00,2021-09-07 14:00:00-04:00,15673.5,15691.75,15613.5,15787.5,1,360.4,time
2021-09-15,2021-09-15 13:00:00-04:00,2021-09-15 14:00:00-04:00,15447.0,15460.25,15339.0,15652.2,1,260.4,time
2021-09-22,2021-09-22 10:05:00-04:00,2021-09-22 14:00:00-04:00,15094.0,15134.75,15014.75,15244.575,1,810.4,time
2021-09-23,2021-09-23 10:05:00-04:00,2021-09-23 14:00:00-04:00,15319.0,15344.75,15182.0,15579.3,1,510.4,time
2021-09-24,2021-09-24 10:05:00-04:00,2021-09-24 14:00:00-04:00,15257.5,15261.5,15189.75,15386.225,1,75.4,time
2021-09-27,2021-09-27 11:05:00-04:00,2021-09-27 14:00:00-04:00,15221.75,15199.75,15084.0,15483.475,1,-444.6,time
2021-10-01,2021-10-01 13:50:00-04:00,2021-10-01 14:00:00-04:00,14740.25,14717.75,14606.75,14993.9,1,-454.6,time
2021-10-05,2021-10-05 10:05:00-04:00,2021-10-05 14:00:00-04:00,14606.5,14739.25,14497.5,14813.6,1,2650.4,time
2021-10-06,2021-10-06 10:25:00-04:00,2021-10-06 14:00:00-04:00,14658.75,14691.25,14511.5,14938.525,1,645.4,time
2021-10-07,2021-10-07 10:05:00-04:00,2021-10-07 14:00:00-04:00,14971.0,14962.25,14859.25,15183.325,1,-179.6,time
2021-10-11,2021-10-11 10:05:00-04:00,2021-10-11 14:00:00-04:00,14868.25,14782.25,14722.0,15146.125,1,-1724.6,time
2021-10-14,2021-10-14 10:05:00-04:00,2021-10-14 14:00:00-04:00,14973.5,15034.5,14890.5,15131.2,1,1215.4,time
2021-10-15,2021-10-15 11:00:00-04:00,2021-10-15 14:00:00-04:00,15110.5,15099.0,15049.25,15226.875,1,-234.6,time
2021-10-18,2021-10-18 10:10:00-04:00,2021-10-18 14:00:00-04:00,15153.75,15247.0,15052.0,15347.075,1,1860.4,time
2021-10-19,2021-10-19 10:30:00-04:00,2021-10-19 14:00:00-04:00,15359.5,15394.0,15302.0,15468.75,1,685.4,time
2021-10-20,2021-10-20 10:35:00-04:00,2021-10-20 11:00:00-04:00,15445.0,15397.0,15397.25,15535.725,1,-964.6,stop
2021-10-21,2021-10-21 10:10:00-04:00,2021-10-21 14:00:00-04:00,15399.75,15416.5,15334.0,15524.675,1,330.4,time
2021-10-22,2021-10-22 10:30:00-04:00,2021-10-22 11:15:00-04:00,15463.0,15385.25,15385.5,15610.25,1,-1559.6,stop
2021-10-25,2021-10-25 12:00:00-04:00,2021-10-25 14:00:00-04:00,15437.0,15490.25,15322.25,15655.025,1,1060.4,time
2021-10-26,2021-10-26 10:15:00-04:00,2021-10-26 12:00:00-04:00,15675.0,15579.75,15580.0,15855.5,1,-1909.6,stop
2021-10-27,2021-10-27 10:55:00-04:00,2021-10-27 14:00:00-04:00,15649.0,15710.25,15558.75,15820.475,1,1220.4,time
2021-10-28,2021-10-28 10:30:00-04:00,2021-10-28 14:00:00-04:00,15699.5,15729.25,15635.5,15821.1,1,590.4,time
2021-10-29,2021-10-29 11:10:00-04:00,2021-10-29 14:00:00-04:00,15708.25,15783.25,15615.75,15884.0,1,1495.4,time
2021-11-02,2021-11-02 11:45:00-04:00,2021-11-02 14:00:00-04:00,15972.25,15937.25,15864.0,16177.925,1,-704.6,time
2021-11-04,2021-11-04 10:05:00-04:00,2021-11-04 14:00:00-04:00,16253.75,16348.75,16157.0,16437.575,1,1895.4,time
2021-11-10,2021-11-10 10:05:00-05:00,2021-11-10 13:15:00-05:00,16182.75,16041.5,16041.75,16450.65,1,-2829.6,stop
2021-11-12,2021-11-12 10:50:00-05:00,2021-11-12 14:00:00-05:00,16087.25,16186.5,16001.75,16249.7,1,1980.4,time
2021-11-16,2021-11-16 11:05:00-05:00,2021-11-16 14:00:00-05:00,16255.75,16311.75,16149.25,16458.1,1,1115.4,time
2021-11-17,2021-11-17 10:40:00-05:00,2021-11-17 14:00:00-05:00,16345.0,16347.75,16270.0,16487.5,1,50.4,time
2021-11-18,2021-11-18 11:35:00-05:00,2021-11-18 14:00:00-05:00,16430.5,16436.25,16353.25,16577.275,1,110.4,time
2021-11-19,2021-11-19 11:40:00-05:00,2021-11-19 14:00:00-05:00,16618.5,16581.0,16516.25,16812.775,1,-754.6,time
2021-11-22,2021-11-22 10:05:00-05:00,2021-11-22 11:10:00-05:00,16744.75,16638.0,16638.25,16947.1,1,-2139.6,stop
2021-11-24,2021-11-24 10:05:00-05:00,2021-11-24 14:00:00-05:00,16225.75,16302.75,16102.0,16460.875,1,1535.4,time
2021-11-29,2021-11-29 11:35:00-05:00,2021-11-29 14:00:00-05:00,16317.5,16413.0,16208.5,16524.6,1,1905.4,time
2021-11-30,2021-11-30 10:05:00-05:00,2021-11-30 10:45:00-05:00,16422.25,16318.75,16319.0,16618.425,1,-2074.6,stop
2021-12-01,2021-12-01 10:10:00-05:00,2021-12-01 12:55:00-05:00,16371.75,16270.25,16270.5,16564.125,1,-2034.6,stop
2021-12-02,2021-12-02 10:05:00-05:00,2021-12-02 10:40:00-05:00,16018.25,15788.25,15788.5,16454.775,1,-4604.6,stop
2021-12-06,2021-12-06 10:20:00-05:00,2021-12-06 14:00:00-05:00,15764.0,15871.25,15559.25,16153.025,1,2140.4,time
2021-12-07,2021-12-07 10:10:00-05:00,2021-12-07 14:00:00-05:00,16245.5,16336.5,16119.0,16485.85,1,1815.4,time
2021-12-08,2021-12-08 13:45:00-05:00,2021-12-08 14:00:00-05:00,16369.0,16356.0,16251.5,16592.25,1,-264.6,time
2021-12-21,2021-12-21 12:15:00-05:00,2021-12-21 14:00:00-05:00,15813.75,15915.75,15664.0,16098.275,1,2035.4,time
2021-12-22,2021-12-22 10:40:00-05:00,2021-12-22 14:00:00-05:00,16066.0,16065.75,15933.25,16318.225,1,-9.6,time
2021-12-23,2021-12-23 10:15:00-05:00,2021-12-23 14:00:00-05:00,16258.75,16327.5,16176.5,16415.025,1,1370.4,time
2021-12-27,2021-12-27 10:05:00-05:00,2021-12-27 14:00:00-05:00,16457.5,16549.0,16344.5,16672.2,1,1825.4,time
2021-12-30,2021-12-30 10:10:00-05:00,2021-12-30 14:00:00-05:00,16538.25,16534.25,16449.25,16707.35,1,-84.6,time
2022-01-06,2022-01-06 11:15:00-05:00,2022-01-06 14:00:00-05:00,15860.5,15822.5,15672.0,16218.65,1,-764.6,time
2022-01-10,2022-01-10 13:55:00-05:00,2022-01-10 14:00:00-05:00,15418.75,15409.0,15241.75,15755.05,1,-199.6,time
2022-01-11,2022-01-11 10:05:00-05:00,2022-01-11 14:00:00-05:00,15620.75,15803.75,15475.0,15897.675,1,3655.4,time
2022-01-12,2022-01-12 10:15:00-05:00,2022-01-12 10:35:00-05:00,16003.5,15884.25,15884.5,16229.6,1,-2389.6,stop
2022-01-18,2022-01-18 10:10:00-05:00,2022-01-18 11:30:00-05:00,15408.25,15271.5,15271.75,15667.6,1,-2739.6,stop
2022-01-20,2022-01-20 10:35:00-05:00,2022-01-20 14:00:00-05:00,15302.5,15178.75,15160.25,15572.775,1,-2479.6,time
2022-01-21,2022-01-21 11:25:00-05:00,2022-01-21 12:20:00-05:00,14844.25,14631.0,14631.25,15248.95,1,-4269.6,stop
2022-01-26,2022-01-26 10:05:00-05:00,2022-01-26 10:40:00-05:00,14505.25,14350.0,14350.25,14799.75,1,-3109.6,stop
2022-01-27,2022-01-27 10:15:00-05:00,2022-01-27 10:30:00-05:00,14401.75,14231.75,14232.0,14724.275,1,-3404.6,stop
2022-01-28,2022-01-28 10:55:00-05:00,2022-01-28 14:00:00-05:00,14110.25,14229.75,13867.0,14572.425,1,2385.4,time
2022-01-31,2022-01-31 10:05:00-05:00,2022-01-31 14:00:00-05:00,14650.0,14775.0,14416.25,15094.125,1,2495.4,time
2022-02-03,2022-02-03 10:30:00-05:00,2022-02-03 11:55:00-05:00,14823.25,14677.25,14677.5,15100.175,1,-2924.6,stop
2022-02-04,2022-02-04 10:05:00-05:00,2022-02-04 14:00:00-05:00,14610.25,14744.5,14432.75,14947.5,1,2680.4,time
2022-02-08,2022-02-08 10:50:00-05:00,2022-02-08 14:00:00-05:00,14592.25,14692.75,14501.5,14764.675,1,2005.4,time
2022-02-09,2022-02-09 11:05:00-05:00,2022-02-09 14:00:00-05:00,14964.25,14982.25,14863.75,15155.2,1,355.4,time
2022-02-10,2022-02-10 10:05:00-05:00,2022-02-10 13:35:00-05:00,14959.0,14734.75,14735.0,15384.6,1,-4489.6,stop
2022-02-14,2022-02-14 11:20:00-05:00,2022-02-14 13:50:00-05:00,14338.0,14181.75,14182.0,14634.4,1,-3129.6,stop
2022-02-15,2022-02-15 10:45:00-05:00,2022-02-15 12:45:00-05:00,14540.25,14444.75,14445.0,14721.225,1,-1914.6,stop
2022-02-22,2022-02-22 10:30:00-05:00,2022-02-22 11:50:00-05:00,14105.25,13861.75,13862.0,14567.425,1,-4874.6,stop
2022-02-24,2022-02-24 10:15:00-05:00,2022-02-24 14:00:00-05:00,13377.75,13601.25,13058.0,13985.275,1,4465.4,time
2022-02-25,2022-02-25 10:45:00-05:00,2022-02-25 14:00:00-05:00,14038.75,14111.75,13860.0,14378.375,1,1455.4,time
2022-02-28,2022-02-28 10:40:00-05:00,2022-02-28 14:00:00-05:00,14181.0,14139.25,14027.25,14473.125,1,-839.6,time
2022-03-02,2022-03-02 11:10:00-05:00,2022-03-02 14:00:00-05:00,14158.75,14233.0,14011.0,14439.475,1,1480.4,time
2022-03-08,2022-03-08 12:15:00-05:00,2022-03-08 14:00:00-05:00,13458.25,13354.25,13221.75,13907.6,1,-2084.6,time
2022-03-09,2022-03-09 10:25:00-05:00,2022-03-09 14:00:00-05:00,13641.0,13691.0,13496.0,13916.5,1,995.4,time
2022-03-10,2022-03-10 10:20:00-05:00,2022-03-10 10:30:00-05:00,13605.75,13486.0,13486.25,13832.8,1,-2399.6,stop
2022-03-14,2022-03-14 10:15:00-04:00,2022-03-14 11:40:00-04:00,13373.75,13204.75,13205.0,13694.375,1,-3384.6,stop
2022-03-15,2022-03-15 10:05:00-04:00,2022-03-15 14:00:00-04:00,13219.25,13335.25,13091.25,13462.45,1,2315.4,time
2022-03-16,2022-03-16 10:15:00-04:00,2022-03-16 14:00:00-04:00,13753.25,13744.0,13612.75,14020.2,1,-189.6,time
2022-03-17,2022-03-17 10:05:00-04:00,2022-03-17 14:00:00-04:00,13997.0,14074.0,13822.75,14328.075,1,1535.4,time
2022-03-22,2022-03-22 10:05:00-04:00,2022-03-22 14:00:00-04:00,14531.25,14645.25,14374.0,14830.025,1,2275.4,time
2022-03-23,2022-03-23 10:15:00-04:00,2022-03-23 14:00:00-04:00,14563.75,14531.75,14460.75,14759.45,1,-644.6,time
2022-03-24,2022-03-24 11:15:00-04:00,2022-03-24 14:00:00-04:00,14563.0,14655.25,14468.5,14742.55,1,1840.4,time
2022-03-25,2022-03-25 10:45:00-04:00,2022-03-25 11:00:00-04:00,14792.5,14708.0,14708.25,14952.575,1,-1694.6,stop
2022-03-30,2022-03-30 10:15:00-04:00,2022-03-30 11:00:00-04:00,15219.5,15141.0,15141.25,15368.175,1,-1574.6,stop
2022-04-04,2022-04-04 10:40:00-04:00,2022-04-04 14:00:00-04:00,15062.5,15119.25,14883.5,15402.6,1,1130.4,time
2022-04-08,2022-04-08 12:25:00-04:00,2022-04-08 14:00:00-04:00,14483.75,14391.25,14312.5,14809.125,1,-1854.6,time
2022-04-13,2022-04-13 10:20:00-04:00,2022-04-13 14:00:00-04:00,14082.0,14161.25,13921.0,14387.9,1,1580.4,time
2022-04-18,2022-04-18 10:15:00-04:00,2022-04-18 12:10:00-04:00,13945.5,13826.75,13827.0,14170.65,1,-2379.6,stop
2022-04-19,2022-04-19 10:05:00-04:00,2022-04-19 14:00:00-04:00,14023.0,14156.75,13833.5,14383.05,1,2670.4,time
2022-04-25,2022-04-25 10:30:00-04:00,2022-04-25 14:00:00-04:00,13392.75,13351.5,13236.0,13690.575,1,-829.6,time
2022-04-28,2022-04-28 12:40:00-04:00,2022-04-28 14:00:00-04:00,13292.0,13447.0,13095.75,13664.875,1,3095.4,time
2022-05-02,2022-05-02 10:30:00-04:00,2022-05-02 13:45:00-04:00,12983.25,12742.5,12742.75,13440.2,1,-4819.6,stop
2022-05-03,2022-05-03 10:05:00-04:00,2022-05-03 14:00:00-04:00,13140.0,13137.5,12968.5,13465.85,1,-54.6,time
2022-05-04,2022-05-04 13:05:00-04:00,2022-05-04 14:00:00-04:00,13121.0,13143.75,13016.75,13319.075,1,450.4,time
2022-05-06,2022-05-06 10:50:00-04:00,2022-05-06 14:00:00-04:00,12807.5,12685.25,12519.0,13355.65,1,-2449.6,time
2022-05-12,2022-05-12 10:10:00-04:00,2022-05-12 14:00:00-04:00,11910.25,11739.75,11693.25,12322.55,1,-3414.6,time
2022-05-13,2022-05-13 10:05:00-04:00,2022-05-13 14:00:00-04:00,12288.5,12303.25,12064.75,12713.625,1,290.4,time
2022-05-16,2022-05-16 10:30:00-04:00,2022-05-16 10:55:00-04:00,12366.5,12216.75,12217.0,12650.55,1,-2999.6,stop
2022-05-19,2022-05-19 11:25:00-04:00,2022-05-19 14:00:00-04:00,11979.25,11974.75,11795.25,12328.85,1,-94.6,time
2022-05-23,2022-05-23 11:35:00-04:00,2022-05-23 14:00:00-04:00,12001.5,12003.0,11817.75,12350.625,1,25.4,time
2022-05-25,2022-05-25 10:30:00-04:00,2022-05-25 14:00:00-04:00,11890.25,11849.5,11708.0,12236.525,1,-819.6,time
2022-05-26,2022-05-26 10:15:00-04:00,2022-05-26 14:00:00-04:00,12162.0,12318.5,11899.0,12661.7,1,3125.4,time
2022-05-27,2022-05-27 10:05:00-04:00,2022-05-27 14:00:00-04:00,12533.25,12588.5,12402.0,12782.625,1,1100.4,time
2022-05-30,2022-05-30 10:50:00-04:00,2022-05-30 18:00:00-04:00,12792.25,12810.75,12746.0,12880.125,1,365.4,time
2022-05-31,2022-05-31 11:55:00-04:00,2022-05-31 14:00:00-04:00,12698.25,12757.5,12520.75,13035.5,1,1180.4,time
2022-06-02,2022-06-02 10:15:00-04:00,2022-06-02 14:00:00-04:00,12618.0,12831.5,12442.5,12951.45,1,4265.4,time
2022-06-06,2022-06-06 10:05:00-04:00,2022-06-06 11:15:00-04:00,12788.75,12673.25,12673.5,13007.725,1,-2314.6,stop
2022-06-07,2022-06-07 10:30:00-04:00,2022-06-07 14:00:00-04:00,12591.5,12647.25,12412.5,12931.6,1,1110.4,time
2022-06-09,2022-06-09 10:40:00-04:00,2022-06-09 13:40:00-04:00,12659.75,12505.75,12506.0,12951.875,1,-3084.6,stop
2022-06-15,2022-06-15 10:10:00-04:00,2022-06-15 14:00:00-04:00,11524.5,11546.0,11427.75,11708.325,1,425.4,time
2022-06-20,2022-06-20 10:20:00-04:00,2022-06-20 18:00:00-04:00,11378.0,11425.5,11333.0,11463.5,1,945.4,time
2022-06-21,2022-06-21 10:05:00-04:00,2022-06-21 14:00:00-04:00,11646.75,11603.0,11475.75,11971.65,1,-879.6,time
2022-06-22,2022-06-22 10:15:00-04:00,2022-06-22 14:00:00-04:00,11629.75,11659.5,11446.75,11977.45,1,590.4,time
2022-06-23,2022-06-23 10:45:00-04:00,2022-06-23 14:00:00-04:00,11702.25,11618.5,11543.0,12004.825,1,-1679.6,time
2022-06-24,2022-06-24 10:05:00-04:00,2022-06-24 14:00:00-04:00,12036.25,12007.25,11838.75,12411.5,1,-584.6,time
2022-06-29,2022-06-29 10:05:00-04:00,2022-06-29 14:00:00-04:00,11731.75,11690.5,11564.5,12049.525,1,-829.6,time
2022-06-30,2022-06-30 11:55:00-04:00,2022-06-30 14:00:00-04:00,11592.0,11644.0,11392.75,11970.575,1,1035.4,time
2022-07-05,2022-07-05 10:15:00-04:00,2022-07-05 14:00:00-04:00,11507.5,11674.5,11389.25,11732.175,1,3335.4,time
2022-07-07,2022-07-07 10:55:00-04:00,2022-07-07 14:00:00-04:00,12064.5,12126.0,11918.25,12342.375,1,1225.4,time
2022-07-08,2022-07-08 10:30:00-04:00,2022-07-08 14:00:00-04:00,12117.75,12125.0,11978.25,12382.8,1,140.4,time
2022-07-13,2022-07-13 10:35:00-04:00,2022-07-13 14:00:00-04:00,11710.0,11822.25,11522.5,12066.25,1,2240.4,time
2022-07-14,2022-07-14 11:45:00-04:00,2022-07-14 14:00:00-04:00,11696.5,11726.75,11547.5,11979.6,1,600.4,time
2022-07-15,2022-07-15 11:15:00-04:00,2022-07-15 14:00:00-04:00,11986.75,11980.5,11853.5,12239.925,1,-129.6,time
2022-07-19,2022-07-19 10:30:00-04:00,2022-07-19 14:00:00-04:00,12085.75,12254.0,11993.0,12261.975,1,3360.4,time
2022-07-20,2022-07-20 10:25:00-04:00,2022-07-20 14:00:00-04:00,12358.5,12378.25,12257.5,12550.4,1,390.4,time
2022-07-21,2022-07-21 11:35:00-04:00,2022-07-21 14:00:00-04:00,12537.0,12578.75,12409.25,12779.725,1,830.4,time
2022-07-27,2022-07-27 10:15:00-04:00,2022-07-27 14:00:00-04:00,12416.25,12438.0,12276.5,12681.775,1,430.4,time
2022-07-28,2022-07-28 11:30:00-04:00,2022-07-28 14:00:00-04:00,12665.75,12729.0,12453.75,13068.55,1,1260.4,time
2022-07-29,2022-07-29 10:05:00-04:00,2022-07-29 14:00:00-04:00,12895.75,12925.25,12744.25,13183.6,1,585.4,time
2022-08-01,2022-08-01 10:10:00-04:00,2022-08-01 14:00:00-04:00,13043.25,12933.0,12851.75,13407.1,1,-2209.6,time
2022-08-02,2022-08-02 10:55:00-04:00,2022-08-02 14:00:00-04:00,12997.5,12930.75,12853.0,13272.05,1,-1339.6,time
2022-08-03,2022-08-03 10:05:00-04:00,2022-08-03 14:00:00-04:00,13146.25,13267.75,12989.5,13444.075,1,2425.4,time
2022-08-05,2022-08-05 10:05:00-04:00,2022-08-05 11:25:00-04:00,13228.5,13114.25,13114.5,13445.1,1,-2289.6,stop
2022-08-10,2022-08-10 11:05:00-04:00,2022-08-10 14:00:00-04:00,13368.5,13371.0,13268.5,13558.5,1,45.4,time
2022-08-11,2022-08-11 10:05:00-04:00,2022-08-11 11:05:00-04:00,13527.25,13455.25,13455.5,13663.575,1,-1444.6,stop
2022-08-12,2022-08-12 10:20:00-04:00,2022-08-12 14:00:00-04:00,13458.75,13504.25,13359.25,13647.8,1,905.4,time
2022-08-15,2022-08-15 11:45:00-04:00,2022-08-15 14:00:00-04:00,13636.75,13661.0,13534.25,13831.5,1,480.4,time
2022-08-16,2022-08-16 11:55:00-04:00,2022-08-16 14:00:00-04:00,13672.0,13698.25,13583.0,13841.1,1,520.4,time
2022-08-18,2022-08-18 10:45:00-04:00,2022-08-18 14:00:00-04:00,13507.25,13540.5,13435.0,13644.525,1,660.4,time
2022-08-23,2022-08-23 10:10:00-04:00,2022-08-23 14:00:00-04:00,12994.5,12919.75,12866.0,13238.65,1,-1499.6,time
2022-08-24,2022-08-24 10:20:00-04:00,2022-08-24 14:00:00-04:00,12941.25,12938.25,12851.5,13111.775,1,-64.6,time
2022-08-25,2022-08-25 10:05:00-04:00,2022-08-25 14:00:00-04:00,13055.25,13081.5,12962.0,13232.425,1,520.4,time
2022-08-26,2022-08-26 10:10:00-04:00,2022-08-26 10:20:00-04:00,13177.75,13084.5,13084.75,13354.45,1,-1869.6,stop
2022-09-02,2022-09-02 10:35:00-04:00,2022-09-02 12:30:00-04:00,12432.0,12291.5,12291.75,12698.475,1,-2814.6,stop
2022-09-05,2022-09-05 10:35:00-04:00,2022-09-05 18:00:00-04:00,12154.75,12135.75,12104.25,12250.7,1,-384.6,time
2022-09-07,2022-09-07 11:15:00-04:00,2022-09-07 14:00:00-04:00,12140.75,12210.75,12036.0,12339.775,1,1395.4,time
2022-09-08,2022-09-08 10:35:00-04:00,2022-09-08 14:00:00-04:00,12275.0,12259.25,12115.75,12577.575,1,-319.6,time
2022-09-09,2022-09-09 10:05:00-04:00,2022-09-09 14:00:00-04:00,12524.5,12587.0,12415.5,12731.6,1,1245.4,time
2022-09-12,2022-09-12 10:10:00-04:00,2022-09-12 12:10:00-04:00,12743.25,12641.25,12641.5,12936.575,1,-2044.6,stop
2022-09-14,2022-09-14 10:55:00-04:00,2022-09-14 14:00:00-04:00,12145.25,12068.25,12019.0,12385.125,1,-1544.6,time
2022-09-19,2022-09-19 10:40:00-04:00,2022-09-19 14:00:00-04:00,11946.25,11918.0,11815.75,12194.2,1,-569.6,time
2022-09-20,2022-09-20 10:55:00-04:00,2022-09-20 13:25:00-04:00,11953.5,11886.75,11887.0,12079.85,1,-1339.6,stop
2022-09-21,2022-09-21 12:35:00-04:00,2022-09-21 14:00:00-04:00,12004.75,12031.25,11938.0,12131.575,1,525.4,time
2022-09-26,2022-09-26 10:20:00-04:00,2022-09-26 12:25:00-04:00,11527.0,11342.25,11342.5,11877.55,1,-3699.6,stop
2022-09-28,2022-09-28 10:25:00-04:00,2022-09-28 14:00:00-04:00,11371.75,11476.75,11266.0,11572.675,1,2095.4,time
2022-09-30,2022-09-30 10:35:00-04:00,2022-09-30 14:00:00-04:00,11299.25,11160.5,11143.0,11596.125,1,-2779.6,time
2022-10-03,2022-10-03 10:05:00-04:00,2022-10-03 14:00:00-04:00,11157.75,11264.0,11039.75,11381.95,1,2120.4,time
2022-10-04,2022-10-04 10:05:00-04:00,2022-10-04 14:00:00-04:00,11649.75,11607.75,11514.25,11907.2,1,-844.6,time
2022-10-05,2022-10-05 12:50:00-04:00,2022-10-05 14:00:00-04:00,11560.5,11566.25,11465.25,11741.475,1,110.4,time
2022-10-11,2022-10-11 11:45:00-04:00,2022-10-11 14:00:00-04:00,10972.25,10974.0,10821.0,11259.625,1,30.4,time
2022-10-13,2022-10-13 10:05:00-04:00,2022-10-13 11:20:00-04:00,10638.5,10930.375,10484.75,10930.625,1,5832.9,target
2022-10-17,2022-10-17 10:15:00-04:00,2022-10-17 14:00:00-04:00,11127.5,11128.25,10999.0,11371.65,1,10.4,time
2022-10-19,2022-10-19 10:20:00-04:00,2022-10-19 12:45:00-04:00,11224.0,11109.75,11110.0,11440.6,1,-2289.6,stop
2022-10-20,2022-10-20 10:05:00-04:00,2022-10-20 13:45:00-04:00,11245.75,11090.75,11091.0,11539.775,1,-3104.6,stop
2022-10-21,2022-10-21 10:05:00-04:00,2022-10-21 14:00:00-04:00,11165.0,11291.5,10995.25,11487.525,1,2525.4,time
2022-10-24,2022-10-24 12:20:00-04:00,2022-10-24 14:00:00-04:00,11442.5,11395.25,11300.5,11712.3,1,-949.6,time
2022-10-25,2022-10-25 11:10:00-04:00,2022-10-25 14:00:00-04:00,11671.0,11647.5,11515.0,11967.4,1,-474.6,time
2022-10-26,2022-10-26 10:10:00-04:00,2022-10-26 14:00:00-04:00,11531.0,11524.25,11433.0,11717.2,1,-139.6,time
2022-10-28,2022-10-28 10:30:00-04:00,2022-10-28 14:00:00-04:00,11381.0,11528.25,11206.25,11713.025,1,2940.4,time
2022-11-03,2022-11-03 10:50:00-04:00,2022-11-03 14:00:00-04:00,10873.5,10778.25,10723.0,11159.45,1,-1909.6,time
2022-11-08,2022-11-08 10:20:00-05:00,2022-11-08 14:00:00-05:00,11088.0,11042.75,11006.75,11242.375,1,-909.6,time
2022-11-10,2022-11-10 11:15:00-05:00,2022-11-10 14:00:00-05:00,11455.25,11500.5,11269.25,11808.65,1,900.4,time
2022-11-11,2022-11-11 10:15:00-05:00,2022-11-11 14:00:00-05:00,11712.0,11843.75,11569.25,11983.225,1,2630.4,time
2022-11-14,2022-11-14 10:10:00-05:00,2022-11-14 14:00:00-05:00,11789.5,11891.5,11702.0,11955.75,1,2035.4,time
2022-11-17,2022-11-17 10:20:00-05:00,2022-11-17 14:00:00-05:00,11659.75,11746.0,11543.75,11880.15,1,1720.4,time
2022-11-22,2022-11-22 10:50:00-05:00,2022-11-22 14:00:00-05:00,11642.25,11698.25,11527.25,11860.75,1,1115.4,time
2022-11-23,2022-11-23 10:15:00-05:00,2022-11-23 12:55:00-05:00,11855.0,11745.0,11745.25,12063.525,1,-2204.6,stop
2022-11-24,2022-11-24 11:00:00-05:00,2022-11-24 18:00:00-05:00,11920.0,11914.0,11898.75,11960.375,1,-124.6,time
2022-11-30,2022-11-30 13:35:00-05:00,2022-11-30 14:00:00-05:00,11609.0,11753.75,11518.75,11780.475,1,2890.4,time
2022-12-02,2022-12-02 10:15:00-05:00,2022-12-02 14:00:00-05:00,11943.0,11936.25,11837.25,12143.925,1,-139.6,time
2022-12-08,2022-12-08 10:05:00-05:00,2022-12-08 14:00:00-05:00,11611.0,11649.0,11477.25,11865.125,1,755.4,time
2022-12-09,2022-12-09 10:40:00-05:00,2022-12-09 14:00:00-05:00,11669.25,11661.0,11550.0,11895.825,1,-169.6,time
2022-12-14,2022-12-14 10:05:00-05:00,2022-12-14 14:00:00-05:00,11897.25,11934.75,11811.25,12060.65,1,745.4,time
2022-12-20,2022-12-20 10:05:00-05:00,2022-12-20 14:00:00-05:00,11178.75,11189.25,11066.75,11391.55,1,205.4,time
2022-12-21,2022-12-21 10:10:00-05:00,2022-12-21 14:00:00-05:00,11289.5,11350.5,11181.0,11495.65,1,1215.4,time
2022-12-23,2022-12-23 10:35:00-05:00,2022-12-23 14:00:00-05:00,11071.0,11038.0,10922.25,11353.625,1,-664.6,time
2022-12-29,2022-12-29 10:15:00-05:00,2022-12-29 14:00:00-05:00,10988.0,11045.75,10856.5,11237.85,1,1150.4,time
2022-12-30,2022-12-30 10:50:00-05:00,2022-12-30 14:00:00-05:00,10965.75,10906.75,10855.5,11175.225,1,-1184.6,time
2023-01-04,2023-01-04 11:40:00-05:00,2023-01-04 14:00:00-05:00,11057.75,11016.0,10954.5,11253.925,1,-839.6,time
2023-01-06,2023-01-06 10:40:00-05:00,2023-01-06 14:00:00-05:00,10955.0,11072.5,10766.25,11313.625,1,2345.4,time
2023-01-09,2023-01-09 10:05:00-05:00,2023-01-09 14:00:00-05:00,11323.5,11282.5,11194.75,11568.125,1,-824.6,time
2023-01-10,2023-01-10 10:15:00-05:00,2023-01-10 10:40:00-05:00,11256.5,11137.75,11138.0,11481.65,1,-2379.6,stop
2023-01-11,2023-01-11 10:25:00-05:00,2023-01-11 14:00:00-05:00,11372.0,11409.25,11291.0,11525.9,1,740.4,time
2023-01-12,2023-01-12 12:20:00-05:00,2023-01-12 14:00:00-05:00,11522.5,11565.25,11311.25,11923.875,1,850.4,time
2023-01-13,2023-01-13 10:10:00-05:00,2023-01-13 14:00:00-05:00,11483.25,11560.5,11408.75,11624.8,1,1540.4,time
2023-01-17,2023-01-17 10:05:00-05:00,2023-01-17 14:00:00-05:00,11663.5,11645.0,11549.5,11880.1,1,-374.6,time
2023-01-18,2023-01-18 10:05:00-05:00,2023-01-18 10:35:00-05:00,11739.25,11672.0,11672.25,11866.55,1,-1349.6,stop
2023-01-20,2023-01-20 10:10:00-05:00,2023-01-20 14:00:00-05:00,11475.0,11600.0,11383.5,11648.85,1,2495.4,time
2023-01-23,2023-01-23 10:20:00-05:00,2023-01-23 14:00:00-05:00,11827.25,11958.25,11671.75,12122.7,1,2615.4,time
2023-01-25,2023-01-25 11:20:00-05:00,2023-01-25 14:00:00-05:00,11729.75,11817.5,11622.0,11934.475,1,1750.4,time
2023-01-27,2023-01-27 10:05:00-05:00,2023-01-27 14:00:00-05:00,12156.25,12255.5,12041.75,12373.8,1,1980.4,time
2023-01-30,2023-01-30 10:05:00-05:00,2023-01-30 10:20:00-05:00,12135.75,12059.25,12059.5,12280.625,1,-1534.6,stop
2023-01-31,2023-01-31 10:30:00-05:00,2023-01-31 14:00:00-05:00,12059.25,12095.0,11969.0,12230.725,1,710.4,time
2023-02-02,2023-02-02 10:35:00-05:00,2023-02-02 14:00:00-05:00,12790.75,12927.0,12668.75,13022.55,1,2720.4,time
2023-02-03,2023-02-03 10:15:00-05:00,2023-02-03 14:00:00-05:00,12756.0,12675.25,12558.5,13131.25,1,-1619.6,time
2023-02-06,2023-02-06 10:05:00-05:00,2023-02-06 10:20:00-05:00,12571.75,12502.25,12502.5,12703.325,1,-1394.6,stop
2023-02-07,2023-02-07 11:15:00-05:00,2023-02-07 12:45:00-05:00,12556.5,12684.975,12488.75,12685.225,1,2564.9000000000074,target
2023-02-10,2023-02-10 10:20:00-05:00,2023-02-10 10:50:00-05:00,12397.5,12311.25,12311.5,12560.9,1,-1729.6,stop
2023-02-13,2023-02-13 10:50:00-05:00,2023-02-13 14:00:00-05:00,12486.0,12559.75,12352.0,12740.6,1,1470.4,time
2023-02-14,2023-02-14 10:05:00-05:00,2023-02-14 14:00:00-05:00,12631.25,12583.5,12390.5,13088.675,1,-959.6,time
2023-02-15,2023-02-15 11:30:00-05:00,2023-02-15 14:00:00-05:00,12632.75,12682.0,12543.5,12802.325,1,980.4,time
2023-02-16,2023-02-16 10:25:00-05:00,2023-02-16 14:00:00-05:00,12605.0,12663.5,12496.5,12811.15,1,1165.4,time
2023-02-27,2023-02-27 10:05:00-05:00,2023-02-27 10:35:00-05:00,12156.0,12106.0,12106.25,12250.525,1,-1004.6,stop
2023-02-28,2023-02-28 10:05:00-05:00,2023-02-28 14:00:00-05:00,12113.75,12162.25,12041.5,12251.025,1,965.4,time
2023-03-02,2023-03-02 10:05:00-05:00,2023-03-02 14:00:00-05:00,11923.25,11998.75,11846.25,12069.55,1,1505.4,time
2023-03-03,2023-03-03 10:25:00-05:00,2023-03-03 14:00:00-05:00,12207.5,12269.25,12111.5,12389.9,1,1230.4,time
2023-03-06,2023-03-06 10:15:00-05:00,2023-03-06 14:00:00-05:00,12408.75,12362.0,12347.25,12525.6,1,-939.6,time
2023-03-08,2023-03-08 10:35:00-05:00,2023-03-08 13:25:00-05:00,12217.75,12154.75,12155.0,12336.975,1,-1264.6,stop
2023-03-09,2023-03-09 10:05:00-05:00,2023-03-09 12:45:00-05:00,12342.25,12229.75,12230.0,12555.525,1,-2254.6,stop
2023-03-10,2023-03-10 11:30:00-05:00,2023-03-10 13:25:00-05:00,12045.0,11864.75,11865.0,12387.0,1,-3609.6,stop
2023-03-13,2023-03-13 10:35:00-04:00,2023-03-13 14:00:00-04:00,11930.5,12007.0,11705.0,12358.95,1,1525.4,time
2023-03-14,2023-03-14 10:25:00-04:00,2023-03-14 14:00:00-04:00,12163.0,12111.25,12070.5,12338.75,1,-1039.6,time
2023-03-15,2023-03-15 11:50:00-04:00,2023-03-15 12:55:00-04:00,12174.0,12069.75,12070.0,12371.6,1,-2089.6,stop
2023-03-16,2023-03-16 10:45:00-04:00,2023-03-16 14:00:00-04:00,12317.25,12528.25,12189.25,12560.45,1,4215.4,time
2023-03-20,2023-03-20 10:50:00-04:00,2023-03-20 14:00:00-04:00,12635.0,12660.5,12529.5,12835.45,1,505.4,time
2023-03-22,2023-03-22 10:25:00-04:00,2023-03-22 14:00:00-04:00,12901.5,12924.75,12851.25,12996.975,1,460.4,time
2023-03-23,2023-03-23 10:10:00-04:00,2023-03-23 14:00:00-04:00,12912.25,12893.25,12847.25,13035.75,1,-384.6,time
2023-03-29,2023-03-29 10:05:00-04:00,2023-03-29 10:30:00-04:00,12928.5,12880.75,12881.0,13018.75,1,-959.6,stop
2023-03-30,2023-03-30 10:30:00-04:00,2023-03-30 13:30:00-04:00,13093.75,13036.75,13037.0,13201.575,1,-1144.6,stop
2023-03-31,2023-03-31 10:35:00-04:00,2023-03-31 14:00:00-04:00,13168.25,13228.5,13080.25,13335.45,1,1200.4,time
2023-04-03,2023-04-03 10:25:00-04:00,2023-04-03 10:50:00-04:00,13264.0,13198.0,13198.25,13388.925,1,-1324.6,stop
2023-04-04,2023-04-04 10:05:00-04:00,2023-04-04 11:05:00-04:00,13303.0,13229.75,13230.0,13441.7,1,-1469.6,stop
2023-04-06,2023-04-06 10:10:00-04:00,2023-04-06 13:40:00-04:00,13026.5,13165.425,12953.25,13165.675,1,2773.8999999999855,target
2023-04-10,2023-04-10 11:10:00-04:00,2023-04-10 14:00:00-04:00,13052.5,13124.25,12967.5,13214.0,1,1430.4,time
2023-04-13,2023-04-13 10:10:00-04:00,2023-04-13 14:00:00-04:00,13096.25,13192.0,13019.75,13241.6,1,1910.4,time
2023-04-19,2023-04-19 10:40:00-04:00,2023-04-19 14:00:00-04:00,13136.0,13207.5,13080.5,13241.45,1,1425.4,time
2023-04-20,2023-04-20 10:10:00-04:00,2023-04-20 14:00:00-04:00,13137.5,13169.75,13046.25,13310.875,1,640.4,time
2023-04-21,2023-04-21 11:35:00-04:00,2023-04-21 14:00:00-04:00,13078.75,13100.5,12994.5,13238.825,1,430.4,time
2023-04-26,2023-04-26 11:10:00-04:00,2023-04-26 14:00:00-04:00,12970.0,12921.25,12899.25,13104.425,1,-979.6,time
2023-04-27,2023-04-27 10:15:00-04:00,2023-04-27 13:35:00-04:00,13077.5,13198.85,13013.5,13199.1,1,2422.4000000000074,target
2023-04-28,2023-04-28 10:15:00-04:00,2023-04-28 14:00:00-04:00,13265.75,13277.0,13172.25,13443.4,1,220.4,time
2023-05-01,2023-05-01 12:35:00-04:00,2023-05-01 14:00:00-04:00,13334.75,13349.75,13285.75,13427.85,1,295.4,time
2023-05-04,2023-05-04 11:10:00-04:00,2023-05-04 14:00:00-04:00,13089.75,13109.25,13027.0,13208.975,1,385.4,time
2023-05-05,2023-05-05 10:05:00-04:00,2023-05-05 14:00:00-04:00,13200.0,13305.0,13124.25,13343.925,1,2095.4,time
2023-05-08,2023-05-08 11:55:00-04:00,2023-05-08 14:00:00-04:00,13321.25,13345.5,13261.25,13435.25,1,480.4,time
2023-05-10,2023-05-10 10:10:00-04:00,2023-05-10 10:45:00-04:00,13424.0,13321.0,13321.25,13619.225,1,-2064.6,stop
2023-05-11,2023-05-11 11:30:00-04:00,2023-05-11 14:00:00-04:00,13434.75,13426.25,13372.25,13553.5,1,-174.6,time
2023-05-15,2023-05-15 11:25:00-04:00,2023-05-15 14:00:00-04:00,13432.0,13450.0,13374.25,13541.725,1,355.4,time
2023-05-16,2023-05-16 11:00:00-04:00,2023-05-16 14:00:00-04:00,13519.25,13544.5,13434.5,13680.275,1,500.4,time
2023-05-17,2023-05-17 11:40:00-04:00,2023-05-17 13:45:00-04:00,13541.0,13665.2,13475.5,13665.45,1,2479.4000000000146,target
2023-05-18,2023-05-18 10:10:00-04:00,2023-05-18 14:00:00-04:00,13731.5,13768.75,13652.75,13881.125,1,740.4,time
2023-05-25,2023-05-25 11:15:00-04:00,2023-05-25 14:00:00-04:00,13976.75,13991.0,13851.25,14215.2,1,280.4,time
2023-05-26,2023-05-26 10:05:00-04:00,2023-05-26 14:00:00-04:00,14133.5,14318.75,14014.75,14359.125,1,3700.4,time
2023-05-29,2023-05-29 10:25:00-04:00,2023-05-29 12:55:00-04:00,14379.75,14401.825,14368.0,14402.075,1,436.90000000001453,target
2023-06-01,2023-06-01 10:15:00-04:00,2023-06-01 13:10:00-04:00,14327.0,14469.25,14252.0,14469.5,1,2840.4,target
2023-06-05,2023-06-05 10:55:00-04:00,2023-06-05 14:00:00-04:00,14657.25,14632.25,14567.75,14827.3,1,-504.6,time
2023-06-06,2023-06-06 10:25:00-04:00,2023-06-06 14:00:00-04:00,14578.5,14552.25,14504.5,14719.1,1,-529.6,time
2023-06-08,2023-06-08 10:15:00-04:00,2023-06-08 14:00:00-04:00,14406.75,14447.0,14328.0,14556.375,1,800.4,time
2023-06-09,2023-06-09 10:15:00-04:00,2023-06-09 11:25:00-04:00,14670.25,14556.75,14557.0,14885.425,1,-2274.6,stop
2023-06-12,2023-06-12 10:50:00-04:00,2023-06-12 14:00:00-04:00,14641.5,14711.25,14600.5,14719.4,1,1390.4,time
2023-06-14,2023-06-14 10:05:00-04:00,2023-06-14 14:00:00-04:00,14941.25,14946.0,14868.75,15079.0,1,90.4,time
2023-06-15,2023-06-15 10:10:00-04:00,2023-06-15 14:00:00-04:00,15066.5,15165.0,14930.75,15324.425,1,1965.4,time
2023-06-22,2023-06-22 10:15:00-04:00,2023-06-22 14:00:00-04:00,15132.75,15153.25,14964.0,15453.375,1,405.4,time
2023-06-23,2023-06-23 12:20:00-04:00,2023-06-23 14:00:00-04:00,15103.25,15126.0,14985.25,15327.45,1,450.4,time
2023-06-26,2023-06-26 10:15:00-04:00,2023-06-26 11:05:00-04:00,15140.75,15024.25,15024.5,15361.625,1,-2334.6,stop
2023-06-27,2023-06-27 11:30:00-04:00,2023-06-27 14:00:00-04:00,14982.75,15114.75,14898.0,15143.775,1,2635.4,time
2023-06-28,2023-06-28 10:20:00-04:00,2023-06-28 14:00:00-04:00,15114.5,15105.25,15025.5,15283.6,1,-189.6,time
2023-06-30,2023-06-30 10:15:00-04:00,2023-06-30 14:00:00-04:00,15336.5,15355.25,15238.5,15522.7,1,370.4,time
2023-07-05,2023-07-05 10:20:00-04:00,2023-07-05 14:00:00-04:00,15406.75,15371.0,15292.5,15623.825,1,-719.6,time
2023-07-06,2023-07-06 13:00:00-04:00,2023-07-06 14:00:00-04:00,15215.75,15237.75,15129.25,15380.1,1,435.4,time
2023-07-07,2023-07-07 12:00:00-04:00,2023-07-07 14:00:00-04:00,15280.75,15329.75,15188.75,15455.55,1,975.4,time
2023-07-11,2023-07-11 12:00:00-04:00,2023-07-11 14:00:00-04:00,15236.0,15203.25,15141.5,15415.55,1,-659.6,time
2023-07-12,2023-07-12 10:10:00-04:00,2023-07-12 11:35:00-04:00,15487.5,15408.25,15408.5,15637.6,1,-1589.6,stop
2023-07-13,2023-07-13 12:00:00-04:00,2023-07-13 14:00:00-04:00,15631.25,15660.25,15552.25,15781.35,1,575.4,time
2023-07-14,2023-07-14 10:10:00-04:00,2023-07-14 14:00:00-04:00,15812.25,15740.0,15721.5,15984.675,1,-1449.6,time
2023-07-17,2023-07-17 11:35:00-04:00,2023-07-17 14:00:00-04:00,15784.75,15819.25,15708.75,15929.15,1,685.4,time
2023-07-18,2023-07-18 11:45:00-04:00,2023-07-18 14:00:00-04:00,15831.75,15952.0,15733.0,16019.375,1,2400.4,time
2023-07-19,2023-07-19 11:15:00-04:00,2023-07-19 12:20:00-04:00,16041.75,15977.25,15977.5,16163.825,1,-1294.6,stop
2023-07-25,2023-07-25 11:40:00-04:00,2023-07-25 14:00:00-04:00,15672.75,15690.0,15587.75,15834.25,1,340.4,time
2023-07-28,2023-07-28 10:05:00-04:00,2023-07-28 14:00:00-04:00,15825.0,15834.5,15715.75,16032.575,1,185.4,time
2023-08-01,2023-08-01 10:40:00-04:00,2023-08-01 14:00:00-04:00,15811.25,15828.25,15764.25,15900.55,1,335.4,time
2023-08-03,2023-08-03 11:20:00-04:00,2023-08-03 14:00:00-04:00,15473.25,15452.5,15351.25,15705.05,1,-419.6,time
2023-08-04,2023-08-04 12:30:00-04:00,2023-08-04 14:00:00-04:00,15591.5,15524.75,15440.0,15879.35,1,-1339.6,time
2023-08-10,2023-08-10 10:05:00-04:00,2023-08-10 11:20:00-04:00,15430.25,15273.0,15273.25,15728.55,1,-3149.6,stop
2023-08-11,2023-08-11 10:15:00-04:00,2023-08-11 11:30:00-04:00,15131.5,15051.75,15052.0,15282.55,1,-1599.6,stop
2023-08-14,2023-08-14 10:05:00-04:00,2023-08-14 14:00:00-04:00,15130.5,15223.5,15035.0,15311.95,1,1855.4,time
2023-08-16,2023-08-16 10:20:00-04:00,2023-08-16 11:50:00-04:00,15136.25,15050.75,15051.0,15298.225,1,-1714.6,stop
2023-08-18,2023-08-18 11:05:00-04:00,2023-08-18 14:00:00-04:00,14705.75,14730.0,14623.5,14862.025,1,480.4,time
2023-08-21,2023-08-21 10:05:00-04:00,2023-08-21 11:10:00-04:00,14916.0,14805.25,14805.5,15125.95,1,-2219.6,stop
2023-08-23,2023-08-23 10:10:00-04:00,2023-08-23 14:00:00-04:00,15106.0,15236.5,14999.5,15308.35,1,2605.4,time
2023-08-25,2023-08-25 10:15:00-04:00,2023-08-25 10:25:00-04:00,14999.25,14892.0,14892.25,15202.55,1,-2149.6,stop
2023-08-29,2023-08-29 10:05:00-04:00,2023-08-29 14:00:00-04:00,15229.75,15371.5,15062.75,15547.05,1,2830.4,time
2023-08-30,2023-08-30 10:10:00-04:00,2023-08-30 10:25:00-04:00,15478.5,15386.25,15386.5,15653.3,1,-1849.6,stop
2023-08-31,2023-08-31 10:15:00-04:00,2023-08-31 14:00:00-04:00,15581.75,15557.0,15488.75,15758.45,1,-499.6,time
2023-09-05,2023-09-05 10:25:00-04:00,2023-09-05 14:00:00-04:00,15510.75,15551.5,15446.25,15633.3,1,810.4,time
2023-09-07,2023-09-07 10:45:00-04:00,2023-09-07 14:00:00-04:00,15270.5,15279.75,15157.5,15485.2,1,180.4,time
2023-09-08,2023-09-08 10:20:00-04:00,2023-09-08 14:00:00-04:00,15374.5,15327.0,15270.0,15573.05,1,-954.6,time
2023-09-11,2023-09-11 13:40:00-04:00,2023-09-11 14:00:00-04:00,15453.75,15468.0,15351.75,15647.55,1,280.4,time
2023-09-13,2023-09-13 11:05:00-04:00,2023-09-13 14:00:00-04:00,15386.25,15408.75,15299.0,15552.025,1,445.4,time
2023-09-14,2023-09-14 10:45:00-04:00,2023-09-14 14:00:00-04:00,15450.0,15482.75,15341.75,15655.675,1,650.4,time
2023-09-18,2023-09-18 11:35:00-04:00,2023-09-18 14:00:00-04:00,15435.25,15436.0,15343.0,15610.525,1,10.4,time
2023-09-19,2023-09-19 13:55:00-04:00,2023-09-19 14:00:00-04:00,15378.0,15373.0,15303.25,15520.025,1,-104.6,time
2023-09-22,2023-09-22 10:25:00-04:00,2023-09-22 14:00:00-04:00,14955.75,14916.0,14888.0,15084.475,1,-799.6,time
2023-09-25,2023-09-25 11:20:00-04:00,2023-09-25 14:00:00-04:00,14914.0,14903.25,14782.5,15163.85,1,-219.6,time
2023-09-28,2023-09-28 10:05:00-04:00,2023-09-28 14:00:00-04:00,14771.25,14850.25,14658.0,14986.425,1,1575.4,time
2023-09-29,2023-09-29 10:05:00-04:00,2023-09-29 10:20:00-04:00,15051.25,14976.5,14976.75,15192.8,1,-1499.6,stop
2023-10-02,2023-10-02 10:05:00-04:00,2023-10-02 14:00:00-04:00,14982.5,14909.25,14847.75,15238.525,1,-1469.6,time
2023-10-04,2023-10-04 11:20:00-04:00,2023-10-04 14:00:00-04:00,14845.5,14820.0,14749.0,15028.85,1,-514.6,time
2023-10-06,2023-10-06 10:25:00-04:00,2023-10-06 12:00:00-04:00,14824.25,15055.8,14702.25,15056.05,1,4626.399999999985,target
2023-10-09,2023-10-09 12:20:00-04:00,2023-10-09 14:00:00-04:00,15074.5,15191.5,14949.5,15312.0,1,2335.4,time
2023-10-10,2023-10-10 10:05:00-04:00,2023-10-10 14:00:00-04:00,15264.25,15291.0,15180.0,15424.325,1,530.4,time
2023-10-12,2023-10-12 10:10:00-04:00,2023-10-12 13:05:00-04:00,15423.0,15365.75,15366.0,15531.3,1,-1149.6,stop
2023-10-16,2023-10-16 10:20:00-04:00,2023-10-16 14:00:00-04:00,15264.0,15308.75,15168.75,15444.975,1,890.4,time
2023-10-17,2023-10-17 10:15:00-04:00,2023-10-17 14:00:00-04:00,15158.75,15204.5,15050.25,15364.9,1,910.4,time
2023-10-18,2023-10-18 10:20:00-04:00,2023-10-18 10:35:00-04:00,15200.5,15122.25,15122.5,15348.7,1,-1569.6,stop
2023-10-19,2023-10-19 12:25:00-04:00,2023-10-19 12:30:00-04:00,15115.75,15021.0,15021.25,15295.3,1,-1899.6,stop
2023-10-23,2023-10-23 10:15:00-04:00,2023-10-23 14:00:00-04:00,14657.25,14798.25,14514.25,14928.95,1,2815.4,time
2023-10-24,2023-10-24 10:30:00-04:00,2023-10-24 12:20:00-04:00,14848.0,14758.25,14758.5,15018.05,1,-1799.6,stop
2023-10-27,2023-10-27 11:10:00-04:00,2023-10-27 13:05:00-04:00,14359.0,14290.75,14291.0,14488.2,1,-1369.6,stop
2023-10-31,2023-10-31 12:50:00-04:00,2023-10-31 14:00:00-04:00,14435.25,14477.25,14311.25,14670.85,1,835.4,time
2023-11-01,2023-11-01 10:25:00-04:00,2023-11-01 14:00:00-04:00,14631.0,14605.5,14515.25,14850.925,1,-514.6,time
2023-11-02,2023-11-02 10:55:00-04:00,2023-11-02 14:00:00-04:00,14955.25,14993.25,14900.75,15058.8,1,755.4,time
2023-11-03,2023-11-03 11:50:00-04:00,2023-11-03 14:00:00-04:00,15144.0,15191.25,15040.5,15340.65,1,940.4,time
2023-11-07,2023-11-07 10:05:00-05:00,2023-11-07 14:00:00-05:00,15309.25,15400.5,15224.0,15471.225,1,1820.4,time
2023-11-09,2023-11-09 11:50:00-05:00,2023-11-09 13:00:00-05:00,15429.75,15365.25,15365.5,15551.825,1,-1294.6,stop
2023-11-10,2023-11-10 11:05:00-05:00,2023-11-10 14:00:00-05:00,15404.0,15558.0,15305.5,15591.15,1,3075.4,time
2023-11-13,2023-11-13 10:55:00-05:00,2023-11-13 14:00:00-05:00,15543.5,15558.5,15465.25,15692.175,1,295.4,time
2023-11-14,2023-11-14 10:05:00-05:00,2023-11-14 14:00:00-05:00,15884.75,15851.75,15790.25,16064.3,1,-664.6,time
2023-11-17,2023-11-17 12:05:00-05:00,2023-11-17 14:00:00-05:00,15883.75,15910.0,15831.5,15983.025,1,520.4,time
2023-11-20,2023-11-20 11:00:00-05:00,2023-11-20 14:00:00-05:00,15999.75,16070.75,15894.75,16199.25,1,1415.4,time
2023-11-23,2023-11-23 11:00:00-05:00,2023-11-23 18:00:00-05:00,16073.5,16062.25,16054.75,16109.125,1,-229.6,time
2023-11-27,2023-11-27 10:10:00-05:00,2023-11-27 14:00:00-05:00,16044.25,16053.25,15970.25,16184.85,1,175.4,time
2023-11-28,2023-11-28 10:40:00-05:00,2023-11-28 14:00:00-05:00,16010.5,16002.5,15958.5,16109.3,1,-164.6,time
2023-12-01,2023-12-01 11:15:00-05:00,2023-12-01 14:00:00-05:00,15976.5,15994.5,15875.5,16168.4,1,355.4,time
2023-12-05,2023-12-05 10:05:00-05:00,2023-12-05 14:00:00-05:00,15925.75,15873.0,15783.25,16196.5,1,-1059.6,time
2023-12-07,2023-12-07 10:25:00-05:00,2023-12-07 14:00:00-05:00,15993.75,16033.5,15887.5,16195.625,1,790.4,time
2023-12-08,2023-12-08 10:05:00-05:00,2023-12-08 14:00:00-05:00,16045.0,16086.25,15947.25,16230.725,1,820.4,time
2023-12-11,2023-12-11 10:10:00-05:00,2023-12-11 14:00:00-05:00,16168.75,16234.5,16068.75,16358.75,1,1310.4,time
2023-12-12,2023-12-12 10:05:00-05:00,2023-12-12 14:00:00-05:00,16257.25,16317.75,16185.25,16394.05,1,1205.4,time
2023-12-18,2023-12-18 10:05:00-05:00,2023-12-18 14:00:00-05:00,16896.5,16954.25,16832.5,17018.1,1,1150.4,time
2023-12-19,2023-12-19 10:35:00-05:00,2023-12-19 14:00:00-05:00,16997.75,16993.5,16944.5,17098.925,1,-89.6,time
2023-12-20,2023-12-20 10:05:00-05:00,2023-12-20 14:00:00-05:00,17026.5,17039.0,16971.0,17131.95,1,245.4,time
2023-12-26,2023-12-26 10:40:00-05:00,2023-12-26 14:00:00-05:00,17057.5,17049.0,17005.5,17156.3,1,-174.6,time
2024-01-04,2024-01-04 10:10:00-05:00,2024-01-04 14:00:00-05:00,16514.0,16505.0,16443.25,16648.425,1,-184.6,time
2024-01-05,2024-01-05 10:05:00-05:00,2024-01-05 13:15:00-05:00,16540.75,16437.25,16437.5,16736.925,1,-2074.6,stop
2024-01-08,2024-01-08 10:05:00-05:00,2024-01-08 14:00:00-05:00,16641.25,16741.25,16505.5,16899.175,1,1995.4,time
2024-01-09,2024-01-09 10:10:00-05:00,2024-01-09 12:00:00-05:00,16720.5,16834.25,16660.5,16834.5,1,2270.4,target
2024-01-10,2024-01-10 10:45:00-05:00,2024-01-10 14:00:00-05:00,16885.5,16924.25,16813.5,17022.3,1,770.4,time
2024-01-15,2024-01-15 10:50:00-05:00,2024-01-15 18:00:00-05:00,16968.75,16960.75,16936.25,17030.5,1,-164.6,time
2024-01-16,2024-01-16 10:20:00-05:00,2024-01-16 14:00:00-05:00,16965.0,16902.25,16855.0,17174.0,1,-1259.6,time
2024-01-18,2024-01-18 10:40:00-05:00,2024-01-18 12:10:00-05:00,17059.5,16994.5,16994.75,17182.525,1,-1304.6,stop
2024-01-19,2024-01-19 10:05:00-05:00,2024-01-19 12:35:00-05:00,17217.5,17314.625,17166.25,17314.875,1,1937.9,target
2024-01-23,2024-01-23 13:00:00-05:00,2024-01-23 14:00:00-05:00,17490.0,17481.5,17409.5,17642.95,1,-174.6,time
2024-01-24,2024-01-24 10:20:00-05:00,2024-01-24 14:00:00-05:00,17703.25,17714.5,17637.5,17828.175,1,220.4,time
2024-01-25,2024-01-25 10:30:00-05:00,2024-01-25 12:30:00-05:00,17730.5,17660.25,17660.5,17863.5,1,-1409.6,stop
2024-01-26,2024-01-26 10:30:00-05:00,2024-01-26 12:50:00-05:00,17581.0,17517.0,17517.25,17702.125,1,-1284.6,stop
2024-01-29,2024-01-29 12:15:00-05:00,2024-01-29 14:00:00-05:00,17584.25,17587.75,17529.75,17687.8,1,65.4,time
2024-02-01,2024-02-01 10:10:00-05:00,2024-02-01 10:55:00-05:00,17352.75,17285.0,17285.25,17481.0,1,-1359.6,stop
2024-02-02,2024-02-02 10:45:00-05:00,2024-02-02 14:00:00-05:00,17654.0,17728.75,17465.5,18012.15,1,1490.4,time
2024-02-07,2024-02-07 10:15:00-05:00,2024-02-07 14:00:00-05:00,17807.5,17851.75,17718.75,17976.125,1,880.4,time
2024-02-08,2024-02-08 10:05:00-05:00,2024-02-08 14:00:00-05:00,17853.0,17868.5,17808.0,17938.5,1,305.4,time
2024-02-09,2024-02-09 10:20:00-05:00,2024-02-09 14:00:00-05:00,17954.75,18038.5,17875.0,18106.275,1,1670.4,time
2024-02-12,2024-02-12 10:45:00-05:00,2024-02-12 13:35:00-05:00,18060.0,18007.0,18007.25,18160.225,1,-1064.6,stop
2024-02-13,2024-02-13 10:25:00-05:00,2024-02-13 14:00:00-05:00,17705.0,17657.0,17586.75,17929.675,1,-964.6,time
2024-02-14,2024-02-14 10:20:00-05:00,2024-02-14 11:00:00-05:00,17825.5,17742.75,17743.0,17982.25,1,-1659.6,stop
2024-02-15,2024-02-15 13:20:00-05:00,2024-02-15 14:00:00-05:00,17916.5,17911.0,17810.5,18117.9,1,-114.6,time
2024-02-21,2024-02-21 10:05:00-05:00,2024-02-21 12:10:00-05:00,17522.75,17448.0,17448.25,17664.3,1,-1499.6,stop
2024-02-22,2024-02-22 11:20:00-05:00,2024-02-22 14:00:00-05:00,17971.5,18052.5,17864.0,18175.75,1,1615.4,time
2024-02-26,2024-02-26 11:55:00-05:00,2024-02-26 14:00:00-05:00,18056.0,18014.25,17966.0,18227.0,1,-839.6,time
2024-02-27,2024-02-27 10:20:00-05:00,2024-02-27 12:50:00-05:00,18028.25,17940.75,17941.0,18194.025,1,-1754.6,stop
2024-02-28,2024-02-28 11:05:00-05:00,2024-02-28 14:00:00-05:00,17951.25,17949.0,17876.0,18094.225,1,-49.6,time
2024-03-01,2024-03-01 10:10:00-05:00,2024-03-01 13:30:00-05:00,18173.0,18323.325,18093.75,18323.575,1,3001.9000000000146,target
2024-03-06,2024-03-06 12:05:00-05:00,2024-03-06 13:50:00-05:00,18132.0,18036.25,18036.5,18313.45,1,-1919.6,stop
2024-03-07,2024-03-07 10:25:00-05:00,2024-03-07 14:00:00-05:00,18227.0,18353.25,18118.75,18432.675,1,2520.4,time
2024-03-08,2024-03-08 10:05:00-05:00,2024-03-08 11:05:00-05:00,18396.5,18287.75,18288.0,18602.65,1,-2179.6,stop
2024-03-11,2024-03-11 10:55:00-04:00,2024-03-11 14:00:00-04:00,18009.0,17975.25,17898.25,18219.425,1,-679.6,time
2024-03-12,2024-03-12 10:25:00-04:00,2024-03-12 14:00:00-04:00,18110.25,18154.25,17930.0,18452.725,1,875.4,time
2024-03-18,2024-03-18 10:30:00-04:00,2024-03-18 11:50:00-04:00,18372.5,18277.25,18277.5,18553.0,1,-1909.6,stop
2024-03-19,2024-03-19 11:35:00-04:00,2024-03-19 14:00:00-04:00,18152.5,18264.25,18053.25,18341.075,1,2230.4,time
2024-03-22,2024-03-22 10:05:00-04:00,2024-03-22 14:00:00-04:00,18557.75,18622.25,18500.0,18667.475,1,1285.4,time
2024-03-25,2024-03-25 10:10:00-04:00,2024-03-25 14:00:00-04:00,18497.0,18552.0,18414.75,18653.275,1,1095.4,time
2024-03-26,2024-03-26 10:05:00-04:00,2024-03-26 10:25:00-04:00,18606.75,18549.75,18550.0,18714.575,1,-1144.6,stop
2024-04-02,2024-04-02 13:05:00-04:00,2024-04-02 14:00:00-04:00,18294.0,18277.5,18223.25,18428.425,1,-334.6,time
2024-04-03,2024-04-03 10:05:00-04:00,2024-04-03 14:00:00-04:00,18352.5,18417.0,18239.5,18567.2,1,1285.4,time
2024-04-05,2024-04-05 10:15:00-04:00,2024-04-05 14:00:00-04:00,18239.25,18291.0,18102.5,18499.075,1,1030.4,time
2024-04-08,2024-04-08 10:30:00-04:00,2024-04-08 14:00:00-04:00,18340.0,18307.25,18237.5,18534.75,1,-659.6,time
2024-04-10,2024-04-10 10:40:00-04:00,2024-04-10 14:00:00-04:00,18221.5,18164.5,18107.75,18437.625,1,-1144.6,time
2024-04-11,2024-04-11 11:55:00-04:00,2024-04-11 13:10:00-04:00,18278.75,18384.9,18222.75,18385.15,1,2118.400000000029,target
2024-04-16,2024-04-16 10:15:00-04:00,2024-04-16 13:30:00-04:00,17912.75,17821.75,17822.0,18085.175,1,-1824.6,stop
2024-04-18,2024-04-18 10:40:00-04:00,2024-04-18 13:20:00-04:00,17683.0,17551.75,17552.0,17931.9,1,-2629.6,stop
2024-04-22,2024-04-22 13:30:00-04:00,2024-04-22 14:00:00-04:00,17344.5,17397.0,17264.0,17497.45,1,1045.4,time
2024-04-23,2024-04-23 10:25:00-04:00,2024-04-23 14:00:00-04:00,17530.0,17636.75,17413.75,17750.875,1,2130.4,time
2024-04-25,2024-04-25 10:15:00-04:00,2024-04-25 14:00:00-04:00,17411.5,17568.5,17308.25,17607.675,1,3135.4,time
2024-04-26,2024-04-26 10:05:00-04:00,2024-04-26 14:00:00-04:00,17808.75,17877.25,17668.25,18075.7,1,1365.4,time
2024-05-02,2024-05-02 13:30:00-04:00,2024-05-02 14:00:00-04:00,17604.75,17595.25,17483.0,17836.075,1,-194.6,time
2024-05-06,2024-05-06 11:45:00-04:00,2024-05-06 14:00:00-04:00,18111.75,18128.25,18042.75,18242.85,1,325.4,time
2024-05-07,2024-05-07 11:00:00-04:00,2024-05-07 13:55:00-04:00,18250.75,18187.75,18188.0,18369.975,1,-1264.6,stop
2024-05-08,2024-05-08 10:25:00-04:00,2024-05-08 14:00:00-04:00,18194.25,18178.75,18078.5,18414.175,1,-314.6,time
2024-05-09,2024-05-09 10:40:00-04:00,2024-05-09 14:00:00-04:00,18204.25,18206.25,18108.75,18385.7,1,35.4,time
2024-05-14,2024-05-14 10:25:00-04:00,2024-05-14 14:00:00-04:00,18344.0,18331.0,18265.5,18493.15,1,-264.6,time
2024-05-15,2024-05-15 10:25:00-04:00,2024-05-15 14:00:00-04:00,18536.5,18681.75,18446.75,18707.025,1,2900.4,time
2024-05-16,2024-05-16 10:25:00-04:00,2024-05-16 13:25:00-04:00,18718.5,18671.75,18672.0,18806.85,1,-939.6,stop
2024-05-17,2024-05-17 10:35:00-04:00,2024-05-17 12:45:00-04:00,18675.5,18620.25,18620.5,18780.0,1,-1109.6,stop
2024-05-20,2024-05-20 10:45:00-04:00,2024-05-20 14:00:00-04:00,18756.25,18745.5,18635.25,18986.15,1,-219.6,time
2024-05-21,2024-05-21 10:05:00-04:00,2024-05-21 14:00:00-04:00,18724.0,18775.5,18678.0,18811.4,1,1025.4,time
2024-05-22,2024-05-22 11:15:00-04:00,2024-05-22 13:35:00-04:00,18834.5,18788.5,18788.75,18921.425,1,-924.6,stop
2024-05-24,2024-05-24 10:15:00-04:00,2024-05-24 11:10:00-04:00,18791.0,18901.9,18732.5,18902.15,1,2213.400000000029,target
2024-05-27,2024-05-27 11:05:00-04:00,2024-05-27 18:00:00-04:00,18913.75,18950.25,18878.0,18981.675,1,725.4,time
2024-05-28,2024-05-28 13:35:00-04:00,2024-05-28 14:00:00-04:00,18937.0,18902.0,18839.0,19123.2,1,-704.6,time
2024-05-29,2024-05-29 10:25:00-04:00,2024-05-29 14:00:00-04:00,18856.75,18859.0,18761.0,19038.675,1,40.4,time
2024-06-05,2024-06-05 10:25:00-04:00,2024-06-05 12:50:00-04:00,18876.25,18994.75,18813.75,18995.0,1,2365.4,target
2024-06-07,2024-06-07 10:40:00-04:00,2024-06-07 14:00:00-04:00,19073.75,19114.25,18992.5,19228.125,1,805.4,time
2024-06-10,2024-06-10 10:30:00-04:00,2024-06-10 14:00:00-04:00,19035.5,19101.5,18977.75,19145.225,1,1315.4,time
2024-06-11,2024-06-11 10:40:00-04:00,2024-06-11 14:00:00-04:00,19092.5,19164.25,18994.5,19278.7,1,1430.4,time
2024-06-12,2024-06-12 10:15:00-04:00,2024-06-12 14:00:00-04:00,19509.5,19518.25,19374.75,19765.525,1,170.4,time
2024-06-14,2024-06-14 10:25:00-04:00,2024-06-14 14:00:00-04:00,19647.5,19657.25,19557.25,19818.975,1,190.4,time
2024-06-17,2024-06-17 11:00:00-04:00,2024-06-17 13:15:00-04:00,19714.0,19853.4,19640.5,19853.65,1,2783.400000000029,target
2024-06-18,2024-06-18 13:50:00-04:00,2024-06-18 14:00:00-04:00,19949.75,19927.5,19889.75,20063.75,1,-449.6,time
2024-06-24,2024-06-24 10:05:00-04:00,2024-06-24 10:40:00-04:00,19976.0,19866.5,19866.75,20183.575,1,-2194.6,stop
2024-06-25,2024-06-25 10:05:00-04:00,2024-06-25 14:00:00-04:00,19874.75,19924.25,19792.25,20031.5,1,985.4,time
2024-06-26,2024-06-26 10:10:00-04:00,2024-06-26 11:10:00-04:00,20002.5,19919.0,19919.25,20160.675,1,-1674.6,stop
2024-06-27,2024-06-27 10:15:00-04:00,2024-06-27 11:25:00-04:00,20110.75,19989.5,19989.75,20340.65,1,-2429.6,stop
2024-06-28,2024-06-28 10:05:00-04:00,2024-06-28 12:15:00-04:00,20220.0,20039.0,20039.25,20563.425,1,-3624.6,stop
2024-07-01,2024-07-01 12:10:00-04:00,2024-07-01 14:00:00-04:00,20004.75,19999.25,19841.25,20315.4,1,-114.6,time
2024-07-02,2024-07-02 10:55:00-04:00,2024-07-02 14:00:00-04:00,20113.75,20209.0,19976.75,20374.05,1,1900.4,time
2024-07-03,2024-07-03 10:20:00-04:00,2024-07-03 12:20:00-04:00,20284.0,20412.95,20216.0,20413.2,1,2574.4000000000146,target
2024-07-05,2024-07-05 10:05:00-04:00,2024-07-05 14:00:00-04:00,20529.5,20624.5,20428.25,20721.875,1,1895.4,time
2024-07-08,2024-07-08 11:25:00-04:00,2024-07-08 14:00:00-04:00,20658.75,20653.25,20600.5,20769.425,1,-114.6,time
2024-07-10,2024-07-10 10:10:00-04:00,2024-07-10 11:00:00-04:00,20785.75,20721.25,20721.5,20907.825,1,-1294.6,stop
2024-07-12,2024-07-12 10:05:00-04:00,2024-07-12 14:00:00-04:00,20557.25,20710.0,20425.25,20808.05,1,3050.4,time
2024-07-15,2024-07-15 10:10:00-04:00,2024-07-15 13:30:00-04:00,20668.25,20581.5,20581.75,20832.6,1,-1739.6,stop
2024-07-23,2024-07-23 11:15:00-04:00,2024-07-23 12:55:00-04:00,20052.75,19933.25,19933.5,20279.325,1,-2394.6,stop
2024-07-25,2024-07-25 11:15:00-04:00,2024-07-25 14:00:00-04:00,19246.75,19289.0,19016.5,19684.225,1,840.4,time
2024-07-26,2024-07-26 11:50:00-04:00,2024-07-26 14:00:00-04:00,19190.5,19195.0,19060.5,19437.5,1,85.4,time
2024-07-31,2024-07-31 10:10:00-04:00,2024-07-31 14:00:00-04:00,19444.5,19431.25,19310.75,19698.625,1,-269.6,time
2024-08-05,2024-08-05 10:05:00-04:00,2024-08-05 14:00:00-04:00,18043.0,18079.25,17509.25,19057.125,1,720.4,time
2024-08-06,2024-08-06 10:05:00-04:00,2024-08-06 14:00:00-04:00,18181.0,18419.75,17966.0,18589.5,1,4770.4,time
2024-08-08,2024-08-08 10:05:00-04:00,2024-08-08 14:00:00-04:00,18275.75,18514.0,18064.25,18677.6,1,4760.4,time
2024-08-09,2024-08-09 10:15:00-04:00,2024-08-09 14:00:00-04:00,18547.0,18610.5,18423.25,18782.125,1,1265.4,time
2024-08-12,2024-08-12 10:20:00-04:00,2024-08-12 14:00:00-04:00,18674.0,18618.25,18523.5,18959.95,1,-1119.6,time
2024-08-13,2024-08-13 10:05:00-04:00,2024-08-13 14:00:00-04:00,18913.25,19057.75,18816.25,19097.55,1,2885.4,time
2024-08-14,2024-08-14 11:55:00-04:00,2024-08-14 14:00:00-04:00,19176.25,19071.5,19011.0,19490.225,1,-2099.6,time
2024-08-15,2024-08-15 10:25:00-04:00,2024-08-15 14:00:00-04:00,19464.5,19583.75,19336.25,19708.175,1,2380.4,time
2024-08-16,2024-08-16 10:10:00-04:00,2024-08-16 14:00:00-04:00,19546.5,19628.5,19462.5,19706.1,1,1635.4,time
2024-08-19,2024-08-19 10:55:00-04:00,2024-08-19 14:00:00-04:00,19654.0,19721.5,19544.5,19862.05,1,1345.4,time
2024-08-21,2024-08-21 10:05:00-04:00,2024-08-21 10:50:00-04:00,19900.25,19812.75,19813.0,20066.025,1,-1754.6,stop
2024-08-23,2024-08-23 10:05:00-04:00,2024-08-23 10:45:00-04:00,19846.75,19706.25,19706.5,20113.225,1,-2814.6,stop
2024-08-27,2024-08-27 10:15:00-04:00,2024-08-27 14:00:00-04:00,19572.0,19686.25,19441.5,19819.95,1,2280.4,time
2024-08-29,2024-08-29 10:50:00-04:00,2024-08-29 14:00:00-04:00,19681.0,19633.0,19478.25,20066.225,1,-964.6,time
2024-08-30,2024-08-30 10:05:00-04:00,2024-08-30 10:55:00-04:00,19605.75,19513.75,19514.0,19780.075,1,-1844.6,stop
2024-09-02,2024-09-02 10:40:00-04:00,2024-09-02 18:00:00-04:00,19651.75,19646.25,19613.5,19724.425,1,-114.6,time
2024-09-04,2024-09-04 10:30:00-04:00,2024-09-04 14:00:00-04:00,18992.75,19005.25,18860.0,19244.975,1,245.4,time
2024-09-05,2024-09-05 10:05:00-04:00,2024-09-05 11:25:00-04:00,19084.75,18884.75,18885.0,19464.275,1,-4004.6,stop
2024-09-09,2024-09-09 10:15:00-04:00,2024-09-09 10:30:00-04:00,18698.5,18604.5,18604.75,18876.625,1,-1884.6,stop
2024-09-11,2024-09-11 12:30:00-04:00,2024-09-11 14:00:00-04:00,18914.25,19039.75,18773.25,19182.15,1,2505.4,time
2024-09-12,2024-09-12 10:15:00-04:00,2024-09-12 14:00:00-04:00,19312.0,19466.0,19185.0,19553.3,1,3075.4,time
2024-09-13,2024-09-13 10:10:00-04:00,2024-09-13 14:00:00-04:00,19507.25,19560.75,19398.25,19714.35,1,1065.4,time
2024-09-17,2024-09-17 10:50:00-04:00,2024-09-17 12:15:00-04:00,19604.25,19475.0,19475.25,19849.35,1,-2589.6,stop
2024-09-19,2024-09-19 10:20:00-04:00,2024-09-19 14:00:00-04:00,19850.0,19956.0,19727.25,20083.225,1,2115.4,time
2024-09-23,2024-09-23 10:45:00-04:00,2024-09-23 13:00:00-04:00,20104.75,20031.0,20031.25,20244.4,1,-1479.6,stop
2024-09-24,2024-09-24 11:50:00-04:00,2024-09-24 14:00:00-04:00,20164.0,20165.0,20082.0,20319.8,1,15.4,time
2024-09-25,2024-09-25 10:10:00-04:00,2024-09-25 13:00:00-04:00,20246.0,20137.75,20138.0,20451.2,1,-2169.6,stop
2024-10-02,2024-10-02 10:20:00-04:00,2024-10-02 14:00:00-04:00,19998.0,20044.0,19833.5,20310.55,1,915.4,time
2024-10-03,2024-10-03 10:05:00-04:00,2024-10-03 13:00:00-04:00,20090.75,19894.5,19894.75,20463.15,1,-3929.6,stop
2024-10-07,2024-10-07 10:20:00-04:00,2024-10-07 14:00:00-04:00,20169.25,20148.25,20088.5,20322.675,1,-424.6,time
2024-10-08,2024-10-08 10:05:00-04:00,2024-10-08 14:00:00-04:00,20188.25,20231.75,20069.75,20413.4,1,865.4,time
2024-10-09,2024-10-09 10:15:00-04:00,2024-10-09 11:40:00-04:00,20301.25,20420.225,20238.5,20420.475,1,2374.899999999971,target
2024-10-10,2024-10-10 10:15:00-04:00,2024-10-10 14:00:00-04:00,20402.25,20445.5,20301.5,20593.675,1,860.4,time
2024-10-11,2024-10-11 10:10:00-04:00,2024-10-11 14:00:00-04:00,20414.5,20436.5,20314.75,20604.025,1,435.4,time
2024-10-18,2024-10-18 10:10:00-04:00,2024-10-18 14:00:00-04:00,20514.25,20485.5,20433.0,20668.625,1,-579.6,time
2024-10-21,2024-10-21 10:10:00-04:00,2024-10-21 10:40:00-04:00,20527.5,20422.5,20422.75,20726.525,1,-2104.6,stop
2024-10-22,2024-10-22 10:10:00-04:00,2024-10-22 14:00:00-04:00,20491.5,20574.5,20369.5,20723.3,1,1655.4,time
2024-10-24,2024-10-24 13:05:00-04:00,2024-10-24 14:00:00-04:00,20377.0,20345.0,20296.25,20530.425,1,-644.6,time
2024-10-25,2024-10-25 10:05:00-04:00,2024-10-25 13:40:00-04:00,20679.0,20490.0,20490.25,21037.625,1,-3784.6,stop
2024-10-29,2024-10-29 10:05:00-04:00,2024-10-29 14:00:00-04:00,20531.75,20672.0,20432.25,20720.8,1,2800.4,time
2024-10-30,2024-10-30 10:20:00-04:00,2024-10-30 14:00:00-04:00,20679.5,20575.75,20542.75,20939.325,1,-2079.6,time
2024-11-01,2024-11-01 10:15:00-04:00,2024-11-01 14:00:00-04:00,20215.5,20157.5,20057.5,20515.7,1,-1164.6,time
2024-11-04,2024-11-04 10:20:00-05:00,2024-11-04 14:00:00-05:00,20161.5,20148.5,20013.0,20443.65,1,-264.6,time
2024-11-05,2024-11-05 10:25:00-05:00,2024-11-05 14:00:00-05:00,20305.75,20308.25,20147.0,20607.375,1,45.4,time
2024-11-06,2024-11-06 12:15:00-05:00,2024-11-06 14:00:00-05:00,20813.0,20861.25,20644.0,21134.1,1,960.4,time
2024-11-07,2024-11-07 10:10:00-05:00,2024-11-07 14:00:00-05:00,21116.25,21179.75,21004.0,21329.525,1,1265.4,time
2024-11-08,2024-11-08 13:30:00-05:00,2024-11-08 14:00:00-05:00,21232.75,21250.0,21176.25,21340.1,1,340.4,time
2024-11-13,2024-11-13 12:15:00-05:00,2024-11-13 14:00:00-05:00,21196.0,21257.5,21121.5,21337.55,1,1225.4,time
2024-11-18,2024-11-18 10:05:00-05:00,2024-11-18 14:00:00-05:00,20586.75,20659.75,20501.0,20749.675,1,1455.4,time
2024-11-19,2024-11-19 10:30:00-05:00,2024-11-19 13:50:00-05:00,20602.5,20781.8,20508.0,20782.05,1,3581.3999999999855,target
2024-11-28,2024-11-28 10:25:00-05:00,2024-11-28 18:00:00-05:00,20899.5,20883.75,20874.0,20947.95,1,-319.6,time
2024-12-02,2024-12-02 10:05:00-05:00,2024-12-02 14:00:00-05:00,21174.75,21212.25,21026.5,21456.425,1,745.4,time
2024-12-03,2024-12-03 10:05:00-05:00,2024-12-03 14:00:00-05:00,21210.5,21232.25,21134.25,21355.375,1,430.4,time
2024-12-04,2024-12-04 10:15:00-05:00,2024-12-04 14:00:00-05:00,21444.75,21471.75,21388.25,21552.1,1,535.4,time
2024-12-05,2024-12-05 12:15:00-05:00,2024-12-05 13:20:00-05:00,21560.0,21497.5,21497.75,21678.275,1,-1254.6,stop
2024-12-06,2024-12-06 10:15:00-05:00,2024-12-06 14:00:00-05:00,21624.0,21658.25,21486.0,21886.2,1,680.4,time
2024-12-10,2024-12-10 10:10:00-05:00,2024-12-10 10:55:00-05:00,21593.75,21505.25,21505.5,21761.425,1,-1774.6,stop
2024-12-11,2024-12-11 10:10:00-05:00,2024-12-11 14:00:00-05:00,21724.0,21792.75,21573.0,22010.9,1,1370.4,time
2024-12-12,2024-12-12 10:30:00-05:00,2024-12-12 14:00:00-05:00,21707.75,21696.75,21656.0,21806.075,1,-224.6,time
2024-12-16,2024-12-16 10:05:00-05:00,2024-12-16 14:00:00-05:00,21989.5,22117.0,21896.0,22167.15,1,2545.4,time
2024-12-17,2024-12-17 11:40:00-05:00,2024-12-17 14:00:00-05:00,22074.75,22004.0,21977.25,22260.0,1,-1419.6,time
2024-12-18,2024-12-18 10:15:00-05:00,2024-12-18 14:00:00-05:00,22013.0,22000.75,21913.25,22202.525,1,-249.6,time
2024-12-23,2024-12-23 11:55:00-05:00,2024-12-23 14:00:00-05:00,21681.25,21744.75,21553.0,21924.925,1,1265.4,time
2024-12-26,2024-12-26 11:15:00-05:00,2024-12-26 14:00:00-05:00,22012.5,22016.5,21870.25,22282.775,1,75.4,time
2024-12-30,2024-12-30 11:40:00-05:00,2024-12-30 14:00:00-05:00,21432.0,21542.25,21283.25,21714.625,1,2200.4,time
2025-01-02,2025-01-02 10:05:00-05:00,2025-01-02 12:25:00-05:00,21413.0,21166.25,21166.5,21881.35,1,-4939.6,stop
2025-01-03,2025-01-03 11:35:00-05:00,2025-01-03 14:00:00-05:00,21452.75,21509.25,21277.75,21785.25,1,1125.4,time
2025-01-06,2025-01-06 10:15:00-05:00,2025-01-06 13:45:00-05:00,21853.0,21723.25,21723.5,22099.05,1,-2599.6,stop
2025-01-08,2025-01-08 10:05:00-05:00,2025-01-08 10:10:00-05:00,21387.75,21285.75,21286.0,21581.075,1,-2044.6,stop
2025-01-13,2025-01-13 10:45:00-05:00,2025-01-13 14:00:00-05:00,20856.0,20891.5,20702.0,21148.6,1,705.4,time
2025-01-15,2025-01-15 10:05:00-05:00,2025-01-15 14:00:00-05:00,21364.25,21380.5,21186.75,21701.5,1,320.4,time
2025-01-17,2025-01-17 13:15:00-05:00,2025-01-17 14:00:00-05:00,21657.5,21631.75,21487.0,21981.45,1,-519.6,time
2025-01-21,2025-01-21 12:50:00-05:00,2025-01-21 14:00:00-05:00,21720.5,21752.5,21572.75,22001.225,1,635.4,time
2025-01-22,2025-01-22 10:15:00-05:00,2025-01-22 14:00:00-05:00,22028.25,22027.25,21902.5,22267.175,1,-24.6,time
2025-01-23,2025-01-23 10:35:00-05:00,2025-01-23 14:00:00-05:00,21920.75,21954.5,21866.0,22024.775,1,670.4,time
2025-01-27,2025-01-27 10:30:00-05:00,2025-01-27 14:00:00-05:00,21367.75,21151.5,21109.0,21859.375,1,-4329.6,time
2025-01-28,2025-01-28 10:05:00-05:00,2025-01-28 14:00:00-05:00,21357.25,21540.25,21159.5,21732.975,1,3655.4,time
2025-01-31,2025-01-31 10:05:00-05:00,2025-01-31 13:30:00-05:00,21900.5,21764.75,21765.0,22157.95,1,-2719.6,stop
2025-02-03,2025-02-03 10:30:00-05:00,2025-02-03 14:00:00-05:00,21352.5,21466.75,21171.5,21696.4,1,2280.4,time
2025-02-04,2025-02-04 10:05:00-05:00,2025-02-04 14:00:00-05:00,21603.25,21622.5,21405.25,21979.45,1,380.4,time
2025-02-05,2025-02-05 10:40:00-05:00,2025-02-05 12:00:00-05:00,21592.0,21730.45,21519.0,21730.7,1,2764.4000000000146,target
2025-02-06,2025-02-06 10:15:00-05:00,2025-02-06 14:00:00-05:00,21836.25,21815.0,21738.25,22022.45,1,-429.6,time
2025-02-10,2025-02-10 10:05:00-05:00,2025-02-10 14:00:00-05:00,21815.0,21878.25,21744.0,21949.9,1,1260.4,time
2025-02-11,2025-02-11 10:25:00-05:00,2025-02-11 14:00:00-05:00,21808.75,21802.0,21700.75,22013.95,1,-139.6,time
2025-02-12,2025-02-12 10:25:00-05:00,2025-02-12 14:00:00-05:00,21718.25,21792.75,21536.25,22064.05,1,1485.4,time
2025-02-13,2025-02-13 10:20:00-05:00,2025-02-13 14:00:00-05:00,21973.5,21995.75,21834.75,22237.125,1,440.4,time
2025-02-14,2025-02-14 10:10:00-05:00,2025-02-14 14:00:00-05:00,22144.5,22185.25,22090.0,22248.05,1,810.4,time
2025-02-17,2025-02-17 11:05:00-05:00,2025-02-17 18:00:00-05:00,22245.75,22224.5,22192.5,22346.925,1,-429.6,time
2025-02-19,2025-02-19 11:45:00-05:00,2025-02-19 14:00:00-05:00,22238.0,22232.25,22154.75,22396.175,1,-119.6,time
2025-02-26,2025-02-26 10:15:00-05:00,2025-02-26 13:25:00-05:00,21329.25,21188.75,21189.0,21595.725,1,-2814.6,stop
2025-02-28,2025-02-28 10:15:00-05:00,2025-02-28 14:00:00-05:00,20692.75,20541.25,20460.5,21134.025,1,-3034.6,time
2025-03-04,2025-03-04 13:15:00-05:00,2025-03-04 14:00:00-05:00,20480.75,20499.75,20227.5,20961.925,1,375.4,time
2025-03-05,2025-03-05 10:10:00-05:00,2025-03-05 11:10:00-05:00,20455.0,20270.0,20270.25,20806.025,1,-3704.6,stop
2025-03-06,2025-03-06 10:05:00-05:00,2025-03-06 12:00:00-05:00,20359.25,20228.0,20228.25,20608.15,1,-2629.6,stop
2025-03-14,2025-03-14 11:05:00-04:00,2025-03-14 14:00:00-04:00,19636.25,19629.75,19450.75,19988.7,1,-134.6,time
2025-03-19,2025-03-19 10:05:00-04:00,2025-03-19 14:00:00-04:00,19658.75,19603.0,19504.25,19952.3,1,-1119.6,time
2025-03-20,2025-03-20 10:05:00-04:00,2025-03-20 14:00:00-04:00,19800.0,19650.5,19554.25,20266.925,1,-2994.6,time
2025-03-24,2025-03-24 10:25:00-04:00,2025-03-24 14:00:00-04:00,20344.25,20342.5,20229.25,20562.75,1,-39.6,time
2025-03-25,2025-03-25 10:25:00-04:00,2025-03-25 14:00:00-04:00,20431.25,20414.0,20361.75,20563.3,1,-349.6,time
2025-03-27,2025-03-27 10:30:00-04:00,2025-03-27 14:00:00-04:00,20120.75,20014.5,19937.25,20469.4,1,-2129.6,time
2025-03-31,2025-03-31 11:25:00-04:00,2025-03-31 14:00:00-04:00,19216.75,19222.25,18976.75,19672.75,1,105.4,time
2025-04-01,2025-04-01 10:55:00-04:00,2025-04-01 14:00:00-04:00,19494.0,19505.5,19338.25,19789.925,1,225.4,time
2025-04-02,2025-04-02 10:05:00-04:00,2025-04-02 14:00:00-04:00,19614.25,19744.5,19316.5,20179.975,1,2600.4,time
2025-04-07,2025-04-07 10:15:00-04:00,2025-04-07 14:00:00-04:00,17955.25,17784.5,16673.5,20390.575,1,-3419.6,time
2025-04-08,2025-04-08 10:05:00-04:00,2025-04-08 11:10:00-04:00,18283.0,18059.0,18059.25,18708.125,1,-4484.6,stop
2025-04-09,2025-04-09 13:05:00-04:00,2025-04-09 13:25:00-04:00,17695.25,18631.7,17202.25,18631.95,1,18724.400000000016,target
2025-04-11,2025-04-11 12:35:00-04:00,2025-04-11 14:00:00-04:00,18666.5,18821.25,18351.25,19265.475,1,3090.4,time
2025-04-16,2025-04-16 11:25:00-04:00,2025-04-16 13:30:00-04:00,18705.25,18523.0,18523.25,19051.05,1,-3649.6,stop
2025-04-22,2025-04-22 10:05:00-04:00,2025-04-22 14:00:00-04:00,18265.5,18223.25,18100.5,18579.0,1,-849.6,time
2025-04-23,2025-04-23 10:35:00-04:00,2025-04-23 11:20:00-04:00,19135.25,18916.25,18916.5,19550.875,1,-4384.6,stop
2025-04-24,2025-04-24 10:05:00-04:00,2025-04-24 14:00:00-04:00,19072.75,19265.5,18846.5,19502.625,1,3850.4,time
2025-04-25,2025-04-25 10:10:00-04:00,2025-04-25 10:30:00-04:00,19376.25,19235.5,19235.75,19643.2,1,-2819.6,stop
2025-04-29,2025-04-29 10:10:00-04:00,2025-04-29 14:00:00-04:00,19575.75,19656.25,19403.75,19902.55,1,1605.4,time
2025-04-30,2025-04-30 10:30:00-04:00,2025-04-30 14:00:00-04:00,19309.5,19478.25,19106.0,19696.15,1,3370.4,time
2025-05-01,2025-05-01 10:30:00-04:00,2025-05-01 14:00:00-04:00,19999.25,19981.75,19860.0,20263.825,1,-354.6,time
2025-05-02,2025-05-02 10:10:00-04:00,2025-05-02 14:00:00-04:00,20131.0,20225.25,20019.75,20342.375,1,1880.4,time
2025-05-05,2025-05-05 10:20:00-04:00,2025-05-05 14:00:00-04:00,20085.25,20143.75,19985.25,20275.25,1,1165.4,time
2025-05-06,2025-05-06 10:20:00-04:00,2025-05-06 14:00:00-04:00,19868.0,19846.75,19747.0,20097.9,1,-429.6,time
2025-05-07,2025-05-07 10:15:00-04:00,2025-05-07 10:50:00-04:00,19946.25,19857.25,19857.5,20114.875,1,-1784.6,stop
2025-05-08,2025-05-08 11:35:00-04:00,2025-05-08 14:00:00-04:00,20193.75,20249.75,20061.0,20445.975,1,1115.4,time
2025-05-12,2025-05-12 13:10:00-04:00,2025-05-12 14:00:00-04:00,20929.25,20908.75,20746.5,21276.475,1,-414.6,time
2025-05-13,2025-05-13 10:05:00-04:00,2025-05-13 14:00:00-04:00,21142.75,21296.25,20972.75,21465.75,1,3065.4,time
2025-05-14,2025-05-14 12:35:00-04:00,2025-05-14 14:00:00-04:00,21412.0,21365.0,21273.75,21674.675,1,-944.6,time
2025-05-15,2025-05-15 11:05:00-04:00,2025-05-15 14:00:00-04:00,21362.0,21474.5,21247.75,21579.075,1,2245.4,time
2025-05-16,2025-05-16 13:35:00-04:00,2025-05-16 14:00:00-04:00,21472.0,21445.25,21388.25,21631.125,1,-539.6,time
2025-05-19,2025-05-19 10:05:00-04:00,2025-05-19 14:00:00-04:00,21391.0,21499.0,21202.25,21749.625,1,2155.4,time
2025-05-20,2025-05-20 10:45:00-04:00,2025-05-20 14:00:00-04:00,21445.0,21430.25,21354.75,21616.475,1,-299.6,time
2025-05-21,2025-05-21 10:10:00-04:00,2025-05-21 13:20:00-04:00,21411.75,21276.75,21277.0,21667.775,1,-2704.6,stop
2025-05-22,2025-05-22 10:05:00-04:00,2025-05-22 14:00:00-04:00,21309.0,21292.0,21113.75,21679.975,1,-344.6,time
2025-05-23,2025-05-23 10:15:00-04:00,2025-05-23 14:00:00-04:00,20970.0,21051.5,20822.5,21250.25,1,1625.4,time
2025-05-27,2025-05-27 10:05:00-04:00,2025-05-27 14:00:00-04:00,21333.25,21476.25,21192.75,21600.2,1,2855.4,time
2025-05-30,2025-05-30 10:40:00-04:00,2025-05-30 12:25:00-04:00,21395.0,21234.5,21234.75,21699.475,1,-3214.6,stop
2025-06-02,2025-06-02 13:05:00-04:00,2025-06-02 14:00:00-04:00,21458.75,21445.25,21286.75,21785.55,1,-274.6,time
2025-06-03,2025-06-03 10:05:00-04:00,2025-06-03 14:00:00-04:00,21615.75,21718.0,21509.75,21817.15,1,2040.4,time
2025-06-05,2025-06-05 11:00:00-04:00,2025-06-05 12:50:00-04:00,21858.5,21691.25,21691.5,22175.8,1,-3349.6,stop
2025-06-09,2025-06-09 10:10:00-04:00,2025-06-09 14:00:00-04:00,21823.0,21867.25,21750.75,21960.275,1,880.4,time
2025-06-10,2025-06-10 12:05:00-04:00,2025-06-10 14:00:00-04:00,21894.25,21873.25,21818.0,22039.125,1,-424.6,time
2025-06-11,2025-06-11 10:25:00-04:00,2025-06-11 12:20:00-04:00,22031.0,21915.5,21915.75,22249.975,1,-2314.6,stop
2025-06-12,2025-06-12 10:15:00-04:00,2025-06-12 14:00:00-04:00,21915.25,21937.5,21818.5,22099.075,1,440.4,time
2025-06-13,2025-06-13 11:30:00-04:00,2025-06-13 14:00:00-04:00,21797.75,21788.0,21662.0,22055.675,1,-199.6,time
2025-06-16,2025-06-16 10:05:00-04:00,2025-06-16 14:00:00-04:00,21947.25,21938.5,21792.25,22241.75,1,-179.6,time
2025-06-17,2025-06-17 10:15:00-04:00,2025-06-17 12:55:00-04:00,21896.75,21802.0,21802.25,22076.3,1,-1899.6,stop
2025-06-18,2025-06-18 10:15:00-04:00,2025-06-18 14:00:00-04:00,21821.5,21806.75,21704.5,22043.8,1,-299.6,time
2025-06-23,2025-06-23 10:05:00-04:00,2025-06-23 12:35:00-04:00,21957.25,21758.25,21758.5,22334.875,1,-3984.6,stop
2025-06-24,2025-06-24 10:45:00-04:00,2025-06-24 14:00:00-04:00,22337.25,22417.25,22260.0,22484.025,1,1595.4,time
2025-06-26,2025-06-26 10:25:00-04:00,2025-06-26 14:00:00-04:00,22571.5,22640.0,22476.0,22752.95,1,1365.4,time
2025-06-27,2025-06-27 10:05:00-04:00,2025-06-27 14:00:00-04:00,22794.25,22736.0,22685.25,23001.35,1,-1169.6,time
2025-07-02,2025-07-02 10:05:00-04:00,2025-07-02 14:00:00-04:00,22733.0,22825.25,22651.25,22888.325,1,1840.4,time
2025-07-03,2025-07-03 10:05:00-04:00,2025-07-03 18:00:00-04:00,23038.75,23059.0,22930.25,23244.9,1,400.4,time
2025-07-08,2025-07-08 12:25:00-04:00,2025-07-08 13:15:00-04:00,22947.0,22880.75,22881.0,23072.4,1,-1329.6,stop
2025-07-11,2025-07-11 10:15:00-04:00,2025-07-11 14:00:00-04:00,22978.75,22997.5,22863.0,23198.675,1,370.4,time
2025-07-14,2025-07-14 11:00:00-04:00,2025-07-14 14:00:00-04:00,22991.75,23044.75,22842.25,23275.8,1,1055.4,time
2025-07-17,2025-07-17 10:05:00-04:00,2025-07-17 14:00:00-04:00,23172.75,23275.5,23065.75,23376.05,1,2050.4,time
2025-07-21,2025-07-21 10:15:00-04:00,2025-07-21 14:00:00-04:00,23399.5,23411.25,23255.25,23673.575,1,230.4,time
2025-07-24,2025-07-24 13:15:00-04:00,2025-07-24 14:00:00-04:00,23411.75,23383.5,23334.25,23559.0,1,-569.6,time
2025-07-25,2025-07-25 10:45:00-04:00,2025-07-25 14:00:00-04:00,23408.75,23439.25,23330.75,23556.95,1,605.4,time
2025-07-28,2025-07-28 10:10:00-04:00,2025-07-28 11:15:00-04:00,23522.75,23464.5,23464.75,23632.95,1,-1169.6,stop
2025-07-30,2025-07-30 10:55:00-04:00,2025-07-30 14:00:00-04:00,23532.25,23541.75,23450.75,23687.1,1,185.4,time
2025-08-04,2025-08-04 12:10:00-04:00,2025-08-04 14:00:00-04:00,23260.75,23268.0,23088.75,23587.55,1,140.4,time
2025-08-06,2025-08-06 10:05:00-04:00,2025-08-06 14:00:00-04:00,23269.75,23372.75,23148.5,23500.125,1,2055.4,time
2025-08-08,2025-08-08 10:05:00-04:00,2025-08-08 14:00:00-04:00,23649.5,23700.25,23530.0,23876.55,1,1010.4,time
2025-08-11,2025-08-11 10:15:00-04:00,2025-08-11 14:00:00-04:00,23746.5,23697.75,23680.75,23871.425,1,-979.6,time
2025-08-12,2025-08-12 11:10:00-04:00,2025-08-12 14:00:00-04:00,23810.5,23914.0,23649.25,24116.875,1,2065.4,time
2025-08-14,2025-08-14 10:35:00-04:00,2025-08-14 14:00:00-04:00,23972.75,23962.75,23841.25,24222.6,1,-204.6,time
2025-08-21,2025-08-21 10:20:00-04:00,2025-08-21 12:10:00-04:00,23301.75,23175.5,23175.75,23541.15,1,-2529.6,stop
2025-08-22,2025-08-22 10:05:00-04:00,2025-08-22 14:00:00-04:00,23486.25,23606.0,23205.5,24019.675,1,2390.4,time
2025-08-25,2025-08-25 10:05:00-04:00,2025-08-25 14:00:00-04:00,23543.0,23578.25,23443.25,23732.525,1,700.4,time
2025-08-26,2025-08-26 10:25:00-04:00,2025-08-26 14:00:00-04:00,23540.5,23502.5,23427.0,23756.15,1,-764.6,time
2025-08-27,2025-08-27 10:15:00-04:00,2025-08-27 14:00:00-04:00,23566.25,23621.0,23487.5,23715.875,1,1090.4,time
2025-08-28,2025-08-28 12:30:00-04:00,2025-08-28 14:00:00-04:00,23754.75,23766.0,23572.5,24101.025,1,220.4,time
2025-09-01,2025-09-01 11:20:00-04:00,2025-09-01 18:00:00-04:00,23495.25,23502.0,23441.75,23596.9,1,130.4,time
2025-09-02,2025-09-02 10:30:00-04:00,2025-09-02 14:00:00-04:00,23261.5,23188.75,23025.25,23710.375,1,-1459.6,time
2025-09-03,2025-09-03 10:20:00-04:00,2025-09-03 13:45:00-04:00,23442.5,23369.75,23370.0,23580.25,1,-1459.6,stop
2025-09-04,2025-09-04 11:55:00-04:00,2025-09-04 14:00:00-04:00,23551.25,23583.0,23457.25,23729.85,1,630.4,time
2025-09-08,2025-09-08 10:45:00-04:00,2025-09-08 13:50:00-04:00,23881.5,23771.5,23771.75,24090.025,1,-2204.6,stop
2025-09-11,2025-09-11 10:35:00-04:00,2025-09-11 14:00:00-04:00,23998.0,24032.5,23909.75,24165.675,1,685.4,time
2025-09-12,2025-09-12 10:25:00-04:00,2025-09-12 14:00:00-04:00,24071.25,24123.5,24001.5,24203.775,1,1040.4,time
2025-09-15,2025-09-15 11:05:00-04:00,2025-09-15 14:00:00-04:00,24266.5,24286.25,24172.75,24444.625,1,390.4,time
2025-09-18,2025-09-18 10:05:00-04:00,2025-09-18 14:00:00-04:00,24478.25,24487.5,24356.0,24710.525,1,180.4,time
2025-09-22,2025-09-22 10:25:00-04:00,2025-09-22 14:00:00-04:00,24890.25,24988.25,24814.25,25034.65,1,1955.4,time
2025-09-25,2025-09-25 10:20:00-04:00,2025-09-25 14:00:00-04:00,24605.75,24517.25,24422.5,24953.925,1,-1774.6,time
2025-09-29,2025-09-29 10:10:00-04:00,2025-09-29 11:35:00-04:00,24969.25,24848.0,24848.25,25199.15,1,-2429.6,stop
2025-09-30,2025-09-30 11:00:00-04:00,2025-09-30 14:00:00-04:00,24842.75,24768.25,24722.25,25071.7,1,-1494.6,time
2025-10-01,2025-10-01 10:20:00-04:00,2025-10-01 14:00:00-04:00,24858.0,24982.75,24726.0,25108.8,1,2490.4,time
2025-10-06,2025-10-06 13:25:00-04:00,2025-10-06 14:00:00-04:00,25225.25,25227.5,25116.75,25431.4,1,40.4,time
2025-10-08,2025-10-08 10:05:00-04:00,2025-10-08 14:00:00-04:00,25203.5,25273.0,25074.0,25449.55,1,1385.4,time
2025-10-13,2025-10-13 10:05:00-04:00,2025-10-13 14:00:00-04:00,24904.25,24926.0,24724.5,25245.775,1,430.4,time
2025-10-14,2025-10-14 10:25:00-04:00,2025-10-14 14:00:00-04:00,24688.25,24900.0,24421.0,25196.025,1,4230.4,time
2025-10-15,2025-10-15 10:05:00-04:00,2025-10-15 11:50:00-04:00,25038.75,24896.75,24897.0,25308.075,1,-2844.6,stop
2025-10-16,2025-10-16 10:40:00-04:00,2025-10-16 11:25:00-04:00,25126.5,25026.5,25026.75,25316.025,1,-2004.6,stop
2025-10-17,2025-10-17 10:15:00-04:00,2025-10-17 14:00:00-04:00,24931.5,24935.0,24672.5,25423.6,1,65.4,time
2025-10-20,2025-10-20 10:10:00-04:00,2025-10-20 14:00:00-04:00,25248.75,25336.0,25114.75,25503.35,1,1740.4,time
2025-10-21,2025-10-21 11:50:00-04:00,2025-10-21 14:00:00-04:00,25309.0,25313.25,25211.5,25494.25,1,80.4,time
2025-10-23,2025-10-23 10:40:00-04:00,2025-10-23 14:00:00-04:00,25187.0,25279.25,24999.0,25544.2,1,1840.4,time
2025-10-24,2025-10-24 10:15:00-04:00,2025-10-24 14:00:00-04:00,25538.75,25548.75,25429.75,25745.85,1,195.4,time
2025-10-27,2025-10-27 10:05:00-04:00,2025-10-27 14:00:00-04:00,25866.75,25926.5,25796.5,26000.225,1,1190.4,time
2025-10-28,2025-10-28 12:35:00-04:00,2025-10-28 14:00:00-04:00,26109.5,26153.25,26029.5,26261.5,1,870.4,time
2025-11-05,2025-11-05 10:40:00-05:00,2025-11-05 14:00:00-05:00,25704.25,25864.0,25488.0,26115.125,1,3190.4,time
2025-11-10,2025-11-10 13:40:00-05:00,2025-11-10 14:00:00-05:00,25668.5,25647.0,25525.25,25940.675,1,-434.6,time
2025-11-11,2025-11-11 13:20:00-05:00,2025-11-11 14:00:00-05:00,25657.25,25690.25,25560.25,25841.55,1,655.4,time
2025-11-14,2025-11-14 10:30:00-05:00,2025-11-14 14:00:00-05:00,25010.5,25172.25,24626.0,25741.05,1,3230.4,time
2025-11-19,2025-11-19 10:05:00-05:00,2025-11-19 12:30:00-05:00,24924.75,24572.25,24572.5,25594.025,1,-7054.6,stop
2025-11-20,2025-11-20 10:40:00-05:00,2025-11-20 11:00:00-05:00,25292.0,25145.75,25146.0,25569.4,1,-2929.6,stop
2025-11-21,2025-11-21 12:00:00-05:00,2025-11-21 14:00:00-05:00,24372.0,24477.25,24101.5,24885.95,1,2100.4,time
2025-11-24,2025-11-24 10:05:00-05:00,2025-11-24 14:00:00-05:00,24734.75,24925.0,24516.75,25148.95,1,3800.4,time
2025-11-25,2025-11-25 11:55:00-05:00,2025-11-25 14:00:00-05:00,24898.0,25023.75,24602.0,25460.4,1,2510.4,time
2025-11-26,2025-11-26 11:05:00-05:00,2025-11-26 14:00:00-05:00,25292.25,25316.25,25155.25,25552.55,1,475.4,time
2025-12-01,2025-12-01 10:55:00-05:00,2025-12-01 14:00:00-05:00,25409.75,25486.5,25209.25,25790.7,1,1530.4,time
2025-12-02,2025-12-02 10:05:00-05:00,2025-12-02 11:20:00-05:00,25635.75,25471.0,25471.25,25948.3,1,-3299.6,stop
2025-12-03,2025-12-03 10:05:00-05:00,2025-12-03 14:00:00-05:00,25572.0,25628.25,25430.0,25841.8,1,1120.4,time
2025-12-05,2025-12-05 10:05:00-05:00,2025-12-05 11:30:00-05:00,25812.5,25673.25,25673.5,26076.6,1,-2789.6,stop
2025-12-09,2025-12-09 10:30:00-05:00,2025-12-09 14:00:00-05:00,25657.0,25721.5,25560.0,25841.3,1,1285.4,time
2025-12-11,2025-12-11 13:40:00-05:00,2025-12-11 14:00:00-05:00,25663.0,25636.5,25400.5,26161.75,1,-534.6,time
2025-12-18,2025-12-18 10:35:00-05:00,2025-12-18 14:00:00-05:00,25130.25,25102.75,24929.5,25511.675,1,-554.6,time
2025-12-23,2025-12-23 11:45:00-05:00,2025-12-23 14:00:00-05:00,25752.5,25773.75,25638.0,25970.05,1,420.4,time
2025-12-30,2025-12-30 11:25:00-05:00,2025-12-30 14:00:00-05:00,25782.75,25732.25,25674.25,25988.9,1,-1014.6,time
2026-01-05,2026-01-05 10:30:00-05:00,2026-01-05 14:00:00-05:00,25674.5,25612.5,25538.5,25932.9,1,-1244.6,time
2026-01-06,2026-01-06 10:25:00-05:00,2026-01-06 14:00:00-05:00,25763.5,25804.75,25608.0,26058.95,1,820.4,time
2026-01-07,2026-01-07 10:35:00-05:00,2026-01-07 14:00:00-05:00,25882.25,25955.75,25771.0,26093.625,1,1465.4,time
2026-01-09,2026-01-09 10:25:00-05:00,2026-01-09 14:00:00-05:00,25800.25,25961.0,25648.5,26088.575,1,3210.4,time
2026-01-12,2026-01-12 11:10:00-05:00,2026-01-12 14:00:00-05:00,25925.75,25978.25,25743.5,26272.025,1,1045.4,time
2026-01-19,2026-01-19 10:05:00-05:00,2026-01-19 18:00:00-05:00,25335.0,25394.5,25236.5,25522.15,1,1185.4,time
2026-01-20,2026-01-20 10:35:00-05:00,2026-01-20 13:30:00-05:00,25385.75,25233.5,25233.75,25674.55,1,-3049.6,stop
2026-01-21,2026-01-21 10:20:00-05:00,2026-01-21 14:00:00-05:00,25347.75,25282.0,25127.5,25766.225,1,-1319.6,time
2026-01-23,2026-01-23 10:05:00-05:00,2026-01-23 14:00:00-05:00,25712.0,25726.0,25562.5,25996.05,1,275.4,time
2026-01-26,2026-01-26 10:20:00-05:00,2026-01-26 14:00:00-05:00,25871.5,25898.0,25704.25,26189.275,1,525.4,time
2026-01-27,2026-01-27 10:10:00-05:00,2026-01-27 14:00:00-05:00,26066.75,26089.75,25917.25,26350.8,1,455.4,time
2026-02-02,2026-02-02 10:10:00-05:00,2026-02-02 14:00:00-05:00,25831.25,25941.5,25539.75,26385.1,1,2200.4,time
2026-02-06,2026-02-06 11:15:00-05:00,2026-02-06 14:00:00-05:00,25002.5,25084.0,24700.75,25575.825,1,1625.4,time
2026-02-09,2026-02-09 10:10:00-05:00,2026-02-09 14:00:00-05:00,25198.75,25369.75,24955.5,25660.925,1,3415.4,time
2026-02-10,2026-02-10 10:10:00-05:00,2026-02-10 14:00:00-05:00,25435.5,25312.25,25255.75,25777.025,1,-2469.6,time
2026-02-13,2026-02-13 10:35:00-05:00,2026-02-13 14:00:00-05:00,24908.25,24940.25,24578.75,25534.3,1,635.4,time
2026-02-16,2026-02-16 10:05:00-05:00,2026-02-16 10:30:00-05:00,24788.0,24692.5,24692.75,24968.975,1,-1914.6,stop
2026-02-17,2026-02-17 13:40:00-05:00,2026-02-17 14:00:00-05:00,24818.75,24845.25,24475.0,25471.875,1,525.4,time
2026-02-18,2026-02-18 10:05:00-05:00,2026-02-18 14:00:00-05:00,25017.0,25025.5,24752.0,25520.5,1,165.4,time
2026-02-19,2026-02-19 10:05:00-05:00,2026-02-19 13:20:00-05:00,24925.25,24762.75,24763.0,25233.525,1,-3254.6,stop
2026-02-20,2026-02-20 10:05:00-05:00,2026-02-20 14:00:00-05:00,24975.0,25098.25,24678.5,25538.35,1,2460.4,time
2026-02-24,2026-02-24 10:30:00-05:00,2026-02-24 14:00:00-05:00,25011.5,25029.75,24694.5,25613.8,1,360.4,time
2026-02-25,2026-02-25 13:55:00-05:00,2026-02-25 14:00:00-05:00,25354.5,25350.0,25156.75,25730.225,1,-94.6,time
2026-02-27,2026-02-27 10:10:00-05:00,2026-02-27 14:00:00-05:00,24956.25,24902.25,24782.0,25287.325,1,-1084.6,time
2026-03-02,2026-03-02 10:10:00-05:00,2026-03-02 14:00:00-05:00,24903.0,24971.75,24605.0,25469.2,1,1370.4,time
2026-03-03,2026-03-03 11:50:00-05:00,2026-03-03 14:00:00-05:00,24690.75,24799.25,24480.25,25090.7,1,2165.4,time
2026-03-04,2026-03-04 10:10:00-05:00,2026-03-04 14:00:00-05:00,24995.25,25192.25,24826.0,25316.825,1,3935.4,time
2026-03-06,2026-03-06 10:05:00-05:00,2026-03-06 14:00:00-05:00,24765.5,24800.75,24608.75,25063.325,1,700.4,time
2026-03-09,2026-03-09 10:45:00-04:00,2026-03-09 14:00:00-04:00,24535.75,24611.0,24313.0,24958.975,1,1500.4,time
2026-03-10,2026-03-10 10:40:00-04:00,2026-03-10 14:00:00-04:00,25092.0,25169.5,24947.25,25367.025,1,1545.4,time
2026-03-11,2026-03-11 10:05:00-04:00,2026-03-11 10:25:00-04:00,25121.75,25015.0,25015.25,25324.1,1,-2139.6,stop
2026-03-16,2026-03-16 10:25:00-04:00,2026-03-16 10:50:00-04:00,24751.75,24622.75,24623.0,24996.375,1,-2584.6,stop
2026-03-19,2026-03-19 11:05:00-04:00,2026-03-19 14:00:00-04:00,24312.25,24239.0,24115.0,24687.025,1,-1469.6,time
2026-03-23,2026-03-23 10:20:00-04:00,2026-03-23 11:50:00-04:00,24643.25,24432.25,24432.5,25043.675,1,-4224.6,stop
2026-03-24,2026-03-24 11:20:00-04:00,2026-03-24 14:00:00-04:00,24333.5,24242.75,24134.0,24712.55,1,-1819.6,time
2026-03-31,2026-03-31 12:40:00-04:00,2026-03-31 14:00:00-04:00,23667.75,23759.75,23378.75,24216.85,1,1835.4,time
2026-04-01,2026-04-01 10:40:00-04:00,2026-04-01 14:00:00-04:00,24213.75,24266.5,24043.25,24537.7,1,1050.4,time
2026-04-02,2026-04-02 10:10:00-04:00,2026-04-02 14:00:00-04:00,23930.5,24091.0,23678.0,24410.25,1,3205.4,time
2026-04-09,2026-04-09 11:35:00-04:00,2026-04-09 14:00:00-04:00,25123.0,25226.75,25005.5,25346.25,1,2070.4,time
2026-04-10,2026-04-10 11:15:00-04:00,2026-04-10 11:40:00-04:00,25369.0,25290.25,25290.5,25518.15,1,-1579.6,stop
2026-04-13,2026-04-13 10:05:00-04:00,2026-04-13 14:00:00-04:00,25317.0,25404.25,25160.0,25615.3,1,1740.4,time
2026-04-14,2026-04-14 10:15:00-04:00,2026-04-14 14:00:00-04:00,25775.25,25958.5,25656.0,26001.825,1,3660.4,time
2026-04-15,2026-04-15 10:05:00-04:00,2026-04-15 12:20:00-04:00,26074.75,26250.25,25982.25,26250.5,1,3505.4,target
2026-04-16,2026-04-16 11:10:00-04:00,2026-04-16 14:00:00-04:00,26465.25,26460.0,26275.5,26825.775,1,-109.6,time
2026-04-17,2026-04-17 10:05:00-04:00,2026-04-17 14:00:00-04:00,26750.5,26808.0,26629.5,26980.4,1,1145.4,time
2026-04-21,2026-04-21 10:10:00-04:00,2026-04-21 11:00:00-04:00,26861.0,26726.5,26726.75,27116.075,1,-2694.6,stop
2026-04-22,2026-04-22 10:15:00-04:00,2026-04-22 14:00:00-04:00,26923.25,27029.5,26811.5,27135.575,1,2120.4,time
2026-04-23,2026-04-23 11:05:00-04:00,2026-04-23 13:05:00-04:00,27105.75,26964.75,26965.0,27373.175,1,-2824.6,stop
2026-04-24,2026-04-24 10:50:00-04:00,2026-04-24 14:00:00-04:00,27261.5,27432.75,27130.25,27510.875,1,3420.4,time
2026-04-27,2026-04-27 13:35:00-04:00,2026-04-27 14:00:00-04:00,27438.25,27428.25,27298.5,27703.775,1,-204.6,time
2026-04-29,2026-04-29 10:25:00-04:00,2026-04-29 14:00:00-04:00,27244.0,27249.25,27124.25,27471.525,1,100.4,time
2026-04-30,2026-04-30 13:40:00-04:00,2026-04-30 14:00:00-04:00,27498.5,27543.25,27203.0,28059.95,1,890.4,time
2026-05-01,2026-05-01 10:05:00-04:00,2026-05-01 14:00:00-04:00,27888.0,27883.0,27617.75,28401.475,1,-104.6,time
2026-05-04,2026-05-04 10:20:00-04:00,2026-05-04 11:15:00-04:00,27906.0,27808.0,27808.25,28091.725,1,-1964.6,stop
2026-05-05,2026-05-05 10:30:00-04:00,2026-05-05 14:00:00-04:00,28119.75,28159.25,27971.0,28402.375,1,785.4,time
2026-05-06,2026-05-06 10:45:00-04:00,2026-05-06 14:00:00-04:00,28521.25,28599.25,28336.0,28873.225,1,1555.4,time
2026-05-07,2026-05-07 10:05:00-04:00,2026-05-07 12:10:00-04:00,28809.5,28707.75,28708.0,29002.35,1,-2039.6,stop
2026-05-08,2026-05-08 10:05:00-04:00,2026-05-08 14:00:00-04:00,29116.0,29264.0,28859.5,29603.35,1,2955.4,time
2026-05-11,2026-05-11 11:50:00-04:00,2026-05-11 14:00:00-04:00,29440.0,29441.75,29281.5,29741.15,1,30.4,time
2026-05-13,2026-05-13 10:55:00-04:00,2026-05-13 14:00:00-04:00,29310.0,29445.0,29075.0,29756.5,1,2695.4,time
2026-05-14,2026-05-14 10:45:00-04:00,2026-05-14 14:00:00-04:00,29686.75,29730.5,29458.5,30120.425,1,870.4,time
2026-05-15,2026-05-15 10:15:00-04:00,2026-05-15 14:00:00-04:00,29301.0,29448.75,29089.75,29702.375,1,2950.4,time
2026-05-19,2026-05-19 13:10:00-04:00,2026-05-19 14:00:00-04:00,29069.75,29069.0,28850.25,29486.8,1,-19.6,time
2026-05-20,2026-05-20 10:30:00-04:00,2026-05-20 14:00:00-04:00,29209.0,29302.25,29023.25,29561.925,1,1860.4,time
2026-05-21,2026-05-21 10:10:00-04:00,2026-05-21 10:20:00-04:00,29321.0,29173.75,29174.0,29600.3,1,-2949.6,stop
2026-05-22,2026-05-22 13:30:00-04:00,2026-05-22 14:00:00-04:00,29736.75,29679.0,29551.25,30089.2,1,-1159.6,time
2026-05-26,2026-05-26 10:15:00-04:00,2026-05-26 14:00:00-04:00,30029.0,29996.25,29826.75,30413.275,1,-659.6,time
2026-05-28,2026-05-28 10:15:00-04:00,2026-05-28 14:00:00-04:00,30161.25,30319.25,29920.25,30619.15,1,3155.4,time
2026-06-01,2026-06-01 11:25:00-04:00,2026-06-01 14:00:00-04:00,30477.5,30669.75,30306.0,30803.35,1,3840.4,time
2026-06-02,2026-06-02 10:10:00-04:00,2026-06-02 14:00:00-04:00,30612.25,30628.25,30423.75,30970.4,1,315.4,time
2026-06-04,2026-06-04 11:05:00-04:00,2026-06-04 14:00:00-04:00,30370.0,30559.0,30187.75,30716.275,1,3775.4,time
2026-06-08,2026-06-08 10:40:00-04:00,2026-06-08 14:00:00-04:00,29586.5,29559.0,29341.0,30052.95,1,-554.6,time
2026-06-10,2026-06-10 10:25:00-04:00,2026-06-10 11:10:00-04:00,29217.75,28772.25,28772.5,30063.725,1,-8914.6,stop
2026-06-11,2026-06-11 10:05:00-04:00,2026-06-11 10:55:00-04:00,29039.5,28650.5,28650.75,29778.125,1,-7784.6,stop
2026-06-12,2026-06-12 10:10:00-04:00,2026-06-12 14:00:00-04:00,29578.5,29683.75,29230.0,30240.65,1,2100.4,time
2026-06-15,2026-06-15 11:05:00-04:00,2026-06-15 14:00:00-04:00,30502.5,30555.25,30302.25,30882.975,1,1050.4,time
2026-06-22,2026-06-22 10:10:00-04:00,2026-06-22 10:25:00-04:00,30950.5,30756.5,30756.75,31318.625,1,-3884.6,stop
2026-06-23,2026-06-23 10:05:00-04:00,2026-06-23 14:00:00-04:00,29986.75,29732.5,29616.5,30690.225,1,-5089.6,time
2026-06-24,2026-06-24 11:00:00-04:00,2026-06-24 13:05:00-04:00,29891.5,29562.0,29562.25,30517.075,1,-6594.6,stop
2026-06-26,2026-06-26 10:05:00-04:00,2026-06-26 14:00:00-04:00,29534.5,29545.0,29181.5,30205.2,1,205.4,time
2026-06-29,2026-06-29 12:05:00-04:00,2026-06-29 14:00:00-04:00,29868.5,30003.75,29557.0,30460.35,1,2700.4,time
2026-06-30,2026-06-30 10:05:00-04:00,2026-06-30 14:00:00-04:00,30392.0,30524.5,30033.0,31074.1,1,2645.4,time
2026-07-01,2026-07-01 10:10:00-04:00,2026-07-01 14:00:00-04:00,30296.75,30164.0,30087.75,30693.85,1,-2659.6,time
2026-07-06,2026-07-06 10:15:00-04:00,2026-07-06 14:00:00-04:00,30022.0,29896.0,29776.25,30488.925,1,-2524.6,time
2026-07-08,2026-07-08 13:25:00-04:00,2026-07-08 14:00:00-04:00,29420.75,29352.0,29201.0,29838.275,1,-1379.6,time
2026-07-09,2026-07-09 13:10:00-04:00,2026-07-09 14:00:00-04:00,29942.0,29974.5,29672.0,30455.0,1,645.4,time
2026-07-10,2026-07-10 11:30:00-04:00,2026-07-10 14:00:00-04:00,29980.25,30038.75,29798.0,30326.525,1,1165.4,time
2026-07-14,2026-07-14 11:10:00-04:00,2026-07-14 14:00:00-04:00,29857.75,29862.75,29685.0,30185.975,1,95.4,time
2026-07-17,2026-07-17 10:05:00-04:00,2026-07-17 14:00:00-04:00,28718.25,28896.0,28408.25,29307.25,1,3550.4,time
2026-07-21,2026-07-21 11:10:00-04:00,2026-07-21 14:00:00-04:00,29274.5,29341.25,29092.5,29620.3,1,1330.4,time
2026-07-22,2026-07-22 11:10:00-04:00,2026-07-22 14:00:00-04:00,29292.75,29243.75,29090.0,29677.975,1,-984.6,time
2026-07-28,2026-07-28 11:40:00-04:00,2026-07-28 14:00:00-04:00,28005.75,27973.75,27641.75,28697.35,1,-644.6,time
2026-07-30,2026-07-30 10:25:00-04:00,2026-07-30 14:00:00-04:00,28164.25,28177.25,27813.25,28831.15,1,255.4,time
2026-08-03,2026-08-03 10:25:00-04:00,2026-08-03 14:00:00-04:00,28662.25,28917.25,28313.5,29324.875,1,5095.4,time
2026-08-04,2026-08-04 10:10:00-04:00,2026-08-04 14:00:00-04:00,29518.75,29835.0,29208.25,30108.7,1,6320.4,time
2026-08-06,2026-08-06 10:10:00-04:00,2026-08-06 14:00:00-04:00,29580.25,29528.75,29241.25,30224.35,1,-1034.6,time
2026-08-07,2026-08-07 11:30:00-04:00,2026-08-07 14:00:00-04:00,29826.25,29743.25,29643.75,30173.0,1,-1664.6,time
2026-08-10,2026-08-10 10:10:00-04:00,2026-08-10 14:00:00-04:00,29875.0,29758.75,29718.75,30171.875,1,-2329.6,time
2026-08-13,2026-08-13 10:15:00-04:00,2026-08-13 14:00:00-04:00,30206.5,30204.75,29863.5,30858.2,1,-39.6,time
2026-08-17,2026-08-17 11:05:00-04:00,2026-08-17 13:05:00-04:00,30269.0,30165.25,30165.5,30465.65,1,-2079.6,stop
2026-08-27,2026-08-27 10:30:00-04:00,2026-08-27 14:00:00-04:00,29606.75,29611.75,29423.75,29954.45,1,95.4,time
2026-08-28,2026-08-28 10:45:00-04:00,2026-08-28 11:55:00-04:00,29735.0,29562.5,29562.75,30062.275,1,-3454.6,stop
2026-09-01,2026-09-01 10:25:00-04:00,2026-09-01 14:00:00-04:00,29161.5,29139.5,29040.25,29391.875,1,-444.6,time
2026-09-02,2026-09-02 10:15:00-04:00,2026-09-02 14:00:00-04:00,29128.0,29159.25,29017.25,29338.425,1,620.4,time
2026-09-03,2026-09-03 11:05:00-04:00,2026-09-03 14:00:00-04:00,29437.25,29543.25,29199.5,29888.975,1,2115.4,time
2026-09-09,2026-09-09 10:05:00-04:00,2026-09-09 11:10:00-04:00,29578.5,29418.0,29418.25,29882.975,1,-3214.6,stop
2026-09-10,2026-09-10 10:25:00-04:00,2026-09-10 14:00:00-04:00,29229.75,29186.0,29057.5,29557.025,1,-879.6,time
2026-09-11,2026-09-11 11:30:00-04:00,2026-09-11 14:00:00-04:00,29485.5,29452.0,29347.25,29748.175,1,-674.6,time
2026-09-14,2026-09-14 10:10:00-04:00,2026-09-14 14:00:00-04:00,29065.5,29281.5,28878.75,29420.325,1,4315.4,time
2026-09-16,2026-09-16 11:00:00-04:00,2026-09-16 14:00:00-04:00,29204.25,29182.75,29081.5,29437.475,1,-434.6,time
2026-09-17,2026-09-17 11:45:00-04:00,2026-09-17 14:00:00-04:00,29443.25,29447.0,29309.0,29698.325,1,70.4,time
2026-09-21,2026-09-21 10:15:00-04:00,2026-09-21 14:00:00-04:00,30437.75,30712.5,30216.5,30858.125,1,5490.4,time
2026-09-22,2026-09-22 10:15:00-04:00,2026-09-22 14:00:00-04:00,30961.25,30977.0,30763.5,31336.975,1,310.4,time
2026-09-24,2026-09-24 10:30:00-04:00,2026-09-24 14:00:00-04:00,30630.25,30697.25,30493.25,30890.55,1,1335.4,time
