date,direction,open_price,prev_vix_close,em_points,upper_band,lower_band,entry_time,entry_price,exit_time,exit_price,exit_reason,pnl_points,r_multiple,contracts,pnl_usd_gross,pnl_usd_net
2021-01-04,short,12933.75,22.75,185.35554927219223,13119.105549272192,12748.394450727808,2021-01-04 11:03:00-05:00,12733.75,2021-01-04 12:11:00-05:00,12548.394450727808,target,185.35554927219164,0.9999999999999968,1,3707.1109854438328,3692.510985443833
2021-01-07,long,12728.0,25.07,201.0084108973473,12929.008410897348,12526.991589102652,2021-01-07 15:03:00-05:00,12931.0,2021-01-07 15:59:00-05:00,12925.5,eod,-5.5,-0.027362039107949505,1,-110.0,-124.6
2021-01-25,short,13497.75,21.91,186.29598157571016,13684.04598157571,13311.45401842429,2021-01-25 11:03:00-05:00,13310.0,2021-01-25 15:59:00-05:00,13474.5,eod,-164.5,-0.883003479777945,1,-3290.0,-3304.6
2021-01-27,short,13389.5,23.02,194.1643121123987,13583.664312112398,13195.335687887602,2021-01-27 09:50:00-05:00,13179.75,2021-01-27 15:59:00-05:00,13119.75,eod,60.0,0.30901662281411907,1,1200.0,1185.4
2021-01-29,short,13110.5,30.21,249.4995172975593,13359.99951729756,12861.00048270244,2021-01-29 12:45:00-05:00,12859.0,2021-01-29 15:59:00-05:00,12913.75,eod,-54.75,-0.21943930230014752,1,-1095.0,-1109.6
2021-02-10,short,13742.75,21.63,187.25347897518444,13930.003478975184,13555.496521024816,2021-02-10 10:43:00-05:00,13548.75,2021-02-10 15:59:00-05:00,13650.0,eod,-101.25,-0.5407109152477645,1,-2025.0,-2039.6
2021-02-23,short,13001.0,23.45,192.05222143959165,13193.052221439591,12808.947778560409,2021-02-23 09:46:00-05:00,12793.75,2021-02-23 10:24:00-05:00,13001.0,stop,-207.25,-1.0791335733921135,1,-4145.0,-4159.6
2021-02-24,long,13073.75,23.11,190.32675850048554,13264.076758500485,12883.423241499515,2021-02-24 13:44:00-05:00,13265.0,2021-02-24 15:59:00-05:00,13295.25,eod,30.25,0.15893718906541893,1,605.0,590.4
2021-02-25,short,13180.75,21.34,177.18798426222227,13357.937984262222,13003.562015737778,2021-02-25 11:50:00-05:00,12996.5,2021-02-25 13:02:00-05:00,12819.312015737778,target,177.18798426222202,0.9999999999999986,1,3543.7596852444403,3529.1596852444404
2021-03-02,short,13297.5,23.35,195.59448873211443,13493.094488732115,13101.905511267885,2021-03-02 15:40:00-05:00,13094.5,2021-03-02 15:59:00-05:00,13058.25,eod,36.25,0.1853324203303493,1,725.0,710.4
2021-03-03,short,13012.75,24.1,197.55401404539134,13210.304014045392,12815.195985954608,2021-03-03 13:03:00-05:00,12810.0,2021-03-03 15:59:00-05:00,12680.75,eod,129.25,0.6542514492785889,1,2585.0,2570.4
2021-03-04,short,12664.25,26.67,212.76599586130087,12877.0159958613,12451.4840041387,2021-03-04 13:07:00-05:00,12447.5,2021-03-04 15:59:00-05:00,12471.25,eod,-23.75,-0.1116249798463204,1,-475.0,-489.6
2021-03-05,short,12582.75,28.57,226.4568895777722,12809.206889577772,12356.293110422228,2021-03-05 10:23:00-05:00,12348.5,2021-03-05 13:19:00-05:00,12582.75,stop,-234.25,-1.0344132185015789,1,-4685.0,-4699.6
2021-03-08,short,12635.25,24.66,196.28026747194235,12831.530267471942,12438.969732528058,2021-03-08 13:56:00-05:00,12429.25,2021-03-08 15:59:00-05:00,12300.5,eod,128.75,0.6559497888314444,1,2575.0,2560.4
2021-03-09,long,12609.25,25.47,202.31027015332833,12811.560270153328,12406.939729846672,2021-03-09 13:02:00-05:00,12815.75,2021-03-09 15:59:00-05:00,12787.0,eod,-28.75,-0.14210845538494288,1,-575.0,-589.6
2021-03-10,short,12967.75,24.03,196.29901923435952,13164.049019234359,12771.450980765641,2021-03-10 10:39:00-05:00,12766.75,2021-03-10 15:59:00-05:00,12752.25,eod,14.5,0.07386689987833607,1,290.0,275.4
2021-03-17,long,13018.0,19.79,162.28926412609871,13180.289264126099,12855.710735873901,2021-03-17 14:41:00-04:00,13185.75,2021-03-17 15:59:00-04:00,13205.25,eod,19.5,0.1201558224137889,1,390.0,375.4
2021-03-18,short,12993.75,19.23,157.40318667079484,13151.153186670796,12836.346813329204,2021-03-18 15:06:00-04:00,12828.75,2021-03-18 15:59:00-04:00,12797.25,eod,31.5,0.20012301317559428,1,630.0,615.4
2021-03-22,long,12928.25,20.95,170.6174703365055,13098.867470336505,12757.632529663495,2021-03-22 12:05:00-04:00,13100.75,2021-03-22 15:59:00-04:00,13070.75,eod,-30.0,-0.1758319352691819,1,-600.0,-614.6
2021-03-24,short,13070.75,20.3,167.14611075397124,13237.89611075397,12903.60388924603,2021-03-24 13:11:00-04:00,12902.5,2021-03-24 15:59:00-04:00,12790.0,eod,112.5,0.6730638211833302,1,2250.0,2235.4
2021-03-26,long,12763.25,19.81,159.27421790212455,12922.524217902124,12603.975782097876,2021-03-26 15:55:00-04:00,12923.25,2021-03-26 15:59:00-04:00,12962.0,eod,38.75,0.24329110204020732,1,775.0,760.4
2021-03-31,long,12968.0,19.61,160.19550473023259,13128.195504730233,12807.804495269767,2021-03-31 12:01:00-04:00,13130.75,2021-03-31 15:59:00-04:00,13084.5,eod,-46.25,-0.2887097242702564,1,-925.0,-939.6
2021-04-05,long,13419.0,17.33,146.49353035529415,13565.493530355294,13272.506469644706,2021-04-05 12:20:00-04:00,13568.0,2021-04-05 15:59:00-04:00,13581.75,eod,13.75,0.09386080031419686,1,275.0,260.4
2021-04-14,short,13983.0,16.65,146.66089302394263,14129.660893023942,13836.339106976058,2021-04-14 13:59:00-04:00,13831.25,2021-04-14 15:59:00-04:00,13808.5,eod,22.75,0.1551197427680058,1,455.0,440.4
2021-04-20,short,13874.0,17.29,151.11111602264003,14025.11111602264,13722.88888397736,2021-04-20 11:37:00-04:00,13722.5,2021-04-20 15:59:00-04:00,13799.5,eod,-77.0,-0.5095588069673417,1,-1540.0,-1554.6
2021-04-21,long,13747.0,18.68,161.7649896055876,13908.764989605588,13585.235010394412,2021-04-21 15:49:00-04:00,13911.75,2021-04-21 15:59:00-04:00,13918.75,eod,7.0,0.04327265137572271,1,140.0,125.4
2021-04-22,short,13901.0,17.5,153.24412072962028,14054.24412072962,13747.75587927038,2021-04-22 13:50:00-04:00,13746.75,2021-04-22 15:59:00-04:00,13750.5,eod,-3.75,-0.024470759348845735,1,-75.0,-89.6
2021-04-23,long,13776.5,18.71,162.37247615453566,13938.872476154536,13614.127523845464,2021-04-23 12:45:00-04:00,13939.25,2021-04-23 15:59:00-04:00,13925.0,eod,-14.25,-0.08776117934198262,1,-285.0,-299.6
2021-04-29,short,14042.0,17.28,152.8524613438724,14194.852461343873,13889.147538656127,2021-04-29 11:55:00-04:00,13887.5,2021-04-29 15:59:00-04:00,13955.0,eod,-67.5,-0.44160230987805393,1,-1350.0,-1364.6
2021-05-04,short,13683.25,18.31,157.82555881967872,13841.075558819679,13525.424441180321,2021-05-04 10:01:00-04:00,13521.0,2021-05-04 15:59:00-04:00,13543.25,eod,-22.25,-0.1409784331916823,1,-445.0,-459.6
2021-05-10,short,13649.75,16.69,143.50953706248168,13793.259537062482,13506.240462937518,2021-05-10 10:06:00-04:00,13504.0,2021-05-10 15:54:00-04:00,13360.490462937518,target,143.5095370624822,1.0000000000000036,1,2870.190741249644,2855.590741249644
2021-05-11,long,13113.25,19.66,162.40282670171828,13275.652826701718,12950.847173298282,2021-05-11 11:22:00-04:00,13277.5,2021-05-11 15:59:00-04:00,13344.0,eod,66.5,0.4094756313702538,1,1330.0,1315.4
2021-05-19,long,12984.5,21.34,174.54980798913758,13159.049807989137,12809.950192010863,2021-05-19 12:17:00-04:00,13162.5,2021-05-19 15:59:00-04:00,13230.5,eod,68.0,0.38957361674228663,1,1360.0,1345.4
2021-05-20,long,13292.0,22.18,185.71697622465535,13477.716976224656,13106.283023775344,2021-05-20 11:40:00-04:00,13485.0,2021-05-20 15:59:00-04:00,13486.5,eod,1.5,0.008076806065297457,1,30.0,15.399999999999999
2021-05-24,long,13509.0,20.15,171.4738827125254,13680.473882712526,13337.526117287474,2021-05-24 14:38:00-04:00,13682.75,2021-05-24 15:59:00-04:00,13637.5,eod,-45.25,-0.26388858340521315,1,-905.0,-919.6
2021-06-01,short,13752.25,16.76,145.19360974208934,13897.44360974209,13607.05639025791,2021-06-01 10:56:00-04:00,13603.25,2021-06-01 15:59:00-04:00,13651.0,eod,-47.75,-0.32887122294720406,1,-955.0,-969.6
2021-06-04,long,13610.0,18.04,154.6658340948445,13764.665834094845,13455.334165905155,2021-06-04 11:24:00-04:00,13765.5,2021-06-04 15:59:00-04:00,13766.5,eod,1.0,0.006465552045494274,1,20.0,5.4
2021-06-16,short,14059.0,17.02,150.73486498857508,14209.734864988575,13908.265135011425,2021-06-16 14:15:00-04:00,13892.5,2021-06-16 15:59:00-04:00,13983.75,eod,-91.25,-0.6053675770825567,1,-1825.0,-1839.6
2021-06-17,long,13944.5,18.15,159.43339921478437,14103.933399214784,13785.066600785216,2021-06-17 10:28:00-04:00,14104.25,2021-06-17 15:59:00-04:00,14164.25,eod,60.0,0.3763326899852999,1,1200.0,1185.4
2021-07-08,long,14594.0,16.2,148.9323650156099,14742.93236501561,14445.06763498439,2021-07-08 13:30:00-04:00,14745.0,2021-07-08 15:59:00-04:00,14722.75,eod,-22.25,-0.14939667410551047,1,-445.0,-459.6
2021-07-15,short,14893.0,16.33,153.20329426712738,15046.203294267127,14739.796705732873,2021-07-15 12:09:00-04:00,14738.25,2021-07-15 15:59:00-04:00,14790.5,eod,-52.25,-0.34105010763604193,1,-1045.0,-1059.6
2021-07-16,short,14829.75,17.01,158.90511354630345,14988.655113546303,14670.844886453697,2021-07-16 15:45:00-04:00,14670.25,2021-07-16 15:59:00-04:00,14673.25,eod,-3.0,-0.01887919106596798,1,-60.0,-74.6
2021-07-27,short,15105.25,17.58,167.280962178533,15272.530962178533,14937.969037821467,2021-07-27 10:33:00-04:00,14934.75,2021-07-27 15:59:00-04:00,14950.25,eod,-15.5,-0.09265848186273225,1,-310.0,-324.6
2021-08-16,short,15079.75,15.45,146.76495136791803,15226.514951367919,14932.985048632081,2021-08-16 10:53:00-04:00,14926.0,2021-08-16 14:08:00-04:00,15079.75,stop,-153.75,-1.0475934381265966,1,-3075.0,-3089.6
2021-08-19,long,14774.5,21.57,200.75328802777003,14975.25328802777,14573.74671197223,2021-08-19 11:47:00-04:00,14980.5,2021-08-19 15:59:00-04:00,14929.0,eod,-51.5,-0.2565337808707574,1,-1030.0,-1044.6
2021-08-23,long,15127.0,18.56,176.86036150731394,15303.860361507313,14950.139638492687,2021-08-23 11:55:00-04:00,15305.0,2021-08-23 15:59:00-04:00,15306.25,eod,1.25,0.007067722746616161,1,25.0,10.399999999999999
2021-08-30,long,15455.5,16.39,159.5738571123625,15615.073857112362,15295.926142887638,2021-08-30 14:18:00-04:00,15615.75,2021-08-30 15:59:00-04:00,15599.25,eod,-16.5,-0.10340039589556121,1,-330.0,-344.6
2021-09-10,short,15637.5,18.8,185.1931426626961,15822.693142662696,15452.306857337304,2021-09-10 15:50:00-04:00,15448.75,2021-09-10 15:59:00-04:00,15445.25,eod,3.5,0.01889918789474171,1,70.0,55.400000000000006
2021-09-20,short,15076.0,20.81,197.63230623627123,15273.632306236272,14878.367693763728,2021-09-20 14:14:00-04:00,14874.25,2021-09-20 15:59:00-04:00,15004.5,eod,-130.25,-0.6590521685472057,1,-2605.0,-2619.6
2021-09-28,short,15001.5,18.76,177.2830643751117,15178.783064375111,14824.216935624889,2021-09-28 10:58:00-04:00,14823.5,2021-09-28 15:59:00-04:00,14764.25,eod,59.25,0.3342112807494879,1,1185.0,1170.4
2021-10-04,short,14704.25,21.15,195.908364604169,14900.158364604169,14508.341635395831,2021-10-04 10:30:00-04:00,14491.25,2021-10-04 15:59:00-04:00,14468.0,eod,23.25,0.1186779341809953,1,465.0,450.4
2021-10-05,long,14507.0,22.96,209.82113134055663,14716.821131340557,14297.178868659443,2021-10-05 12:08:00-04:00,14718.75,2021-10-05 15:59:00-04:00,14658.5,eod,-60.25,-0.28714934294301075,1,-1205.0,-1219.6
2021-10-06,long,14522.0,21.3,194.85240273491993,14716.85240273492,14327.14759726508,2021-10-06 14:10:00-04:00,14720.0,2021-10-06 15:59:00-04:00,14754.0,eod,34.0,0.17449104821280598,1,680.0,665.4
2021-10-18,long,15076.5,16.3,154.80602741729152,15231.306027417291,14921.693972582709,2021-10-18 13:15:00-04:00,15234.5,2021-10-18 15:59:00-04:00,15286.25,eod,51.75,0.3342893094240052,1,1035.0,1020.4000000000001
2021-10-22,short,15422.5,15.01,145.82607974270326,15568.326079742703,15276.673920257297,2021-10-22 11:48:00-04:00,15274.75,2021-10-22 15:59:00-04:00,15342.0,eod,-67.25,-0.46116579502552946,1,-1345.0,-1359.6
2021-10-29,long,15631.0,16.53,162.76437176807923,15793.764371768078,15468.235628231922,2021-10-29 13:14:00-04:00,15796.5,2021-10-29 15:59:00-04:00,15840.25,eod,43.75,0.2687934682802621,1,875.0,860.4
2021-11-04,long,16180.25,15.1,153.90825155425662,16334.158251554256,16026.341748445744,2021-11-04 13:42:00-04:00,16334.25,2021-11-04 15:59:00-04:00,16335.0,eod,0.75,0.004873033072795357,1,15.0,0.40000000000000036
2021-11-09,short,16376.0,17.22,177.6399762269743,16553.639976226976,16198.360023773026,2021-11-09 12:04:00-05:00,16198.25,2021-11-09 15:59:00-05:00,16217.5,eod,-19.25,-0.1083652475578125,1,-385.0,-399.6
2021-11-10,short,16101.5,17.78,180.34239071195086,16281.84239071195,15921.15760928805,2021-11-10 14:41:00-05:00,15919.25,2021-11-10 15:59:00-05:00,15978.0,eod,-58.75,-0.3257692202485967,1,-1175.0,-1189.6
2021-11-22,short,16638.5,17.91,187.71954224229623,16826.219542242296,16450.780457757704,2021-11-22 15:52:00-05:00,16446.75,2021-11-22 15:59:00-05:00,16383.25,eod,63.5,0.33827058835482515,1,1270.0,1255.4
2021-11-23,short,16331.0,19.17,197.21258298840237,16528.212582988403,16133.787417011597,2021-11-23 13:32:00-05:00,16128.5,2021-11-23 15:59:00-05:00,16305.75,eod,-177.25,-0.8987763220484957,1,-3545.0,-3559.6
2021-11-26,short,16251.0,18.58,190.2065768220324,16441.20657682203,16060.793423177967,2021-11-26 11:16:00-05:00,16060.75,2021-11-26 13:14:00-05:00,16043.5,eod,17.25,0.09069087035902043,1,345.0,330.4
2021-11-30,short,16355.0,22.96,236.54956938545553,16591.549569385457,16118.450430614545,2021-11-30 11:42:00-05:00,16107.5,2021-11-30 15:59:00-05:00,16148.75,eod,-41.25,-0.17438205492052058,1,-825.0,-839.6
2021-12-01,short,16339.0,27.19,279.855863085157,16618.85586308516,16059.144136914843,2021-12-01 15:09:00-05:00,16056.0,2021-12-01 15:59:00-05:00,15874.75,eod,181.25,0.647654824886937,1,3625.0,3610.4
2021-12-03,short,16047.25,27.95,282.54144397741686,16329.791443977418,15764.708556022582,2021-12-03 10:08:00-05:00,15750.0,2021-12-03 15:59:00-05:00,15716.0,eod,34.0,0.1203363284386611,1,680.0,665.4
2021-12-13,short,16325.5,18.69,192.20979797809315,16517.709797978092,16133.290202021906,2021-12-13 11:49:00-05:00,16127.0,2021-12-13 15:59:00-05:00,16087.75,eod,39.25,0.20420395012575512,1,785.0,770.4
2021-12-15,long,15911.75,21.89,219.41354682087677,16131.163546820877,15692.336453179123,2021-12-15 15:14:00-05:00,16135.75,2021-12-15 15:59:00-05:00,16283.5,eod,147.75,0.6733859515092706,1,2955.0,2940.4
2021-12-16,short,16326.5,19.29,198.3924085400125,16524.892408540014,16128.107591459988,2021-12-16 10:02:00-05:00,16114.25,2021-12-16 12:55:00-05:00,15915.857591459988,target,198.39240854001218,0.9999999999999984,1,3967.8481708002437,3953.2481708002438
2021-12-27,long,16346.5,17.96,184.9399946574903,16531.43999465749,16161.56000534251,2021-12-27 11:13:00-05:00,16531.5,2021-12-27 15:59:00-05:00,16560.5,eod,29.0,0.15680761780980976,1,580.0,565.4
2022-01-04,short,16509.75,16.6,172.64273784530647,16682.392737845308,16337.107262154694,2022-01-04 10:37:00-05:00,16327.25,2022-01-04 13:55:00-05:00,16154.607262154694,target,172.64273784530633,0.9999999999999992,1,3452.8547569061266,3438.2547569061267
2022-01-05,short,16200.25,16.91,172.5699025165056,16372.819902516505,16027.680097483495,2022-01-05 14:05:00-05:00,16015.25,2022-01-05 15:07:00-05:00,15842.680097483495,target,172.56990251650495,0.9999999999999962,1,3451.398050330099,3436.798050330099
2022-01-06,long,15691.0,19.73,195.0192299538983,15886.019229953898,15495.980770046102,2022-01-06 11:15:00-05:00,15889.25,2022-01-06 15:59:00-05:00,15758.0,eod,-131.25,-0.6730105540413985,1,-2625.0,-2639.6
2022-01-07,short,15757.0,19.61,194.64840900942895,15951.648409009429,15562.351590990571,2022-01-07 10:49:00-05:00,15550.75,2022-01-07 15:59:00-05:00,15585.0,eod,-34.25,-0.17595828383236822,1,-685.0,-699.6
2022-01-10,short,15377.0,18.76,181.7206066657396,15558.72060666574,15195.27939333426,2022-01-10 10:36:00-05:00,15182.75,2022-01-10 13:31:00-05:00,15377.0,stop,-194.25,-1.0689486655594718,1,-3885.0,-3899.6
2022-01-11,long,15565.5,19.4,190.2236608162124,15755.723660816213,15375.276339183787,2022-01-11 11:36:00-05:00,15763.75,2022-01-11 15:59:00-05:00,15832.25,eod,68.5,0.3601024168396294,1,1370.0,1355.4
2022-01-13,short,15950.5,17.62,177.04347899507906,16127.54347899508,15773.45652100492,2022-01-13 10:50:00-05:00,15762.25,2022-01-13 15:02:00-05:00,15585.20652100492,target,177.04347899507957,1.0000000000000029,1,3540.8695799015914,3526.2695799015914
2022-01-14,long,15389.25,20.31,196.8915635878079,15586.141563587807,15192.358436412193,2022-01-14 09:55:00-05:00,15588.75,2022-01-14 15:59:00-05:00,15592.25,eod,3.5,0.01777628221454548,1,70.0,55.400000000000006
2022-01-19,short,15267.25,22.79,219.18199318589555,15486.431993185895,15048.068006814105,2022-01-19 15:58:00-05:00,15037.75,2022-01-19 15:59:00-05:00,15037.0,eod,0.75,0.003421813941457773,1,15.0,0.40000000000000036
2022-01-20,short,15168.5,23.85,227.8928758264084,15396.392875826408,14940.607124173592,2022-01-20 15:36:00-05:00,14927.75,2022-01-20 15:59:00-05:00,14835.25,eod,92.5,0.40589246006294427,1,1850.0,1835.4
2022-01-21,short,14745.5,25.59,237.70018458270994,14983.20018458271,14507.79981541729,2022-01-21 15:04:00-05:00,14497.75,2022-01-21 15:59:00-05:00,14415.75,eod,82.0,0.34497238672302066,1,1640.0,1625.4
2022-01-24,short,14191.0,28.85,257.90427863712216,14448.904278637123,13933.095721362877,2022-01-24 11:40:00-05:00,13931.25,2022-01-24 14:00:00-05:00,14191.0,stop,-259.75,-1.0071566139679087,1,-5195.0,-5209.6
2022-01-26,short,14475.75,31.16,284.1438448338151,14759.893844833816,14191.606155166184,2022-01-26 15:01:00-05:00,14169.75,2022-01-26 15:59:00-05:00,14148.25,eod,21.5,0.07566590088402067,1,430.0,415.4
2022-01-27,short,14333.0,31.96,288.5649645680908,14621.564964568091,14044.435035431909,2022-01-27 13:17:00-05:00,14036.25,2022-01-27 15:59:00-05:00,13988.0,eod,48.25,0.16720671572939605,1,965.0,950.4
2022-01-28,long,14068.5,30.49,270.2121971971487,14338.712197197148,13798.287802802852,2022-01-28 15:48:00-05:00,14344.75,2022-01-28 15:59:00-05:00,14433.5,eod,88.75,0.3284455732220236,1,1775.0,1760.4
2022-01-31,long,14488.25,27.66,252.44561807710068,14740.695618077101,14235.804381922899,2022-01-31 11:50:00-05:00,14743.25,2022-01-31 15:59:00-05:00,14898.5,eod,155.25,0.614983936669419,1,3105.0,3090.4
2022-02-02,short,15167.75,21.96,209.82306525877686,15377.573065258777,14957.926934741223,2022-02-02 11:15:00-05:00,14947.5,2022-02-02 15:59:00-05:00,15113.75,eod,-166.25,-0.7923342450219294,1,-3325.0,-3339.6
2022-02-03,short,14704.0,22.09,204.6119241830173,14908.611924183017,14499.388075816983,2022-02-03 15:50:00-05:00,14494.75,2022-02-03 15:59:00-05:00,14502.75,eod,-8.0,-0.03909840558873937,1,-160.0,-174.6
2022-02-04,long,14519.25,24.35,222.71162071650014,14741.9616207165,14296.5383792835,2022-02-04 13:43:00-05:00,14743.0,2022-02-04 15:59:00-05:00,14680.25,eod,-62.75,-0.2817544939869903,1,-1255.0,-1269.6
2022-02-08,long,14516.25,22.86,209.0404803682994,14725.2904803683,14307.2095196317,2022-02-08 12:33:00-05:00,14727.0,2022-02-08 15:59:00-05:00,14733.5,eod,6.5,0.03109445590896046,1,130.0,115.4
2022-02-10,long,14742.25,19.96,185.36342195719465,14927.613421957194,14556.886578042806,2022-02-10 10:01:00-05:00,14930.75,2022-02-10 13:37:00-05:00,14742.25,stop,-188.5,-1.0169212351050019,1,-3770.0,-3784.6
2022-02-11,short,14700.75,23.91,221.42099487962733,14922.170994879627,14479.329005120373,2022-02-11 13:30:00-05:00,14464.0,2022-02-11 14:50:00-05:00,14242.579005120373,target,221.42099487962696,0.9999999999999983,1,4428.419897592539,4413.819897592539
2022-02-17,short,14462.5,24.29,221.29449804477096,14683.79449804477,14241.20550195523,2022-02-17 14:58:00-05:00,14237.5,2022-02-17 15:59:00-05:00,14166.25,eod,71.25,0.32196914351474354,1,1425.0,1410.4
2022-02-18,short,14204.5,28.11,251.52810931887078,14456.028109318871,13952.971890681129,2022-02-18 12:44:00-05:00,13948.5,2022-02-18 15:59:00-05:00,14005.0,eod,-56.5,-0.2246269816641965,1,-1130.0,-1144.6
2022-02-23,short,13995.5,28.81,253.998648899064,14249.498648899063,13741.501351100937,2022-02-23 11:08:00-05:00,13736.5,2022-02-23 15:59:00-05:00,13506.75,eod,229.75,0.9045323705296554,1,4595.0,4580.4
2022-02-24,long,13073.75,31.02,255.47105359952664,13329.221053599527,12818.278946400473,2022-02-24 09:49:00-05:00,13333.0,2022-02-24 13:38:00-05:00,13588.471053599527,target,255.4710535995273,1.0000000000000027,1,5109.421071990546,5094.8210719905455
2022-03-03,short,14350.5,30.74,277.88853280551245,14628.388532805513,14072.611467194487,2022-03-03 10:54:00-05:00,14069.5,2022-03-03 15:59:00-05:00,14035.5,eod,34.0,0.12235121635550103,1,680.0,665.4
2022-03-07,short,13831.0,31.98,278.6324991759601,14109.63249917596,13552.36750082404,2022-03-07 10:54:00-05:00,13551.0,2022-03-07 15:59:00-05:00,13320.25,eod,230.75,0.8281517794314378,1,4615.0,4600.4
2022-03-08,long,13286.25,36.45,305.07012663076983,13591.32012663077,12981.17987336923,2022-03-08 12:44:00-05:00,13591.5,2022-03-08 15:33:00-05:00,13286.25,stop,-305.25,-1.000589613185718,1,-6105.0,-6119.6
2022-03-11,short,13711.0,30.23,261.10008164575703,13972.100081645756,13449.899918354244,2022-03-11 11:32:00-05:00,13435.25,2022-03-11 15:59:00-05:00,13300.25,eod,135.0,0.5170431167584194,1,2700.0,2685.4
2022-03-15,long,13157.25,31.77,263.3189236594097,13420.56892365941,12893.93107634059,2022-03-15 15:18:00-04:00,13427.75,2022-03-15 15:59:00-04:00,13456.75,eod,29.0,0.1101326087657494,1,580.0,565.4
2022-03-16,long,13619.25,29.83,255.92114786765381,13875.171147867653,13363.328852132347,2022-03-16 15:47:00-04:00,13879.0,2022-03-16 15:59:00-04:00,13959.0,eod,80.0,0.3125962847016102,1,1600.0,1585.4
2022-03-17,long,13876.75,26.67,233.13662736192876,14109.88662736193,13643.61337263807,2022-03-17 15:46:00-04:00,14111.0,2022-03-17 15:59:00-04:00,14122.75,eod,11.75,0.05039963103592009,1,235.0,220.4
2022-03-22,long,14390.5,23.53,213.30328338364728,14603.803283383648,14177.196716616352,2022-03-22 10:32:00-04:00,14610.75,2022-03-22 15:59:00-04:00,14655.0,eod,44.25,0.20745109638285292,1,885.0,870.4
2022-03-24,long,14523.75,23.57,215.6443465090553,14739.394346509056,14308.105653490944,2022-03-24 15:51:00-04:00,14744.25,2022-03-24 15:59:00-04:00,14766.5,eod,22.25,0.10317914826051644,1,445.0,430.4
2022-03-28,long,14753.25,20.81,193.40135460203427,14946.651354602034,14559.848645397966,2022-03-28 15:23:00-04:00,14949.75,2022-03-28 15:59:00-04:00,14987.25,eod,37.5,0.19389729755080815,1,750.0,735.4
2022-03-31,short,15080.25,19.33,183.62851620567116,15263.878516205672,14896.621483794328,2022-03-31 15:54:00-04:00,14892.5,2022-03-31 15:59:00-04:00,14870.0,eod,22.5,0.12252998861461754,1,450.0,435.4
2022-04-04,long,14895.25,19.63,184.19075410779212,15079.440754107793,14711.059245892207,2022-04-04 11:01:00-04:00,15082.0,2022-04-04 15:59:00-04:00,15164.75,eod,82.75,0.44926250723515165,1,1655.0,1640.4
2022-04-05,short,15105.25,18.57,176.7012211408054,15281.951221140806,14928.548778859194,2022-04-05 10:38:00-04:00,14922.75,2022-04-05 15:59:00-04:00,14831.5,eod,91.25,0.5164084289337588,1,1825.0,1810.4
2022-04-06,short,14602.75,21.03,193.452190823654,14796.202190823655,14409.297809176345,2022-04-06 14:18:00-04:00,14408.0,2022-04-06 15:00:00-04:00,14602.75,stop,-194.75,-1.0067086817203794,1,-3895.0,-3909.6
2022-04-12,short,14199.75,24.37,217.98969165697218,14417.739691656972,13981.760308343028,2022-04-12 14:14:00-04:00,13973.75,2022-04-12 15:59:00-04:00,13941.75,eod,32.0,0.14679593221479062,1,640.0,625.4
2022-04-13,long,13952.75,24.26,213.23099767818425,14165.980997678183,13739.519002321817,2022-04-13 11:25:00-04:00,14171.25,2022-04-13 15:59:00-04:00,14221.75,eod,50.5,0.23683235809934342,1,1010.0,995.4
2022-04-14,short,14224.0,21.82,195.5132610171608,14419.51326101716,14028.48673898284,2022-04-14 10:38:00-04:00,14022.0,2022-04-14 15:59:00-04:00,13893.5,eod,128.5,0.6572444208207502,1,2570.0,2555.4
2022-04-19,long,13875.5,22.17,193.78228137160073,14069.282281371601,13681.717718628399,2022-04-19 10:11:00-04:00,14081.75,2022-04-19 15:59:00-04:00,14212.25,eod,130.5,0.6734361835164414,1,2610.0,2595.4
2022-04-20,short,14251.75,21.37,191.85470193055292,14443.604701930553,14059.895298069447,2022-04-20 10:06:00-04:00,14052.75,2022-04-20 15:59:00-04:00,14003.5,eod,49.25,0.25670468070064495,1,985.0,970.4
2022-04-21,short,14172.5,20.32,181.4136239207615,14353.913623920762,13991.086376079238,2022-04-21 11:56:00-04:00,13987.75,2022-04-21 14:11:00-04:00,13806.336376079238,target,181.4136239207619,1.0000000000000022,1,3628.272478415238,3613.672478415238
2022-04-22,short,13725.5,22.68,196.09700194809201,13921.597001948092,13529.402998051908,2022-04-22 11:53:00-04:00,13522.25,2022-04-22 15:59:00-04:00,13356.75,eod,165.5,0.8439700676495238,1,3310.0,3295.4
2022-04-25,long,13289.0,28.21,236.15389727688583,13525.153897276887,13052.846102723113,2022-04-25 15:54:00-04:00,13528.0,2022-04-25 15:59:00-04:00,13530.75,eod,2.75,0.01164494861914423,1,55.0,40.4
2022-04-26,short,13443.25,27.02,228.8175596102176,13672.067559610217,13214.432440389783,2022-04-26 10:15:00-04:00,13210.75,2022-04-26 15:59:00-04:00,13009.0,eod,201.75,0.8817068075705108,1,4035.0,4020.4
2022-04-28,long,13212.75,31.6,263.01470477964045,13475.76470477964,12949.73529522036,2022-04-28 14:38:00-04:00,13483.25,2022-04-28 15:59:00-04:00,13463.0,eod,-20.25,-0.07699189297026529,1,-405.0,-419.6
2022-04-29,short,13287.5,29.99,251.02644337325347,13538.526443373254,13036.473556626746,2022-04-29 14:06:00-04:00,13035.25,2022-04-29 15:59:00-04:00,12855.25,eod,180.0,0.7170559307664507,1,3600.0,3585.4
2022-05-04,long,13106.75,29.25,241.5019355099173,13348.251935509918,12865.248064490082,2022-05-04 15:00:00-04:00,13350.0,2022-05-04 15:59:00-04:00,13533.0,eod,183.0,0.7577579020789467,1,3660.0,3645.4
2022-05-05,short,13342.5,25.42,213.65471790035522,13556.154717900356,13128.845282099644,2022-05-05 10:03:00-04:00,13124.75,2022-05-05 11:07:00-04:00,12911.095282099644,target,213.65471790035554,1.0000000000000016,1,4273.094358007111,4258.49435800711
2022-05-09,short,12449.25,30.19,236.75874594878263,12686.008745948782,12212.491254051218,2022-05-09 15:32:00-04:00,12204.25,2022-05-09 15:59:00-04:00,12196.75,eod,7.5,0.031677816039887514,1,150.0,135.4
2022-05-10,short,12496.5,34.75,273.55391339058883,12770.05391339059,12222.94608660941,2022-05-10 11:05:00-04:00,12210.0,2022-05-10 13:49:00-04:00,12496.5,stop,-286.5,-1.047325539777332,1,-5730.0,-5744.6
2022-05-11,short,12245.5,32.99,254.48287808365984,12499.98287808366,11991.01712191634,2022-05-11 15:15:00-04:00,11990.5,2022-05-11 15:59:00-04:00,11974.75,eod,15.75,0.06189021484904094,1,315.0,300.4
2022-05-12,long,11791.75,32.56,241.8590757153157,12033.609075715316,11549.890924284684,2022-05-12 10:54:00-04:00,12042.0,2022-05-12 13:37:00-04:00,11791.75,stop,-250.25,-1.0346934439398958,1,-5005.0,-5019.6
2022-05-13,long,12132.0,31.77,242.80037103771363,12374.800371037714,11889.199628962286,2022-05-13 12:03:00-04:00,12375.25,2022-05-13 15:59:00-04:00,12384.5,eod,9.25,0.03809714112242118,1,185.0,170.4
2022-05-18,short,12368.25,26.1,203.3520205583923,12571.602020558392,12164.897979441608,2022-05-18 11:28:00-04:00,12156.75,2022-05-18 14:34:00-04:00,11953.397979441608,target,203.3520205583918,0.9999999999999977,1,4067.0404111678363,4052.4404111678364
2022-05-20,short,12026.25,29.35,222.3504756625398,12248.60047566254,11803.89952433746,2022-05-20 10:59:00-04:00,11802.0,2022-05-20 12:41:00-04:00,11579.64952433746,target,222.3504756625407,1.000000000000004,1,4447.009513250814,4432.409513250814
2022-05-24,short,11816.5,28.48,211.99644287088236,12028.496442870883,11604.503557129117,2022-05-24 10:14:00-04:00,11603.0,2022-05-24 15:39:00-04:00,11816.5,stop,-213.5,-1.0070923696112835,1,-4270.0,-4284.6
2022-05-25,long,11717.25,29.45,217.37556553211493,11934.625565532115,11499.874434467885,2022-05-25 14:27:00-04:00,11945.0,2022-05-25 15:59:00-04:00,11949.5,eod,4.5,0.020701498758539966,1,90.0,75.4
2022-05-26,long,11912.75,28.37,212.89776057599974,12125.647760576,11699.852239424,2022-05-26 10:00:00-04:00,12129.75,2022-05-26 13:10:00-04:00,12342.647760576,target,212.8977605759992,0.9999999999999974,1,4257.955211519984,4243.355211519984
2022-05-27,long,12407.5,27.5,214.93973411450776,12622.439734114509,12192.560265885491,2022-05-27 15:05:00-04:00,12634.5,2022-05-27 15:59:00-04:00,12682.25,eod,47.75,0.22215529481655308,1,955.0,940.4
2022-06-01,short,12733.5,26.19,210.07918343479972,12943.5791834348,12523.4208165652,2022-06-01 11:36:00-04:00,12519.5,2022-06-01 15:59:00-04:00,12550.0,eod,-30.5,-0.14518335182631742,1,-610.0,-624.6
2022-06-02,long,12502.5,25.69,202.33019360561187,12704.830193605612,12300.169806394388,2022-06-02 11:46:00-04:00,12709.0,2022-06-02 15:59:00-04:00,12894.25,eod,185.25,0.9155825766721446,1,3705.0,3690.4
2022-06-06,short,12741.5,24.79,198.97422185213136,12940.474221852131,12542.525778147869,2022-06-06 12:30:00-04:00,12541.5,2022-06-06 15:59:00-04:00,12600.25,eod,-58.75,-0.29526437873776606,1,-1175.0,-1189.6
2022-06-07,long,12457.0,25.07,196.7286120795298,12653.72861207953,12260.27138792047,2022-06-07 10:37:00-04:00,12661.0,2022-06-07 15:59:00-04:00,12711.5,eod,50.5,0.2566988068801339,1,1010.0,995.4
2022-06-09,short,12542.75,23.96,189.31250816053696,12732.062508160538,12353.437491839462,2022-06-09 15:40:00-04:00,12348.75,2022-06-09 15:59:00-04:00,12271.25,eod,77.5,0.40937601404699586,1,1550.0,1535.4
2022-06-10,short,12042.0,26.09,197.91213853327153,12239.912138533271,11844.087861466729,2022-06-10 11:10:00-04:00,11843.0,2022-06-10 15:59:00-04:00,11837.0,eod,6.0,0.03031648308419104,1,120.0,105.4
2022-06-13,short,11466.25,27.75,200.43987516219488,11666.689875162196,11265.810124837804,2022-06-13 15:50:00-04:00,11260.5,2022-06-13 15:59:00-04:00,11294.5,eod,-34.0,-0.16962692664065662,1,-680.0,-694.6
2022-06-15,long,11456.75,32.69,235.92615320882211,11692.676153208822,11220.823846791178,2022-06-15 14:45:00-04:00,11701.25,2022-06-15 15:59:00-04:00,11596.5,eod,-104.75,-0.4439948626945316,1,-2095.0,-2109.6
2022-06-16,short,11295.75,29.62,210.76566140890273,11506.515661408903,11084.984338591097,2022-06-16 13:59:00-04:00,11082.5,2022-06-16 15:59:00-04:00,11132.5,eod,-50.0,-0.23723029484862757,1,-1000.0,-1014.6
2022-06-22,long,11470.25,30.19,218.14020970894023,11688.39020970894,11252.10979029106,2022-06-22 10:23:00-04:00,11694.75,2022-06-22 15:59:00-04:00,11558.25,eod,-136.5,-0.6257443328863074,1,-2730.0,-2744.6
2022-06-24,long,11849.5,29.05,216.84324194318071,12066.343241943181,11632.656758056819,2022-06-24 10:08:00-04:00,12075.25,2022-06-24 15:59:00-04:00,12147.75,eod,72.5,0.33434290757835616,1,1450.0,1435.4
2022-06-28,short,12064.0,26.95,204.80937282371733,12268.809372823718,11859.190627176282,2022-06-28 11:38:00-04:00,11855.25,2022-06-28 15:59:00-04:00,11674.0,eod,181.25,0.8849692643510253,1,3625.0,3610.4
2022-07-05,long,11453.75,27.53,198.63402390423562,11652.384023904237,11255.115976095763,2022-07-05 13:19:00-04:00,11661.5,2022-07-05 15:59:00-04:00,11813.25,eod,151.75,0.7639678088239349,1,3035.0,3020.4
2022-07-07,long,11919.0,26.73,200.6959035716554,12119.695903571655,11718.304096428345,2022-07-07 13:54:00-04:00,12119.75,2022-07-07 15:59:00-04:00,12136.0,eod,16.25,0.08096826946045854,1,325.0,310.4
2022-07-11,short,12050.25,24.64,187.04085978544902,12237.29085978545,11863.20914021455,2022-07-11 09:52:00-04:00,11857.0,2022-07-11 15:59:00-04:00,11891.0,eod,-34.0,-0.18177846294654948,1,-680.0,-694.6
2022-07-12,short,11943.5,26.17,196.8951715736732,12140.395171573673,11746.604828426327,2022-07-12 15:25:00-04:00,11746.0,2022-07-12 15:59:00-04:00,11778.25,eod,-32.25,-0.16379274180389367,1,-645.0,-659.6
2022-07-13,long,11543.25,27.29,198.4409816993501,11741.69098169935,11344.80901830065,2022-07-13 10:40:00-04:00,11742.0,2022-07-13 15:59:00-04:00,11755.5,eod,13.5,0.06803030243245473,1,270.0,255.39999999999998
2022-07-18,short,12124.25,24.23,185.05806918400643,12309.308069184006,11939.191930815994,2022-07-18 14:52:00-04:00,11933.25,2022-07-18 15:59:00-04:00,11907.0,eod,26.25,0.14184736777891685,1,525.0,510.4
2022-07-19,long,12060.75,25.3,192.21822658584122,12252.968226585841,11868.531773414159,2022-07-19 13:59:00-04:00,12253.75,2022-07-19 15:59:00-04:00,12269.0,eod,15.25,0.07933690925605134,1,305.0,290.4
2022-07-20,long,12289.0,24.5,189.66288752642438,12478.662887526425,12099.337112473575,2022-07-20 10:52:00-04:00,12478.75,2022-07-20 15:59:00-04:00,12466.0,eod,-12.75,-0.06722453805425499,1,-255.0,-269.6
2022-07-22,short,12606.75,23.11,183.52820443453456,12790.278204434535,12423.221795565465,2022-07-22 12:11:00-04:00,12413.0,2022-07-22 15:59:00-04:00,12424.25,eod,-11.25,-0.061298480169095386,1,-225.0,-239.6
2022-07-26,short,12278.5,23.36,180.68324537311847,12459.183245373119,12097.816754626881,2022-07-26 14:29:00-04:00,12095.0,2022-07-26 15:59:00-04:00,12110.25,eod,-15.25,-0.08440184903978291,1,-305.0,-319.6
2022-07-27,long,12302.5,24.69,191.34371128641615,12493.843711286416,12111.156288713584,2022-07-27 14:36:00-04:00,12518.25,2022-07-27 15:59:00-04:00,12615.5,eod,97.25,0.5082476938812462,1,1945.0,1930.4
2022-07-29,long,12803.5,22.33,180.1014289112956,12983.601428911295,12623.398571088705,2022-07-29 15:27:00-04:00,12983.75,2022-07-29 15:59:00-04:00,12972.0,eod,-11.75,-0.06524101486050488,1,-235.0,-249.6
2022-08-01,long,12897.0,21.33,173.29230758862013,13070.292307588621,12723.707692411379,2022-08-01 10:49:00-04:00,13070.5,2022-08-01 15:59:00-04:00,12963.0,eod,-107.5,-0.6203391338939004,1,-2150.0,-2164.6
2022-08-02,long,12864.75,22.84,185.0960624878037,13049.846062487804,12679.653937512196,2022-08-02 12:19:00-04:00,13055.25,2022-08-02 15:59:00-04:00,12922.5,eod,-132.75,-0.7171951591825306,1,-2655.0,-2669.6
2022-08-03,long,12993.25,23.93,195.86652708671082,13189.116527086711,12797.383472913289,2022-08-03 11:27:00-04:00,13189.75,2022-08-03 15:59:00-04:00,13272.25,eod,82.5,0.4212052014557697,1,1650.0,1635.4
2022-08-05,long,13118.25,21.44,177.17417281043774,13295.424172810437,12941.075827189563,2022-08-05 10:21:00-04:00,13296.25,2022-08-05 11:25:00-04:00,13118.25,stop,-178.0,-1.0046611036838073,1,-3560.0,-3574.6
2022-08-11,short,13489.5,19.74,167.74235285984722,13657.242352859847,13321.757647140153,2022-08-11 14:51:00-04:00,13313.0,2022-08-11 15:59:00-04:00,13317.5,eod,-4.5,-0.02682685632626042,1,-90.0,-104.6
2022-08-12,long,13402.5,20.2,170.54418460004098,13573.044184600041,13231.955815399959,2022-08-12 15:58:00-04:00,13577.0,2022-08-12 15:59:00-04:00,13579.5,eod,2.5,0.014658957770169545,1,50.0,35.4
2022-08-15,long,13534.75,19.53,166.51455889205633,13701.264558892057,13368.235441107943,2022-08-15 15:20:00-04:00,13701.5,2022-08-15 15:59:00-04:00,13685.25,eod,-16.25,-0.09758906433241145,1,-325.0,-339.6
2022-08-19,short,13399.0,19.56,165.09767874753072,13564.09767874753,13233.90232125247,2022-08-19 15:08:00-04:00,13232.75,2022-08-19 15:59:00-04:00,13263.25,eod,-30.5,-0.18473912069133905,1,-610.0,-624.6
2022-08-22,short,13080.25,20.6,169.73952973404374,13249.989529734044,12910.510470265956,2022-08-22 14:36:00-04:00,12910.0,2022-08-22 15:59:00-04:00,12916.25,eod,-6.25,-0.03682112239731551,1,-125.0,-139.6
2022-08-26,short,13146.0,21.78,180.36457092710862,13326.364570927108,12965.635429072892,2022-08-26 10:30:00-04:00,12933.0,2022-08-26 13:40:00-04:00,12752.635429072892,target,180.3645709271077,0.999999999999995,1,3607.291418542154,3592.691418542154
2022-08-30,short,12563.5,26.21,207.43278328472312,12770.932783284723,12356.067216715277,2022-08-30 10:32:00-04:00,12351.25,2022-08-30 15:59:00-04:00,12353.5,eod,-2.25,-0.010846887190978103,1,-45.0,-59.6
2022-09-02,short,12404.75,25.56,199.73243433350757,12604.482434333508,12205.017565666492,2022-09-02 12:51:00-04:00,12201.75,2022-09-02 15:59:00-04:00,12110.25,eod,91.5,0.45811287638549425,1,1830.0,1815.4
2022-09-07,long,12039.75,26.91,204.09430971149104,12243.84430971149,11835.65569028851,2022-09-07 14:03:00-04:00,12245.0,2022-09-07 15:59:00-04:00,12262.0,eod,17.0,0.08329482592646166,1,340.0,325.4
2022-09-08,long,12175.75,24.64,188.9888382840755,12364.738838284076,11986.761161715924,2022-09-08 11:02:00-04:00,12365.0,2022-09-08 12:10:00-04:00,12175.75,stop,-189.25,-1.001381889630603,1,-3785.0,-3799.6
2022-09-09,long,12416.75,23.61,184.67310606883865,12601.423106068838,12232.076893931162,2022-09-09 13:38:00-04:00,12602.25,2022-09-09 15:59:00-04:00,12589.75,eod,-12.5,-0.06768717040661301,1,-250.0,-264.6
2022-09-13,short,12375.0,23.87,186.0789968963115,12561.07899689631,12188.92100310369,2022-09-13 11:24:00-04:00,12184.25,2022-09-13 15:59:00-04:00,12040.75,eod,143.5,0.7711778459336938,1,2870.0,2855.4
2022-09-19,long,11819.75,26.3,195.82303125012731,12015.573031250127,11623.926968749873,2022-09-19 15:28:00-04:00,12020.5,2022-09-19 15:59:00-04:00,12027.0,eod,6.5,0.03319323553774155,1,130.0,115.4
2022-09-21,short,11962.5,27.16,204.66870704567904,12167.16870704568,11757.83129295432,2022-09-21 15:44:00-04:00,11754.5,2022-09-21 15:59:00-04:00,11703.75,eod,50.75,0.24796169738187357,1,1015.0,1000.4
2022-09-23,short,11461.0,27.35,197.4602001134865,11658.460200113486,11263.539799886514,2022-09-23 14:19:00-04:00,11262.25,2022-09-23 15:59:00-04:00,11373.75,eod,-111.5,-0.5646707535792909,1,-2230.0,-2244.6
2022-09-28,long,11331.0,32.6,232.69420577260374,11563.694205772605,11098.305794227395,2022-09-28 15:08:00-04:00,11563.75,2022-09-28 15:59:00-04:00,11553.75,eod,-10.0,-0.0429748560639809,1,-200.0,-214.6
2022-09-29,short,11387.0,30.18,216.48523714405036,11603.48523714405,11170.51476285595,2022-09-29 10:15:00-04:00,11167.5,2022-09-29 15:59:00-04:00,11231.75,eod,-64.25,-0.2967869811706732,1,-1285.0,-1299.6
2022-10-03,long,11105.0,31.62,221.19747141484558,11326.197471414845,10883.802528585155,2022-10-03 14:30:00-04:00,11326.75,2022-10-03 15:59:00-04:00,11290.75,eod,-36.0,-0.1627505041975985,1,-720.0,-734.6
2022-10-05,long,11486.0,29.07,210.335981946874,11696.335981946873,11275.664018053127,2022-10-05 15:17:00-04:00,11699.75,2022-10-05 15:59:00-04:00,11636.5,eod,-63.25,-0.3007093670543516,1,-1265.0,-1279.6
2022-10-07,short,11345.75,30.52,218.13103934591382,11563.881039345913,11127.618960654087,2022-10-07 12:46:00-04:00,11127.0,2022-10-07 15:59:00-04:00,11099.5,eod,27.5,0.126071007970536,1,550.0,535.4
2022-10-10,short,11108.75,31.36,219.45272441335612,11328.202724413357,10889.297275586643,2022-10-10 13:03:00-04:00,10889.0,2022-10-10 15:59:00-04:00,10980.75,eod,-91.75,-0.41808549082845653,1,-1835.0,-1849.6
2022-10-13,long,10523.0,33.57,222.5310623631877,10745.531062363189,10300.468937636811,2022-10-13 11:09:00-04:00,10769.25,2022-10-13 11:21:00-04:00,10991.781062363189,target,222.53106236318854,1.0000000000000038,1,4450.621247263771,4436.02124726377
2022-10-14,short,11181.25,31.94,224.97020254478574,11406.220202544786,10956.279797455214,2022-10-14 10:01:00-04:00,10948.25,2022-10-14 15:59:00-04:00,10748.0,eod,200.25,0.8901178811008779,1,4005.0,3990.4
2022-10-18,short,11403.5,31.37,225.34732919654647,11628.847329196546,11178.152670803454,2022-10-18 11:12:00-04:00,11169.5,2022-10-18 15:59:00-04:00,11202.75,eod,-33.25,-0.147550006998306,1,-665.0,-679.6
2022-10-20,long,11111.0,30.76,215.29760977577652,11326.297609775776,10895.702390224224,2022-10-20 10:21:00-04:00,11326.75,2022-10-20 13:42:00-04:00,11111.0,stop,-215.75,-1.0021012319862475,1,-4315.0,-4329.6
2022-10-21,long,11043.75,29.98,208.56811926815615,11252.318119268157,10835.181880731843,2022-10-21 12:53:00-04:00,11252.75,2022-10-21 15:59:00-04:00,11354.0,eod,101.25,0.48545290792895734,1,2025.0,2010.4
2022-10-26,long,11474.5,28.46,205.71615369032168,11680.216153690322,11268.783846309678,2022-10-26 11:14:00-04:00,11680.25,2022-10-26 13:32:00-04:00,11474.5,stop,-205.75,-1.0001645291780503,1,-4115.0,-4129.6
2022-10-28,long,11213.75,27.39,193.4829193353097,11407.232919335309,11020.267080664691,2022-10-28 10:31:00-04:00,11411.25,2022-10-28 15:54:00-04:00,11604.732919335309,target,193.4829193353089,0.9999999999999959,1,3869.658386706178,3855.058386706178
2022-11-01,short,11595.25,25.88,189.0358255674784,11784.285825567478,11406.214174432522,2022-11-01 10:09:00-04:00,11405.25,2022-11-01 15:59:00-04:00,11330.0,eod,75.25,0.3980726921688116,1,1505.0,1490.4
2022-11-02,short,11330.0,25.81,184.21188389668532,11514.211883896685,11145.788116103315,2022-11-02 14:53:00-04:00,11135.0,2022-11-02 15:52:00-04:00,10950.788116103315,target,184.21188389668532,1.0,1,3684.2376779337064,3669.6376779337065
2022-11-04,short,10932.25,25.3,174.23275564065773,11106.482755640658,10758.017244359342,2022-11-04 09:44:00-04:00,10740.75,2022-11-04 10:23:00-04:00,10932.25,stop,-191.5,-1.0991044668716294,1,-3830.0,-3844.6
2022-11-09,short,11018.25,25.54,177.26918362984046,11195.51918362984,10840.98081637016,2022-11-09 14:51:00-05:00,10838.5,2022-11-09 15:59:00-05:00,10831.0,eod,7.5,0.04230853804607635,1,150.0,135.4
2022-11-10,long,11356.5,26.09,186.64583966559525,11543.145839665594,11169.854160334406,2022-11-10 15:09:00-05:00,11547.0,2022-11-10 15:59:00-05:00,11628.75,eod,81.75,0.43799529711708396,1,1635.0,1620.4
2022-11-11,long,11624.25,23.53,172.300524086888,11796.550524086888,11451.949475913112,2022-11-11 13:11:00-05:00,11804.5,2022-11-11 15:59:00-05:00,11847.75,eod,43.25,0.25101490682750227,1,865.0,850.4
2022-11-15,short,12021.25,23.73,179.6995944069639,12200.949594406964,11841.550405593036,2022-11-15 13:32:00-05:00,11828.5,2022-11-15 15:59:00-05:00,11905.5,eod,-77.0,-0.4284928981287451,1,-1540.0,-1554.6
2022-11-17,long,11551.0,24.11,175.43511417426708,11726.435114174266,11375.564885825734,2022-11-17 12:50:00-05:00,11727.25,2022-11-17 15:59:00-05:00,11712.25,eod,-15.0,-0.08550169714085784,1,-300.0,-314.6
2022-11-18,short,11837.75,23.93,178.44796190488992,12016.19796190489,11659.30203809511,2022-11-18 11:02:00-05:00,11653.75,2022-11-18 15:59:00-05:00,11707.5,eod,-53.75,-0.3012082594064478,1,-1075.0,-1089.6
2022-11-30,long,11534.0,21.89,159.04698408609946,11693.046984086099,11374.953015913901,2022-11-30 13:38:00-05:00,11693.25,2022-11-30 14:16:00-05:00,11852.296984086099,target,159.04698408609875,0.9999999999999956,1,3180.939681721975,3166.339681721975
2022-12-02,long,11845.5,19.84,148.04535799035182,11993.545357990351,11697.454642009649,2022-12-02 15:02:00-05:00,11996.25,2022-12-02 15:59:00-05:00,12013.75,eod,17.5,0.11820701599533086,1,350.0,335.4
2022-12-05,short,11920.0,19.06,143.11952339704328,12063.119523397043,11776.880476602957,2022-12-05 14:01:00-05:00,11775.25,2022-12-05 15:59:00-05:00,11802.75,eod,-27.5,-0.19214709039876612,1,-550.0,-564.6
2022-12-06,short,11799.0,20.75,154.2279307558239,11953.227930755824,11644.772069244176,2022-12-06 10:05:00-05:00,11644.5,2022-12-06 15:59:00-05:00,11562.5,eod,82.0,0.5316806080334676,1,1640.0,1625.4
2022-12-13,short,12168.0,25.0,191.62798781567818,12359.627987815678,11976.372012184322,2022-12-13 10:31:00-05:00,11974.0,2022-12-13 12:17:00-05:00,11782.372012184322,target,191.62798781567835,1.0000000000000009,1,3832.559756313567,3817.959756313567
2022-12-14,short,11812.25,22.55,167.79495764023025,11980.04495764023,11644.45504235977,2022-12-14 14:34:00-05:00,11617.5,2022-12-14 15:10:00-05:00,11812.25,stop,-194.75,-1.1606427436130957,1,-3895.0,-3909.6
2022-12-15,short,11573.75,21.14,154.12702999005015,11727.87702999005,11419.62297000995,2022-12-15 10:30:00-05:00,11418.75,2022-12-15 15:59:00-05:00,11348.25,eod,70.5,0.45741489993384815,1,1410.0,1395.4
2022-12-19,short,11354.0,22.62,161.78610522081308,11515.786105220814,11192.213894779186,2022-12-19 11:40:00-05:00,11183.75,2022-12-19 15:59:00-05:00,11188.0,eod,-4.25,-0.026269252196901616,1,-85.0,-99.6
2022-12-21,long,11217.5,21.48,151.78542984012,11369.28542984012,11065.71457015988,2022-12-21 11:04:00-05:00,11369.5,2022-12-21 15:59:00-05:00,11336.25,eod,-33.25,-0.2190592340452123,1,-665.0,-679.6
2022-12-22,short,11203.0,20.07,141.63853890304335,11344.638538903044,11061.361461096956,2022-12-22 10:05:00-05:00,11060.0,2022-12-22 12:29:00-05:00,10918.361461096956,target,141.6385389030438,1.000000000000003,1,2832.770778060876,2818.1707780608763
2022-12-27,short,11051.5,20.87,145.29257029023495,11196.792570290236,10906.207429709764,2022-12-27 10:02:00-05:00,10897.75,2022-12-27 15:59:00-05:00,10918.75,eod,-21.0,-0.14453595223796106,1,-420.0,-434.6
2022-12-29,long,10885.5,22.14,151.81886079775768,11037.318860797757,10733.681139202243,2022-12-29 11:32:00-05:00,11048.25,2022-12-29 15:59:00-05:00,11032.0,eod,-16.25,-0.1070354494468714,1,-325.0,-339.6
2023-01-03,short,11119.0,21.67,151.78343292782097,11270.783432927821,10967.216567072179,2023-01-03 10:13:00-05:00,10953.5,2023-01-03 15:59:00-05:00,10942.75,eod,10.75,0.07082459391409371,1,215.0,200.4
2023-01-04,short,11033.5,22.9,159.16534366082226,11192.665343660823,10874.334656339177,2023-01-04 10:12:00-05:00,10874.25,2023-01-04 11:31:00-05:00,11033.5,stop,-159.25,-1.0005318767090288,1,-3185.0,-3199.6
2023-01-06,long,10891.0,22.46,154.0909879278448,11045.090987927844,10736.909012072156,2023-01-06 13:30:00-05:00,11046.25,2023-01-06 15:59:00-05:00,11114.5,eod,68.25,0.4429201273727896,1,1365.0,1350.4
2023-01-09,long,11199.75,21.13,149.07593954523833,11348.825939545239,11050.674060454761,2023-01-09 10:45:00-05:00,11353.25,2023-01-09 15:31:00-05:00,11199.75,stop,-153.5,-1.029676555910078,1,-3070.0,-3084.6
2023-01-11,long,11323.75,20.58,146.80314940247152,11470.55314940247,11176.94685059753,2023-01-11 15:55:00-05:00,11473.5,2023-01-11 15:59:00-05:00,11476.5,eod,3.0,0.02043552888484212,1,60.0,45.4
2023-01-12,short,11490.0,21.09,152.64983458989212,11642.649834589893,11337.350165410107,2023-01-12 09:49:00-05:00,11330.75,2023-01-12 10:12:00-05:00,11490.0,stop,-159.25,-1.043237291595106,1,-3185.0,-3199.6
2023-01-13,long,11424.0,18.83,135.5090323495818,11559.509032349582,11288.490967650418,2023-01-13 13:42:00-05:00,11563.0,2023-01-13 15:59:00-05:00,11607.5,eod,44.5,0.32839139375743126,1,890.0,875.4
2023-01-18,short,11695.0,19.36,142.6281695821313,11837.62816958213,11552.37183041787,2023-01-18 11:23:00-05:00,11550.75,2023-01-18 15:59:00-05:00,11479.5,eod,71.25,0.4995506862967294,1,1425.0,1410.4
2023-01-20,long,11428.25,20.52,147.72595911243536,11575.975959112435,11280.524040887565,2023-01-20 13:48:00-05:00,11576.5,2023-01-20 15:59:00-05:00,11676.25,eod,99.75,0.6752367735455318,1,1995.0,1980.4
2023-01-23,long,11704.0,19.85,146.3506156886415,11850.350615688641,11557.649384311359,2023-01-23 10:24:00-05:00,11850.5,2023-01-23 15:59:00-05:00,11931.5,eod,81.0,0.5534653859764154,1,1620.0,1605.4
2023-01-25,long,11712.5,19.2,141.66108448385836,11854.161084483858,11570.838915516142,2023-01-25 14:15:00-05:00,11858.25,2023-01-25 15:59:00-05:00,11876.25,eod,18.0,0.12706383030726423,1,360.0,345.4
2023-01-27,long,12047.25,18.73,142.1429844623892,12189.392984462389,11905.107015537611,2023-01-27 10:10:00-05:00,12190.5,2023-01-27 15:59:00-05:00,12223.25,eod,32.75,0.23040180367583035,1,655.0,640.4
2023-01-31,long,11974.25,19.94,150.40878558859825,12124.6587855886,11823.8412144114,2023-01-31 15:54:00-05:00,12135.0,2023-01-31 15:59:00-05:00,12153.5,eod,18.5,0.12299813423533415,1,370.0,355.4
2023-02-01,long,12143.75,19.4,148.4069629010876,12292.156962901088,11995.343037098912,2023-02-01 14:43:00-05:00,12298.75,2023-02-01 15:08:00-05:00,12447.156962901088,target,148.40696290108826,1.0000000000000044,1,2968.1392580217653,2953.5392580217654
2023-02-02,long,12681.25,17.87,142.75336243955573,12824.003362439556,12538.496637560444,2023-02-02 11:08:00-05:00,12829.75,2023-02-02 15:59:00-05:00,12855.25,eod,25.5,0.1786297679033455,1,510.0,495.4
2023-02-03,long,12574.25,18.73,148.36094730135073,12722.610947301351,12425.889052698649,2023-02-03 09:47:00-05:00,12723.25,2023-02-03 11:34:00-05:00,12871.610947301351,target,148.3609473013512,1.000000000000003,1,2967.218946027024,2952.618946027024
2023-02-07,long,12504.0,19.43,153.0458279682639,12657.045827968264,12350.954172031736,2023-02-07 12:45:00-05:00,12659.25,2023-02-07 13:30:00-05:00,12504.0,stop,-155.25,-1.0144020393172244,1,-3105.0,-3119.6
2023-02-08,short,12713.75,18.66,149.44625496222503,12863.196254962226,12564.303745037774,2023-02-08 11:22:00-05:00,12564.25,2023-02-08 15:59:00-05:00,12543.25,eod,21.0,0.14051874371363868,1,420.0,405.4
2023-02-09,short,12722.5,19.63,157.32309757381617,12879.823097573817,12565.176902426183,2023-02-09 11:53:00-05:00,12563.75,2023-02-09 15:26:00-05:00,12406.426902426183,target,157.323097573817,1.0000000000000053,1,3146.46195147634,3131.86195147634
2023-02-14,long,12474.0,20.34,159.8293075511497,12633.82930755115,12314.17069244885,2023-02-14 10:03:00-05:00,12635.75,2023-02-14 10:41:00-05:00,12474.0,stop,-161.75,-1.0120171480329765,1,-3235.0,-3249.6
2023-02-15,long,12553.5,18.91,149.53955549238736,12703.039555492387,12403.960444507613,2023-02-15 14:09:00-05:00,12703.75,2023-02-15 15:59:00-05:00,12734.0,eod,30.25,0.20228761480797594,1,605.0,590.4
2023-02-16,long,12524.0,18.23,143.8233688386811,12667.82336883868,12380.17663116132,2023-02-16 12:34:00-05:00,12679.0,2023-02-16 15:28:00-05:00,12524.0,stop,-155.0,-1.0777108146719545,1,-3100.0,-3114.6
2023-02-23,short,12252.5,22.29,172.0420105610174,12424.542010561017,12080.457989438983,2023-02-23 11:28:00-05:00,12075.25,2023-02-23 15:59:00-05:00,12206.25,eod,-131.0,-0.7614419267295112,1,-2620.0,-2634.6
2023-03-02,long,11857.5,20.58,153.72278123764707,12011.222781237648,11703.777218762352,2023-03-02 14:00:00-05:00,12018.75,2023-03-02 15:59:00-05:00,12065.75,eod,47.0,0.30574518377559506,1,940.0,925.4
2023-03-03,long,12134.75,19.59,149.7493682959107,12284.49936829591,11985.00063170409,2023-03-03 14:10:00-05:00,12284.75,2023-03-03 15:59:00-05:00,12312.5,eod,27.75,0.18530962978865392,1,555.0,540.4
2023-03-07,short,12324.25,18.61,144.47962382861107,12468.72962382861,12179.77037617139,2023-03-07 13:48:00-05:00,12174.0,2023-03-07 15:59:00-05:00,12169.0,eod,5.0,0.03460695610566684,1,100.0,85.4
2023-03-09,short,12246.25,19.11,147.42242056871757,12393.672420568717,12098.827579431283,2023-03-09 14:03:00-05:00,12088.75,2023-03-09 15:59:00-05:00,12006.25,eod,82.5,0.5596163709816753,1,1650.0,1635.4
2023-03-10,short,12018.0,22.61,171.1719079968147,12189.171907996815,11846.828092003185,2023-03-10 13:27:00-05:00,11841.25,2023-03-10 15:59:00-05:00,11841.25,eod,0.0,0.0,1,0.0,-14.6
2023-03-13,long,11768.5,24.8,183.8537625585091,11952.353762558509,11584.646237441491,2023-03-13 11:02:00-04:00,11985.0,2023-03-13 15:59:00-04:00,11930.25,eod,-54.75,-0.29779102281127656,1,-1095.0,-1109.6
2023-03-15,long,12087.0,23.73,180.68245794713303,12267.682457947132,11906.317542052868,2023-03-15 15:01:00-04:00,12275.25,2023-03-15 15:59:00-04:00,12260.5,eod,-14.75,-0.08163493106959942,1,-295.0,-309.6
2023-03-16,long,12217.0,26.14,201.17309001823747,12418.173090018237,12015.826909981763,2023-03-16 11:08:00-04:00,12420.5,2023-03-16 15:59:00-04:00,12584.0,eod,163.5,0.8127329554125644,1,3270.0,3255.4
2023-03-22,long,12872.75,21.38,173.37192265515557,13046.121922655155,12699.378077344845,2023-03-22 14:46:00-04:00,13059.25,2023-03-22 15:04:00-04:00,12872.75,stop,-186.5,-1.0757220497055728,1,-3730.0,-3744.6
2023-03-31,long,13092.0,19.02,156.86145491618666,13248.861454916187,12935.138545083813,2023-03-31 14:08:00-04:00,13249.0,2023-03-31 15:59:00-04:00,13301.5,eod,52.5,0.33469025279697623,1,1050.0,1035.4
2023-04-05,short,13173.75,19.0,157.67496674966804,13331.424966749668,13016.075033250332,2023-04-05 12:16:00-04:00,13013.0,2023-04-05 15:59:00-04:00,13079.5,eod,-66.5,-0.4217536960421779,1,-1330.0,-1344.6
2023-04-06,long,13012.5,19.08,156.40075402003566,13168.900754020036,12856.099245979964,2023-04-06 13:58:00-04:00,13171.0,2023-04-06 15:59:00-04:00,13171.25,eod,0.25,0.0015984577668210847,1,5.0,-9.6
2023-04-12,short,13157.0,19.1,158.30330118900648,13315.303301189006,12998.696698810994,2023-04-12 11:07:00-04:00,12995.5,2023-04-12 15:59:00-04:00,12958.5,eod,37.0,0.2337285433853574,1,740.0,725.4
2023-04-13,long,13027.75,19.09,156.6661150022756,13184.416115002276,12871.083884997724,2023-04-13 13:41:00-04:00,13185.0,2023-04-13 15:59:00-04:00,13209.75,eod,24.75,0.15797927969070083,1,495.0,480.4
2023-04-20,long,13051.5,16.46,135.3287243977327,13186.828724397732,12916.171275602268,2023-04-20 13:11:00-04:00,13191.5,2023-04-20 15:14:00-04:00,13051.5,stop,-140.0,-1.0345179903457773,1,-2800.0,-2814.6
2023-04-25,short,12988.25,16.89,138.19108242372297,13126.441082423724,12850.058917576276,2023-04-25 14:09:00-04:00,12850.0,2023-04-25 15:59:00-04:00,12808.5,eod,41.5,0.30030881350760574,1,830.0,815.4
2023-04-27,long,13040.75,18.84,154.76872232380552,13195.518722323806,12885.981277676194,2023-04-27 13:36:00-04:00,13197.25,2023-04-27 15:59:00-04:00,13231.25,eod,34.0,0.21968263024660467,1,680.0,665.4
2023-05-02,short,13301.0,16.08,134.73178620728555,13435.731786207285,13166.268213792715,2023-05-02 10:46:00-04:00,13162.25,2023-05-02 15:59:00-04:00,13184.75,eod,-22.5,-0.1669984539905352,1,-450.0,-464.6
2023-05-05,long,13139.25,20.09,166.28391552151427,13305.533915521515,12972.966084478485,2023-05-05 14:01:00-04:00,13306.0,2023-05-05 15:59:00-04:00,13324.0,eod,18.0,0.10824859363905892,1,360.0,345.4
2023-05-12,short,13468.0,16.93,143.63484015954407,13611.634840159544,13324.365159840456,2023-05-12 12:48:00-04:00,13321.25,2023-05-12 15:59:00-04:00,13397.5,eod,-76.25,-0.5308600609385886,1,-1525.0,-1539.6
2023-05-18,long,13653.75,16.87,145.09978163651675,13798.849781636516,13508.650218363484,2023-05-18 11:01:00-04:00,13803.5,2023-05-18 15:59:00-04:00,13889.75,eod,86.25,0.5944185375554953,1,1725.0,1710.4
2023-05-26,long,14018.5,19.14,169.02198937966727,14187.521989379668,13849.478010620332,2023-05-26 10:25:00-04:00,14193.0,2023-05-26 15:10:00-04:00,14362.021989379668,target,169.0219893796675,1.0000000000000013,1,3380.43978759335,3365.83978759335
2023-05-30,short,14510.0,17.46,159.5920970478891,14669.59209704789,14350.40790295211,2023-05-30 13:56:00-04:00,14347.75,2023-05-30 15:59:00-04:00,14397.0,eod,-49.25,-0.3085992408835975,1,-985.0,-999.6
2023-06-01,long,14298.0,17.94,161.58366744906934,14459.58366744907,14136.41633255093,2023-06-01 12:20:00-04:00,14463.5,2023-06-01 15:59:00-04:00,14473.25,eod,9.75,0.060340256870782864,1,195.0,180.4
2023-06-07,short,14592.25,13.96,128.32385842418964,14720.57385842419,14463.92614157581,2023-06-07 10:52:00-04:00,14462.75,2023-06-07 15:37:00-04:00,14334.42614157581,target,128.3238584241899,1.000000000000002,1,2566.477168483798,2551.877168483798
2023-06-08,long,14338.0,13.94,125.90734886541303,14463.907348865412,14212.092651134588,2023-06-08 11:02:00-04:00,14470.0,2023-06-08 15:59:00-04:00,14499.75,eod,29.75,0.23628485762019233,1,595.0,580.4
2023-06-12,long,14622.75,13.83,127.39458394688536,14750.144583946885,14495.355416053115,2023-06-12 15:02:00-04:00,14751.75,2023-06-12 15:59:00-04:00,14802.5,eod,50.75,0.3983685838729157,1,1015.0,1000.4
2023-06-15,long,14957.5,13.88,130.78207006315495,15088.282070063155,14826.717929936845,2023-06-15 10:48:00-04:00,15090.0,2023-06-15 14:51:00-04:00,15220.782070063155,target,130.7820700631546,0.9999999999999974,1,2615.641401263092,2601.041401263092
2023-06-21,short,15201.75,13.88,132.91768902440685,15334.667689024407,15068.832310975593,2023-06-21 10:45:00-04:00,15060.75,2023-06-21 15:59:00-04:00,15045.25,eod,15.5,0.11661352310416585,1,310.0,295.4
2023-06-22,long,14981.5,13.2,124.57444455253022,15106.07444455253,14856.92555544747,2023-06-22 10:11:00-04:00,15110.75,2023-06-22 15:59:00-04:00,15213.5,eod,102.75,0.8248080123421514,1,2055.0,2040.4
2023-06-26,short,15036.5,13.44,127.30508668423268,15163.805086684233,14909.194913315767,2023-06-26 12:38:00-04:00,14903.25,2023-06-26 15:59:00-04:00,14857.25,eod,46.0,0.3613367006622314,1,920.0,905.4
2023-06-27,long,14917.75,14.25,133.91151353429322,15051.661513534293,14783.838486465707,2023-06-27 12:43:00-04:00,15051.75,2023-06-27 15:59:00-04:00,15108.25,eod,56.5,0.4219204048166552,1,1130.0,1115.4
2023-06-28,long,15029.5,13.74,130.08613037841093,15159.586130378411,14899.413869621589,2023-06-28 10:33:00-04:00,15169.0,2023-06-28 15:59:00-04:00,15139.5,eod,-29.5,-0.22677283054070932,1,-590.0,-604.6
2023-07-05,long,15293.5,13.7,131.98579241857107,15425.48579241857,15161.51420758143,2023-07-05 10:35:00-04:00,15427.25,2023-07-05 15:59:00-04:00,15359.75,eod,-67.5,-0.5114186819891564,1,-1350.0,-1364.6
2023-07-13,long,15576.25,13.54,132.8560398691551,15709.106039869155,15443.393960130845,2023-07-13 15:12:00-04:00,15711.0,2023-07-13 15:59:00-04:00,15706.0,eod,-5.0,-0.03763472104786739,1,-100.0,-114.6
2023-07-17,long,15729.75,13.34,132.18354028114555,15861.933540281145,15597.566459718855,2023-07-17 15:19:00-04:00,15873.0,2023-07-17 15:59:00-04:00,15844.25,eod,-28.75,-0.21750060513472913,1,-575.0,-589.6
2023-07-18,long,15815.25,13.48,134.29680579352294,15949.546805793523,15680.953194206477,2023-07-18 13:59:00-04:00,15952.5,2023-07-18 15:59:00-04:00,15973.0,eod,20.5,0.15264696638815145,1,410.0,395.4
2023-07-20,short,15833.75,13.76,137.24671141542592,15970.996711415426,15696.503288584574,2023-07-20 12:34:00-04:00,15688.75,2023-07-20 15:26:00-04:00,15551.503288584574,target,137.24671141542603,1.0000000000000009,1,2744.9342283085207,2730.334228308521
2023-07-21,short,15688.25,13.99,138.2585333336354,15826.508533333636,15549.991466666364,2023-07-21 15:09:00-04:00,15536.75,2023-07-21 15:59:00-04:00,15537.5,eod,-0.75,-0.005424619963168239,1,-15.0,-29.6
2023-07-25,long,15589.0,13.91,136.59824406849188,15725.598244068491,15452.401755931509,2023-07-25 14:35:00-04:00,15728.5,2023-07-25 15:59:00-04:00,15668.75,eod,-59.75,-0.4374141147088295,1,-1195.0,-1209.6
2023-07-27,short,15834.75,13.19,131.5696551086399,15966.31965510864,15703.18034489136,2023-07-27 14:06:00-04:00,15696.75,2023-07-27 14:38:00-04:00,15565.18034489136,target,131.5696551086403,1.000000000000003,1,2631.393102172806,2616.793102172806
2023-07-28,long,15737.75,14.41,142.85858774884153,15880.608587748842,15594.891412251158,2023-07-28 11:42:00-04:00,15883.0,2023-07-28 15:59:00-04:00,15849.75,eod,-33.25,-0.23274764593400954,1,-665.0,-679.6
2023-08-02,short,15667.5,13.93,137.4834904092465,15804.983490409246,15530.016509590754,2023-08-02 10:45:00-04:00,15520.5,2023-08-02 15:59:00-04:00,15468.25,eod,52.25,0.3800456319843761,1,1045.0,1030.4
2023-08-03,long,15358.0,16.09,155.66480679582364,15513.664806795823,15202.335193204177,2023-08-03 12:48:00-04:00,15515.0,2023-08-03 15:59:00-04:00,15430.25,eod,-84.75,-0.5444390530170483,1,-1695.0,-1709.6
2023-08-04,short,15511.5,15.92,155.55951849245906,15667.059518492459,15355.940481507541,2023-08-04 15:38:00-04:00,15353.25,2023-08-04 15:59:00-04:00,15358.0,eod,-4.75,-0.030534936376974336,1,-95.0,-109.6
2023-08-08,short,15379.0,15.77,152.77754248591407,15531.777542485914,15226.222457514086,2023-08-08 11:02:00-04:00,15223.0,2023-08-08 15:59:00-04:00,15350.25,eod,-127.25,-0.8329103736678597,1,-2545.0,-2559.6
2023-08-09,short,15361.0,15.99,154.72756199269483,15515.727561992695,15206.272438007305,2023-08-09 11:00:00-04:00,15204.25,2023-08-09 15:59:00-04:00,15180.25,eod,24.0,0.15511134338905383,1,480.0,465.4
2023-08-10,short,15300.75,15.96,153.83152161653183,15454.581521616532,15146.918478383468,2023-08-10 13:57:00-04:00,15140.5,2023-08-10 15:59:00-04:00,15200.5,eod,-60.0,-0.3900370962302954,1,-1200.0,-1214.6
2023-08-14,long,15068.25,14.84,140.8628424150865,15209.112842415087,14927.387157584913,2023-08-14 10:46:00-04:00,15209.5,2023-08-14 15:59:00-04:00,15272.5,eod,63.0,0.4472435662937656,1,1260.0,1245.4
2023-08-15,short,15225.0,14.82,142.13637480866745,15367.136374808668,15082.863625191332,2023-08-15 15:43:00-04:00,15080.0,2023-08-15 15:59:00-04:00,15105.25,eod,-25.25,-0.17764629240044652,1,-505.0,-519.6
2023-08-17,short,14994.25,16.78,158.495316590407,15152.745316590406,14835.754683409594,2023-08-17 14:44:00-04:00,14830.25,2023-08-17 15:59:00-04:00,14772.25,eod,58.0,0.3659414123250534,1,1160.0,1145.4
2023-08-18,long,14632.25,17.89,164.90020018464327,14797.150200184644,14467.349799815356,2023-08-18 15:46:00-04:00,14802.0,2023-08-18 15:59:00-04:00,14750.25,eod,-51.75,-0.313826180575003,1,-1035.0,-1049.6
2023-08-21,long,14808.75,17.3,161.3853967356405,14970.13539673564,14647.36460326436,2023-08-21 14:20:00-04:00,14971.25,2023-08-21 15:59:00-04:00,14987.0,eod,15.75,0.09759247316409611,1,315.0,300.4
2023-08-23,long,15009.25,16.97,160.4503110545637,15169.700311054563,14848.799688945437,2023-08-23 10:49:00-04:00,15175.5,2023-08-23 15:59:00-04:00,15198.0,eod,22.5,0.14023032957753825,1,450.0,435.4
2023-08-24,short,15335.5,15.98,154.37410221635236,15489.874102216352,15181.125897783648,2023-08-24 10:08:00-04:00,15160.25,2023-08-24 11:06:00-04:00,15005.875897783648,target,154.37410221635218,0.9999999999999989,1,3087.4820443270437,3072.882044327044
2023-08-29,long,15076.75,15.08,143.22169349350557,15219.971693493506,14933.528306506494,2023-08-29 10:04:00-04:00,15229.5,2023-08-29 11:35:00-04:00,15372.721693493506,target,143.22169349350588,1.0000000000000022,1,2864.4338698701176,2849.8338698701177
2023-09-01,short,15633.0,13.57,133.635519151546,15766.635519151547,15499.364480848453,2023-09-01 10:56:00-04:00,15492.0,2023-09-01 15:59:00-04:00,15520.0,eod,-28.0,-0.20952513357056896,1,-560.0,-574.6
2023-09-06,short,15499.5,14.01,136.79037915864217,15636.290379158641,15362.709620841359,2023-09-06 11:07:00-04:00,15360.25,2023-09-06 15:59:00-04:00,15398.0,eod,-37.75,-0.27596970073618676,1,-755.0,-769.6
2023-09-20,short,15419.25,14.11,137.05345660552433,15556.303456605525,15282.196543394475,2023-09-20 15:07:00-04:00,15278.75,2023-09-20 15:59:00-04:00,15152.25,eod,126.5,0.9229975159553988,1,2530.0,2515.4
2023-09-28,long,14695.0,18.22,168.66217350077036,14863.66217350077,14526.33782649923,2023-09-28 11:40:00-04:00,14864.0,2023-09-28 15:59:00-04:00,14858.5,eod,-5.5,-0.03260956434890766,1,-110.0,-124.6
2023-09-29,short,15001.5,17.34,163.86398380940494,15165.363983809404,14837.636016190596,2023-09-29 13:15:00-04:00,14835.75,2023-09-29 15:59:00-04:00,14868.25,eod,-32.5,-0.19833522440051082,1,-650.0,-664.6
2023-10-02,long,14873.75,17.52,164.15507314829298,15037.905073148293,14709.594926851707,2023-10-02 11:21:00-04:00,15038.5,2023-10-02 13:11:00-04:00,14873.75,stop,-164.75,-1.003624175849683,1,-3295.0,-3309.6
2023-10-03,short,14880.25,17.61,165.07044168269448,15045.320441682694,14715.179558317306,2023-10-03 11:37:00-04:00,14713.5,2023-10-03 15:59:00-04:00,14719.5,eod,-6.0,-0.036348118650663445,1,-120.0,-134.6
2023-10-04,long,14753.0,19.78,183.8257553910591,14936.825755391059,14569.174244608941,2023-10-04 15:32:00-04:00,14937.25,2023-10-04 15:59:00-04:00,14919.75,eod,-17.5,-0.09519884720599475,1,-350.0,-364.6
2023-10-05,short,14909.0,18.58,174.4994064266618,15083.499406426661,14734.500593573339,2023-10-05 10:39:00-04:00,14731.75,2023-10-05 15:59:00-04:00,14866.0,eod,-134.25,-0.7693435911853503,1,-2685.0,-2699.6
2023-10-06,long,14736.75,18.49,171.6478455857838,14908.397845585783,14565.102154414217,2023-10-06 11:04:00-04:00,14916.75,2023-10-06 13:22:00-04:00,15088.397845585783,target,171.64784558578322,0.9999999999999966,1,3432.9569117156643,3418.3569117156644
2023-10-09,long,15012.25,17.45,165.02165906804476,15177.271659068045,14847.228340931955,2023-10-09 13:48:00-04:00,15179.75,2023-10-09 15:59:00-04:00,15190.75,eod,11.0,0.06665791667664836,1,220.0,205.4
2023-10-10,long,15201.0,17.7,169.49041964929123,15370.490419649292,15031.509580350708,2023-10-10 11:42:00-04:00,15371.75,2023-10-10 15:59:00-04:00,15270.25,eod,-101.5,-0.5988539069643188,1,-2030.0,-2044.6
2023-10-12,short,15392.75,16.09,156.01702401396108,15548.767024013961,15236.732975986039,2023-10-12 14:09:00-04:00,15236.5,2023-10-12 15:59:00-04:00,15315.25,eod,-78.75,-0.5047526095162097,1,-1575.0,-1589.6
2023-10-13,short,15342.25,16.69,161.30399421211814,15503.553994212118,15180.946005787882,2023-10-13 11:05:00-04:00,15180.75,2023-10-13 15:59:00-04:00,15121.5,eod,59.25,0.36731886454147566,1,1185.0,1170.4
2023-10-17,long,15138.5,17.21,164.12073192621617,15302.620731926216,14974.379268073784,2023-10-17 12:23:00-04:00,15306.5,2023-10-17 15:59:00-04:00,15241.0,eod,-65.5,-0.39909644096302754,1,-1310.0,-1324.6
2023-10-19,short,15087.5,19.22,182.6713322017391,15270.171332201739,14904.828667798261,2023-10-19 14:42:00-04:00,14900.75,2023-10-19 15:59:00-04:00,14885.75,eod,15.0,0.08211469100928359,1,300.0,285.4
2023-10-20,short,14862.5,21.4,200.35739229022047,15062.85739229022,14662.14260770978,2023-10-20 11:33:00-04:00,14660.75,2023-10-20 15:59:00-04:00,14661.25,eod,-0.5,-0.002495540565210307,1,-10.0,-24.6
2023-10-23,long,14602.5,21.71,199.7040019560255,14802.204001956026,14402.795998043974,2023-10-23 12:55:00-04:00,14811.0,2023-10-23 15:59:00-04:00,14706.25,eod,-104.75,-0.5245262937848676,1,-2095.0,-2109.6
2023-10-25,short,14741.5,18.97,176.16058233346493,14917.660582333465,14565.339417666535,2023-10-25 12:12:00-04:00,14563.75,2023-10-25 15:59:00-04:00,14476.25,eod,87.5,0.4967058966367743,1,1750.0,1735.4
2023-10-26,short,14420.75,20.19,183.41037401007392,14604.160374010075,14237.339625989925,2023-10-26 11:43:00-04:00,14231.75,2023-10-26 15:59:00-04:00,14194.5,eod,37.25,0.20309647260167532,1,745.0,730.4
2023-11-01,long,14520.25,18.14,165.9247248588498,14686.174724858849,14354.325275141151,2023-11-01 15:01:00-04:00,14692.75,2023-11-01 15:59:00-04:00,14742.75,eod,50.0,0.30134146699676256,1,1000.0,985.4
2023-11-03,long,15051.0,15.66,148.47619969313502,15199.476199693136,14902.523800306864,2023-11-03 14:21:00-04:00,15200.0,2023-11-03 15:59:00-04:00,15174.5,eod,-25.5,-0.17174469748486582,1,-510.0,-524.6
2023-11-09,short,15404.5,14.45,140.22168553100124,15544.721685531002,15264.278314468998,2023-11-09 14:53:00-05:00,15263.5,2023-11-09 15:59:00-05:00,15258.75,eod,4.75,0.033874931555788745,1,95.0,80.4
2023-11-10,long,15327.75,15.29,147.633740505577,15475.383740505576,15180.116259494424,2023-11-10 12:08:00-05:00,15476.75,2023-11-10 15:59:00-05:00,15597.25,eod,120.5,0.8162090832850503,1,2410.0,2395.4
2023-11-20,long,15895.0,13.8,138.17814186507835,16033.178141865079,15756.821858134921,2023-11-20 13:03:00-05:00,16047.75,2023-11-20 15:59:00-05:00,16088.5,eod,40.75,0.2949091618252446,1,815.0,800.4
2023-11-29,short,16147.25,12.69,129.08028659828284,16276.330286598282,16018.169713401718,2023-11-29 15:35:00-05:00,16017.0,2023-11-29 15:59:00-05:00,16026.0,eod,-9.0,-0.06972404723588309,1,-180.0,-194.6
2023-11-30,short,16032.5,12.98,131.09184344582542,16163.591843445825,15901.408156554175,2023-11-30 10:42:00-05:00,15898.25,2023-11-30 15:59:00-05:00,15981.0,eod,-82.75,-0.6312368323220429,1,-1655.0,-1669.6
2023-12-04,short,15862.5,12.63,126.20446358794163,15988.704463587941,15736.295536412059,2023-12-04 10:36:00-05:00,15736.25,2023-12-04 12:42:00-05:00,15862.5,stop,-126.25,-1.000360814592161,1,-2525.0,-2539.6
2023-12-05,long,15791.25,13.08,130.11398636007172,15921.363986360071,15661.136013639929,2023-12-05 10:04:00-05:00,15925.5,2023-12-05 15:59:00-05:00,15912.0,eod,-13.5,-0.10375517942122452,1,-270.0,-284.6
2023-12-06,short,16033.5,12.85,129.78699984535962,16163.286999845359,15903.713000154641,2023-12-06 10:24:00-05:00,15893.75,2023-12-06 15:59:00-05:00,15815.0,eod,78.75,0.6067633899684107,1,1575.0,1560.4
2023-12-08,long,15956.0,13.06,131.27043795873016,16087.27043795873,15824.72956204127,2023-12-08 10:16:00-05:00,16104.0,2023-12-08 15:59:00-05:00,16098.75,eod,-5.25,-0.039993772258538035,1,-105.0,-119.6
2023-12-11,long,16077.5,12.35,125.07923185475376,16202.579231854754,15952.420768145246,2023-12-11 13:02:00-05:00,16207.75,2023-12-11 15:59:00-05:00,16234.0,eod,26.25,0.2098669748026786,1,525.0,510.4
2023-12-12,long,16232.75,12.63,129.15022892401322,16361.900228924012,16103.599771075988,2023-12-12 15:59:00-05:00,16365.0,2023-12-12 15:59:00-05:00,16365.0,eod,0.0,0.0,1,0.0,-14.6
2023-12-13,long,16398.25,12.07,124.68221324774895,16522.93221324775,16273.567786752252,2023-12-13 14:35:00-05:00,16526.25,2023-12-13 15:59:00-05:00,16566.75,eod,40.5,0.3248258026950865,1,810.0,795.4
2023-12-14,short,16607.25,12.19,127.52671087753755,16734.776710877537,16479.723289122463,2023-12-14 13:25:00-05:00,16479.25,2023-12-14 15:59:00-05:00,16544.75,eod,-65.5,-0.5136178887488042,1,-1310.0,-1324.6
2023-12-20,short,16985.5,12.53,134.069236534028,17119.56923653403,16851.43076346597,2023-12-20 14:59:00-05:00,16841.75,2023-12-20 15:59:00-05:00,16764.25,eod,77.5,0.5780595310567745,1,1550.0,1535.4
2023-12-29,short,17089.0,12.47,134.2402749071765,17223.240274907177,16954.759725092823,2023-12-29 11:24:00-05:00,16954.75,2023-12-29 15:59:00-05:00,17019.0,eod,-64.25,-0.47861940125217356,1,-1285.0,-1299.6
2024-01-02,short,16861.75,12.45,132.24270589483925,16993.992705894838,16729.507294105162,2024-01-02 09:56:00-05:00,16723.0,2024-01-02 15:59:00-05:00,16721.0,eod,2.0,0.015123707477601226,1,40.0,25.4
2024-01-08,long,16512.0,13.35,138.86112366780603,16650.861123667804,16373.138876332194,2024-01-08 10:32:00-05:00,16654.5,2024-01-08 14:58:00-05:00,16793.361123667804,target,138.86112366780435,0.9999999999999879,1,2777.222473356087,2762.622473356087
2024-01-09,long,16669.25,13.08,137.34837755925753,16806.598377559258,16531.901622440742,2024-01-09 11:52:00-05:00,16806.75,2024-01-09 15:59:00-05:00,16831.75,eod,25.0,0.18201889563066742,1,500.0,485.4
2024-01-10,long,16840.0,12.76,135.36066869510987,16975.36066869511,16704.63933130489,2024-01-10 14:58:00-05:00,16977.25,2024-01-10 15:59:00-05:00,16941.5,eod,-35.75,-0.2641092153624351,1,-715.0,-729.6
2024-01-11,short,16984.5,12.69,135.77322006710338,17120.2732200671,16848.7267799329,2024-01-11 10:06:00-05:00,16841.25,2024-01-11 15:59:00-05:00,16965.5,eod,-124.25,-0.9151289181960313,1,-2485.0,-2499.6
2024-01-19,long,17190.75,14.13,153.01595460122843,17343.76595460123,17037.73404539877,2024-01-19 13:15:00-05:00,17345.25,2024-01-19 15:59:00-05:00,17442.5,eod,97.25,0.6355546403866258,1,1945.0,1930.4
2024-01-25,short,17722.0,13.14,146.6924719556626,17868.692471955663,17575.307528044337,2024-01-25 13:58:00-05:00,17574.75,2024-01-25 15:59:00-05:00,17638.0,eod,-63.25,-0.4311741370008213,1,-1265.0,-1279.6
2024-01-29,long,17548.0,13.26,146.5787046492868,17694.578704649288,17401.421295350712,2024-01-29 15:18:00-05:00,17697.0,2024-01-29 15:59:00-05:00,17708.0,eod,11.0,0.0750450075699555,1,220.0,205.4
2024-01-31,short,17400.0,13.31,145.89050693683163,17545.89050693683,17254.10949306317,2024-01-31 15:35:00-05:00,17251.0,2024-01-31 15:59:00-05:00,17238.75,eod,12.25,0.08396708091023403,1,245.0,230.4
2024-02-02,long,17507.75,13.88,153.08038022050485,17660.830380220505,17354.669619779495,2024-02-02 10:57:00-05:00,17661.0,2024-02-02 15:59:00-05:00,17729.75,eod,68.75,0.44911046014498374,1,1375.0,1360.4
2024-02-05,short,17722.75,13.85,154.62532102789382,17877.375321027896,17568.124678972104,2024-02-05 10:42:00-05:00,17558.75,2024-02-05 14:32:00-05:00,17722.75,stop,-164.0,-1.0606283557556206,1,-3280.0,-3294.6
2024-02-06,short,17741.0,13.67,152.77290612171183,17893.77290612171,17588.22709387829,2024-02-06 11:52:00-05:00,17585.0,2024-02-06 15:59:00-05:00,17661.75,eod,-76.75,-0.5023796558458766,1,-1535.0,-1549.6
2024-02-09,long,17909.0,12.79,144.2917865094893,18053.29178650949,17764.70821349051,2024-02-09 14:31:00-05:00,18053.75,2024-02-09 15:59:00-05:00,18039.0,eod,-14.75,-0.10222342072831686,1,-295.0,-309.6
2024-02-13,long,17628.0,13.93,154.68702530296457,17782.687025302963,17473.312974697037,2024-02-13 10:43:00-05:00,17790.25,2024-02-13 14:04:00-05:00,17628.0,stop,-162.25,-1.0488921076749835,1,-3245.0,-3259.6
2024-02-16,short,17926.75,14.01,158.21200229569914,18084.9620022957,17768.5379977043,2024-02-16 09:55:00-05:00,17766.0,2024-02-16 15:59:00-05:00,17747.0,eod,19.0,0.12009202667499834,1,380.0,365.4
2024-02-20,short,17661.25,14.71,163.65671911637048,17824.90671911637,17497.59328088363,2024-02-20 10:30:00-05:00,17484.5,2024-02-20 15:59:00-05:00,17612.5,eod,-128.0,-0.7821249301043591,1,-2560.0,-2574.6
2024-02-22,long,17896.0,15.34,172.93426814274636,18068.934268142748,17723.065731857252,2024-02-22 14:15:00-05:00,18071.25,2024-02-22 15:59:00-05:00,18044.75,eod,-26.5,-0.15323741375610944,1,-530.0,-544.6
2024-03-01,long,18096.5,13.4,152.75629458312306,18249.256294583123,17943.743705416877,2024-03-01 12:14:00-05:00,18251.0,2024-03-01 15:59:00-05:00,18335.0,eod,84.0,0.5498955066253652,1,1680.0,1665.4
2024-03-05,short,18133.75,13.49,154.09881651699197,18287.84881651699,17979.65118348301,2024-03-05 10:18:00-05:00,17977.75,2024-03-05 15:59:00-05:00,17931.75,eod,46.0,0.29850975523181733,1,920.0,905.4
2024-03-07,long,18182.25,14.5,166.07924303482386,18348.329243034823,18016.170756965177,2024-03-07 13:49:00-05:00,18348.75,2024-03-07 15:59:00-05:00,18309.25,eod,-39.5,-0.23783827092538923,1,-790.0,-804.6
2024-03-08,short,18318.0,14.44,166.62684741243146,18484.62684741243,18151.37315258757,2024-03-08 12:09:00-05:00,18151.25,2024-03-08 15:59:00-05:00,18040.5,eod,110.75,0.6646587973057775,1,2215.0,2200.4
2024-03-14,short,18126.0,13.75,157.00171753212038,18283.00171753212,17968.99828246788,2024-03-14 10:00:00-04:00,17965.75,2024-03-14 15:59:00-04:00,18029.5,eod,-63.75,-0.4060465133889865,1,-1275.0,-1289.6
2024-03-20,long,18318.0,13.82,159.47250908862898,18477.472509088628,18158.527490911372,2024-03-20 15:19:00-04:00,18482.25,2024-03-20 15:59:00-04:00,18484.5,eod,2.25,0.014109014856908863,1,45.0,30.4
2024-03-27,short,18566.5,13.24,154.85233436464304,18721.352334364645,18411.647665635355,2024-03-27 10:02:00-04:00,18400.25,2024-03-27 15:59:00-04:00,18506.75,eod,-106.5,-0.6877519827968239,1,-2130.0,-2144.6
2024-04-03,long,18240.5,14.61,167.8752546176691,18408.37525461767,18072.62474538233,2024-04-03 10:26:00-04:00,18414.5,2024-04-03 15:59:00-04:00,18370.5,eod,-44.0,-0.2620993790907939,1,-880.0,-894.6
2024-04-04,short,18541.25,14.33,167.3728185694381,18708.622818569438,18373.877181430562,2024-04-04 14:27:00-04:00,18359.0,2024-04-04 15:00:00-04:00,18191.627181430562,target,167.3728185694381,1.0,1,3347.456371388762,3332.856371388762
2024-04-05,long,18138.0,16.35,186.81290941177716,18324.812909411776,17951.187090588224,2024-04-05 11:43:00-04:00,18332.5,2024-04-05 15:59:00-04:00,18293.25,eod,-39.25,-0.21010325316161252,1,-785.0,-799.6
2024-04-09,short,18391.25,15.19,175.98220357528024,18567.23220357528,18215.26779642472,2024-04-09 10:41:00-04:00,18208.5,2024-04-09 15:59:00-04:00,18362.25,eod,-153.75,-0.8736678872999227,1,-3075.0,-3089.6
2024-04-11,long,18265.25,15.8,181.79521055330375,18447.045210553304,18083.454789446696,2024-04-11 14:02:00-04:00,18454.5,2024-04-11 15:59:00-04:00,18482.25,eod,27.75,0.15264428537771343,1,555.0,540.4
2024-04-12,short,18297.0,14.91,171.8530566718483,18468.853056671847,18125.146943328153,2024-04-12 15:17:00-04:00,18124.75,2024-04-12 15:59:00-04:00,18181.0,eod,-56.25,-0.3273145156062532,1,-1125.0,-1139.6
2024-04-15,short,18335.75,17.31,199.93806118049233,18535.68806118049,18135.81193881951,2024-04-15 12:24:00-04:00,18135.25,2024-04-15 13:30:00-04:00,17935.31193881951,target,199.9380611804918,0.9999999999999973,1,3998.7612236098357,3984.161223609836
2024-04-17,short,17957.25,18.4,208.14087767697833,18165.39087767698,17749.10912232302,2024-04-17 11:30:00-04:00,17747.25,2024-04-17 15:59:00-04:00,17654.25,eod,93.0,0.4468127598862642,1,1860.0,1845.4
2024-04-19,short,17495.0,18.0,198.3746536588929,17693.37465365889,17296.62534634111,2024-04-19 11:57:00-04:00,17296.25,2024-04-19 15:59:00-04:00,17181.75,eod,114.5,0.5771906737484913,1,2290.0,2275.4
2024-04-23,long,17428.75,16.94,185.98562392295852,17614.73562392296,17242.76437607704,2024-04-23 13:43:00-04:00,17622.25,2024-04-23 15:59:00-04:00,17607.0,eod,-15.25,-0.08199558481099088,1,-305.0,-319.6
2024-04-25,long,17353.75,15.97,174.5814042442292,17528.33140424423,17179.16859575577,2024-04-25 13:38:00-04:00,17531.0,2024-04-25 15:59:00-04:00,17567.25,eod,36.25,0.20763952585287015,1,725.0,710.4
2024-04-26,long,17696.75,15.37,171.34329441224878,17868.09329441225,17525.40670558775,2024-04-26 11:01:00-04:00,17870.75,2024-04-26 15:59:00-04:00,17839.25,eod,-31.5,-0.1838414517944985,1,-630.0,-644.6
2024-04-30,short,17836.25,14.67,164.82891293532975,18001.07891293533,17671.42108706467,2024-04-30 15:22:00-04:00,17664.75,2024-04-30 15:59:00-04:00,17563.5,eod,101.25,0.6142732982758019,1,2025.0,2010.4
2024-05-01,long,17501.75,15.65,172.5422859123444,17674.292285912343,17329.207714087657,2024-05-01 14:42:00-04:00,17675.0,2024-05-01 15:52:00-04:00,17501.75,stop,-173.25,-1.0041016848937259,1,-3465.0,-3479.6
2024-05-02,short,17583.0,15.39,170.46347028682987,17753.46347028683,17412.53652971317,2024-05-02 10:09:00-04:00,17402.0,2024-05-02 13:13:00-04:00,17583.0,stop,-181.0,-1.0618110712837234,1,-3620.0,-3634.6
2024-05-08,long,18084.0,13.23,150.71416513426996,18234.71416513427,17933.28583486573,2024-05-08 10:48:00-04:00,18239.5,2024-05-08 15:59:00-04:00,18183.0,eod,-56.5,-0.37488181651449043,1,-1130.0,-1144.6
2024-05-15,long,18509.5,13.42,156.4757106744413,18665.97571067444,18353.02428932556,2024-05-15 13:44:00-04:00,18666.75,2024-05-15 15:59:00-04:00,18692.75,eod,26.0,0.16615997388946085,1,520.0,505.4
2024-05-20,long,18643.5,11.99,140.81417004007474,18784.314170040074,18502.685829959926,2024-05-20 12:52:00-04:00,18785.0,2024-05-20 15:59:00-04:00,18766.25,eod,-18.75,-0.13315421306438038,1,-375.0,-389.6
2024-05-23,short,18981.5,12.29,146.95424699996482,19128.454246999965,18834.545753000035,2024-05-23 10:55:00-04:00,18817.75,2024-05-23 14:24:00-04:00,18670.795753000035,target,146.9542469999651,1.000000000000002,1,2939.084939999302,2924.4849399993022
2024-05-24,long,18762.25,12.77,150.9299907226181,18913.17999072262,18611.32000927738,2024-05-24 11:13:00-04:00,18915.0,2024-05-24 15:59:00-04:00,18874.25,eod,-40.75,-0.2699927284491198,1,-815.0,-829.6
2024-05-30,short,18764.75,14.28,168.7993305086175,18933.549330508617,18595.950669491383,2024-05-30 15:47:00-04:00,18584.5,2024-05-30 15:59:00-04:00,18604.0,eod,-19.5,-0.11552178519454787,1,-390.0,-404.6
2024-05-31,short,18602.0,14.47,169.56175414416384,18771.561754144164,18432.438245855836,2024-05-31 10:24:00-04:00,18419.25,2024-05-31 12:21:00-04:00,18249.688245855836,target,169.5617541441643,1.0000000000000027,1,3391.235082883286,3376.635082883286
2024-06-03,short,18712.75,12.92,152.2999843742669,18865.049984374265,18560.450015625735,2024-06-03 12:12:00-04:00,18535.25,2024-06-03 15:59:00-04:00,18652.75,eod,-117.5,-0.7715036904485276,1,-2350.0,-2364.6
2024-06-05,long,18848.75,13.16,156.25652907654325,19005.00652907654,18692.49347092346,2024-06-05 12:54:00-04:00,19005.5,2024-06-05 15:59:00-04:00,19077.5,eod,72.0,0.4607807457743436,1,1440.0,1425.4
2024-06-11,long,19058.0,12.74,152.94894307501588,19210.948943075015,18905.051056924985,2024-06-11 14:29:00-04:00,19213.25,2024-06-11 15:59:00-04:00,19242.0,eod,28.75,0.18797122374293998,1,575.0,560.4
2024-06-12,long,19402.25,12.85,157.05615229049354,19559.306152290494,19245.193847709506,2024-06-12 15:15:00-04:00,19565.0,2024-06-12 15:59:00-04:00,19492.25,eod,-72.75,-0.4632101254170575,1,-1455.0,-1469.6
2024-06-17,long,19693.5,12.66,157.05665466827224,19850.55665466827,19536.44334533173,2024-06-17 13:15:00-04:00,19859.0,2024-06-17 15:59:00-04:00,19925.0,eod,66.0,0.420230522160313,1,1320.0,1305.4
2024-06-20,short,19970.25,12.48,156.99933635594041,20127.24933635594,19813.25066364406,2024-06-20 12:29:00-04:00,19795.75,2024-06-20 15:59:00-04:00,19766.75,eod,29.0,0.18471415658887097,1,580.0,565.4
2024-06-24,short,19922.5,13.2,165.65993869757924,20088.15993869758,19756.84006130242,2024-06-24 15:56:00-04:00,19754.25,2024-06-24 15:59:00-04:00,19744.75,eod,9.5,0.057346393308419244,1,190.0,175.4
2024-06-28,long,20070.5,12.24,154.7530934928466,20225.253093492847,19915.746906507153,2024-06-28 10:05:00-04:00,20233.75,2024-06-28 12:06:00-04:00,20070.5,stop,-163.25,-1.0549062142499024,1,-3265.0,-3279.6
2024-07-02,long,19982.25,12.22,153.82089136572844,20136.07089136573,19828.42910863427,2024-07-02 11:30:00-04:00,20139.25,2024-07-02 15:59:00-04:00,20256.5,eod,117.25,0.7622501661443596,1,2345.0,2330.4
2024-07-03,long,20216.25,12.03,153.20253676332942,20369.45253676333,20063.04746323667,2024-07-03 11:55:00-04:00,20372.25,2024-07-03 13:14:00-04:00,20419.5,eod,47.25,0.30841525863891417,1,945.0,930.4
2024-07-05,long,20441.5,12.26,157.87121850287022,20599.37121850287,20283.62878149713,2024-07-05 11:48:00-04:00,20600.0,2024-07-05 15:59:00-04:00,20621.75,eod,21.75,0.1377705208476906,1,435.0,420.4
2024-07-11,short,20894.5,12.85,169.13552675765533,21063.635526757655,20725.364473242345,2024-07-11 10:17:00-04:00,20721.75,2024-07-11 11:24:00-04:00,20552.614473242345,target,169.1355267576546,0.9999999999999957,1,3382.7105351530918,3368.110535153092
2024-07-12,long,20443.25,12.92,166.38423831661473,20609.634238316616,20276.865761683384,2024-07-12 10:39:00-04:00,20623.5,2024-07-12 15:59:00-04:00,20540.5,eod,-83.0,-0.49884532837814977,1,-1660.0,-1674.6
2024-07-15,long,20610.0,12.46,161.76917241242225,20771.769172412423,20448.230827587577,2024-07-15 11:13:00-04:00,20773.25,2024-07-15 12:20:00-04:00,20610.0,stop,-163.25,-1.0091539541526642,1,-3265.0,-3279.6
2024-07-16,short,20649.25,13.12,170.66239928838246,20819.912399288383,20478.587600711617,2024-07-16 12:32:00-04:00,20473.5,2024-07-16 15:59:00-04:00,20599.5,eod,-126.0,-0.7382997105712039,1,-2520.0,-2534.6
2024-07-17,short,20260.5,13.19,168.34285336545244,20428.84285336545,20092.15714663455,2024-07-17 11:41:00-04:00,20086.75,2024-07-17 15:59:00-04:00,19992.0,eod,94.75,0.5628394559423853,1,1895.0,1880.4
2024-07-18,short,20141.5,14.48,183.72155058585048,20325.22155058585,19957.77844941415,2024-07-18 10:35:00-04:00,19941.0,2024-07-18 15:59:00-04:00,19891.25,eod,49.75,0.27079022488846527,1,995.0,980.4
2024-07-19,short,19868.5,15.93,199.3795383541707,20067.87953835417,19669.12046164583,2024-07-19 13:22:00-04:00,19657.75,2024-07-19 15:59:00-04:00,19711.75,eod,-54.0,-0.2708402298739218,1,-1080.0,-1094.6
2024-07-24,short,19640.5,14.72,182.12102222844555,19822.621022228446,19458.378977771554,2024-07-24 10:39:00-04:00,19454.0,2024-07-24 14:42:00-04:00,19271.878977771554,target,182.12102222844624,1.0000000000000038,1,3642.4204445689247,3627.820444568925
2024-07-25,short,19217.0,18.04,218.38452121973745,19435.384521219738,18998.615478780262,2024-07-25 10:02:00-04:00,18989.75,2024-07-25 10:59:00-04:00,19217.0,stop,-227.25,-1.0405957287208196,1,-4545.0,-4559.6
2024-07-30,short,19288.0,16.6,201.6949455661213,19489.69494556612,19086.30505443388,2024-07-30 11:01:00-04:00,19058.0,2024-07-30 12:54:00-04:00,18856.30505443388,target,201.6949455661197,0.9999999999999921,1,4033.8989113223943,4019.2989113223944
2024-08-01,short,19525.0,16.36,201.22135608144072,19726.22135608144,19323.77864391856,2024-08-01 11:00:00-04:00,19322.5,2024-08-01 12:27:00-04:00,19121.27864391856,target,201.22135608144163,1.0000000000000044,1,4024.4271216288325,4009.8271216288326
2024-08-02,short,18650.5,18.59,218.4085314128854,18868.908531412886,18432.091468587114,2024-08-02 10:11:00-04:00,18423.75,2024-08-02 15:59:00-04:00,18561.0,eod,-137.25,-0.628409518218585,1,-2745.0,-2759.6
2024-08-05,long,17561.75,23.39,258.7603571445242,17820.510357144525,17302.989642855475,2024-08-05 09:39:00-04:00,17859.75,2024-08-05 11:08:00-04:00,18118.510357144525,target,258.7603571445252,1.0000000000000038,1,5175.207142890504,5160.607142890503
2024-08-07,short,18453.25,27.71,322.1136439654316,18775.363643965433,18131.136356034567,2024-08-07 13:48:00-04:00,18129.5,2024-08-07 15:59:00-04:00,17972.5,eod,157.0,0.4874056189214041,1,3140.0,3125.4
2024-08-08,long,18224.5,27.85,319.72791173872173,18544.227911738722,17904.772088261278,2024-08-08 14:05:00-04:00,18547.75,2024-08-08 15:59:00-04:00,18519.25,eod,-28.5,-0.08913829213412527,1,-570.0,-584.6
2024-08-13,long,18821.75,20.71,245.5499381655501,19067.29993816555,18576.20006183445,2024-08-13 12:57:00-04:00,19069.0,2024-08-13 15:59:00-04:00,19101.25,eod,32.25,0.13133784614621652,1,645.0,630.4
2024-08-15,long,19352.0,16.19,197.36604286385204,19549.36604286385,19154.63395713615,2024-08-15 12:17:00-04:00,19552.0,2024-08-15 15:59:00-04:00,19587.25,eod,35.25,0.17860215206481247,1,705.0,690.4
2024-08-19,long,19604.5,14.8,182.77517794069843,19787.275177940697,19421.724822059303,2024-08-19 15:30:00-04:00,19789.75,2024-08-19 15:59:00-04:00,19860.0,eod,70.25,0.3843519715942647,1,1405.0,1390.4
2024-08-22,short,19997.5,16.27,204.95710968710478,20202.457109687104,19792.542890312896,2024-08-22 11:33:00-04:00,19777.0,2024-08-22 15:32:00-04:00,19572.042890312896,target,204.9571096871041,0.9999999999999967,1,4099.142193742082,4084.542193742082
2024-08-26,short,19763.0,15.86,197.44938403015053,19960.44938403015,19565.55061596985,2024-08-26 10:32:00-04:00,19565.5,2024-08-26 15:59:00-04:00,19593.25,eod,-27.75,-0.14054234778348346,1,-555.0,-569.6
2024-08-28,short,19625.75,15.43,190.76202238760294,19816.512022387604,19434.987977612396,2024-08-28 11:02:00-04:00,19426.5,2024-08-28 15:59:00-04:00,19421.25,eod,5.25,0.027521201202893003,1,105.0,90.4
2024-09-03,short,19478.0,15.55,190.7982928033441,19668.798292803345,19287.201707196655,2024-09-03 10:31:00-04:00,19259.5,2024-09-03 14:04:00-04:00,19068.701707196655,target,190.79829280334525,1.000000000000006,1,3815.965856066905,3801.365856066905
2024-09-05,long,18886.5,21.32,253.65207122583428,19140.152071225835,18632.847928774165,2024-09-05 10:26:00-04:00,19141.25,2024-09-05 11:25:00-04:00,18886.5,stop,-254.75,-1.0043284833782737,1,-5095.0,-5109.6
2024-09-06,short,18929.75,19.9,237.2999706010562,19167.049970601056,18692.450029398944,2024-09-06 10:24:00-04:00,18685.5,2024-09-06 11:51:00-04:00,18448.200029398944,target,237.29997060105597,0.999999999999999,1,4745.9994120211195,4731.399412021119
2024-09-11,short,18902.0,19.08,227.1882461084891,19129.18824610849,18674.81175389151,2024-09-11 10:15:00-04:00,18662.25,2024-09-11 12:20:00-04:00,18902.0,stop,-239.75,-1.0552922702062337,1,-4795.0,-4809.6
2024-09-12,long,19258.75,17.69,214.6128184681343,19473.362818468133,19044.137181531867,2024-09-12 14:25:00-04:00,19474.75,2024-09-12 15:59:00-04:00,19451.5,eod,-23.25,-0.10833462868599417,1,-465.0,-479.6
2024-09-26,short,20503.0,15.41,199.03056690594525,20702.030566905945,20303.969433094055,2024-09-26 10:48:00-04:00,20293.25,2024-09-26 15:59:00-04:00,20341.5,eod,-48.25,-0.2424250744500026,1,-965.0,-979.6
2024-10-01,short,20252.0,16.73,213.43399294752567,20465.433992947525,20038.566007052475,2024-10-01 09:48:00-04:00,20038.5,2024-10-01 11:17:00-04:00,19825.066007052475,target,213.43399294752453,0.9999999999999947,1,4268.679858950491,4254.07985895049
2024-10-15,short,20631.75,19.7,256.0365829422667,20887.786582942266,20375.713417057734,2024-10-15 10:39:00-04:00,20372.5,2024-10-15 15:59:00-04:00,20343.5,eod,29.0,0.11326506418240695,1,580.0,565.4
2024-10-23,short,20435.0,18.2,234.28568818028793,20669.285688180287,20200.714311819713,2024-10-23 13:12:00-04:00,20190.5,2024-10-23 15:59:00-04:00,20218.25,eod,-27.75,-0.1184451351490398,1,-555.0,-569.6
2024-10-31,short,20366.0,20.35,261.07776284362586,20627.077762843626,20104.922237156374,2024-10-31 10:47:00-04:00,20092.0,2024-10-31 15:59:00-04:00,20011.25,eod,80.75,0.3092948212842076,1,1615.0,1600.4
2024-11-07,long,21006.75,16.27,215.30105082733283,21222.051050827333,20791.448949172667,2024-11-07 14:59:00-05:00,21233.0,2024-11-07 15:59:00-05:00,21221.75,eod,-11.25,-0.05225241566062897,1,-225.0,-239.6
2024-11-15,short,20758.75,14.31,187.12876959731506,20945.878769597315,20571.621230402685,2024-11-15 10:46:00-05:00,20566.0,2024-11-15 15:59:00-05:00,20491.75,eod,74.25,0.39678559400449,1,1485.0,1470.4
2024-11-19,long,20521.5,15.58,201.4077996565683,20722.90779965657,20320.09220034343,2024-11-19 13:20:00-05:00,20723.5,2024-11-19 15:59:00-05:00,20765.25,eod,41.75,0.20729087985266836,1,835.0,820.4
2024-11-20,short,20753.0,16.35,213.74618530282345,20966.74618530282,20539.25381469718,2024-11-20 10:10:00-05:00,20524.75,2024-11-20 15:50:00-05:00,20753.0,stop,-228.25,-1.0678553148287928,1,-4565.0,-4579.6
2024-11-21,short,20876.0,17.16,225.66504928226195,21101.665049282263,20650.334950717737,2024-11-21 10:00:00-05:00,20643.25,2024-11-21 15:12:00-05:00,20876.0,stop,-232.75,-1.0313958707397184,1,-4655.0,-4669.6
2024-11-25,short,21016.5,15.24,201.76465481375996,21218.26465481376,20814.73534518624,2024-11-25 12:44:00-05:00,20807.0,2024-11-25 15:59:00-05:00,20878.0,eod,-71.0,-0.35189513279983037,1,-1420.0,-1434.6
2024-11-27,short,20936.25,14.1,185.95922940392666,21122.209229403925,20750.290770596075,2024-11-27 10:37:00-05:00,20733.5,2024-11-27 15:59:00-05:00,20816.25,eod,-82.75,-0.4449900134843895,1,-1655.0,-1669.6
2024-11-29,long,20830.5,13.9,182.3955441246001,21012.8955441246,20648.1044558754,2024-11-29 12:50:00-05:00,21015.0,2024-11-29 13:14:00-05:00,20991.25,eod,-23.75,-0.1302115142888339,1,-475.0,-489.6
2024-12-02,long,21042.75,13.51,179.08432493957585,21221.834324939577,20863.665675060423,2024-12-02 11:39:00-05:00,21222.25,2024-12-02 15:59:00-05:00,21217.0,eod,-5.25,-0.029315798586902468,1,-105.0,-119.6
2024-12-09,short,21615.0,12.77,173.87849268981014,21788.87849268981,21441.12150731019,2024-12-09 11:11:00-05:00,21439.75,2024-12-09 15:59:00-05:00,21485.5,eod,-45.75,-0.2631147722312933,1,-915.0,-929.6
2024-12-11,long,21589.5,14.18,192.8495122977731,21782.349512297773,21396.650487702227,2024-12-11 12:07:00-05:00,21782.5,2024-12-11 15:59:00-05:00,21791.75,eod,9.25,0.04796486073409071,1,185.0,170.4
2024-12-16,long,21899.5,13.81,190.51431234625255,22090.01431234625,21708.98568765375,2024-12-16 13:04:00-05:00,22091.75,2024-12-16 15:59:00-05:00,22111.5,eod,19.75,0.10366675215510908,1,395.0,380.4
2024-12-18,short,21980.75,15.87,219.74508150808072,22200.49508150808,21761.00491849192,2024-12-18 14:30:00-05:00,21745.5,2024-12-18 15:05:00-05:00,21525.75491849192,target,219.74508150808106,1.0000000000000016,1,4394.901630161621,4380.301630161621
2024-12-27,short,21846.0,14.73,202.70964158917764,22048.70964158918,21643.29035841082,2024-12-27 10:01:00-05:00,21624.25,2024-12-27 15:59:00-05:00,21703.0,eod,-78.75,-0.3884867013854182,1,-1575.0,-1589.6
2024-12-31,short,21456.0,17.4,235.17856625369336,21691.178566253693,21220.821433746307,2024-12-31 12:39:00-05:00,21217.5,2024-12-31 15:59:00-05:00,21220.25,eod,-2.75,-0.011693242474458757,1,-55.0,-69.6
2025-01-02,short,21347.75,17.35,233.31965035857564,21581.069650358575,21114.430349641425,2025-01-02 12:33:00-05:00,21113.75,2025-01-02 15:59:00-05:00,21169.0,eod,-55.25,-0.23679960052695703,1,-1105.0,-1119.6
2025-01-03,long,21293.75,17.93,240.5094637978739,21534.259463797873,21053.240536202127,2025-01-03 14:13:00-05:00,21538.75,2025-01-03 15:59:00-05:00,21508.25,eod,-30.5,-0.12681413661806026,1,-610.0,-624.6
2025-01-07,short,21791.75,16.04,220.18929527894863,22011.93929527895,21571.56070472105,2025-01-07 10:09:00-05:00,21568.25,2025-01-07 15:21:00-05:00,21348.06070472105,target,220.18929527894943,1.0000000000000036,1,4403.785905578989,4389.185905578988
2025-01-10,short,21192.5,18.07,241.23486423843704,21433.73486423844,20951.26513576156,2025-01-10 10:02:00-05:00,20949.5,2025-01-10 15:59:00-05:00,21015.5,eod,-66.0,-0.2735922944154766,1,-1320.0,-1334.6
2025-01-14,short,21071.5,19.19,254.7241706032289,21326.22417060323,20816.77582939677,2025-01-14 12:00:00-05:00,20811.0,2025-01-14 15:59:00-05:00,20923.0,eod,-112.0,-0.43969129327132755,1,-2240.0,-2254.6
2025-01-16,short,21494.5,16.12,218.26902787560164,21712.7690278756,21276.2309721244,2025-01-16 13:47:00-05:00,21271.75,2025-01-16 15:59:00-05:00,21248.0,eod,23.75,0.10881067383291719,1,475.0,460.4
2025-01-27,long,21123.5,14.85,197.60233050385764,21321.102330503858,20925.897669496142,2025-01-27 09:57:00-05:00,21324.0,2025-01-27 14:48:00-05:00,21123.5,stop,-200.5,-1.0146641463628172,1,-4010.0,-4024.6
2025-01-28,long,21302.75,17.9,240.2085332090199,21542.95853320902,21062.54146679098,2025-01-28 12:19:00-05:00,21547.0,2025-01-28 15:59:00-05:00,21575.5,eod,28.5,0.11864690908045485,1,570.0,555.4
2025-01-31,short,21774.0,15.84,217.26667869199687,21991.266678691998,21556.733321308002,2025-01-31 15:22:00-05:00,21549.75,2025-01-31 15:59:00-05:00,21580.75,eod,-31.0,-0.14268179633723974,1,-620.0,-634.6
2025-02-03,long,21215.5,16.43,219.5788795053348,21435.078879505334,20995.921120494666,2025-02-03 10:42:00-05:00,21437.25,2025-02-03 15:59:00-05:00,21406.25,eod,-31.0,-0.14117933414104536,1,-620.0,-634.6
2025-02-04,long,21421.25,18.62,251.26049787316447,21672.510497873165,21169.989502126835,2025-02-04 10:40:00-05:00,21677.75,2025-02-04 15:59:00-05:00,21668.25,eod,-9.5,-0.03780936550080216,1,-190.0,-204.6
2025-02-07,short,21886.0,15.5,213.6967034538986,22099.696703453897,21672.303296546103,2025-02-07 10:53:00-05:00,21654.0,2025-02-07 15:59:00-05:00,21588.25,eod,65.75,0.3076790560514399,1,1315.0,1300.4
2025-02-12,long,21551.0,16.02,217.48517995384356,21768.485179953845,21333.514820046155,2025-02-12 11:58:00-05:00,21778.25,2025-02-12 15:59:00-05:00,21802.0,eod,23.75,0.10920284317782211,1,475.0,460.4
2025-02-13,long,21870.0,15.89,218.91343210445083,22088.91343210445,21651.08656789555,2025-02-13 15:20:00-05:00,22092.0,2025-02-13 15:59:00-05:00,22109.75,eod,17.75,0.08108227909711309,1,355.0,340.4
2025-02-20,short,22209.5,15.27,213.6375299659451,22423.137529965945,21995.862470034055,2025-02-20 10:00:00-05:00,21978.75,2025-02-20 15:59:00-05:00,22144.75,eod,-166.0,-0.7770170345372427,1,-3320.0,-3334.6
2025-02-21,short,22186.25,15.66,218.86453295075523,22405.114532950756,21967.385467049244,2025-02-21 10:43:00-05:00,21966.5,2025-02-21 14:11:00-05:00,21747.635467049244,target,218.86453295075626,1.0000000000000047,1,4377.290659015125,4362.690659015125
2025-02-24,short,21752.5,18.21,249.52775124369307,22002.02775124369,21502.97224875631,2025-02-24 10:03:00-05:00,21499.5,2025-02-24 15:59:00-05:00,21421.0,eod,78.5,0.3145942670053382,1,1570.0,1555.4
2025-02-25,short,21391.0,18.98,255.7567033997073,21646.756703399707,21135.243296600293,2025-02-25 10:17:00-05:00,21114.0,2025-02-25 15:59:00-05:00,21149.75,eod,-35.75,-0.13978128246409402,1,-715.0,-729.6
2025-02-27,short,21340.75,19.1,256.769109587998,21597.519109587996,21083.980890412004,2025-02-27 09:54:00-05:00,21073.25,2025-02-27 14:34:00-05:00,20816.480890412004,target,256.76910958799635,0.9999999999999936,1,5135.382191759927,5120.782191759927
2025-02-28,long,20590.25,21.13,274.06958764448706,20864.319587644488,20316.180412355512,2025-02-28 15:54:00-05:00,20876.0,2025-02-28 15:59:00-05:00,20919.75,eod,43.75,0.15963099144276774,1,875.0,860.4
2025-03-03,short,21055.5,19.63,260.3667896219679,21315.866789621967,20795.133210378033,2025-03-03 13:05:00-05:00,20788.25,2025-03-03 15:02:00-05:00,20527.883210378033,target,260.36678962196675,0.9999999999999957,1,5207.335792439335,5192.735792439335
2025-03-04,long,20342.5,22.78,291.9159156934881,20634.415915693487,20050.584084306513,2025-03-04 15:01:00-05:00,20654.5,2025-03-04 15:52:00-05:00,20342.5,stop,-312.0,-1.0688009225492185,1,-6240.0,-6254.6
2025-03-06,short,20310.75,21.93,280.5849171822925,20591.334917182292,20030.165082817708,2025-03-06 14:27:00-05:00,20019.75,2025-03-06 15:59:00-05:00,20091.75,eod,-72.0,-0.2566068081030261,1,-1440.0,-1454.6
2025-03-10,short,19881.0,23.37,292.68244024356665,20173.682440243567,19588.317559756433,2025-03-10 10:52:00-04:00,19568.0,2025-03-10 15:08:00-04:00,19275.317559756433,target,292.6824402435668,1.0000000000000007,1,5853.648804871336,5839.048804871336
2025-03-13,short,19574.0,24.23,298.7670698152662,19872.767069815265,19275.232930184735,2025-03-13 12:47:00-04:00,19250.0,2025-03-13 15:59:00-04:00,19251.5,eod,-1.5,-0.005020633635853779,1,-30.0,-44.6
2025-03-18,short,19692.25,20.51,254.42555504677205,19946.67555504677,19437.82444495323,2025-03-18 11:01:00-04:00,19421.0,2025-03-18 15:59:00-04:00,19501.5,eod,-80.5,-0.3163990346221368,1,-1610.0,-1624.6
2025-03-19,long,19585.5,21.7,267.72820523142025,19853.22820523142,19317.77179476858,2025-03-19 15:05:00-04:00,19867.75,2025-03-19 15:59:00-04:00,19748.25,eod,-119.5,-0.4463481906835553,1,-2390.0,-2404.6
2025-03-20,long,19583.75,19.9,245.49839798509936,19829.2483979851,19338.2516020149,2025-03-20 10:18:00-04:00,19829.75,2025-03-20 15:59:00-04:00,19681.0,eod,-148.75,-0.60591026752455,1,-2975.0,-2989.6
2025-03-26,short,20439.0,17.15,220.8124201079674,20659.812420107966,20218.187579892034,2025-03-26 11:52:00-04:00,20210.0,2025-03-26 15:59:00-04:00,20112.5,eod,97.5,0.44155124948282737,1,1950.0,1935.4
2025-03-28,short,19911.0,18.69,234.42401687800142,20145.424016878,19676.575983122,2025-03-28 10:25:00-04:00,19673.0,2025-03-28 15:33:00-04:00,19438.575983122,target,234.42401687800157,1.0000000000000007,1,4688.480337560031,4673.880337560031
2025-03-31,long,19166.5,21.65,261.396906595523,19427.896906595524,18905.103093404476,2025-03-31 15:22:00-04:00,19431.25,2025-03-31 15:59:00-04:00,19450.0,eod,18.75,0.07172999957881344,1,375.0,360.4
2025-04-02,long,19328.0,21.77,265.06053828032907,19593.06053828033,19062.93946171967,2025-04-02 10:02:00-04:00,19608.5,2025-04-02 13:12:00-04:00,19873.56053828033,target,265.06053828032964,1.0000000000000022,1,5301.210765606593,5286.610765606592
2025-04-04,short,18154.5,30.02,343.31652646314234,18497.816526463143,17811.183473536857,2025-04-04 10:46:00-04:00,17780.5,2025-04-04 15:59:00-04:00,17534.75,eod,245.75,0.7158117394805437,1,4915.0,4900.4
2025-04-07,long,16925.0,45.31,483.0837947573564,17408.083794757356,16441.916205242644,2025-04-07 10:10:00-04:00,17553.0,2025-04-07 10:13:00-04:00,18036.083794757356,target,483.0837947573564,1.0,1,9661.675895147127,9647.075895147127
2025-04-08,short,18150.5,46.98,537.1571183038166,18687.657118303818,17613.342881696182,2025-04-08 13:08:00-04:00,17597.75,2025-04-08 15:38:00-04:00,17060.592881696182,target,537.1571183038177,1.0000000000000022,1,10743.142366076354,10728.542366076354
2025-04-09,long,17208.5,52.33,567.2747858261167,17775.774785826117,16641.225214173883,2025-04-09 13:19:00-04:00,17977.75,2025-04-09 13:25:00-04:00,18545.024785826117,target,567.2747858261173,1.000000000000001,1,11345.495716522346,11330.895716522346
2025-04-10,short,18790.75,33.62,397.96195278446885,19188.71195278447,18392.78804721553,2025-04-10 11:47:00-04:00,18391.0,2025-04-10 12:22:00-04:00,17993.03804721553,target,397.96195278446976,1.0000000000000022,1,7959.239055689395,7944.639055689395
2025-04-14,short,19232.0,37.56,455.04019783158253,19687.040197831582,18776.959802168418,2025-04-14 12:11:00-04:00,18743.25,2025-04-14 15:59:00-04:00,18942.25,eod,-199.0,-0.43732400115045,1,-3980.0,-3994.6
2025-04-16,short,18584.25,30.12,352.6141501275909,18936.864150127592,18231.635849872408,2025-04-16 14:53:00-04:00,18226.5,2025-04-16 15:59:00-04:00,18386.75,eod,-160.25,-0.4544627603345319,1,-3205.0,-3219.6
2025-04-21,short,18129.25,29.65,338.6134972021168,18467.863497202117,17790.636502797883,2025-04-21 13:02:00-04:00,17773.0,2025-04-21 15:59:00-04:00,17922.25,eod,-149.25,-0.4407680179119186,1,-2985.0,-2999.6
2025-04-24,long,18875.25,28.45,338.2787466671883,19213.528746667187,18536.971253332813,2025-04-24 12:17:00-04:00,19220.5,2025-04-24 15:59:00-04:00,19319.75,eod,99.25,0.2933970903517802,1,1985.0,1970.4
2025-04-30,long,19301.25,24.17,293.87444097576355,19595.124440975764,19007.375559024236,2025-04-30 15:50:00-04:00,19633.5,2025-04-30 15:59:00-04:00,19642.5,eod,9.0,0.030625324101398288,1,180.0,165.4
2025-05-13,long,21004.5,18.39,243.3289638023289,21247.82896380233,20761.17103619767,2025-05-13 10:53:00-04:00,21249.75,2025-05-13 15:59:00-04:00,21270.75,eod,21.0,0.08630291960253278,1,420.0,405.4
2025-05-19,long,21203.25,17.24,230.2710944343652,21433.521094434363,20972.978905565637,2025-05-19 10:09:00-04:00,21442.75,2025-05-19 15:59:00-04:00,21523.25,eod,80.5,0.3495879506619756,1,1610.0,1595.4
2025-05-21,long,21278.75,18.09,242.48473763085957,21521.23473763086,21036.26526236914,2025-05-21 11:24:00-04:00,21533.5,2025-05-21 13:24:00-04:00,21278.75,stop,-254.75,-1.050581585006031,1,-5095.0,-5109.6
2025-05-29,short,21674.25,19.31,263.64897168635315,21937.898971686354,21410.601028313646,2025-05-29 10:11:00-04:00,21403.5,2025-05-29 15:59:00-04:00,21411.5,eod,-8.0,-0.030343376455558888,1,-160.0,-174.6
2025-05-30,short,21382.0,19.18,258.34297570153603,21640.342975701536,21123.657024298464,2025-05-30 12:32:00-04:00,21116.75,2025-05-30 15:25:00-04:00,21382.0,stop,-265.25,-1.0267358703278375,1,-5305.0,-5319.6
2025-06-02,long,21287.75,18.57,249.02410885885234,21536.774108858852,21038.725891141148,2025-06-02 15:24:00-04:00,21537.75,2025-06-02 15:59:00-04:00,21534.25,eod,-3.5,-0.014054864069341219,1,-70.0,-84.6
2025-06-05,short,21812.25,17.61,241.9689011672084,22054.21890116721,21570.28109883279,2025-06-05 15:16:00-04:00,21566.75,2025-06-05 15:59:00-04:00,21586.75,eod,-20.0,-0.08265524992477999,1,-400.0,-414.6
2025-07-31,short,23747.25,15.48,231.57091425704397,23978.820914257045,23515.679085742955,2025-07-31 11:13:00-04:00,23512.5,2025-07-31 15:59:00-04:00,23354.25,eod,158.25,0.6833759779708013,1,3165.0,3150.4
2025-08-01,short,23087.5,16.72,243.17163294073484,23330.671632940735,22844.328367059265,2025-08-01 10:00:00-04:00,22827.75,2025-08-01 15:59:00-04:00,22880.5,eod,-52.75,-0.21692497336996577,1,-1055.0,-1069.6
2025-08-06,long,23169.25,17.85,260.5253126465039,23429.775312646503,22908.724687353497,2025-08-06 14:35:00-04:00,23431.0,2025-08-06 15:59:00-04:00,23424.75,eod,-6.25,-0.02398999136210756,1,-125.0,-139.6
2025-08-07,short,23601.0,16.77,249.32348979336703,23850.323489793365,23351.676510206635,2025-08-07 14:13:00-04:00,23350.5,2025-08-07 15:59:00-04:00,23501.0,eod,-150.5,-0.6036334567783026,1,-3010.0,-3024.6
2025-08-19,short,23762.5,14.99,224.38483006721268,23986.884830067214,23538.115169932786,2025-08-19 11:00:00-04:00,23531.5,2025-08-19 15:59:00-04:00,23470.25,eod,61.25,0.2729685423994708,1,1225.0,1210.4
2025-08-20,short,23426.25,15.57,229.76883161985103,23656.01883161985,23196.48116838015,2025-08-20 09:53:00-04:00,23187.0,2025-08-20 15:59:00-04:00,23324.75,eod,-137.75,-0.599515604570359,1,-2755.0,-2769.6
2025-08-22,long,23264.5,16.6,243.27727401094094,23507.77727401094,23021.22272598906,2025-08-22 10:03:00-04:00,23527.75,2025-08-22 15:59:00-04:00,23565.0,eod,37.25,0.15311746710185822,1,745.0,730.4
2025-08-29,short,23652.0,14.43,214.9977579605225,23866.997757960522,23437.002242039478,2025-08-29 10:15:00-04:00,23434.25,2025-08-29 15:59:00-04:00,23473.5,eod,-39.25,-0.1825600432875538,1,-785.0,-799.6
2025-09-05,short,23875.0,15.3,230.10949572393014,24105.10949572393,23644.89050427607,2025-09-05 10:28:00-04:00,23633.5,2025-09-05 15:59:00-04:00,23691.0,eod,-57.5,-0.24988103954208227,1,-1150.0,-1164.6
2025-09-17,short,24280.75,16.36,250.2333132739791,24530.98331327398,24030.51668672602,2025-09-17 14:53:00-04:00,24011.75,2025-09-17 15:24:00-04:00,24280.75,stop,-269.0,-1.0749967559494102,1,-5380.0,-5394.6
2025-10-01,long,24763.0,16.28,253.95536251779265,25016.955362517794,24509.044637482206,2025-10-01 14:16:00-04:00,25019.0,2025-10-01 15:59:00-04:00,25011.75,eod,-7.25,-0.02854832411539272,1,-145.0,-159.6
2025-10-10,short,25313.0,16.43,261.9877060129877,25574.987706012987,25051.012293987013,2025-10-10 11:02:00-04:00,25022.0,2025-10-10 11:30:00-04:00,24760.012293987013,target,261.9877060129875,0.9999999999999991,1,5239.7541202597495,5225.154120259749
2025-10-14,long,24638.75,19.03,295.36374698757754,24934.113746987576,24343.386253012424,2025-10-14 12:51:00-04:00,24943.0,2025-10-14 15:59:00-04:00,24757.25,eod,-185.75,-0.6288855754792828,1,-3715.0,-3729.6
2025-10-15,short,25002.5,20.81,327.75946780793123,25330.25946780793,24674.74053219207,2025-10-15 13:15:00-04:00,24666.75,2025-10-15 15:59:00-04:00,24924.5,eod,-257.75,-0.7863998612270229,1,-5155.0,-5169.6
2025-10-16,short,25045.25,20.64,325.6377862866216,25370.88778628662,24719.61221371338,2025-10-16 14:12:00-04:00,24698.5,2025-10-16 15:59:00-04:00,24830.75,eod,-132.25,-0.4061260872336096,1,-2645.0,-2659.6
2025-10-22,short,25265.5,17.87,284.4147918159957,25549.914791815994,24981.085208184006,2025-10-22 12:30:00-04:00,24937.0,2025-10-22 15:59:00-04:00,25040.5,eod,-103.5,-0.36390512370734956,1,-2070.0,-2084.6
2025-10-31,short,26199.25,16.91,279.08223752754185,26478.332237527542,25920.167762472458,2025-10-31 13:06:00-04:00,25918.0,2025-10-31 15:59:00-04:00,25992.75,eod,-74.75,-0.2678421982790042,1,-1495.0,-1509.6
2025-11-05,long,25542.25,19.0,305.71199692279794,25847.961996922797,25236.538003077203,2025-11-05 13:36:00-05:00,25853.25,2025-11-05 15:59:00-05:00,25741.0,eod,-112.25,-0.36717564613058584,1,-2245.0,-2259.6
2025-11-06,short,25674.0,18.01,291.27752739916764,25965.27752739917,25382.72247260083,2025-11-06 10:37:00-05:00,25350.75,2025-11-06 15:59:00-05:00,25258.25,eod,92.5,0.31756655182408805,1,1850.0,1835.4
2025-11-07,short,25110.5,19.5,308.45349923369156,25418.953499233692,24802.046500766308,2025-11-07 11:11:00-05:00,24788.5,2025-11-07 14:59:00-05:00,25110.5,stop,-322.0,-1.043917481240974,1,-6440.0,-6454.6
2025-11-12,short,25778.5,17.28,280.6086864230889,26059.10868642309,25497.89131357691,2025-11-12 11:48:00-05:00,25497.5,2025-11-12 15:59:00-05:00,25625.25,eod,-127.75,-0.4552603186609285,1,-2555.0,-2569.6
2025-11-13,short,25477.25,17.51,281.020773213751,25758.27077321375,25196.22922678625,2025-11-13 11:24:00-05:00,25194.75,2025-11-13 15:59:00-05:00,25100.0,eod,94.75,0.3371636869276241,1,1895.0,1880.4
2025-11-14,long,24723.5,20.0,311.4868216147877,25034.986821614788,24412.013178385212,2025-11-14 10:37:00-05:00,25042.25,2025-11-14 15:59:00-05:00,25105.25,eod,63.0,0.20225574768588894,1,1260.0,1245.4
2025-11-20,short,25211.5,23.66,375.76225670783106,25587.262256707832,24835.737743292168,2025-11-20 11:36:00-05:00,24831.75,2025-11-20 12:11:00-05:00,24455.987743292168,target,375.7622567078324,1.0000000000000036,1,7515.245134156648,7500.645134156648
2025-11-24,long,24522.25,23.43,361.9364595966829,24884.186459596684,24160.313540403316,2025-11-24 11:45:00-05:00,24888.0,2025-11-24 15:59:00-05:00,24935.25,eod,47.25,0.13054777640432288,1,945.0,930.4
2025-12-12,short,25560.25,14.85,239.10644392554394,25799.356443925542,25321.143556074458,2025-12-12 10:29:00-05:00,25320.25,2025-12-12 15:59:00-05:00,25209.5,eod,110.75,0.4631828326403732,1,2215.0,2200.4
2025-12-15,short,25408.0,15.74,251.92712956273056,25659.92712956273,25156.07287043727,2025-12-15 10:15:00-05:00,25151.75,2025-12-15 15:59:00-05:00,25084.25,eod,67.5,0.2679346210833253,1,1350.0,1335.4
2025-12-17,short,25182.0,16.48,261.42502400261094,25443.425024002612,24920.574975997388,2025-12-17 10:44:00-05:00,24914.25,2025-12-17 15:59:00-05:00,24661.0,eod,253.25,0.9687289920549867,1,5065.0,5050.4
2026-01-02,short,25687.0,14.95,241.9102710031848,25928.910271003184,25445.089728996816,2026-01-02 10:57:00-05:00,25392.5,2026-01-02 15:59:00-05:00,25385.5,eod,7.0,0.028936348882465778,1,140.0,125.4
2026-01-09,long,25714.0,15.45,250.26369531820117,25964.2636953182,25463.7363046818,2026-01-09 13:57:00-05:00,25966.5,2026-01-09 15:59:00-05:00,25933.25,eod,-33.25,-0.13285986190575438,1,-665.0,-679.6
2026-01-12,long,25746.25,14.49,235.00770268911364,25981.257702689112,25511.242297310888,2026-01-12 13:05:00-05:00,25984.25,2026-01-12 15:59:00-05:00,25952.25,eod,-32.0,-0.13616574960665045,1,-640.0,-654.6
2026-01-14,short,25739.75,15.98,259.1080041422422,25998.858004142243,25480.641995857757,2026-01-14 10:51:00-05:00,25475.0,2026-01-14 15:59:00-05:00,25636.5,eod,-161.5,-0.6232922079525631,1,-3230.0,-3244.6
2026-01-16,short,25868.0,15.84,258.11768367799095,26126.117683677992,25609.882316322008,2026-01-16 10:41:00-05:00,25606.5,2026-01-16 15:59:00-05:00,25684.5,eod,-78.0,-0.3021877419964267,1,-1560.0,-1574.6
2026-01-21,long,25196.5,20.09,318.874568749193,25515.374568749194,24877.625431250806,2026-01-21 14:38:00-05:00,25516.0,2026-01-21 15:59:00-05:00,25471.5,eod,-44.5,-0.13955330515868436,1,-890.0,-904.6
2026-01-29,short,26133.5,16.35,269.16281663428595,26402.662816634285,25864.337183365715,2026-01-29 10:00:00-05:00,25810.0,2026-01-29 10:54:00-05:00,25540.837183365715,target,269.16281663428526,0.9999999999999974,1,5383.256332685705,5368.656332685705
2026-02-02,long,25542.5,17.44,280.61417950676326,25823.114179506763,25261.885820493237,2026-02-02 10:07:00-05:00,25830.0,2026-02-02 15:59:00-05:00,25856.5,eod,26.5,0.09443571257368093,1,530.0,515.4
2026-02-03,short,25934.75,16.34,266.95241110264124,26201.70241110264,25667.79758889736,2026-02-03 09:57:00-05:00,25654.5,2026-02-03 12:34:00-05:00,25387.54758889736,target,266.9524111026403,0.9999999999999966,1,5339.0482220528065,5324.448222052806
2026-02-04,short,25385.5,18.0,287.84451388727206,25673.34451388727,25097.65548611273,2026-02-04 11:02:00-05:00,25081.25,2026-02-04 12:50:00-05:00,24793.40548611273,target,287.8445138872703,0.9999999999999939,1,5756.890277745406,5742.290277745406
2026-02-06,long,24760.5,21.77,339.56081633330336,25100.0608163333,24420.9391836667,2026-02-06 12:51:00-05:00,25101.0,2026-02-06 15:59:00-05:00,25146.75,eod,45.75,0.13473286021050523,1,915.0,900.4
2026-02-09,long,25057.75,17.76,280.3398024969901,25338.08980249699,24777.41019750301,2026-02-09 11:26:00-05:00,25344.5,2026-02-09 15:59:00-05:00,25337.75,eod,-6.75,-0.02407792236378019,1,-135.0,-149.6
2026-02-11,short,25418.5,17.79,284.85614723053646,25703.356147230537,25133.643852769463,2026-02-11 10:19:00-05:00,25133.25,2026-02-11 15:59:00-05:00,25278.5,eod,-145.25,-0.5099064963567311,1,-2905.0,-2919.6
2026-02-12,short,25346.25,17.65,281.8111378729645,25628.061137872963,25064.438862127037,2026-02-12 10:54:00-05:00,25052.0,2026-02-12 15:48:00-05:00,24770.188862127037,target,281.8111378729627,0.9999999999999938,1,5636.222757459254,5621.622757459254
2026-02-20,long,24715.25,20.23,314.9637845206343,25030.213784520634,24400.286215479366,2026-02-20 10:01:00-05:00,25062.75,2026-02-20 15:59:00-05:00,25074.75,eod,12.0,0.03809961839982222,1,240.0,225.4
2026-02-23,short,24981.0,19.09,300.4107554160808,25281.41075541608,24680.58924458392,2026-02-23 11:12:00-05:00,24674.0,2026-02-23 15:59:00-05:00,24768.0,eod,-94.0,-0.31290490871342563,1,-1880.0,-1894.6
2026-02-26,short,25342.0,17.93,286.23379308791175,25628.23379308791,25055.76620691209,2026-02-26 10:15:00-05:00,25033.75,2026-02-26 15:59:00-05:00,25083.25,eod,-49.5,-0.17293555546321163,1,-990.0,-1004.6
2026-03-02,long,24644.5,19.86,308.31807456301226,24952.818074563012,24336.181925436988,2026-03-02 11:08:00-05:00,24967.25,2026-03-02 15:59:00-05:00,25023.25,eod,56.0,0.1816306101397732,1,1120.0,1105.4
2026-03-09,long,24432.25,29.49,453.87678066265687,24886.126780662657,23978.373219337343,2026-03-09 15:26:00-04:00,24898.0,2026-03-09 15:59:00-04:00,24992.25,eod,94.25,0.20765547834898201,1,1885.0,1870.4
2026-03-30,short,23508.75,31.05,459.8231917762809,23968.573191776282,23048.926808223718,2026-03-30 15:11:00-04:00,23048.25,2026-03-30 15:59:00-04:00,23135.5,eod,-87.25,-0.18974684522317437,1,-1745.0,-1759.6
2026-03-31,long,23381.75,30.61,450.8583028362381,23832.608302836237,22930.891697163763,2026-03-31 13:02:00-04:00,23832.75,2026-03-31 15:59:00-04:00,23909.75,eod,77.0,0.17078536541439301,1,1540.0,1525.4
2026-04-02,long,23763.5,24.54,367.3539330531101,24130.85393305311,23396.14606694689,2026-04-02 10:36:00-04:00,24187.25,2026-04-02 15:59:00-04:00,24220.75,eod,33.5,0.09119270813729588,1,670.0,655.4
2026-04-13,long,25215.75,19.23,305.4575780120516,25521.20757801205,24910.29242198795,2026-04-13 15:54:00-04:00,25521.75,2026-04-13 15:59:00-04:00,25538.25,eod,16.5,0.054017320858050555,1,330.0,315.4
2026-04-14,long,25656.25,19.12,309.01587887248985,25965.26587887249,25347.23412112751,2026-04-14 13:42:00-04:00,25966.0,2026-04-14 15:59:00-04:00,26000.75,eod,34.75,0.1124537681584285,1,695.0,680.4
2026-04-15,long,26023.5,18.36,300.9803289786821,26324.480328978683,25722.519671021317,2026-04-15 15:25:00-04:00,26328.0,2026-04-15 15:59:00-04:00,26364.25,eod,36.25,0.1204397646949463,1,725.0,710.4
2026-05-06,long,28389.5,17.38,310.8187757081517,28700.31877570815,28078.68122429185,2026-05-06 15:55:00-04:00,28706.0,2026-05-06 15:59:00-04:00,28710.25,eod,4.25,0.013673562642144263,1,85.0,70.4
2026-05-08,long,28878.5,17.08,310.71500556208696,29189.215005562088,28567.784994437912,2026-05-08 11:35:00-04:00,29193.25,2026-05-08 15:59:00-04:00,29339.75,eod,146.5,0.47149316054105544,1,2930.0,2915.4
2026-05-12,short,29213.0,18.38,338.2372193955684,29551.237219395567,28874.762780604433,2026-05-12 11:25:00-04:00,28867.25,2026-05-12 15:59:00-04:00,29174.25,eod,-307.0,-0.9076470074718878,1,-6140.0,-6154.6
2026-05-18,short,29338.5,18.43,340.6143734035929,29679.114373403594,28997.885626596406,2026-05-18 10:35:00-04:00,28985.0,2026-05-18 15:59:00-04:00,29098.75,eod,-113.75,-0.333955372650167,1,-2275.0,-2289.6
2026-05-21,long,29217.25,17.44,320.9855979717717,29538.235597971772,28896.264402028228,2026-05-21 13:54:00-04:00,29541.25,2026-05-21 15:59:00-04:00,29446.25,eod,-95.0,-0.29596343449762674,1,-1900.0,-1914.6
2026-06-01,long,30343.0,15.32,292.8309739820513,30635.83097398205,30050.16902601795,2026-06-01 13:43:00-04:00,30639.75,2026-06-01 15:59:00-04:00,30571.25,eod,-68.5,-0.23392334174389154,1,-1370.0,-1384.6
2026-06-04,long,30268.25,16.06,306.21931658699054,30574.46931658699,29962.03068341301,2026-06-04 14:03:00-04:00,30575.0,2026-06-04 15:59:00-04:00,30485.5,eod,-89.5,-0.2922741811246088,1,-1790.0,-1804.6
2026-06-05,short,30035.75,15.4,291.37945811813034,30327.129458118132,29744.370541881868,2026-06-05 11:13:00-04:00,29742.25,2026-06-05 12:42:00-04:00,29450.870541881868,target,291.3794581181319,1.0000000000000053,1,5827.589162362638,5812.989162362637
2026-06-09,short,29737.0,18.92,354.41983130153733,30091.419831301537,29382.580168698463,2026-06-09 10:18:00-04:00,29378.25,2026-06-09 11:24:00-04:00,29023.830168698463,target,354.41983130153676,0.9999999999999984,1,7088.396626030735,7073.796626030735
2026-06-10,long,28853.0,19.87,361.1507927208985,29214.1507927209,28491.8492072791,2026-06-10 10:24:00-04:00,29217.75,2026-06-10 11:00:00-04:00,28853.0,stop,-364.75,-1.0099659404095038,1,-7295.0,-7309.6
2026-06-11,long,28753.25,22.22,402.46741529089655,29155.717415290896,28350.782584709104,2026-06-11 13:30:00-04:00,29183.25,2026-06-11 15:59:00-04:00,29456.75,eod,273.5,0.6795581197606243,1,5470.0,5455.4
2026-06-16,short,30502.0,16.2,311.2741536046411,30813.27415360464,30190.72584639536,2026-06-16 11:42:00-04:00,30165.0,2026-06-16 15:59:00-04:00,29991.25,eod,173.75,0.5581896151284221,1,3475.0,3460.4
2026-06-17,short,30207.75,16.41,312.2674300660416,30520.01743006604,29895.48256993396,2026-06-17 14:04:00-04:00,29872.25,2026-06-17 15:59:00-04:00,29681.0,eod,191.25,0.6124558041789772,1,3825.0,3810.4
2026-06-24,short,29711.25,19.49,364.7812375501223,30076.031237550123,29346.468762449877,2026-06-24 14:50:00-04:00,29340.5,2026-06-24 15:59:00-04:00,29514.0,eod,-173.5,-0.47562753272407676,1,-3470.0,-3484.6
2026-06-25,short,30153.25,18.63,353.87241748101815,30507.12241748102,29799.37758251898,2026-06-25 09:43:00-04:00,29769.25,2026-06-25 09:54:00-04:00,29415.37758251898,target,353.8724174810195,1.0000000000000038,1,7077.44834962039,7062.84834962039
2026-06-29,short,29643.0,18.41,343.7760934658742,29986.776093465873,29299.223906534127,2026-06-29 10:16:00-04:00,29298.25,2026-06-29 10:33:00-04:00,29643.0,stop,-344.75,-1.0028329675990761,1,-6895.0,-6909.6
2026-06-30,long,30047.5,17.65,334.08177403907484,30381.581774039074,29713.418225960926,2026-06-30 10:03:00-04:00,30381.75,2026-06-30 15:59:00-04:00,30513.5,eod,131.75,0.394364524610643,1,2635.0,2620.4
2026-07-02,short,30076.25,16.59,314.31839758415526,30390.568397584157,29761.931602415843,2026-07-02 10:53:00-04:00,29757.75,2026-07-02 12:56:00-04:00,29443.431602415843,target,314.3183975841566,1.0000000000000044,1,6286.367951683133,6271.767951683132
2026-07-07,short,29593.0,15.57,290.2534137613255,29883.253413761326,29302.746586238674,2026-07-07 10:24:00-04:00,29293.0,2026-07-07 15:59:00-04:00,29394.5,eod,-101.5,-0.34969442283102015,1,-2030.0,-2044.6
2026-07-13,short,29710.0,15.03,281.2945785522587,29991.294578552257,29428.705421447743,2026-07-13 15:26:00-04:00,29425.75,2026-07-13 15:59:00-04:00,29467.0,eod,-41.25,-0.14664342346127585,1,-825.0,-839.6
2026-07-15,short,29955.5,16.5,311.3581562087674,30266.858156208767,29644.141843791233,2026-07-15 10:36:00-04:00,29620.25,2026-07-15 15:59:00-04:00,29701.0,eod,-80.75,-0.2593476303407214,1,-1615.0,-1629.6
2026-07-16,short,29466.0,15.67,290.86395867280095,29756.863958672802,29175.136041327198,2026-07-16 15:15:00-04:00,29174.75,2026-07-16 15:59:00-04:00,29217.0,eod,-42.25,-0.14525691045664382,1,-845.0,-859.6
2026-07-17,long,28607.75,16.73,301.49448507528035,28909.24448507528,28306.25551492472,2026-07-17 11:55:00-04:00,28909.75,2026-07-17 15:59:00-04:00,28764.25,eod,-145.5,-0.4825958921393538,1,-2910.0,-2924.6
2026-07-27,short,28590.5,18.58,334.6317847904939,28925.131784790494,28255.868215209506,2026-07-27 10:11:00-04:00,28251.75,2026-07-27 15:59:00-04:00,28192.25,eod,59.5,0.1778073772557252,1,1190.0,1175.4
2026-07-28,short,27950.0,18.67,328.71979679124917,28278.71979679125,27621.28020320875,2026-07-28 10:16:00-04:00,27610.5,2026-07-28 11:20:00-04:00,27950.0,stop,-339.5,-1.0327945055758132,1,-6790.0,-6804.6
2026-07-29,short,27914.5,18.21,320.21341970311784,28234.71341970312,27594.28658029688,2026-07-29 10:25:00-04:00,27575.5,2026-07-29 14:40:00-04:00,27914.5,stop,-339.0,-1.0586689349693712,1,-6780.0,-6794.6
2026-07-30,long,27877.25,20.66,362.81060795559875,28240.0606079556,27514.4393920444,2026-07-30 15:08:00-04:00,28242.75,2026-07-30 15:59:00-04:00,28229.0,eod,-13.75,-0.03789856111837486,1,-275.0,-289.6
2026-07-31,short,28576.75,17.09,307.6483766366589,28884.39837663666,28269.10162336334,2026-07-31 10:04:00-04:00,28242.5,2026-07-31 15:59:00-04:00,28402.75,eod,-160.25,-0.5208868701077517,1,-3205.0,-3219.6
2026-08-03,long,28419.0,15.99,286.25757335267195,28705.257573352672,28132.742426647328,2026-08-03 10:36:00-04:00,28707.25,2026-08-03 15:59:00-04:00,28901.25,eod,194.0,0.6777113273471029,1,3880.0,3865.4
2026-08-04,long,29234.75,15.86,292.08032079013526,29526.830320790134,28942.669679209866,2026-08-04 10:08:00-04:00,29529.75,2026-08-04 13:26:00-04:00,29821.830320790134,target,292.08032079013356,0.9999999999999941,1,5841.606415802671,5827.006415802671
2026-08-05,short,29975.0,16.5,311.5608396574186,30286.560839657417,29663.439160342583,2026-08-05 15:59:00-04:00,29606.75,2026-08-05 15:59:00-04:00,29606.75,eod,0.0,0.0,1,0.0,-14.6
2026-08-06,long,29335.0,15.81,292.1579389443717,29627.157938944372,29042.842061055628,2026-08-06 10:17:00-04:00,29647.75,2026-08-06 15:59:00-04:00,29496.75,eod,-151.0,-0.516843733720175,1,-3020.0,-3034.6
2026-08-11,short,29839.25,15.46,290.6010119386324,30129.851011938634,29548.648988061366,2026-08-11 14:29:00-04:00,29544.25,2026-08-11 15:59:00-04:00,29636.0,eod,-91.75,-0.3157249845343804,1,-1835.0,-1849.6
2026-08-13,long,29910.25,14.55,274.1465380614878,30184.396538061486,29636.103461938514,2026-08-13 10:10:00-04:00,30197.25,2026-08-13 15:59:00-04:00,30194.75,eod,-2.5,-0.009119210542207467,1,-50.0,-64.6
2026-08-19,short,29696.0,15.84,296.31447094872505,29992.314470948724,29399.685529051276,2026-08-19 10:11:00-04:00,29391.75,2026-08-19 15:59:00-04:00,29522.0,eod,-130.25,-0.4395667872141782,1,-2605.0,-2619.6
2026-08-24,short,29235.5,15.13,278.6436711758416,29514.143671175843,28956.856328824157,2026-08-24 10:12:00-04:00,28956.5,2026-08-24 15:59:00-04:00,29099.5,eod,-143.0,-0.5132002438690167,1,-2860.0,-2874.6
2026-09-03,long,29249.5,15.2,280.0668869498459,29529.566886949848,28969.433113050152,2026-09-03 11:29:00-04:00,29536.5,2026-09-03 15:59:00-04:00,29530.75,eod,-5.75,-0.020530809845541304,1,-115.0,-129.6
2026-09-14,long,28906.5,15.84,288.4366330306883,29194.936633030688,28618.063366969312,2026-09-14 11:43:00-04:00,29196.0,2026-09-14 15:59:00-04:00,29151.25,eod,-44.75,-0.15514672851987843,1,-895.0,-909.6
2026-09-16,short,29095.5,17.2,315.2492059672791,29410.74920596728,28780.25079403272,2026-09-16 15:25:00-04:00,28777.0,2026-09-16 15:59:00-04:00,28961.0,eod,-184.0,-0.5836652290223311,1,-3680.0,-3694.6
2026-09-21,long,30222.0,14.81,281.9538241860814,30503.953824186083,29940.046175813917,2026-09-21 10:26:00-04:00,30506.25,2026-09-21 14:53:00-04:00,30788.203824186083,target,281.9538241860828,1.0000000000000049,1,5639.076483721656,5624.476483721655
2026-09-22,long,30764.25,14.87,288.1754832026186,31052.42548320262,30476.07451679738,2026-09-22 15:51:00-04:00,31054.0,2026-09-22 15:59:00-04:00,31029.25,eod,-24.75,-0.0858851687344897,1,-495.0,-509.6
2026-09-23,short,31006.5,14.21,277.55340115640695,31284.05340115641,30728.94659884359,2026-09-23 10:12:00-04:00,30721.0,2026-09-23 15:59:00-04:00,30770.25,eod,-49.25,-0.17744333088624856,1,-985.0,-999.6
2026-09-24,long,30519.0,14.21,273.1895650877198,30792.18956508772,30245.81043491228,2026-09-24 12:41:00-04:00,30795.75,2026-09-24 13:09:00-04:00,30792.25,eod,-3.5,-0.012811616720705153,1,-70.0,-84.6
