session_date,entry_time,trigger_time,entry,stop,vix_target,em_points,qty,leg1_qty,leg2_qty,estimated_annual_vol,range_points,risk_points,planned_risk_per_contract,planned_risk_usd,gross_pnl,net_pnl,exit_reason,exit_time,mfe_usd,mae_usd
2021-01-05,2021-01-05 10:05:00-05:00,2021-01-05 10:00:00-05:00,12773.0,12650.5,12990.006922607921,217.00692260792133,5,2,3,,118.25,122.5,246.74,1233.7,-210.0,-216.2,time,2021-01-05 14:00:00-05:00,92.5,847.5
2021-01-06,2021-01-06 10:15:00-05:00,2021-01-06 10:10:00-05:00,12677.0,12551.75,12879.35914253454,202.35914253454044,5,2,3,,115.75,125.25,252.24,1261.2,930.0,923.8,time,2021-01-06 14:00:00-05:00,1190.0,80.0
2021-01-07,2021-01-07 10:05:00-05:00,2021-01-07 10:00:00-05:00,12871.5,12726.5,13074.774651230768,203.2746512307673,5,2,3,,112.25,145.0,291.74,1458.7,415.0,408.8,time,2021-01-07 14:00:00-05:00,492.5,127.5
2021-01-08,2021-01-08 12:15:00-05:00,2021-01-08 12:10:00-05:00,13056.25,12985.75,13240.235743027928,183.98574302792798,5,2,3,,66.75,70.5,142.74,713.7,-707.5,-713.7,stop,2021-01-08 13:20:00-05:00,92.5,1045.0
2021-01-11,2021-01-11 10:10:00-05:00,2021-01-11 10:05:00-05:00,12980.5,12892.25,13156.79496445214,176.29496445213942,5,2,3,,82.75,88.25,178.24,891.2,-207.5,-213.7,time,2021-01-11 14:00:00-05:00,325.0,492.5
2021-01-13,2021-01-13 10:40:00-05:00,2021-01-13 10:35:00-05:00,12958.5,12864.0,13148.944836176706,190.4448361767056,5,2,3,,81.25,94.5,190.74,953.7,197.5,191.3,time,2021-01-13 14:00:00-05:00,377.5,202.5
2021-01-14,2021-01-14 10:50:00-05:00,2021-01-14 10:45:00-05:00,13021.25,12968.5,13203.430112249245,182.18011224924467,5,2,3,,46.5,52.75,107.24,536.1999999999999,-530.0,-536.2,stop,2021-01-14 11:55:00-05:00,75.0,535.0
2021-01-19,2021-01-19 12:40:00-05:00,2021-01-19 12:35:00-05:00,12931.25,12860.25,13129.521737082596,198.27173708259642,5,2,3,,70.25,71.0,143.74,718.7,575.0,568.8,time,2021-01-19 14:00:00-05:00,617.5,77.5
2021-01-20,2021-01-20 10:10:00-05:00,2021-01-20 10:05:00-05:00,13206.5,13121.0,13399.840834615645,193.34083461564563,5,2,3,,74.25,85.5,172.74,863.7,737.5,731.3,time,2021-01-20 14:00:00-05:00,877.5,12.5
2021-01-21,2021-01-21 10:15:00-05:00,2021-01-21 10:10:00-05:00,13364.75,13283.0,13546.432044840381,181.68204484038083,5,2,3,,60.75,81.75,165.24,826.2,0.0,-6.2,time,2021-01-21 14:00:00-05:00,280.0,487.5
2021-01-26,2021-01-26 10:50:00-05:00,2021-01-26 10:45:00-05:00,13514.25,13426.5,13711.670581562455,197.42058156245528,5,2,3,,82.75,87.75,177.24,886.2,-142.5,-148.7,time,2021-01-26 14:00:00-05:00,187.5,590.0
2021-01-28,2021-01-28 10:20:00-05:00,2021-01-28 10:15:00-05:00,13267.25,13128.25,13578.235623400205,310.9856234002057,5,2,3,,120.5,139.0,279.74,1398.7,1095.0,1088.8,time,2021-01-28 14:00:00-05:00,1267.5,632.5
2021-01-29,2021-01-29 10:25:00-05:00,2021-01-29 10:20:00-05:00,13147.5,12998.25,13397.703646212552,250.20364621255186,5,2,3,,137.0,149.25,300.24,1501.2,-1495.0,-1501.2,stop,2021-01-29 11:20:00-05:00,95.0,1587.5
2021-02-01,2021-02-01 10:45:00-05:00,2021-02-01 10:40:00-05:00,13116.25,12970.25,13389.654830028767,273.4048300287663,5,2,3,,132.5,146.0,293.74,1468.7,1450.0,1443.8,time,2021-02-01 14:00:00-05:00,1555.0,750.0
2021-02-02,2021-02-02 10:20:00-05:00,2021-02-02 10:15:00-05:00,13434.5,13345.0,13690.41929111718,255.91929111718014,5,2,3,,78.5,89.5,180.74,903.7,370.0,363.8,time,2021-02-02 14:00:00-05:00,510.0,517.5
2021-02-04,2021-02-04 13:05:00-05:00,2021-02-04 13:00:00-05:00,13487.0,13412.0,13681.643621459438,194.6436214594375,5,2,3,0.26149486700942104,68.25,75.0,151.74,758.7,80.0,73.8,time,2021-02-04 14:00:00-05:00,175.0,55.0
2021-02-05,2021-02-05 12:20:00-05:00,2021-02-05 12:15:00-05:00,13596.25,13536.0,13782.706402296872,186.45640229687103,5,2,3,0.25476100803130813,57.0,60.25,122.24,611.1999999999999,-82.5,-88.7,time,2021-02-05 14:00:00-05:00,422.5,170.0
2021-02-08,2021-02-08 10:05:00-05:00,2021-02-08 10:00:00-05:00,13675.0,13632.5,13854.783368657554,179.78336865755443,5,2,3,0.24217522741897923,41.5,42.5,86.74,433.7,-427.5,-433.7,stop,2021-02-08 11:25:00-05:00,175.0,437.5
2021-02-09,2021-02-09 10:10:00-05:00,2021-02-09 10:05:00-05:00,13713.75,13645.0,13897.239184327253,183.48918432725225,5,2,3,0.2386635133261671,63.5,68.75,139.24,696.2,-422.5,-428.7,time,2021-02-09 14:00:00-05:00,215.0,517.5
2021-02-12,2021-02-12 10:15:00-05:00,2021-02-12 10:10:00-05:00,13707.25,13646.0,13890.738562260723,183.48856226072377,5,2,3,0.2294171849755282,59.75,61.25,124.24,621.1999999999999,142.5,136.3,time,2021-02-12 14:00:00-05:00,475.0,430.0
2021-02-15,2021-02-15 11:00:00-05:00,2021-02-15 10:55:00-05:00,13863.0,13848.25,14037.395396903097,174.39539690309755,5,2,3,,14.0,14.75,31.24,156.2,87.5,81.3,time,2021-02-15 18:00:00-05:00,162.5,92.5
2021-02-16,2021-02-16 10:40:00-05:00,2021-02-16 10:35:00-05:00,13871.0,13811.5,14045.496036243445,174.49603624344414,5,2,3,0.22699088621966235,57.0,59.5,120.74,603.6999999999999,-597.5,-603.7,stop,2021-02-16 11:05:00-05:00,25.0,697.5
2021-02-18,2021-02-18 13:25:00-05:00,2021-02-18 13:20:00-05:00,13596.0,13523.5,13780.140511605365,184.1405116053654,5,2,3,0.22017306357726335,59.5,72.5,146.74,733.7,42.5,36.3,time,2021-02-18 14:00:00-05:00,292.5,45.0
2021-02-23,2021-02-23 10:30:00-05:00,2021-02-23 10:25:00-05:00,13025.25,12757.5,13217.660445143147,192.41044514314598,5,2,3,0.22802902269133407,258.75,267.75,537.24,2686.2,202.5,196.3,time,2021-02-23 14:00:00-05:00,940.0,1405.0
2021-02-24,2021-02-24 11:15:00-05:00,2021-02-24 11:10:00-05:00,13143.25,13001.75,13334.588534747987,191.3385347479879,5,2,3,0.22578433982493715,118.5,141.5,284.74,1423.7,1092.5,1086.3,time,2021-02-24 14:00:00-05:00,1237.5,17.5
2021-02-26,2021-02-26 12:10:00-05:00,2021-02-26 12:05:00-05:00,13052.25,12859.25,13289.78775907499,237.5377590749901,5,2,3,0.2266301056614266,172.5,193.0,387.74,1938.7,-970.0,-976.2,time,2021-02-26 14:00:00-05:00,375.0,1195.0
2021-03-01,2021-03-01 10:20:00-05:00,2021-03-01 10:15:00-05:00,13132.0,13040.25,13363.213088991039,231.21308899103823,5,2,3,0.22601066471332387,75.5,91.75,185.24,926.2,760.0,753.8,time,2021-03-01 14:00:00-05:00,975.0,55.0
2021-03-04,2021-03-04 11:45:00-05:00,2021-03-04 11:40:00-05:00,12783.0,12568.75,12997.7610577093,214.76105770930047,5,2,3,0.23209353726778945,196.25,214.25,430.24,2151.2,-2145.0,-2151.2,stop,2021-03-04 12:25:00-05:00,140.0,2220.0
2021-03-08,2021-03-08 10:35:00-05:00,2021-03-08 10:30:00-05:00,12708.25,12526.5,12905.664274280312,197.41427428031196,5,2,3,0.2387482733147758,172.0,181.75,365.24,1826.2,-1820.0,-1826.2,stop,2021-03-08 11:50:00-05:00,70.0,1882.5
2021-03-09,2021-03-09 10:05:00-05:00,2021-03-09 10:00:00-05:00,12724.75,12587.0,12928.91342051538,204.16342051538072,5,2,3,0.2523524895150613,129.25,137.75,277.24,1386.2,1295.0,1288.8,time,2021-03-09 14:00:00-05:00,1335.0,410.0
2021-03-11,2021-03-11 10:50:00-05:00,2021-03-11 10:45:00-05:00,13009.5,12931.75,13194.38404331667,184.88404331666916,5,2,3,0.29288343241495285,75.0,77.75,157.24,786.2,647.5,641.3,time,2021-03-11 14:00:00-05:00,1100.0,165.0
2021-03-12,2021-03-12 12:30:00-05:00,2021-03-12 12:25:00-05:00,12903.25,12798.0,13081.340690986777,178.09069098677793,5,2,3,0.30607997286004,96.75,105.25,212.24,1061.2,-207.5,-213.7,time,2021-03-12 14:00:00-05:00,230.0,487.5
2021-03-15,2021-03-15 10:15:00-04:00,2021-03-15 10:10:00-04:00,12987.5,12896.5,13156.772255405765,169.27225540576637,5,2,3,0.30564509688746927,86.25,91.0,183.74,918.7,-912.5,-918.7,stop,2021-03-15 11:30:00-04:00,12.5,920.0
2021-03-16,2021-03-16 10:05:00-04:00,2021-03-16 10:00:00-04:00,13245.0,13142.25,13412.121621805823,167.1216218058242,5,2,3,0.3080150538433352,96.25,102.75,207.24,1036.2,-552.5,-558.7,time,2021-03-16 14:00:00-04:00,517.5,740.0
2021-03-17,2021-03-17 10:20:00-04:00,2021-03-17 10:15:00-04:00,13066.75,12934.25,13229.647007375917,162.89700737591798,5,2,3,0.30919839888707373,109.0,132.5,266.74,1333.7,-717.5,-723.7,time,2021-03-17 14:00:00-04:00,482.5,1280.0
2021-03-19,2021-03-19 11:05:00-04:00,2021-03-19 11:00:00-04:00,12841.5,12725.0,13016.068920392656,174.56892039265608,5,2,3,0.323327614582031,112.0,116.5,234.74,1173.7,277.5,271.3,time,2021-03-19 14:00:00-04:00,497.5,837.5
2021-03-22,2021-03-22 10:35:00-04:00,2021-03-22 10:30:00-04:00,13026.0,12927.75,13197.907502454185,171.90750245418528,5,2,3,0.32383165258679175,93.25,98.25,198.24,991.2,1127.5,1121.3,time,2021-03-22 14:00:00-04:00,1310.0,140.0
2021-03-23,2021-03-23 10:15:00-04:00,2021-03-23 10:10:00-04:00,13122.75,13050.5,13278.822567468122,156.07256746812178,5,2,3,0.31977839715249806,69.0,72.25,146.24,731.2,-420.0,-426.2,time,2021-03-23 14:00:00-04:00,492.5,717.5
2021-03-25,2021-03-25 10:05:00-04:00,2021-03-25 10:00:00-04:00,12823.0,12688.25,12994.247891454705,171.24789145470533,5,2,3,0.32317465001852974,114.75,134.75,271.24,1356.2,-1350.0,-1356.2,stop,2021-03-25 10:45:00-04:00,140.0,1487.5
2021-03-26,2021-03-26 10:05:00-04:00,2021-03-26 10:00:00-04:00,12850.5,12754.0,13010.863021734374,160.3630217343742,5,2,3,0.30171072738198584,76.0,96.5,194.74,973.7,-517.5,-523.7,time,2021-03-26 14:00:00-04:00,217.5,925.0
2021-03-29,2021-03-29 13:05:00-04:00,2021-03-29 13:00:00-04:00,12986.5,12852.5,13140.788493263215,154.28849326321574,5,2,3,0.30472278637508277,125.0,134.0,269.74,1348.7,-330.0,-336.2,time,2021-03-29 14:00:00-04:00,162.5,520.0
2021-03-30,2021-03-30 11:35:00-04:00,2021-03-30 11:30:00-04:00,12895.25,12805.25,13063.726079542781,168.4760795427803,5,2,3,0.2840958595496869,82.75,90.0,181.74,908.7,-437.5,-443.7,time,2021-03-30 14:00:00-04:00,210.0,700.0
2021-03-31,2021-03-31 10:05:00-04:00,2021-03-31 10:00:00-04:00,13067.5,12953.0,13228.924642046755,161.42464204675463,5,2,3,0.2784346687992326,102.75,114.5,230.74,1153.7,572.5,566.3,time,2021-03-31 14:00:00-04:00,850.0,27.5
2021-04-01,2021-04-01 10:10:00-04:00,2021-04-01 10:05:00-04:00,13306.25,13241.5,13468.863702530321,162.61370253032194,5,2,3,0.263113545431011,60.25,64.75,131.24,656.2,-247.5,-253.7,time,2021-04-01 14:00:00-04:00,152.5,462.5
2021-04-05,2021-04-05 10:10:00-04:00,2021-04-05 10:05:00-04:00,13490.75,13409.25,13638.026816054899,147.27681605489863,5,2,3,0.26016829262236574,76.25,81.5,164.74,823.7,1077.5,1071.3,time,2021-04-05 14:00:00-04:00,1175.0,52.5
2021-04-06,2021-04-06 10:05:00-04:00,2021-04-06 10:00:00-04:00,13605.0,13538.75,13758.494868660422,153.49486866042253,5,2,3,0.26370560585597236,58.75,66.25,134.24,671.2,-122.5,-128.7,time,2021-04-06 14:00:00-04:00,492.5,590.0
2021-04-07,2021-04-07 10:05:00-04:00,2021-04-07 10:00:00-04:00,13593.0,13513.0,13748.157666664756,155.15766666475562,5,2,3,0.2371484938912809,71.5,80.0,161.74,808.7,52.5,46.3,time,2021-04-07 14:00:00-04:00,380.0,332.5
2021-04-09,2021-04-09 10:05:00-04:00,2021-04-09 10:00:00-04:00,13732.5,13658.25,13879.128718798178,146.62871879817774,5,2,3,0.20319973402553643,69.75,74.25,150.24,751.2,487.5,481.3,time,2021-04-09 14:00:00-04:00,587.5,377.5
2021-04-12,2021-04-12 12:35:00-04:00,2021-04-12 12:30:00-04:00,13814.0,13742.5,13959.236414218658,145.23641421865764,5,2,3,0.19198889198675578,67.0,71.5,144.74,723.7,-315.0,-321.2,time,2021-04-12 14:00:00-04:00,147.5,362.5
2021-04-15,2021-04-15 10:30:00-04:00,2021-04-15 10:25:00-04:00,13989.25,13923.25,14138.972661956188,149.72266195618863,5,2,3,0.194910842642622,54.5,66.0,133.74,668.7,245.0,238.8,time,2021-04-15 14:00:00-04:00,327.5,460.0
2021-04-21,2021-04-21 10:30:00-04:00,2021-04-21 10:25:00-04:00,13816.0,13700.25,13978.576932886506,162.57693288650603,5,2,3,0.16752289970211742,104.5,115.75,233.24,1166.2,432.5,426.3,time,2021-04-21 14:00:00-04:00,607.5,477.5
2021-04-22,2021-04-22 10:35:00-04:00,2021-04-22 10:30:00-04:00,13931.0,13855.25,14084.574839643503,153.57483964350337,5,2,3,0.16818447306005826,56.75,75.75,153.24,766.2,-760.0,-766.2,stop,2021-04-22 13:10:00-04:00,130.0,1070.0
2021-04-23,2021-04-23 10:05:00-04:00,2021-04-23 10:00:00-04:00,13838.0,13775.75,14001.097326971762,163.09732697176094,5,2,3,0.1590605595196717,58.5,62.25,126.24,631.1999999999999,1127.5,1121.3,time,2021-04-23 14:00:00-04:00,1255.0,130.0
2021-04-26,2021-04-26 10:10:00-04:00,2021-04-26 10:05:00-04:00,13952.5,13902.25,14104.817682560715,152.31768256071555,5,2,3,0.1615989315179521,48.5,50.25,102.24,511.2,405.0,398.8,time,2021-04-26 14:00:00-04:00,482.5,87.5
2021-04-30,2021-04-30 10:25:00-04:00,2021-04-30 10:20:00-04:00,13923.5,13840.25,14077.956967777356,154.4569677773557,5,2,3,0.1537471791925383,68.0,83.25,168.24,841.2,-835.0,-841.2,stop,2021-04-30 13:50:00-04:00,335.0,895.0
2021-05-03,2021-05-03 10:15:00-04:00,2021-05-03 10:10:00-04:00,13929.75,13851.0,14093.051218331873,163.30121833187377,5,2,3,0.14897782902406803,65.25,78.75,159.24,796.2,-790.0,-796.2,stop,2021-05-03 10:50:00-04:00,177.5,905.0
2021-05-06,2021-05-06 11:35:00-04:00,2021-05-06 11:30:00-04:00,13523.75,13424.25,13686.891947252652,163.14194725265162,5,2,3,0.15298619935422067,84.75,99.5,200.74,1003.7,-317.5,-323.7,time,2021-05-06 14:00:00-04:00,675.0,352.5
2021-05-07,2021-05-07 10:10:00-04:00,2021-05-07 10:05:00-04:00,13764.5,13661.75,13923.956379454743,159.4563794547433,5,2,3,0.1511587960931989,92.75,102.75,207.24,1036.2,-835.0,-841.2,time,2021-05-07 14:00:00-04:00,460.0,1025.0
2021-05-11,2021-05-11 11:20:00-04:00,2021-05-11 11:15:00-04:00,13272.25,13083.75,13436.62198380965,164.37198380964904,5,2,3,0.17935730890380042,188.0,188.5,378.74,1893.7,627.5,621.3,time,2021-05-11 14:00:00-04:00,975.0,245.0
2021-05-13,2021-05-13 10:05:00-04:00,2021-05-13 10:00:00-04:00,13189.25,13086.0,13418.480040113873,229.2300401138724,5,2,3,0.18925164110393555,82.75,103.25,208.24,1041.2,-1035.0,-1041.2,stop,2021-05-13 11:40:00-04:00,357.5,1255.0
2021-05-14,2021-05-14 10:15:00-04:00,2021-05-14 10:10:00-04:00,13287.0,13208.25,13480.598637883277,193.59863788327732,5,2,3,0.18151476475727188,60.75,78.75,159.24,796.2,817.5,811.3,time,2021-05-14 14:00:00-04:00,865.0,120.0
2021-05-18,2021-05-18 10:30:00-04:00,2021-05-18 10:25:00-04:00,13382.75,13300.25,13548.996306481598,166.24630648159786,5,2,3,0.20577062709522903,61.5,82.5,166.74,833.7,-517.5,-523.7,time,2021-05-18 14:00:00-04:00,137.5,645.0
2021-05-19,2021-05-19 10:30:00-04:00,2021-05-19 10:25:00-04:00,13092.0,12969.5,13267.994923654649,175.99492365464894,5,2,3,0.2043192969410075,108.0,122.5,246.74,1233.7,722.5,716.3,time,2021-05-19 14:00:00-04:00,1057.5,480.0
2021-05-20,2021-05-20 10:05:00-04:00,2021-05-20 10:00:00-04:00,13406.5,13281.5,13593.816780150153,187.31678015015362,5,2,3,0.1987924179674949,117.0,125.0,251.74,1258.7,730.0,723.8,time,2021-05-20 14:00:00-04:00,975.0,97.5
2021-05-24,2021-05-24 10:05:00-04:00,2021-05-24 10:00:00-04:00,13590.0,13493.0,13762.502040570229,172.50204057022876,5,2,3,0.20564573112373635,90.5,97.0,195.74,978.7,672.5,666.3,time,2021-05-24 14:00:00-04:00,755.0,57.5
2021-05-26,2021-05-26 11:10:00-04:00,2021-05-26 11:05:00-04:00,13711.75,13661.75,13874.482206991426,162.73220699142612,5,2,3,0.21317426551316263,47.0,50.0,101.74,508.7,-255.0,-261.2,time,2021-05-26 14:00:00-04:00,132.5,360.0
2021-05-27,2021-05-27 10:20:00-04:00,2021-05-27 10:15:00-04:00,13699.25,13643.75,13849.061875745487,149.8118757454866,5,2,3,0.21360215538056776,51.5,55.5,112.74,563.6999999999999,-127.5,-133.7,time,2021-05-27 14:00:00-04:00,215.0,277.5
2021-05-28,2021-05-28 11:45:00-04:00,2021-05-28 11:40:00-04:00,13745.5,13695.75,13890.449167518578,144.94916751857846,5,2,3,0.21278867144508867,44.0,49.75,101.24,506.2,-292.5,-298.7,time,2021-05-28 14:00:00-04:00,177.5,395.0
2021-06-03,2021-06-03 11:00:00-04:00,2021-06-03 10:55:00-04:00,13579.25,13462.25,13728.77607790922,149.52607790922065,5,2,3,0.19937865473122654,108.5,117.0,235.74,1178.7,-132.5,-138.7,time,2021-06-03 14:00:00-04:00,305.0,527.5
2021-06-04,2021-06-04 10:05:00-04:00,2021-06-04 10:00:00-04:00,13733.0,13605.5,13889.063622308928,156.06362230892722,5,2,3,0.20344106327034528,99.5,127.5,256.74,1283.7,415.0,408.8,time,2021-06-04 14:00:00-04:00,460.0,122.5
2021-06-14,2021-06-14 12:05:00-04:00,2021-06-14 12:00:00-04:00,14041.25,13957.0,14179.676692877381,138.42669287738119,5,2,3,0.15511500323012628,81.0,84.25,170.24,851.2,177.5,171.3,time,2021-06-14 14:00:00-04:00,232.5,82.5
2021-06-16,2021-06-16 10:15:00-04:00,2021-06-16 10:10:00-04:00,14089.5,14042.5,14240.561873551214,151.0618735512148,5,2,3,0.1357881400952648,45.0,47.0,95.74,478.7,-472.5,-478.7,stop,2021-06-16 11:05:00-04:00,60.0,485.0
2021-06-17,2021-06-17 10:05:00-04:00,2021-06-17 10:00:00-04:00,14040.75,13932.0,14201.28386640073,160.53386640073026,5,2,3,0.13345781977414384,101.75,108.75,219.24,1096.2,1255.0,1248.8,time,2021-06-17 14:00:00-04:00,1505.0,250.0
2021-06-21,2021-06-21 10:40:00-04:00,2021-06-21 10:35:00-04:00,14081.75,13958.75,14265.37284201402,183.62284201402014,5,2,3,0.12823823574966964,113.5,123.0,247.74,1238.7,517.5,511.3,time,2021-06-21 14:00:00-04:00,622.5,22.5
2021-06-22,2021-06-22 11:10:00-04:00,2021-06-22 11:05:00-04:00,14187.75,14107.25,14347.640844891912,159.8908448919115,5,2,3,0.1258931586291146,69.5,80.5,162.74,813.7,335.0,328.8,time,2021-06-22 14:00:00-04:00,452.5,7.5
2021-06-24,2021-06-24 10:10:00-04:00,2021-06-24 10:05:00-04:00,14387.25,14344.0,14535.160046709014,147.91004670901452,5,2,3,0.11794799564293258,42.25,43.25,88.24,441.2,-435.0,-441.2,stop,2021-06-24 13:20:00-04:00,347.5,450.0
2021-06-28,2021-06-28 10:10:00-04:00,2021-06-28 10:05:00-04:00,14467.5,14391.0,14609.855499711895,142.35549971189457,5,2,3,0.11774031519069397,67.5,76.5,154.74,773.7,-45.0,-51.2,time,2021-06-28 14:00:00-04:00,275.0,125.0
2021-06-29,2021-06-29 12:20:00-04:00,2021-06-29 12:15:00-04:00,14533.75,14470.0,14678.03913445877,144.28913445877035,5,2,3,0.1218053294785945,59.5,63.75,129.24,646.2,172.5,166.3,time,2021-06-29 14:00:00-04:00,207.5,37.5
2021-07-02,2021-07-02 11:55:00-04:00,2021-07-02 11:50:00-04:00,14670.5,14619.25,14813.559137273072,143.05913727307217,5,2,3,0.10940763140586308,46.0,51.25,104.24,521.1999999999999,197.5,191.3,time,2021-07-02 14:00:00-04:00,235.0,150.0
2021-07-06,2021-07-06 10:10:00-04:00,2021-07-06 10:05:00-04:00,14786.25,14738.75,14926.618942064537,140.36894206453763,5,2,3,0.09951619086870642,35.0,47.5,96.74,483.7,-477.5,-483.7,stop,2021-07-06 10:30:00-04:00,35.0,610.0
2021-07-08,2021-07-08 10:30:00-04:00,2021-07-08 10:25:00-04:00,14644.75,14540.0,14794.20027083475,149.45027083475077,5,2,3,0.09903736516094892,101.75,104.75,211.24,1056.2,890.0,883.8,time,2021-07-08 14:00:00-04:00,1117.5,790.0
2021-07-09,2021-07-09 10:25:00-04:00,2021-07-09 10:20:00-04:00,14728.25,14668.25,14904.53058290394,176.28058290394142,5,2,3,0.10384266236808616,56.75,60.0,121.74,608.6999999999999,810.0,803.8,time,2021-07-09 14:00:00-04:00,1037.5,247.5
2021-07-13,2021-07-13 10:05:00-04:00,2021-07-13 10:00:00-04:00,14927.5,14842.0,15079.553642879278,152.05364287927918,5,2,3,0.10050023003034211,77.0,85.5,172.74,863.7,-422.5,-428.7,time,2021-07-13 14:00:00-04:00,670.0,937.5
2021-07-14,2021-07-14 10:05:00-04:00,2021-07-14 10:00:00-04:00,14992.5,14934.75,15154.187910050725,161.6879100507253,5,2,3,0.09901854329141808,56.5,57.75,117.24,586.1999999999999,-580.0,-586.2,stop,2021-07-14 11:25:00-04:00,22.5,847.5
2021-07-20,2021-07-20 10:25:00-04:00,2021-07-20 10:20:00-04:00,14608.5,14516.75,14815.556025148324,207.05602514832358,5,2,3,0.09443348710160712,84.5,91.75,185.24,926.2,1150.0,1143.8,time,2021-07-20 14:00:00-04:00,1362.5,272.5
2021-07-21,2021-07-21 10:25:00-04:00,2021-07-21 10:20:00-04:00,14761.5,14692.0,14944.966723788444,183.46672378844366,5,2,3,0.09699916820503779,65.5,69.5,140.74,703.7,175.0,168.8,time,2021-07-21 14:00:00-04:00,277.5,262.5
2021-07-22,2021-07-22 10:30:00-04:00,2021-07-22 10:25:00-04:00,14904.75,14839.75,15072.908959475666,168.15895947566574,5,2,3,0.09658170949858022,55.0,65.0,131.74,658.7,7.5,1.2999999999999998,time,2021-07-22 14:00:00-04:00,185.0,542.5
2021-07-23,2021-07-23 10:20:00-04:00,2021-07-23 10:15:00-04:00,14997.75,14934.25,15164.879714970102,167.1297149701025,5,2,3,0.09834890048451028,60.0,63.5,128.74,643.7,995.0,988.8,time,2021-07-23 14:00:00-04:00,1162.5,140.0
2021-07-26,2021-07-26 10:05:00-04:00,2021-07-26 10:00:00-04:00,15112.75,15040.25,15276.496367564812,163.74636756481232,5,2,3,0.10118207820043215,61.0,72.5,146.74,733.7,-77.5,-83.7,time,2021-07-26 14:00:00-04:00,215.0,305.0
2021-07-28,2021-07-28 10:20:00-04:00,2021-07-28 10:15:00-04:00,15054.25,14901.5,15237.846419147652,183.59641914765285,5,2,3,0.11095652041817838,121.0,152.75,307.24,1536.2,-815.0,-821.2,time,2021-07-28 14:00:00-04:00,205.0,1325.0
2021-07-30,2021-07-30 10:05:00-04:00,2021-07-30 10:00:00-04:00,14977.0,14866.0,15143.992830411646,166.99283041164628,5,2,3,0.1109695094214339,86.75,111.0,223.74,1118.7,-125.0,-131.2,time,2021-07-30 14:00:00-04:00,22.5,667.5
2021-08-02,2021-08-02 11:25:00-04:00,2021-08-02 11:20:00-04:00,15045.75,14936.0,15218.627472681268,172.87747268126884,5,2,3,0.1112741429155427,108.25,109.75,221.24,1106.2,-602.5,-608.7,time,2021-08-02 14:00:00-04:00,55.0,845.0
2021-08-03,2021-08-03 12:00:00-04:00,2021-08-03 11:55:00-04:00,15011.0,14902.75,15195.014561244143,184.01456124414295,5,2,3,0.10539853717683753,106.0,108.25,218.24,1091.2,85.0,78.8,time,2021-08-03 14:00:00-04:00,257.5,312.5
2021-08-04,2021-08-04 13:05:00-04:00,2021-08-04 13:00:00-04:00,15075.25,15018.5,15246.567128246752,171.31712824675273,5,2,3,0.10607400060771707,50.75,56.75,115.24,576.1999999999999,-5.0,-11.2,time,2021-08-04 14:00:00-04:00,277.5,55.0
2021-08-05,2021-08-05 10:20:00-04:00,2021-08-05 10:15:00-04:00,15131.0,15072.75,15302.283464211023,171.2834642110234,5,2,3,0.10606652412642327,56.0,58.25,118.24,591.1999999999999,237.5,231.3,time,2021-08-05 14:00:00-04:00,355.0,280.0
2021-08-12,2021-08-12 10:20:00-04:00,2021-08-12 10:15:00-04:00,15008.25,14946.25,15160.086199917958,151.83619991795698,5,2,3,0.10632111089126535,59.0,62.0,125.74,628.6999999999999,437.5,431.3,time,2021-08-12 14:00:00-04:00,652.5,42.5
2021-08-13,2021-08-13 10:20:00-04:00,2021-08-13 10:15:00-04:00,15133.75,15068.0,15282.375182264432,148.6251822644315,5,2,3,0.1022028766067988,40.25,65.75,133.24,666.2,-182.5,-188.7,time,2021-08-13 14:00:00-04:00,77.5,415.0
2021-08-17,2021-08-17 10:45:00-04:00,2021-08-17 10:40:00-04:00,15050.0,14954.75,15202.827414898127,152.8274148981276,5,2,3,0.09201239052834219,87.75,95.25,192.24,961.2,-955.0,-961.2,stop,2021-08-17 11:55:00-04:00,77.5,1122.5
2021-08-19,2021-08-19 10:10:00-04:00,2021-08-19 10:05:00-04:00,14846.75,14763.5,15048.485008225409,201.7350082254083,5,2,3,0.09844442433015023,72.25,83.25,168.24,841.2,812.5,806.3,time,2021-08-19 14:00:00-04:00,1522.5,232.5
2021-08-20,2021-08-20 10:05:00-04:00,2021-08-20 10:00:00-04:00,15059.5,14959.25,15265.074476857319,205.57447685731807,5,2,3,0.09687826201985328,86.25,100.25,202.24,1011.2,-57.5,-63.7,time,2021-08-20 14:00:00-04:00,385.0,577.5
2021-08-23,2021-08-23 10:05:00-04:00,2021-08-23 10:00:00-04:00,15230.25,15124.75,15408.317529638842,178.06752963884233,5,2,3,0.09738528329217602,84.25,105.5,212.74,1063.7,840.0,833.8,time,2021-08-23 14:00:00-04:00,970.0,80.0
2021-08-24,2021-08-24 10:10:00-04:00,2021-08-24 10:05:00-04:00,15361.25,15312.75,15527.205026585621,165.95502658562134,5,2,3,0.1117355155999504,40.75,48.5,98.74,493.7,-140.0,-146.2,time,2021-08-24 14:00:00-04:00,190.0,310.0
2021-08-27,2021-08-27 10:05:00-04:00,2021-08-27 10:00:00-04:00,15361.75,15284.25,15544.064546338033,182.3145463380342,5,2,3,0.09939144268174115,48.0,77.5,156.74,783.7,722.5,716.3,time,2021-08-27 14:00:00-04:00,772.5,205.0
2021-08-30,2021-08-30 10:05:00-04:00,2021-08-30 10:00:00-04:00,15545.5,15455.25,15706.003082769255,160.50308276925566,5,2,3,0.1037038266557274,74.75,90.25,182.24,911.2,667.5,661.3,time,2021-08-30 14:00:00-04:00,692.5,80.0
2021-09-03,2021-09-03 10:05:00-04:00,2021-09-03 10:00:00-04:00,15661.5,15554.5,15823.39806774683,161.89806774683024,5,2,3,0.10806001969793394,90.5,107.0,215.74,1078.7,-50.0,-56.2,time,2021-09-03 14:00:00-04:00,72.5,570.0
2021-09-06,2021-09-06 10:05:00-04:00,2021-09-06 10:00:00-04:00,15706.25,15686.5,15868.610663189902,162.36066318990214,5,2,3,,16.5,19.75,41.24,206.20000000000002,-55.0,-61.2,time,2021-09-06 18:00:00-04:00,12.5,127.5
2021-09-07,2021-09-07 10:55:00-04:00,2021-09-07 10:50:00-04:00,15673.5,15613.5,15835.522115686872,162.02211568687184,5,2,3,0.10586407977833473,55.5,60.0,121.74,608.6999999999999,182.5,176.3,time,2021-09-07 14:00:00-04:00,280.0,412.5
2021-09-15,2021-09-15 13:00:00-04:00,2021-09-15 12:55:00-04:00,15439.5,15331.0,15628.767391801275,189.2673918012754,5,2,3,0.10984106738888379,102.25,108.5,218.74,1093.7,130.0,123.8,time,2021-09-15 14:00:00-04:00,285.0,50.0
2021-09-22,2021-09-22 10:05:00-04:00,2021-09-22 10:00:00-04:00,15094.0,15014.75,15325.62282767741,231.62282767741175,5,2,3,0.111625182733402,63.5,79.25,160.24,801.2,400.0,393.8,time,2021-09-22 14:00:00-04:00,1097.5,105.0
2021-09-23,2021-09-23 10:05:00-04:00,2021-09-23 10:00:00-04:00,15319.0,15182.0,15520.39681348922,201.39681348921948,5,2,3,0.11846702237260263,114.75,137.0,275.74,1378.7,257.5,251.3,time,2021-09-23 14:00:00-04:00,277.5,532.5
2021-09-24,2021-09-24 10:05:00-04:00,2021-09-24 10:00:00-04:00,15257.25,15189.75,15436.305987053212,179.055987053212,5,2,3,0.12312645331994883,62.75,67.5,136.74,683.7,40.0,33.8,time,2021-09-24 14:00:00-04:00,387.5,522.5
2021-09-27,2021-09-27 11:05:00-04:00,2021-09-27 11:00:00-04:00,15221.5,15084.0,15391.698425849836,170.19842584983607,5,2,3,0.12137033478284692,130.75,137.5,276.74,1383.7,-217.5,-223.7,time,2021-09-27 14:00:00-04:00,15.0,1015.0
2021-10-01,2021-10-01 13:50:00-04:00,2021-10-01 13:45:00-04:00,14740.5,14606.75,14955.369760291738,214.86976029173795,5,2,3,0.1409549149596632,128.5,133.75,269.24,1346.2,-227.5,-233.7,time,2021-10-01 14:00:00-04:00,12.5,285.0
2021-10-05,2021-10-05 10:05:00-04:00,2021-10-05 10:00:00-04:00,14606.5,14496.5,14817.760243670355,211.260243670355,5,2,3,0.154591242434425,101.0,110.0,221.74,1108.7,1327.5,1321.3,time,2021-10-05 14:00:00-04:00,1465.0,135.0
2021-10-06,2021-10-06 10:25:00-04:00,2021-10-06 10:20:00-04:00,14658.5,14511.25,14855.183924080004,196.68392408000437,5,2,3,0.1642088839172823,127.75,147.25,296.24,1481.2,330.0,323.8,time,2021-10-06 14:00:00-04:00,510.0,910.0
2021-10-07,2021-10-07 10:05:00-04:00,2021-10-07 10:00:00-04:00,14971.25,14859.25,15169.301021578878,198.05102157887876,5,2,3,0.16754817901735625,96.75,112.0,225.74,1128.7,-90.0,-96.2,time,2021-10-07 14:00:00-04:00,300.0,345.0
2021-10-11,2021-10-11 10:05:00-04:00,2021-10-11 10:00:00-04:00,14868.0,14721.5,15043.799062464735,175.79906246473558,5,2,3,0.17274303334535784,139.25,146.5,294.74,1473.7,-857.5,-863.7,time,2021-10-11 14:00:00-04:00,287.5,1100.0
2021-10-14,2021-10-14 10:05:00-04:00,2021-10-14 10:00:00-04:00,14973.5,14890.5,15149.320278870488,175.82027887048716,5,2,3,0.1783367438581522,67.0,83.0,167.74,838.7,612.5,606.3,time,2021-10-14 14:00:00-04:00,705.0,80.0
2021-10-15,2021-10-15 11:00:00-04:00,2021-10-15 10:55:00-04:00,15110.75,15049.25,15271.238279160729,160.48827916072946,5,2,3,0.19210791493607574,50.75,61.5,124.74,623.6999999999999,-117.5,-123.7,time,2021-10-15 14:00:00-04:00,102.5,522.5
2021-10-18,2021-10-18 10:10:00-04:00,2021-10-18 10:05:00-04:00,15153.5,15051.75,15309.096666100748,155.596666100748,5,2,3,0.18965751387426297,96.0,101.75,205.24,1026.2,932.5,926.3,time,2021-10-18 14:00:00-04:00,1007.5,277.5
2021-10-19,2021-10-19 10:30:00-04:00,2021-10-19 10:25:00-04:00,15359.5,15302.25,15517.308637035252,157.8086370352517,5,2,3,0.17869056676890657,55.75,57.25,116.24,581.1999999999999,347.5,341.3,time,2021-10-19 14:00:00-04:00,375.0,317.5
2021-10-20,2021-10-20 10:35:00-04:00,2021-10-20 10:30:00-04:00,15445.25,15396.75,15598.004609491514,152.75460949151423,5,2,3,0.18075005677624725,44.25,48.5,98.74,493.7,-487.5,-493.7,stop,2021-10-20 11:00:00-04:00,2.5,620.0
2021-10-21,2021-10-21 10:10:00-04:00,2021-10-21 10:05:00-04:00,15399.75,15334.25,15550.01741585173,150.267415851729,5,2,3,0.17836195256832016,60.0,65.5,132.74,663.7,167.5,161.3,time,2021-10-21 14:00:00-04:00,460.0,112.5
2021-10-22,2021-10-22 10:30:00-04:00,2021-10-22 10:25:00-04:00,15463.0,15385.5,15609.209023897645,146.20902389764439,5,2,3,0.17709143591920906,72.75,77.5,156.74,783.7,-777.5,-783.7,stop,2021-10-22 11:15:00-04:00,7.5,1150.0
2021-10-25,2021-10-25 12:00:00-04:00,2021-10-25 11:55:00-04:00,15436.75,15322.25,15586.794999507883,150.04499950788275,5,2,3,0.18014509409797588,110.25,114.5,230.74,1153.7,537.5,531.3,time,2021-10-25 14:00:00-04:00,700.0,27.5
2021-10-26,2021-10-26 10:15:00-04:00,2021-10-26 10:10:00-04:00,15674.75,15580.25,15825.232265031855,150.48226503185518,5,2,3,0.1803335478074642,78.0,94.5,190.74,953.7,-947.5,-953.7,stop,2021-10-26 12:00:00-04:00,262.5,1052.5
2021-10-27,2021-10-27 10:55:00-04:00,2021-10-27 10:50:00-04:00,15649.25,15558.25,15806.782452095416,157.53245209541598,5,2,3,0.1483963353259152,87.5,91.0,183.74,918.7,610.0,603.8,time,2021-10-27 14:00:00-04:00,680.0,365.0
2021-10-28,2021-10-28 10:30:00-04:00,2021-10-28 10:25:00-04:00,15699.25,15635.75,15867.17537270679,167.9253727067901,5,2,3,0.14785269649744337,57.5,63.5,128.74,643.7,302.5,296.3,time,2021-10-28 14:00:00-04:00,545.0,120.0
2021-10-29,2021-10-29 11:10:00-04:00,2021-10-29 11:05:00-04:00,15708.25,15616.0,15871.818769933205,163.56876993320517,5,2,3,0.14614654991618942,83.5,92.25,186.24,931.2,750.0,743.8,time,2021-10-29 14:00:00-04:00,1005.0,7.5
2021-11-02,2021-11-02 11:45:00-04:00,2021-11-02 11:40:00-04:00,15972.0,15864.25,16137.107808195407,165.10780819540736,5,2,3,0.11795400144353008,104.0,107.75,217.24,1086.2,-342.5,-348.7,time,2021-11-02 14:00:00-04:00,82.5,597.5
2021-11-04,2021-11-04 10:05:00-04:00,2021-11-04 10:00:00-04:00,16253.75,16157.0,16408.357391338206,154.60739133820545,5,2,3,0.1165471426215189,95.0,96.75,195.24,976.2,952.5,946.3,time,2021-11-04 14:00:00-04:00,1002.5,105.0
2021-11-10,2021-11-10 10:05:00-05:00,2021-11-10 10:00:00-05:00,16182.75,16041.5,16364.002418923319,181.2524189233191,5,2,3,0.10707400633570412,138.25,141.25,284.24,1421.2,-1415.0,-1421.2,stop,2021-11-10 13:15:00-05:00,367.5,1550.0
2021-11-12,2021-11-12 10:50:00-05:00,2021-11-12 10:45:00-05:00,16087.25,16001.75,16266.216703970427,178.96670397042735,5,2,3,0.11536772543662256,76.25,85.5,172.74,863.7,992.5,986.3,time,2021-11-12 14:00:00-05:00,1127.5,47.5
2021-11-16,2021-11-16 11:05:00-05:00,2021-11-16 11:00:00-05:00,16255.5,16149.0,16424.35764097769,168.85764097769103,5,2,3,0.11519601840395083,103.0,106.5,214.74,1073.7,562.5,556.3,time,2021-11-16 14:00:00-05:00,677.5,100.0
2021-11-17,2021-11-17 10:40:00-05:00,2021-11-17 10:35:00-05:00,16345.0,16269.75,16513.55177637761,168.55177637761227,5,2,3,0.11406938449810596,52.75,75.25,152.24,761.2,27.5,21.3,time,2021-11-17 14:00:00-05:00,537.5,570.0
2021-11-18,2021-11-18 11:35:00-05:00,2021-11-18 11:30:00-05:00,16430.5,16353.5,16607.592642723906,177.0926427239057,5,2,3,0.11168234929795769,68.25,77.0,155.74,778.7,57.5,51.3,time,2021-11-18 14:00:00-05:00,605.0,135.0
2021-11-19,2021-11-19 11:40:00-05:00,2021-11-19 11:35:00-05:00,16618.25,16516.25,16802.39115257012,184.14115257011755,5,2,3,0.11469262855143128,100.5,102.0,205.74,1028.7,-375.0,-381.2,time,2021-11-19 14:00:00-05:00,100.0,845.0
2021-11-22,2021-11-22 10:05:00-05:00,2021-11-22 10:00:00-05:00,16744.75,16638.25,16933.668280191225,188.91828019122454,5,2,3,0.10573856461217261,101.25,106.5,214.74,1073.7,-1067.5,-1073.7,stop,2021-11-22 11:10:00-05:00,227.5,1072.5
2021-11-24,2021-11-24 10:05:00-05:00,2021-11-24 10:00:00-05:00,16225.75,16102.0,16423.838052648123,198.08805264812182,5,2,3,0.11998511638747643,106.0,123.75,249.24,1246.2,775.0,768.8,time,2021-11-24 14:00:00-05:00,1120.0,687.5
2021-11-29,2021-11-29 11:35:00-05:00,2021-11-29 11:30:00-05:00,16317.5,16208.0,16611.686663253247,294.1866632532487,5,2,3,0.12020149523330041,98.5,109.5,220.74,1103.7,955.0,948.8,time,2021-11-29 14:00:00-05:00,1047.5,57.5
2021-11-30,2021-11-30 10:05:00-05:00,2021-11-30 10:00:00-05:00,16422.25,16318.75,16659.772235759112,237.52223575911324,5,2,3,0.11878098161648748,100.25,103.5,208.74,1043.7,-1037.5,-1043.7,stop,2021-11-30 10:45:00-05:00,342.5,1612.5
2021-12-01,2021-12-01 10:10:00-05:00,2021-12-01 10:05:00-05:00,16371.75,16270.75,16652.16680803381,280.41680803380984,5,2,3,0.12437257317932252,83.25,101.0,203.74,1018.7,-1012.5,-1018.7,stop,2021-12-01 12:55:00-05:00,560.0,1380.0
2021-12-02,2021-12-02 10:05:00-05:00,2021-12-02 10:00:00-05:00,16018.75,15787.0,16332.777687784592,314.0276877845922,5,2,3,0.14975105277041253,217.0,231.75,465.24,2326.2,-2320.0,-2326.2,stop,2021-12-02 10:40:00-05:00,12.5,2467.5
2021-12-06,2021-12-06 10:20:00-05:00,2021-12-06 10:15:00-05:00,15763.25,15559.25,16067.800466426534,304.5504664265334,5,2,3,0.1562404460473179,201.5,204.0,409.74,2048.7,1080.0,1073.8,time,2021-12-06 14:00:00-05:00,1310.0,1072.5
2021-12-07,2021-12-07 10:10:00-05:00,2021-12-07 10:05:00-05:00,16245.5,16119.0,16523.652049636094,278.15204963609443,5,2,3,0.15057315091835075,109.5,126.5,254.74,1273.7,910.0,903.8,time,2021-12-07 14:00:00-05:00,987.5,142.5
2021-12-08,2021-12-08 13:45:00-05:00,2021-12-08 13:40:00-05:00,16368.75,16251.5,16594.465304383506,225.71530438350445,5,2,3,0.19099865425615012,105.5,117.25,236.24,1181.2,-127.5,-133.7,time,2021-12-08 14:00:00-05:00,102.5,210.0
2021-12-17,2021-12-17 10:50:00-05:00,2021-12-17 10:45:00-05:00,15882.0,15656.75,16087.7970821834,205.79708218340082,5,2,3,0.23372398538057998,186.25,225.25,452.24,2261.2,187.5,181.3,time,2021-12-17 14:00:00-05:00,747.5,1407.5
2021-12-21,2021-12-21 12:15:00-05:00,2021-12-21 12:10:00-05:00,15813.25,15663.25,16041.067473488894,227.81747348889505,5,2,3,0.23110986489577232,135.5,150.0,301.74,1508.7,1025.0,1018.8,time,2021-12-21 14:00:00-05:00,1225.0,105.0
2021-12-22,2021-12-22 10:40:00-05:00,2021-12-22 10:35:00-05:00,16066.0,15933.75,16278.634409104874,212.63440910487466,5,2,3,0.2441982632297019,110.75,132.25,266.24,1331.2,-2.5,-8.7,time,2021-12-22 14:00:00-05:00,747.5,252.5
2021-12-23,2021-12-23 10:15:00-05:00,2021-12-23 10:10:00-05:00,16258.75,16176.5,16449.55938763548,190.80938763547888,5,2,3,0.2467303902485786,65.75,82.25,166.24,831.2,690.0,683.8,time,2021-12-23 14:00:00-05:00,782.5,135.0
2021-12-27,2021-12-27 10:05:00-05:00,2021-12-27 10:00:00-05:00,16457.75,16344.5,16643.94864784965,186.19864784965046,5,2,3,0.2475094009178366,103.75,113.25,228.24,1141.2,912.5,906.3,time,2021-12-27 14:00:00-05:00,917.5,65.0
2021-12-30,2021-12-30 10:10:00-05:00,2021-12-30 10:05:00-05:00,16538.0,16449.5,16714.5844348432,176.58443484320142,5,2,3,0.25120008134512656,68.5,88.5,178.74,893.7,-40.0,-46.2,time,2021-12-30 14:00:00-05:00,295.0,337.5
2022-01-06,2022-01-06 11:15:00-05:00,2022-01-06 11:10:00-05:00,15861.0,15672.0,16058.132114352098,197.13211435209874,5,2,3,0.2342634641865515,178.5,189.0,379.74,1898.7,-385.0,-391.2,time,2022-01-06 14:00:00-05:00,347.5,915.0
2022-01-10,2022-01-10 13:55:00-05:00,2022-01-10 13:50:00-05:00,15418.25,15240.75,15600.458086344803,182.20808634480326,5,2,3,0.23111554521463365,174.25,177.5,356.74,1783.7,-92.5,-98.7,time,2022-01-10 14:00:00-05:00,345.0,265.0
2022-01-11,2022-01-11 10:05:00-05:00,2022-01-11 10:00:00-05:00,15621.0,15474.5,15811.901918063028,190.90191806302744,5,2,3,0.22612530448535825,119.5,146.5,294.74,1473.7,1451.4019180630276,1445.2019180630275,target+trail_stop,2022-01-11 13:05:00-05:00,2105.0,1167.5
2022-01-12,2022-01-12 10:15:00-05:00,2022-01-12 10:10:00-05:00,16003.5,15884.5,16189.095948850694,185.59594885069387,5,2,3,0.22884275775052915,108.0,119.0,239.74,1198.7,-1192.5,-1198.7,stop,2022-01-12 10:40:00-05:00,27.5,1455.0
2022-01-18,2022-01-18 10:10:00-05:00,2022-01-18 10:05:00-05:00,15408.25,15272.5,15594.5136120683,186.2636120683009,5,2,3,0.21305836169865341,101.75,135.75,273.24,1366.2,-1360.0,-1366.2,stop,2022-01-18 11:30:00-05:00,267.5,1537.5
2022-01-20,2022-01-20 10:35:00-05:00,2022-01-20 10:30:00-05:00,15302.75,15160.5,15532.659859613843,229.9098596138426,5,2,3,0.22966898278963313,125.0,142.25,286.24,1431.2,-1237.5,-1243.7,time,2022-01-20 14:00:00-05:00,377.5,1302.5
2022-01-21,2022-01-21 11:25:00-05:00,2022-01-21 11:20:00-05:00,14844.5,14630.75,15083.79608287532,239.29608287532045,5,2,3,0.21917349445315584,188.0,213.75,429.24,2146.2,-2140.0,-2146.2,stop,2022-01-21 12:20:00-05:00,75.0,2217.5
2022-01-26,2022-01-26 10:05:00-05:00,2022-01-26 10:00:00-05:00,14505.25,14350.0,14789.97289900528,284.722899005281,5,2,3,0.21363827178340034,149.75,155.25,312.24,1561.2,-1555.0,-1561.2,stop,2022-01-26 10:40:00-05:00,92.5,1680.0
2022-01-27,2022-01-27 10:15:00-05:00,2022-01-27 10:10:00-05:00,14401.25,14231.75,14691.189035511492,289.9390355114922,5,2,3,0.21687092427125643,164.0,169.5,340.74,1703.7,-1697.5,-1703.7,stop,2022-01-27 10:30:00-05:00,52.5,1937.5
2022-01-28,2022-01-28 10:55:00-05:00,2022-01-28 10:50:00-05:00,14109.75,13867.0,14380.754481600914,271.0044816009148,5,2,3,0.21637122384471333,235.25,242.75,487.24,2436.2,1205.0,1198.8,time,2022-01-28 14:00:00-05:00,2017.5,267.5
2022-01-31,2022-01-31 10:05:00-05:00,2022-01-31 10:00:00-05:00,14650.0,14416.25,14905.263976313876,255.26397631387673,5,2,3,0.2603707969875256,217.75,233.75,469.24,2346.2,1247.5,1241.3,time,2022-01-31 14:00:00-05:00,1370.0,102.5
2022-02-03,2022-02-03 10:30:00-05:00,2022-02-03 10:25:00-05:00,14822.5,14677.25,15028.76089813675,206.26089813675011,5,2,3,0.29064735255617336,122.0,145.25,292.24,1461.2,-1455.0,-1461.2,stop,2022-02-03 11:55:00-05:00,205.0,1587.5
2022-02-04,2022-02-04 10:05:00-05:00,2022-02-04 10:00:00-05:00,14610.0,14433.0,14834.103640247813,224.10364024781353,5,2,3,0.28605268350184887,173.75,177.0,355.74,1778.7,1345.0,1338.8,time,2022-02-04 14:00:00-05:00,1440.0,1680.0
2022-02-08,2022-02-08 10:50:00-05:00,2022-02-08 10:45:00-05:00,14592.75,14501.0,14802.892114519556,210.14211451955575,5,2,3,0.284448082375508,87.25,91.75,185.24,926.2,1000.0,993.8,time,2022-02-08 14:00:00-05:00,1660.0,115.0
2022-02-09,2022-02-09 11:05:00-05:00,2022-02-09 11:00:00-05:00,14964.0,14863.75,15166.102744034866,202.10274403486673,5,2,3,0.2882404839749103,87.75,100.25,202.24,1011.2,182.5,176.3,time,2022-02-09 14:00:00-05:00,350.0,545.0
2022-02-10,2022-02-10 10:05:00-05:00,2022-02-10 10:00:00-05:00,14958.25,14735.25,15146.32932347445,188.07932347444975,5,2,3,0.29255161279192365,198.5,223.0,447.74,2238.7,-2232.5,-2238.7,stop,2022-02-10 13:35:00-05:00,707.5,2297.5
2022-02-14,2022-02-14 11:20:00-05:00,2022-02-14 11:15:00-05:00,14338.0,14182.25,14585.118010398688,247.11801039868726,5,2,3,0.30600892762179066,153.75,155.75,313.24,1566.2,-1560.0,-1566.2,stop,2022-02-14 13:50:00-05:00,560.0,1737.5
2022-02-15,2022-02-15 10:45:00-05:00,2022-02-15 10:40:00-05:00,14540.25,14445.0,14799.738537198817,259.4885371988159,5,2,3,0.30439131835599265,77.25,95.25,192.24,961.2,-955.0,-961.2,stop,2022-02-15 12:45:00-05:00,237.5,1122.5
2022-02-22,2022-02-22 10:30:00-05:00,2022-02-22 10:25:00-05:00,14105.5,13862.0,14352.076226673964,246.57622667396404,5,2,3,0.30923173813308447,233.75,243.5,488.74,2443.7,-2437.5,-2443.7,stop,2022-02-22 11:50:00-05:00,32.5,2585.0
2022-02-24,2022-02-24 10:15:00-05:00,2022-02-24 10:10:00-05:00,13378.5,13058.75,13639.92610120136,261.426101201359,5,2,3,0.31086392562425313,305.25,319.75,641.24,3206.2,2384.2044048054377,2378.004404805438,target+time,2022-02-24 14:00:00-05:00,3220.0,705.0
2022-02-25,2022-02-25 10:45:00-05:00,2022-02-25 10:40:00-05:00,14038.75,13859.25,14306.887383270492,268.1373832704922,5,2,3,0.3313219923897642,155.5,179.5,360.74,1803.7,717.5,711.3,time,2022-02-25 14:00:00-05:00,1377.5,182.5
2022-02-28,2022-02-28 10:40:00-05:00,2022-02-28 10:35:00-05:00,14181.0,14027.0,14427.466720917022,246.4667209170214,5,2,3,0.3337500631038597,120.75,154.0,309.74,1548.7,-417.5,-423.7,time,2022-02-28 14:00:00-05:00,1115.0,1287.5
2022-03-02,2022-03-02 11:10:00-05:00,2022-03-02 11:05:00-05:00,14159.0,14010.75,14456.192129652683,297.19212965268406,5,2,3,0.29394386442480497,119.0,148.25,298.24,1491.2,745.0,738.8,time,2022-03-02 14:00:00-05:00,1055.0,232.5
2022-03-08,2022-03-08 12:15:00-05:00,2022-03-08 12:10:00-05:00,13458.75,13221.5,13767.780958080111,309.0309580801109,5,2,3,0.3152435577764517,152.25,237.25,476.24,2381.2,-1040.0,-1046.2,time,2022-03-08 14:00:00-05:00,2075.0,1677.5
2022-03-09,2022-03-09 10:25:00-05:00,2022-03-09 10:20:00-05:00,13641.0,13496.5,13942.872873183469,301.8728731834698,5,2,3,0.3152330245985902,124.75,144.5,290.74,1453.7,500.0,493.8,time,2022-03-09 14:00:00-05:00,1090.0,605.0
2022-03-10,2022-03-10 10:20:00-05:00,2022-03-10 10:15:00-05:00,13605.5,13487.25,13883.617897396254,278.11789739625414,5,2,3,0.3460653350707332,107.25,118.25,238.24,1191.2,-1185.0,-1191.2,stop,2022-03-10 10:30:00-05:00,2.5,1390.0
2022-03-14,2022-03-14 10:15:00-04:00,2022-03-14 10:10:00-04:00,13373.25,13205.0,13632.29893616937,259.0489361693707,5,2,3,0.333765388770126,136.0,168.25,338.24,1691.2,-1685.0,-1691.2,stop,2022-03-14 11:40:00-04:00,197.5,1870.0
2022-03-15,2022-03-15 10:05:00-04:00,2022-03-15 10:00:00-04:00,13220.5,13091.0,13485.08475975141,264.5847597514089,5,2,3,0.3221423027402338,122.25,129.5,260.74,1303.7,1142.5,1136.3,time,2022-03-15 14:00:00-04:00,1902.5,565.0
2022-03-16,2022-03-16 10:15:00-04:00,2022-03-16 10:10:00-04:00,13750.75,13612.0,14009.142181951365,258.3921819513659,5,2,3,0.34203535307389377,135.5,138.75,279.24,1396.2,-85.0,-91.2,time,2022-03-16 14:00:00-04:00,1157.5,1247.5
2022-03-17,2022-03-17 10:05:00-04:00,2022-03-17 10:00:00-04:00,13991.25,13819.0,14226.31028699642,235.06028699642107,5,2,3,0.3588064411942714,163.25,172.25,346.24,1731.2,787.5,781.3,time,2022-03-17 14:00:00-04:00,1007.5,1490.0
2022-03-18,2022-03-18 10:05:00-04:00,2022-03-18 10:00:00-04:00,14179.75,13995.25,14409.044782278395,229.294782278395,5,2,3,0.3624186864158584,157.25,184.5,370.74,1853.7,1270.0,1263.8,time,2022-03-18 14:00:00-04:00,1442.5,412.5
2022-03-22,2022-03-22 10:05:00-04:00,2022-03-22 10:00:00-04:00,14531.0,14374.5,14746.385845582001,215.3858455820005,5,2,3,0.35324469973296724,114.5,156.5,314.74,1573.7,1142.5,1136.3,time,2022-03-22 14:00:00-04:00,1532.5,125.0
2022-03-23,2022-03-23 10:15:00-04:00,2022-03-23 10:10:00-04:00,14563.5,14460.75,14773.954832875412,210.4548328754118,5,2,3,0.35701803001018967,85.75,102.75,207.24,1036.2,-317.5,-323.7,time,2022-03-23 14:00:00-04:00,1192.5,720.0
2022-03-24,2022-03-24 11:15:00-04:00,2022-03-24 11:10:00-04:00,14563.5,14469.0,14779.734542758215,216.23454275821516,5,2,3,0.3433766529465918,82.5,94.5,190.74,953.7,917.5,911.3,time,2022-03-24 14:00:00-04:00,1240.0,132.5
2022-03-25,2022-03-25 10:45:00-04:00,2022-03-25 10:40:00-04:00,14792.5,14708.0,14994.42970874942,201.92970874941918,5,2,3,0.33572828164197394,80.5,84.5,170.74,853.7,-847.5,-853.7,stop,2022-03-25 11:00:00-04:00,150.0,915.0
2022-03-30,2022-03-30 10:15:00-04:00,2022-03-30 10:10:00-04:00,15219.5,15141.5,15400.701554354364,181.20155435436388,5,2,3,0.3323246609226873,67.5,78.0,157.74,788.7,-782.5,-788.7,stop,2022-03-30 11:00:00-04:00,155.0,857.5
2022-04-04,2022-04-04 10:40:00-04:00,2022-04-04 10:35:00-04:00,15062.0,14884.0,15248.252740865146,186.25274086514594,5,2,3,0.3268510706533147,167.5,178.0,357.74,1788.7,570.0,563.8,time,2022-04-04 14:00:00-04:00,690.0,337.5
2022-04-08,2022-04-08 11:05:00-04:00,2022-04-08 11:00:00-04:00,14477.75,14312.25,14674.288699105511,196.53869910551043,5,2,3,0.29228685132945686,164.5,165.5,332.74,1663.7,-865.0,-871.2,time,2022-04-08 14:00:00-04:00,202.5,1032.5
2022-04-13,2022-04-13 10:20:00-04:00,2022-04-13 10:15:00-04:00,14081.5,13921.5,14296.698601982072,215.19860198207175,5,2,3,0.28012974464685353,151.75,160.0,321.74,1608.7,797.5,791.3,time,2022-04-13 14:00:00-04:00,1265.0,392.5
2022-04-18,2022-04-18 10:15:00-04:00,2022-04-18 10:10:00-04:00,13945.75,13827.0,14145.16942620489,199.4194262048889,5,2,3,0.2684143762262917,105.75,118.75,239.24,1196.2,-1190.0,-1196.2,stop,2022-04-18 12:10:00-04:00,565.0,1305.0
2022-04-19,2022-04-19 10:05:00-04:00,2022-04-19 10:00:00-04:00,14023.0,13833.75,14218.84223499506,195.84223499506012,5,2,3,0.25745356672888803,184.0,189.25,380.24,1901.2,1335.0,1328.8,time,2022-04-19 14:00:00-04:00,1740.0,105.0
2022-04-25,2022-04-25 10:30:00-04:00,2022-04-25 10:25:00-04:00,13392.75,13235.5,13630.747600101964,237.99760010196496,5,2,3,0.2543972917822264,130.5,157.25,316.24,1581.2,-410.0,-416.2,time,2022-04-25 14:00:00-04:00,737.5,1522.5
2022-04-28,2022-04-28 12:40:00-04:00,2022-04-28 12:35:00-04:00,13292.0,13095.5,13556.592265495901,264.59226549590215,5,2,3,0.27460722665936527,185.0,196.5,394.74,1973.7,1550.0,1543.8,time,2022-04-28 14:00:00-04:00,1615.0,5.0
2022-05-02,2022-05-02 10:30:00-04:00,2022-05-02 10:25:00-04:00,12983.0,12742.5,13256.162609921386,273.1626099213863,5,2,3,0.3151992137025149,231.25,240.5,482.74,2413.7,-2407.5,-2413.7,stop,2022-05-02 13:45:00-04:00,612.5,2422.5
2022-05-03,2022-05-03 10:05:00-04:00,2022-05-03 10:00:00-04:00,13139.75,12968.0,13407.43673307962,267.68673307961933,5,2,3,0.32416295983399557,146.25,171.75,345.24,1726.2,-22.5,-28.7,time,2022-05-03 14:00:00-04:00,442.5,1630.0
2022-05-04,2022-05-04 13:05:00-04:00,2022-05-04 13:00:00-04:00,13121.0,13017.0,13362.76450270476,241.76450270476093,5,2,3,0.3113633211903188,97.25,104.0,209.74,1048.7,207.5,201.3,time,2022-05-04 14:00:00-04:00,1105.0,717.5
2022-05-06,2022-05-06 10:50:00-04:00,2022-05-06 10:45:00-04:00,12807.0,12519.25,13058.710732303118,251.710732303117,5,2,3,0.3606152963428307,273.25,287.75,577.24,2886.2,-1220.0,-1226.2,time,2022-05-06 14:00:00-04:00,1222.5,1395.0
2022-05-12,2022-05-12 10:10:00-04:00,2022-05-12 10:05:00-04:00,11910.0,11692.75,12154.284486337432,244.2844863374317,5,2,3,0.3787681850415592,215.0,217.25,436.24,2181.2,-1700.0,-1706.2,time,2022-05-12 14:00:00-04:00,2227.5,1940.0
2022-05-13,2022-05-13 10:05:00-04:00,2022-05-13 10:00:00-04:00,12288.0,12064.75,12533.922433177664,245.92243317766446,5,2,3,0.3650480700187833,214.25,223.25,448.24,2241.2,152.5,146.3,time,2022-05-13 14:00:00-04:00,1425.0,575.0
2022-05-16,2022-05-16 10:30:00-04:00,2022-05-16 10:25:00-04:00,12366.5,12215.0,12591.401998855632,224.90199885563123,5,2,3,0.3925447396930754,143.5,151.5,304.74,1523.7,-1517.5,-1523.7,stop,2022-05-16 10:55:00-04:00,67.5,1602.5
2022-05-19,2022-05-19 11:25:00-04:00,2022-05-19 11:20:00-04:00,11979.25,11795.5,12212.880915126063,233.6309151260625,5,2,3,0.4317665327954751,183.25,183.75,369.24,1846.2,-45.0,-51.2,time,2022-05-19 14:00:00-04:00,977.5,1282.5
2022-05-23,2022-05-23 11:35:00-04:00,2022-05-23 11:30:00-04:00,12001.25,11818.25,12223.743062759982,222.49306275998254,5,2,3,0.4210711793076383,159.0,183.0,367.74,1838.7,12.5,6.3,time,2022-05-23 14:00:00-04:00,507.5,845.0
2022-05-25,2022-05-25 10:30:00-04:00,2022-05-25 10:25:00-04:00,11889.75,11708.0,12110.325743479525,220.57574347952496,5,2,3,0.4026190103016817,149.75,181.75,365.24,1826.2,-377.5,-383.7,time,2022-05-25 14:00:00-04:00,397.5,1012.5
2022-05-26,2022-05-26 10:15:00-04:00,2022-05-26 10:10:00-04:00,12161.75,11899.0,12379.097744197197,217.34774419719756,5,2,3,0.40555082520163466,227.25,262.75,527.24,2636.2,1567.5,1561.3,time,2022-05-26 14:00:00-04:00,1817.5,352.5
2022-05-27,2022-05-27 10:05:00-04:00,2022-05-27 10:00:00-04:00,12533.25,12401.75,12750.368148103216,217.11814810321613,5,2,3,0.40572584338119533,130.5,131.5,264.74,1323.7,552.5,546.3,time,2022-05-27 14:00:00-04:00,790.0,255.0
2022-05-30,2022-05-30 10:50:00-04:00,2022-05-30 10:45:00-04:00,12792.25,12746.0,12999.511020479667,207.26102047966802,5,2,3,,30.75,46.25,94.24,471.2,215.0,208.8,time,2022-05-30 18:00:00-04:00,445.0,217.5
2022-05-31,2022-05-31 11:55:00-04:00,2022-05-31 11:50:00-04:00,12698.0,12520.25,12910.293144982195,212.2931449821946,5,2,3,0.4104264757591247,168.5,177.75,357.24,1786.2,597.5,591.3,time,2022-05-31 14:00:00-04:00,695.0,392.5
2022-06-02,2022-06-02 10:15:00-04:00,2022-06-02 10:10:00-04:00,12618.0,12442.25,12822.199350763096,204.19935076309622,5,2,3,0.4065864295375023,128.25,175.75,353.24,1766.2,2095.2974030523837,2089.097403052384,target+time,2022-06-02 14:00:00-04:00,2305.0,1205.0
2022-06-06,2022-06-06 10:05:00-04:00,2022-06-06 10:00:00-04:00,12789.5,12673.25,12989.223800995003,199.72380099500327,5,2,3,0.3793334722451687,112.0,116.25,234.24,1171.2,-1165.0,-1171.2,stop,2022-06-06 11:15:00-04:00,210.0,1530.0
2022-06-07,2022-06-07 10:30:00-04:00,2022-06-07 10:25:00-04:00,12591.25,12412.0,12790.098770718983,198.8487707189837,5,2,3,0.3742135361507571,169.75,179.25,360.24,1801.2,555.0,548.8,time,2022-06-07 14:00:00-04:00,1147.5,295.0
2022-06-09,2022-06-09 10:40:00-04:00,2022-06-09 10:35:00-04:00,12660.0,12506.25,12851.082207116653,191.08220711665288,5,2,3,0.3543565637332334,148.5,153.75,309.24,1546.2,-1540.0,-1546.2,stop,2022-06-09 13:40:00-04:00,40.0,1570.0
2022-06-15,2022-06-15 10:10:00-04:00,2022-06-15 10:05:00-04:00,11556.25,11459.5,11794.225133263748,237.97513326374852,5,2,3,0.38215641315420484,89.25,96.75,195.24,976.2,170.0,163.8,time,2022-06-15 14:00:00-04:00,875.0,1115.0
2022-06-17,2022-06-17 13:10:00-04:00,2022-06-17 13:05:00-04:00,11364.75,11184.75,11600.642989976019,235.89298997601952,5,2,3,0.3709202673108206,163.75,180.0,361.74,1808.7,-220.0,-226.2,time,2022-06-17 14:00:00-04:00,315.0,562.5
2022-06-20,2022-06-20 10:20:00-04:00,2022-06-20 10:15:00-04:00,11377.5,11333.0,11600.61342057409,223.11342057408845,5,2,3,,43.0,44.5,90.74,453.7,492.5,486.3,time,2022-06-20 18:00:00-04:00,562.5,87.5
2022-06-21,2022-06-21 10:05:00-04:00,2022-06-21 10:00:00-04:00,11646.75,11475.75,11874.409752064012,227.65975206401225,5,2,3,0.3751198186285846,155.0,171.0,343.74,1718.7,-437.5,-443.7,time,2022-06-21 14:00:00-04:00,317.5,620.0
2022-06-22,2022-06-22 10:15:00-04:00,2022-06-22 10:10:00-04:00,11629.75,11446.5,11850.92356673678,221.17356673677972,5,2,3,0.3851793488335065,172.5,183.25,368.24,1841.2,295.0,288.8,time,2022-06-22 14:00:00-04:00,1167.5,625.0
2022-06-23,2022-06-23 10:45:00-04:00,2022-06-23 10:40:00-04:00,11702.25,11543.0,11915.661426893636,213.41142689363502,5,2,3,0.37930920367143683,140.75,159.25,320.24,1601.2,-840.0,-846.2,time,2022-06-23 14:00:00-04:00,415.0,1552.5
2022-06-24,2022-06-24 10:05:00-04:00,2022-06-24 10:00:00-04:00,12037.0,11838.5,12257.274450674717,220.2744506747176,5,2,3,0.3771164455324949,145.75,198.5,398.74,1993.7,-300.0,-306.2,time,2022-06-24 14:00:00-04:00,457.5,677.5
2022-06-29,2022-06-29 10:05:00-04:00,2022-06-29 10:00:00-04:00,11732.0,11564.0,11941.593596727806,209.59359672780505,5,2,3,0.3775541627993903,154.25,168.0,337.74,1688.7,-412.5,-418.7,time,2022-06-29 14:00:00-04:00,170.0,1280.0
2022-06-30,2022-06-30 11:55:00-04:00,2022-06-30 11:50:00-04:00,11592.5,11392.75,11798.140894664337,205.64089466433765,5,2,3,0.378015204145772,195.25,199.75,401.24,2006.2,515.0,508.8,time,2022-06-30 14:00:00-04:00,927.5,527.5
2022-07-05,2022-07-05 10:15:00-04:00,2022-07-05 10:10:00-04:00,11507.5,11388.75,11707.066170911536,199.56617091153478,5,2,3,0.3650077449679234,96.0,118.75,239.24,1196.2,1670.0,1663.8,time,2022-07-05 14:00:00-04:00,1955.0,440.0
2022-07-07,2022-07-07 10:55:00-04:00,2022-07-07 10:50:00-04:00,12065.0,11918.25,12268.154297893449,203.15429789344932,5,2,3,0.3642842978790677,130.75,146.75,295.24,1476.2,605.0,598.8,time,2022-07-07 14:00:00-04:00,680.0,377.5
2022-07-08,2022-07-08 10:30:00-04:00,2022-07-08 10:25:00-04:00,12117.75,11978.5,12316.83076688737,199.08076688736872,5,2,3,0.37162940660256444,112.25,139.25,280.24,1401.2,72.5,66.3,time,2022-07-08 14:00:00-04:00,932.5,787.5
2022-07-13,2022-07-13 10:35:00-04:00,2022-07-13 10:30:00-04:00,11710.0,11522.5,11911.307594975366,201.30759497536565,5,2,3,0.34876730016112983,177.5,187.5,376.74,1883.7,1125.0,1118.8,time,2022-07-13 14:00:00-04:00,1445.0,142.5
2022-07-14,2022-07-14 11:45:00-04:00,2022-07-14 11:40:00-04:00,11697.0,11547.75,11894.620954703265,197.6209547032652,5,2,3,0.30492028093377616,136.5,149.25,300.24,1501.2,295.0,288.8,time,2022-07-14 14:00:00-04:00,480.0,760.0
2022-07-15,2022-07-15 11:15:00-04:00,2022-07-15 11:10:00-04:00,11987.0,11853.5,12186.34904607031,199.3490460703107,5,2,3,0.3047982070068433,131.5,133.5,268.74,1343.7,-67.5,-73.7,time,2022-07-15 14:00:00-04:00,130.0,580.0
2022-07-19,2022-07-19 10:30:00-04:00,2022-07-19 10:25:00-04:00,12086.0,11992.5,12278.620648509957,192.62064850995807,5,2,3,0.2559799700405925,88.25,93.5,188.74,943.7,1680.0,1673.8,time,2022-07-19 14:00:00-04:00,1825.0,90.0
2022-07-20,2022-07-20 10:25:00-04:00,2022-07-20 10:20:00-04:00,12358.5,12256.0,12549.235519203785,190.73551920378515,5,2,3,0.27399393482579165,95.0,102.5,206.74,1033.7,197.5,191.3,time,2022-07-20 14:00:00-04:00,1590.0,57.5
2022-07-21,2022-07-21 11:35:00-04:00,2022-07-21 11:30:00-04:00,12536.75,12410.75,12725.340155058537,188.59015505853745,5,2,3,0.2685160900239621,106.75,126.0,253.74,1268.7,417.5,411.3,time,2022-07-21 14:00:00-04:00,842.5,295.0
2022-07-27,2022-07-27 10:15:00-04:00,2022-07-27 10:10:00-04:00,12416.25,12276.25,12609.362892116234,193.11289211623364,5,2,3,0.2643342077190426,124.75,140.0,281.74,1408.7,205.0,198.8,time,2022-07-27 14:00:00-04:00,727.5,285.0
2022-07-28,2022-07-28 11:30:00-04:00,2022-07-28 11:25:00-04:00,12665.75,12454.25,12851.174349830244,185.42434983024373,5,2,3,0.26963727072591304,200.0,211.5,424.74,2123.7,632.5,626.3,time,2022-07-28 14:00:00-04:00,727.5,422.5
2022-07-29,2022-07-29 10:05:00-04:00,2022-07-29 10:00:00-04:00,12895.75,12744.25,13077.149070713698,181.39907071369865,5,2,3,0.27405246319652893,141.25,151.5,304.74,1523.7,292.5,286.3,time,2022-07-29 14:00:00-04:00,427.5,1095.0
2022-08-01,2022-08-01 10:10:00-04:00,2022-08-01 10:05:00-04:00,13043.25,12851.25,13218.507415752134,175.25741575213377,5,2,3,0.2655627728987104,172.25,192.0,385.74,1928.7,-1102.5,-1108.7,time,2022-08-01 14:00:00-04:00,652.5,1457.5
2022-08-02,2022-08-02 10:55:00-04:00,2022-08-02 10:50:00-04:00,12998.0,12853.0,13185.013243181287,187.0132431812878,5,2,3,0.2661548509007575,103.75,145.0,291.74,1458.7,-667.5,-673.7,time,2022-08-02 14:00:00-04:00,990.0,947.5
2022-08-03,2022-08-03 10:05:00-04:00,2022-08-03 10:00:00-04:00,13146.0,12989.25,13344.169154374918,198.16915437491778,5,2,3,0.26494126163005977,139.0,156.75,315.24,1576.2,1217.5,1211.3,time,2022-08-03 14:00:00-04:00,1327.5,852.5
2022-08-05,2022-08-05 10:05:00-04:00,2022-08-05 10:00:00-04:00,13228.25,13114.25,13406.90982516568,178.65982516567936,5,2,3,0.2696358483853614,97.0,114.0,229.74,1148.7,-1142.5,-1148.7,stop,2022-08-05 11:25:00-04:00,817.5,1377.5
2022-08-10,2022-08-10 11:05:00-04:00,2022-08-10 11:00:00-04:00,13368.75,13268.25,13552.086510302935,183.3365103029361,5,2,3,0.25833277507103697,86.75,100.5,202.74,1013.7,20.0,13.8,time,2022-08-10 14:00:00-04:00,207.5,525.0
2022-08-11,2022-08-11 10:05:00-04:00,2022-08-11 10:00:00-04:00,13527.25,13456.0,13695.461775286212,168.21177528621286,5,2,3,0.2671287547072017,57.5,71.25,144.24,721.2,-715.0,-721.2,stop,2022-08-11 11:05:00-04:00,485.0,1217.5
2022-08-12,2022-08-12 10:20:00-04:00,2022-08-12 10:15:00-04:00,13458.5,13359.0,13629.756773619822,171.25677361982102,5,2,3,0.2697276015947008,77.0,99.5,200.74,1003.7,457.5,451.3,time,2022-08-12 14:00:00-04:00,540.0,732.5
2022-08-15,2022-08-15 11:45:00-04:00,2022-08-15 11:40:00-04:00,13636.75,13534.75,13804.519438738895,167.76943873889425,5,2,3,0.2698476364510051,100.25,102.0,205.74,1028.7,242.5,236.3,time,2022-08-15 14:00:00-04:00,407.5,10.0
2022-08-16,2022-08-16 11:55:00-04:00,2022-08-16 11:50:00-04:00,13672.5,13583.0,13844.32666530252,171.82666530252038,5,2,3,0.2636218818718682,76.75,89.5,180.74,903.7,257.5,251.3,time,2022-08-16 14:00:00-04:00,432.5,412.5
2022-08-18,2022-08-18 10:45:00-04:00,2022-08-18 10:40:00-04:00,13507.0,13436.0,13676.321343541698,169.32134354169844,5,2,3,0.2519754421049927,66.5,71.0,143.74,718.7,335.0,328.8,time,2022-08-18 14:00:00-04:00,685.0,232.5
2022-08-23,2022-08-23 10:10:00-04:00,2022-08-23 10:05:00-04:00,12994.5,12866.0,13189.321220665897,194.82122066589667,5,2,3,0.2718375077444199,118.25,128.5,258.74,1293.7,-747.5,-753.7,time,2022-08-23 14:00:00-04:00,245.0,1197.5
2022-08-24,2022-08-24 10:20:00-04:00,2022-08-24 10:15:00-04:00,12941.5,12852.25,13138.053850756321,196.55385075632216,5,2,3,0.25808315005027344,62.25,89.25,180.24,901.2,-32.5,-38.7,time,2022-08-24 14:00:00-04:00,705.0,340.0
2022-08-25,2022-08-25 10:05:00-04:00,2022-08-25 10:00:00-04:00,13055.25,12962.0,13242.922466767182,187.67246676718293,5,2,3,0.2193343733608325,87.75,93.25,188.24,941.2,262.5,256.3,time,2022-08-25 14:00:00-04:00,630.0,582.5
2022-08-26,2022-08-26 10:10:00-04:00,2022-08-26 10:05:00-04:00,13177.75,13084.75,13358.550184431364,180.80018443136362,5,2,3,0.21767314330646753,76.5,93.0,187.74,938.7,-932.5,-938.7,stop,2022-08-26 10:20:00-04:00,207.5,1530.0
2022-09-02,2022-09-02 10:35:00-04:00,2022-09-02 10:30:00-04:00,12432.25,12291.25,12632.425219713637,200.1752197136379,5,2,3,0.24201266410547195,124.25,141.0,283.74,1418.7,-1412.5,-1418.7,stop,2022-09-02 12:30:00-04:00,297.5,1572.5
2022-09-05,2022-09-05 10:35:00-04:00,2022-09-05 10:30:00-04:00,12154.25,12104.75,12349.259980848274,195.00998084827336,5,2,3,,39.25,49.5,100.74,503.7,-195.0,-201.2,time,2022-09-05 18:00:00-04:00,130.0,392.5
2022-09-07,2022-09-07 11:15:00-04:00,2022-09-07 11:10:00-04:00,12140.75,12035.75,12346.556432079551,205.80643207955185,5,2,3,0.24370523175431102,92.0,105.0,211.74,1058.7,700.0,693.8,time,2022-09-07 14:00:00-04:00,1147.5,397.5
2022-09-08,2022-09-08 10:35:00-04:00,2022-09-08 10:30:00-04:00,12275.25,12117.0,12465.783251516053,190.53325151605426,5,2,3,0.256928332691558,154.25,158.25,318.24,1591.2,-160.0,-166.2,time,2022-09-08 14:00:00-04:00,1042.5,1375.0
2022-09-09,2022-09-09 10:05:00-04:00,2022-09-09 10:00:00-04:00,12524.5,12415.75,12710.77566126073,186.27566126073,5,2,3,0.23675919505163623,88.25,108.75,219.24,1096.2,625.0,618.8,time,2022-09-09 14:00:00-04:00,800.0,372.5
2022-09-12,2022-09-12 10:10:00-04:00,2022-09-12 10:05:00-04:00,12743.25,12641.0,12926.196564356133,182.94656435613246,5,2,3,0.2513100797307836,97.0,102.25,206.24,1031.2,-1025.0,-1031.2,stop,2022-09-12 12:10:00-04:00,127.5,1057.5
2022-09-14,2022-09-14 10:55:00-04:00,2022-09-14 10:50:00-04:00,12224.25,12098.25,12434.24409890737,209.99409890736942,5,2,3,0.3047721839248286,115.5,126.0,253.74,1268.7,-762.5,-768.7,time,2022-09-14 14:00:00-04:00,285.0,947.5
2022-09-16,2022-09-16 10:35:00-04:00,2022-09-16 10:30:00-04:00,11898.75,11781.75,12095.656993987419,196.9069939874185,5,2,3,0.31588959140723144,89.75,117.0,235.74,1178.7,-1172.5,-1178.7,stop,2022-09-16 12:25:00-04:00,165.0,1207.5
2022-09-19,2022-09-19 10:40:00-04:00,2022-09-19 10:35:00-04:00,11946.25,11815.5,12144.168812755925,197.91881275592405,5,2,3,0.31434452588960005,115.0,130.75,263.24,1316.2,-282.5,-288.7,time,2022-09-19 14:00:00-04:00,325.0,980.0
2022-09-20,2022-09-20 10:55:00-04:00,2022-09-20 10:50:00-04:00,11953.5,11886.5,12147.472728220439,193.97272822043823,5,2,3,0.31419949558256516,60.75,67.0,135.74,678.7,-672.5,-678.7,stop,2022-09-20 13:25:00-04:00,695.0,720.0
2022-09-21,2022-09-21 12:35:00-04:00,2022-09-21 12:30:00-04:00,12004.75,11938.25,12210.141570399717,205.3915703997171,5,2,3,0.3048101128987726,59.25,66.5,134.74,673.7,275.0,268.8,time,2022-09-21 14:00:00-04:00,630.0,2175.0
2022-09-26,2022-09-26 10:20:00-04:00,2022-09-26 10:15:00-04:00,11526.5,11342.5,11743.749493907291,217.24949390729077,5,2,3,0.30069417126482817,154.0,184.0,369.74,1848.7,-1842.5,-1848.7,stop,2022-09-26 12:25:00-04:00,90.0,2082.5
2022-09-28,2022-09-28 10:25:00-04:00,2022-09-28 10:20:00-04:00,11371.75,11266.0,11605.281050612886,233.5310506128856,5,2,3,0.2721025617537588,87.0,105.75,213.24,1066.2,1050.0,1043.8,time,2022-09-28 14:00:00-04:00,1472.5,125.0
2022-09-30,2022-09-30 10:35:00-04:00,2022-09-30 10:30:00-04:00,11299.5,11143.0,11526.13762746421,226.6376274642093,5,2,3,0.29825293997017815,122.75,156.5,314.74,1573.7,-1390.0,-1396.2,time,2022-09-30 14:00:00-04:00,575.0,1530.0
2022-10-03,2022-10-03 10:05:00-04:00,2022-10-03 10:00:00-04:00,11157.5,11040.0,11379.743204620543,222.24320462054388,5,2,3,0.30063885828944575,92.25,117.5,236.74,1183.7,1065.0,1058.8,time,2022-10-03 14:00:00-04:00,1245.0,225.0
2022-10-04,2022-10-04 10:05:00-04:00,2022-10-04 10:00:00-04:00,11650.0,11514.25,11870.898186546301,220.8981865463011,5,2,3,0.3162510157667395,104.75,135.75,273.24,1366.2,-422.5,-428.7,time,2022-10-04 14:00:00-04:00,262.5,1260.0
2022-10-05,2022-10-05 12:50:00-04:00,2022-10-05 12:45:00-04:00,11560.75,11464.25,11772.454832255991,211.704832255992,5,2,3,0.3363582127039036,74.75,96.5,194.74,973.7,52.5,46.3,time,2022-10-05 14:00:00-04:00,652.5,230.0
2022-10-11,2022-10-11 11:45:00-04:00,2022-10-11 11:40:00-04:00,10972.0,10821.0,11196.28500020078,224.28500020077914,5,2,3,0.33033905705069927,123.5,151.0,303.74,1518.7,20.0,13.8,time,2022-10-11 14:00:00-04:00,677.5,590.0
2022-10-13,2022-10-13 10:05:00-04:00,2022-10-13 10:00:00-04:00,10638.5,10484.5,10863.47355382978,224.97355382977975,5,2,3,0.27012815336947016,145.25,154.0,309.74,1548.7,2485.973553829779,2479.7735538297793,target+trail_stop,2022-10-13 11:20:00-04:00,3772.5,375.0
2022-10-17,2022-10-17 10:15:00-04:00,2022-10-17 10:10:00-04:00,11127.5,10999.0,11351.949509237656,224.44950923765643,5,2,3,0.2992987102786564,118.5,128.5,258.74,1293.7,7.5,1.2999999999999998,time,2022-10-17 14:00:00-04:00,180.0,1050.0
2022-10-19,2022-10-19 10:20:00-04:00,2022-10-19 10:15:00-04:00,11224.25,11110.25,11439.903693255503,215.65369325550242,5,2,3,0.33224488664716784,103.0,114.0,229.74,1148.7,-1142.5,-1148.7,stop,2022-10-19 12:45:00-04:00,602.5,1150.0
2022-10-20,2022-10-20 10:05:00-04:00,2022-10-20 10:00:00-04:00,11245.5,11091.5,11463.40381340415,217.9038134041486,5,2,3,0.32563716461312775,137.75,154.0,309.74,1548.7,-1542.5,-1548.7,stop,2022-10-20 13:45:00-04:00,835.0,1600.0
2022-10-21,2022-10-21 10:05:00-04:00,2022-10-21 10:00:00-04:00,11165.0,10994.75,11375.858001279363,210.85800127936284,5,2,3,0.3249042254642279,161.0,170.25,342.24,1711.2,1262.5,1256.3,time,2022-10-21 14:00:00-04:00,1430.0,1140.0
2022-10-24,2022-10-24 12:20:00-04:00,2022-10-24 12:15:00-04:00,11442.5,11300.25,11656.508413904494,214.00841390449327,5,2,3,0.3327644630380783,127.25,142.25,286.24,1431.2,-475.0,-481.2,time,2022-10-24 14:00:00-04:00,117.5,692.5
2022-10-25,2022-10-25 11:10:00-04:00,2022-10-25 11:05:00-04:00,11671.0,11514.75,11890.458362383411,219.45836238341184,5,2,3,0.33336243253576936,150.0,156.25,314.24,1571.2,-240.0,-246.2,time,2022-10-25 14:00:00-04:00,350.0,560.0
2022-10-26,2022-10-26 10:10:00-04:00,2022-10-26 10:05:00-04:00,11531.25,11433.0,11737.983574207288,206.7335742072876,5,2,3,0.3344976006186548,96.5,98.25,198.24,991.2,-67.5,-73.7,time,2022-10-26 14:00:00-04:00,1722.5,590.0
2022-10-28,2022-10-28 10:30:00-04:00,2022-10-28 10:25:00-04:00,11381.0,11206.25,11577.368663913068,196.36866391306742,5,2,3,0.33580809487261626,158.0,174.75,351.24,1756.2,1472.5,1466.3,time,2022-10-28 14:00:00-04:00,1735.0,40.0
2022-11-03,2022-11-03 10:50:00-04:00,2022-11-03 10:45:00-04:00,10873.75,10723.0,11050.886310219354,177.13631021935404,5,2,3,0.36784368495401587,125.25,150.75,303.24,1516.2,-955.0,-961.2,time,2022-11-03 14:00:00-04:00,147.5,1220.0
2022-11-08,2022-11-08 10:20:00-05:00,2022-11-08 10:15:00-05:00,11087.75,11006.5,11257.825642515927,170.0756425159271,5,2,3,0.3527533178247896,79.5,81.25,164.24,821.2,-450.0,-456.2,time,2022-11-08 14:00:00-05:00,1437.5,580.0
2022-11-10,2022-11-10 11:15:00-05:00,2022-11-10 11:10:00-05:00,11455.25,11269.0,11643.518811238437,188.26881123843702,5,2,3,0.3578152805286632,185.75,186.25,374.24,1871.2,452.5,446.3,time,2022-11-10 14:00:00-05:00,577.5,330.0
2022-11-11,2022-11-11 10:15:00-05:00,2022-11-11 10:10:00-05:00,11712.5,11569.5,11886.108610307561,173.60861030756183,5,2,3,0.4353971038540276,122.0,143.0,287.74,1438.7,1310.0,1303.8,time,2022-11-11 14:00:00-05:00,1385.0,737.5
2022-11-14,2022-11-14 10:10:00-05:00,2022-11-14 10:05:00-05:00,11789.0,11702.0,11956.241896400543,167.2418964005436,5,2,3,0.4203451674427508,83.5,87.0,175.74,878.7,1027.5,1021.3,time,2022-11-14 14:00:00-05:00,1095.0,605.0
2022-11-17,2022-11-17 10:20:00-05:00,2022-11-17 10:15:00-05:00,11659.5,11543.5,11836.582998330436,177.08299833043606,5,2,3,0.4113643309268922,91.25,116.0,233.74,1168.7,865.0,858.8,time,2022-11-17 14:00:00-05:00,1155.0,615.0
2022-11-22,2022-11-22 10:50:00-05:00,2022-11-22 10:45:00-05:00,11642.25,11527.5,11806.236633280896,163.98663328089646,5,2,3,0.4035368535723771,101.25,114.75,231.24,1156.2,560.0,553.8,time,2022-11-22 14:00:00-05:00,647.5,262.5
2022-11-23,2022-11-23 10:15:00-05:00,2022-11-23 10:10:00-05:00,11854.75,11744.75,12013.739261036812,158.98926103681106,5,2,3,0.4052226445333957,108.0,110.0,221.74,1108.7,-1102.5,-1108.7,stop,2022-11-23 12:55:00-05:00,332.5,1130.0
2022-11-24,2022-11-24 11:00:00-05:00,2022-11-24 10:55:00-05:00,11920.0,11898.75,12072.805996911324,152.80599691132377,5,2,3,,20.0,21.25,44.24,221.20000000000002,-80.0,-86.2,time,2022-11-24 18:00:00-05:00,50.0,100.0
2022-11-30,2022-11-30 13:35:00-05:00,2022-11-30 13:30:00-05:00,11609.75,11518.75,11769.841531428263,160.09153142826366,5,2,3,0.3586847220486722,63.0,91.0,183.74,918.7,1437.5,1431.3,time,2022-11-30 14:00:00-05:00,1890.0,15.0
2022-12-02,2022-12-02 10:15:00-05:00,2022-12-02 10:10:00-05:00,11943.0,11837.25,12092.263915451334,149.26391545133356,5,2,3,0.3860389165319013,78.5,105.75,213.24,1066.2,-67.5,-73.7,time,2022-12-02 14:00:00-05:00,367.5,642.5
2022-12-08,2022-12-08 10:05:00-05:00,2022-12-08 10:00:00-05:00,11611.0,11477.0,11776.887019752963,165.8870197529632,5,2,3,0.36731319226828973,127.5,134.0,269.74,1348.7,380.0,373.8,time,2022-12-08 14:00:00-05:00,745.0,292.5
2022-12-09,2022-12-09 10:40:00-05:00,2022-12-09 10:35:00-05:00,11669.0,11550.0,11832.848865230484,163.84886523048456,5,2,3,0.36898906001199705,110.5,119.0,239.74,1198.7,-75.0,-81.2,time,2022-12-09 14:00:00-05:00,495.0,402.5
2022-12-14,2022-12-14 10:05:00-05:00,2022-12-14 10:00:00-05:00,12016.75,11930.0,12187.449913837181,170.69991383718065,5,2,3,0.2490458525818858,85.25,86.75,175.24,876.2,-412.5,-418.7,time,2022-12-14 14:00:00-05:00,527.5,1747.5
2022-12-20,2022-12-20 10:05:00-05:00,2022-12-20 10:00:00-05:00,11179.0,11066.25,11336.884062995545,157.88406299554464,5,2,3,0.27056014168625914,111.25,112.75,227.24,1136.2,100.0,93.8,time,2022-12-20 14:00:00-05:00,682.5,772.5
2022-12-21,2022-12-21 10:10:00-05:00,2022-12-21 10:05:00-05:00,11289.5,11181.0,11442.259671065749,152.7596710657486,5,2,3,0.2705256988808685,92.5,108.5,218.74,1093.7,610.0,603.8,time,2022-12-21 14:00:00-05:00,910.0,125.0
2022-12-23,2022-12-23 10:35:00-05:00,2022-12-23 10:30:00-05:00,11071.0,10922.25,11224.220416057755,153.22041605775473,5,2,3,0.28135622123509235,128.5,148.75,299.24,1496.2,-327.5,-333.7,time,2022-12-23 14:00:00-05:00,322.5,957.5
2022-12-29,2022-12-29 10:15:00-05:00,2022-12-29 10:10:00-05:00,10987.75,10856.5,11140.994930203533,153.24493020353336,5,2,3,0.2746330834384436,120.75,131.25,264.24,1321.2,577.5,571.3,time,2022-12-29 14:00:00-05:00,837.5,5.0
2022-12-30,2022-12-30 10:50:00-05:00,2022-12-30 10:45:00-05:00,10966.5,10855.5,11114.612786852336,148.11278685233665,5,2,3,0.23241786335322037,92.25,111.0,223.74,1118.7,-597.5,-603.7,time,2022-12-30 14:00:00-05:00,0.0,917.5
2023-01-04,2023-01-04 11:40:00-05:00,2023-01-04 11:35:00-05:00,11057.75,10954.25,11217.265165529112,159.515165529112,5,2,3,0.23332008015364208,92.5,103.5,208.74,1043.7,-567.5,-573.7,time,2023-01-04 14:00:00-05:00,102.5,1175.0
2023-01-06,2023-01-06 10:40:00-05:00,2023-01-06 10:35:00-05:00,10954.75,10766.5,11109.742952897122,154.99295289712217,5,2,3,0.22761172970190727,178.5,188.25,378.24,1891.2,1177.5,1171.3,time,2023-01-06 14:00:00-05:00,1285.0,177.5
2023-01-09,2023-01-09 10:05:00-05:00,2023-01-09 10:00:00-05:00,11323.5,11194.5,11474.223132341393,150.7231323413921,5,2,3,0.24797937717398702,117.25,129.0,259.74,1298.7,-410.0,-416.2,time,2023-01-09 14:00:00-05:00,620.0,630.0
2023-01-10,2023-01-10 10:15:00-05:00,2023-01-10 10:10:00-05:00,11256.5,11137.75,11412.287698794518,155.78769879451866,5,2,3,0.24494718817416863,108.5,118.75,239.24,1196.2,-1190.0,-1196.2,stop,2023-01-10 10:40:00-05:00,267.5,1310.0
2023-01-11,2023-01-11 10:25:00-05:00,2023-01-11 10:20:00-05:00,11372.0,11290.75,11519.42867115619,147.42867115618995,5,2,3,0.24722407158885604,73.25,81.25,164.24,821.2,372.5,366.3,time,2023-01-11 14:00:00-05:00,705.0,587.5
2023-01-12,2023-01-12 12:20:00-05:00,2023-01-12 12:15:00-05:00,11522.5,11311.0,11675.581611754746,153.08161175474604,5,2,3,0.25179029884052756,207.5,211.5,424.74,2123.7,425.0,418.8,time,2023-01-12 14:00:00-05:00,527.5,705.0
2023-01-13,2023-01-13 10:10:00-05:00,2023-01-13 10:05:00-05:00,11483.25,11408.5,11619.461843113475,136.21184311347469,5,2,3,0.24890552340884398,69.25,74.75,151.24,756.2,775.0,768.8,time,2023-01-13 14:00:00-05:00,855.0,295.0
2023-01-17,2023-01-17 10:05:00-05:00,2023-01-17 10:00:00-05:00,11663.0,11549.25,11806.19301858882,143.19301858881994,5,2,3,0.24957423017858155,77.75,113.75,229.24,1146.2,-180.0,-186.2,time,2023-01-17 14:00:00-05:00,220.0,1080.0
2023-01-18,2023-01-18 10:05:00-05:00,2023-01-18 10:00:00-05:00,11739.25,11672.25,11882.417827256693,143.16782725669387,5,2,3,0.21922260958970827,54.75,67.0,135.74,678.7,-672.5,-678.7,stop,2023-01-18 10:35:00-05:00,202.5,882.5
2023-01-20,2023-01-20 10:10:00-05:00,2023-01-20 10:05:00-05:00,11475.25,11383.0,11623.58349920635,148.33349920635038,5,2,3,0.21575795193490105,90.0,92.25,186.24,931.2,1245.0,1238.8,time,2023-01-20 14:00:00-05:00,1307.5,245.0
2023-01-23,2023-01-23 10:20:00-05:00,2023-01-23 10:15:00-05:00,11827.0,11671.75,11974.888647620435,147.8886476204343,5,2,3,0.22921900924163918,149.75,155.25,312.24,1561.2,1378.054590481741,1371.8545904817408,target+time,2023-01-23 14:00:00-05:00,1560.0,87.5
2023-01-25,2023-01-25 11:20:00-05:00,2023-01-25 11:15:00-05:00,11729.75,11622.25,11871.619720872959,141.86972087295945,5,2,3,0.21194821179841863,101.5,107.5,216.74,1083.7,880.0,873.8,time,2023-01-25 14:00:00-05:00,1060.0,175.0
2023-01-27,2023-01-27 10:05:00-05:00,2023-01-27 10:00:00-05:00,12155.75,12041.75,12299.173153282176,143.4231532821754,5,2,3,0.2108023261727798,105.25,114.0,229.74,1148.7,1000.0,993.8,time,2023-01-27 14:00:00-05:00,1105.0,632.5
2023-01-30,2023-01-30 10:05:00-05:00,2023-01-30 10:00:00-05:00,12136.0,12059.25,12277.508235650974,141.50823565097346,5,2,3,0.19912210056545937,72.25,76.75,155.24,776.2,-770.0,-776.2,stop,2023-01-30 10:20:00-05:00,75.0,800.0
2023-01-31,2023-01-31 10:30:00-05:00,2023-01-31 10:25:00-05:00,12059.5,11969.25,12210.9796124856,151.4796124856004,5,2,3,0.20603829861319528,86.0,90.25,182.24,911.2,352.5,346.3,time,2023-01-31 14:00:00-05:00,427.5,172.5
2023-02-02,2023-02-02 10:35:00-05:00,2023-02-02 10:30:00-05:00,12790.5,12669.0,12934.483194265797,143.98319426579698,5,2,3,0.20862964436466774,78.5,121.5,244.74,1223.7,1365.0,1358.8,time,2023-02-02 14:00:00-05:00,1442.5,192.5
2023-02-03,2023-02-03 10:15:00-05:00,2023-02-03 10:10:00-05:00,12756.0,12558.25,12906.50537755938,150.50537755937967,5,2,3,0.23204665234250985,196.25,197.75,397.24,1986.2,-815.0,-821.2,time,2023-02-03 14:00:00-05:00,1217.5,1387.5
2023-02-06,2023-02-06 10:05:00-05:00,2023-02-06 10:00:00-05:00,12572.0,12502.0,12717.16655378523,145.16655378522972,5,2,3,0.2349881905219509,67.5,70.0,141.74,708.7,-702.5,-708.7,stop,2023-02-06 10:20:00-05:00,202.5,867.5
2023-02-07,2023-02-07 11:15:00-05:00,2023-02-07 11:10:00-05:00,12555.5,12488.5,12709.176175068422,153.6761750684211,5,2,3,0.23276363594789645,65.25,67.0,135.74,678.7,1487.6761750684273,1481.4761750684272,target+trail_stop,2023-02-07 13:00:00-05:00,2227.5,195.0
2023-02-10,2023-02-10 10:20:00-05:00,2023-02-10 10:15:00-05:00,12397.0,12311.75,12558.732175989922,161.73217598992255,5,2,3,0.2500362372895247,82.25,85.25,172.24,861.2,-855.0,-861.2,stop,2023-02-10 10:50:00-05:00,247.5,895.0
2023-02-13,2023-02-13 10:50:00-05:00,2023-02-13 10:45:00-05:00,12486.0,12352.0,12647.477497228601,161.47749722860104,5,2,3,0.2536132096817449,113.5,134.0,269.74,1348.7,735.0,728.8,time,2023-02-13 14:00:00-05:00,817.5,35.0
2023-02-14,2023-02-14 10:05:00-05:00,2023-02-14 10:00:00-05:00,12631.25,12390.5,12793.094151114756,161.84415111475545,5,2,3,0.2571928357492794,210.5,240.75,483.24,2416.2,-477.5,-483.7,time,2023-02-14 14:00:00-05:00,420.0,2137.5
2023-02-15,2023-02-15 11:30:00-05:00,2023-02-15 11:25:00-05:00,12632.75,12543.75,12783.23359578177,150.48359578177053,5,2,3,0.25723877967889197,87.75,89.0,179.74,898.7,492.5,486.3,time,2023-02-15 14:00:00-05:00,567.5,270.0
2023-02-16,2023-02-16 10:25:00-05:00,2023-02-16 10:20:00-05:00,12605.0,12496.5,12749.753558304981,144.75355830498046,5,2,3,0.24925271820118297,95.25,108.5,218.74,1093.7,585.0,578.8,time,2023-02-16 14:00:00-05:00,895.0,112.5
2023-02-27,2023-02-27 10:05:00-05:00,2023-02-27 10:00:00-05:00,12156.25,12106.5,12322.192742740248,165.94274274024855,5,2,3,0.26007762850264654,45.0,49.75,101.24,506.2,-500.0,-506.2,stop,2023-02-27 10:35:00-05:00,332.5,630.0
2023-02-28,2023-02-28 10:05:00-05:00,2023-02-28 10:00:00-05:00,12113.75,12041.25,12273.6183024608,159.86830246080046,5,2,3,0.25838404075743426,71.5,72.5,146.74,733.7,485.0,478.8,time,2023-02-28 14:00:00-05:00,600.0,680.0
2023-03-02,2023-03-02 10:05:00-05:00,2023-03-02 10:00:00-05:00,11923.75,11846.25,12078.331658257,154.5816582570014,5,2,3,0.24598963344577932,65.25,77.5,156.74,783.7,752.5,746.3,time,2023-03-02 14:00:00-05:00,1105.0,515.0
2023-03-03,2023-03-03 10:25:00-05:00,2023-03-03 10:20:00-05:00,12207.25,12111.0,12357.894057449083,150.64405744908268,5,2,3,0.23400155674108258,88.75,96.25,194.24,971.2,620.0,613.8,time,2023-03-03 14:00:00-05:00,705.0,367.5
2023-03-06,2023-03-06 10:15:00-05:00,2023-03-06 10:10:00-05:00,12409.25,12347.25,12553.788044537323,144.53804453732252,5,2,3,0.20877199901280533,49.75,62.0,125.74,628.6999999999999,-472.5,-478.7,time,2023-03-06 14:00:00-05:00,765.0,552.5
2023-03-08,2023-03-08 10:35:00-05:00,2023-03-08 10:30:00-05:00,12217.25,12155.0,12368.01746284952,150.76746284952017,5,2,3,0.2029245492270684,61.0,62.25,126.24,631.1999999999999,-625.0,-631.2,stop,2023-03-08 13:25:00-05:00,372.5,665.0
2023-03-09,2023-03-09 10:05:00-05:00,2023-03-09 10:00:00-05:00,12342.25,12230.25,12490.82808474139,148.5780847413906,5,2,3,0.19076748105846586,109.0,112.0,225.74,1128.7,-1122.5,-1128.7,stop,2023-03-09 12:45:00-05:00,115.0,1262.5
2023-03-10,2023-03-10 11:30:00-05:00,2023-03-10 11:25:00-05:00,12045.25,11865.75,12216.810028690184,171.56002869018408,5,2,3,0.1932000832164006,161.75,179.5,360.74,1803.7,-1797.5,-1803.7,stop,2023-03-10 13:25:00-05:00,342.5,2062.5
2023-03-13,2023-03-13 10:35:00-04:00,2023-03-13 10:30:00-04:00,11929.75,11705.0,12116.122895771116,186.37289577111557,5,2,3,0.19585278280414886,216.5,224.75,451.24,2256.2,770.0,763.8,time,2023-03-13 14:00:00-04:00,1472.5,870.0
2023-03-14,2023-03-14 10:25:00-04:00,2023-03-14 10:20:00-04:00,12163.5,12070.25,12366.70379234119,203.20379234118988,5,2,3,0.197337921195756,89.75,93.25,188.24,941.2,-512.5,-518.7,time,2023-03-14 14:00:00-04:00,595.0,755.0
2023-03-15,2023-03-15 11:50:00-04:00,2023-03-15 11:45:00-04:00,12299.25,12193.75,12483.105275991253,183.8552759912531,5,2,3,0.2047532560840876,80.75,105.5,212.74,1063.7,-1057.5,-1063.7,stop,2023-03-15 12:55:00-04:00,20.0,1172.5
2023-03-16,2023-03-16 10:45:00-04:00,2023-03-16 10:40:00-04:00,12444.25,12314.0,12649.165136732378,204.91513673237716,5,2,3,0.21387115435954254,104.25,130.25,262.24,1311.2,2129.66054692951,2123.46054692951,target+time,2023-03-16 14:00:00-04:00,2432.5,35.0
2023-03-17,2023-03-17 10:05:00-04:00,2023-03-17 10:00:00-04:00,12793.25,12691.0,12978.526179882565,185.27617988256424,5,2,3,0.2295298489633213,72.75,102.25,206.24,1031.2,-1025.0,-1031.2,stop,2023-03-17 10:25:00-04:00,40.0,1225.0
2023-03-20,2023-03-20 10:50:00-04:00,2023-03-20 10:45:00-04:00,12635.25,12529.25,12838.295807916027,203.04580791602794,5,2,3,0.21746208215168636,103.75,106.0,213.74,1068.7,255.0,248.8,time,2023-03-20 14:00:00-04:00,625.0,697.5
2023-03-22,2023-03-22 10:25:00-04:00,2023-03-22 10:20:00-04:00,12901.25,12851.0,13075.00576447572,173.75576447572007,5,2,3,0.20109107604324575,44.75,50.25,102.24,511.2,190.0,183.8,time,2023-03-22 14:00:00-04:00,950.0,300.0
2023-03-23,2023-03-23 10:10:00-04:00,2023-03-23 10:05:00-04:00,12912.5,12847.0,13093.565298161844,181.06529816184408,5,2,3,0.20939030663927347,49.0,65.5,132.74,663.7,-190.0,-196.2,time,2023-03-23 14:00:00-04:00,1190.0,312.5
2023-03-29,2023-03-29 10:05:00-04:00,2023-03-29 10:00:00-04:00,12928.5,12881.25,13091.139463958862,162.63946395886148,5,2,3,0.2024537236657623,46.0,47.25,96.24,481.2,-475.0,-481.2,stop,2023-03-29 10:30:00-04:00,32.5,510.0
2023-03-30,2023-03-30 10:30:00-04:00,2023-03-30 10:25:00-04:00,13093.5,13037.0,13251.204240098103,157.70424009810264,5,2,3,0.2041261339640775,44.25,56.5,114.74,573.6999999999999,-567.5,-573.7,stop,2023-03-30 13:30:00-04:00,185.0,610.0
2023-03-31,2023-03-31 10:35:00-04:00,2023-03-31 10:30:00-04:00,13168.25,13078.0,13326.02504229301,157.77504229300908,5,2,3,0.20437500026997293,77.75,90.25,182.24,911.2,600.0,593.8,time,2023-03-31 14:00:00-04:00,745.0,40.0
2023-04-03,2023-04-03 10:25:00-04:00,2023-04-03 10:20:00-04:00,13264.25,13197.75,13420.501442304678,156.25144230467734,5,2,3,0.1999443420457565,64.0,66.5,134.74,673.7,-667.5,-673.7,stop,2023-04-03 10:50:00-04:00,27.5,830.0
2023-04-04,2023-04-04 10:05:00-04:00,2023-04-04 10:00:00-04:00,13303.0,13230.0,13458.450897802324,155.45089780232408,5,2,3,0.2008288313740473,66.25,73.0,147.74,738.7,-732.5,-738.7,stop,2023-04-04 11:05:00-04:00,237.5,747.5
2023-04-06,2023-04-06 10:10:00-04:00,2023-04-06 10:05:00-04:00,13026.5,12952.5,13183.069023803419,156.56902380341938,5,2,3,0.2015050163935806,61.0,74.0,149.74,748.7,1442.5,1436.3,time,2023-04-06 14:00:00-04:00,1517.5,190.0
2023-04-10,2023-04-10 11:10:00-04:00,2023-04-10 11:05:00-04:00,13052.75,12967.5,13204.043257102183,151.2932571021832,5,2,3,0.1845936863969328,83.0,85.25,172.24,861.2,715.0,708.8,time,2023-04-10 14:00:00-04:00,855.0,387.5
2023-04-13,2023-04-13 10:10:00-04:00,2023-04-13 10:05:00-04:00,13096.25,13019.75,13253.739866523272,157.48986652327162,5,2,3,0.17409337626539728,60.75,76.5,154.74,773.7,960.0,953.8,time,2023-04-13 14:00:00-04:00,1027.5,65.0
2023-04-19,2023-04-19 10:40:00-04:00,2023-04-19 10:35:00-04:00,13136.0,13078.25,13275.266603954451,139.2666039544503,5,2,3,0.15654338077624533,54.25,57.75,117.24,586.1999999999999,717.5,711.3,time,2023-04-19 14:00:00-04:00,910.0,120.0
2023-04-20,2023-04-20 10:10:00-04:00,2023-04-20 10:05:00-04:00,13137.5,13045.75,13273.720443380087,136.2204433800876,5,2,3,0.14961539135651156,79.25,91.75,185.24,926.2,320.0,313.8,time,2023-04-20 14:00:00-04:00,622.5,457.5
2023-04-21,2023-04-21 11:35:00-04:00,2023-04-21 11:30:00-04:00,13078.5,12994.5,13219.958145909188,141.45814590918792,5,2,3,0.14196818361298247,79.5,84.0,169.74,848.7,220.0,213.8,time,2023-04-21 14:00:00-04:00,390.0,295.0
2023-04-26,2023-04-26 11:10:00-04:00,2023-04-26 11:05:00-04:00,12970.0,12899.0,13123.275428786801,153.27542878680123,5,2,3,0.14057914926991,66.0,71.0,143.74,718.7,-485.0,-491.2,time,2023-04-26 14:00:00-04:00,425.0,640.0
2023-04-27,2023-04-27 10:15:00-04:00,2023-04-27 10:10:00-04:00,13077.5,13013.25,13232.704874427434,155.2048744274345,5,2,3,0.1396011984909211,49.0,64.25,130.24,651.2,1237.5,1231.3,time,2023-04-27 14:00:00-04:00,1410.0,85.0
2023-04-28,2023-04-28 10:15:00-04:00,2023-04-28 10:10:00-04:00,13266.0,13172.5,13408.316210304925,142.31621030492525,5,2,3,0.17241785052471806,71.5,93.5,188.74,943.7,107.5,101.3,time,2023-04-28 14:00:00-04:00,287.5,822.5
2023-05-01,2023-05-01 12:35:00-04:00,2023-05-01 12:30:00-04:00,13334.5,13286.0,13467.051139078483,132.5511390784825,5,2,3,0.16959626697850433,42.0,48.5,98.74,493.7,152.5,146.3,time,2023-05-01 14:00:00-04:00,285.0,85.0
2023-05-04,2023-05-04 11:10:00-04:00,2023-05-04 11:05:00-04:00,13089.75,13026.75,13240.977374744834,151.22737474483372,5,2,3,0.1641002817593795,59.75,63.0,127.74,638.6999999999999,195.0,188.8,time,2023-05-04 14:00:00-04:00,415.0,592.5
2023-05-05,2023-05-05 10:05:00-04:00,2023-05-05 10:00:00-04:00,13200.0,13124.25,13367.052737780617,167.05273778061826,5,2,3,0.15973172861836468,68.75,75.75,153.24,766.2,1050.0,1043.8,time,2023-05-05 14:00:00-04:00,1150.0,47.5
2023-05-08,2023-05-08 11:55:00-04:00,2023-05-08 11:50:00-04:00,13321.0,13261.0,13465.248874942987,144.24887494298702,5,2,3,0.1747978235750193,49.25,60.0,121.74,608.6999999999999,245.0,238.8,time,2023-05-08 14:00:00-04:00,337.5,137.5
2023-05-10,2023-05-10 10:10:00-04:00,2023-05-10 10:05:00-04:00,13424.0,13321.5,13573.761518278867,149.761518278866,5,2,3,0.1742046164228439,96.25,102.5,206.74,1033.7,-1027.5,-1033.7,stop,2023-05-10 10:45:00-04:00,100.0,1075.0
2023-05-11,2023-05-11 11:30:00-04:00,2023-05-11 11:25:00-04:00,13434.75,13372.25,13578.114863286177,143.36486328617755,5,2,3,0.17392898196384615,61.25,62.5,126.74,633.6999999999999,-85.0,-91.2,time,2023-05-11 14:00:00-04:00,250.0,412.5
2023-05-15,2023-05-15 11:25:00-04:00,2023-05-15 11:20:00-04:00,13432.0,13373.75,13576.097040314771,144.09704031477128,5,2,3,0.1630711189466606,54.5,58.25,118.24,591.1999999999999,182.5,176.3,time,2023-05-15 14:00:00-04:00,470.0,140.0
2023-05-16,2023-05-16 11:00:00-04:00,2023-05-16 10:55:00-04:00,13519.25,13434.5,13665.049518289363,145.79951828936254,5,2,3,0.1641917260034885,81.25,84.75,171.24,856.2,255.0,248.8,time,2023-05-16 14:00:00-04:00,350.0,182.5
2023-05-17,2023-05-17 11:40:00-04:00,2023-05-17 11:35:00-04:00,13540.75,13475.0,13694.202374429693,153.45237442969247,5,2,3,0.1636647236389351,65.0,65.75,133.24,666.2,1265.0,1258.8,time,2023-05-17 14:00:00-04:00,1285.0,35.0
2023-05-18,2023-05-18 10:10:00-04:00,2023-05-18 10:05:00-04:00,13731.5,13652.75,13877.426038746999,145.92603874699842,5,2,3,0.16770774432908608,65.75,78.75,159.24,796.2,375.0,368.8,time,2023-05-18 14:00:00-04:00,1240.0,62.5
2023-05-25,2023-05-25 11:15:00-04:00,2023-05-25 11:10:00-04:00,13976.5,13851.25,14152.851479589966,176.35147958996617,5,2,3,0.1794892809673464,114.75,125.25,252.24,1261.2,142.5,136.3,time,2023-05-25 14:00:00-04:00,550.0,552.5
2023-05-26,2023-05-26 10:05:00-04:00,2023-05-26 10:00:00-04:00,14133.5,14014.75,14303.908552048902,170.40855204890164,5,2,3,0.16140675943614233,109.5,118.75,239.24,1196.2,1789.13420819561,1782.93420819561,target+time,2023-05-26 14:00:00-04:00,2032.5,72.5
2023-05-29,2023-05-29 10:25:00-04:00,2023-05-29 10:20:00-04:00,14379.75,14367.75,14542.34811937007,162.59811937007018,5,2,3,,11.0,12.0,25.74,128.7,220.0,213.8,time,2023-05-29 18:00:00-04:00,315.0,45.0
2023-06-01,2023-06-01 10:05:00-04:00,2023-06-01 10:00:00-04:00,14323.5,14252.0,14485.371846461516,161.87184646151522,5,2,3,0.1796150238654277,70.5,71.5,144.74,723.7,1625.9873858460633,1619.7873858460632,target+time,2023-06-01 14:00:00-04:00,1637.5,507.5
2023-06-05,2023-06-05 10:55:00-04:00,2023-06-05 10:50:00-04:00,14657.25,14567.75,14792.054714452353,134.8047144523527,5,2,3,0.17386579622882345,84.0,89.5,180.74,903.7,-247.5,-253.7,time,2023-06-05 14:00:00-04:00,380.0,472.5
2023-06-06,2023-06-06 10:25:00-04:00,2023-06-06 10:20:00-04:00,14578.75,14505.0,14714.026626719684,135.27662671968432,5,2,3,0.16513560995516469,56.75,73.75,149.24,746.2,-265.0,-271.2,time,2023-06-06 14:00:00-04:00,452.5,510.0
2023-06-08,2023-06-08 10:15:00-04:00,2023-06-08 10:10:00-04:00,14406.5,14328.0,14533.008873024799,126.50887302479933,5,2,3,0.18138117708880333,69.0,78.5,158.74,793.7,407.5,401.3,time,2023-06-08 14:00:00-04:00,1170.0,152.5
2023-06-09,2023-06-09 10:15:00-04:00,2023-06-09 10:10:00-04:00,14670.5,14556.5,14796.647107479163,126.1471074791625,5,2,3,0.18135655339675552,112.25,114.0,229.74,1148.7,-1142.5,-1148.7,stop,2023-06-09 11:25:00-04:00,175.0,1235.0
2023-06-12,2023-06-12 10:50:00-04:00,2023-06-12 10:45:00-04:00,14642.0,14601.0,14769.562291508115,127.56229150811548,5,2,3,0.18117172227728964,36.5,41.0,83.74,418.7,695.0,688.8,time,2023-06-12 14:00:00-04:00,730.0,395.0
2023-06-14,2023-06-14 10:05:00-04:00,2023-06-14 10:00:00-04:00,15127.5,15053.0,15266.724961718637,139.2249617186365,5,2,3,0.18361031076272352,71.0,74.5,150.74,753.7,60.0,53.8,time,2023-06-14 14:00:00-04:00,882.5,925.0
2023-06-15,2023-06-15 10:10:00-04:00,2023-06-15 10:05:00-04:00,15250.75,15114.25,15384.096124353378,133.3461243533786,5,2,3,0.19088529042675575,108.75,136.5,274.74,1373.7,1010.0,1003.8,time,2023-06-15 14:00:00-04:00,1125.0,355.0
2023-06-22,2023-06-22 10:15:00-04:00,2023-06-22 10:10:00-04:00,15132.75,14964.0,15258.582121336469,125.83212133646843,5,2,3,0.19856412602488036,132.5,168.75,339.24,1696.2,207.5,201.3,time,2023-06-22 14:00:00-04:00,480.0,767.5
2023-06-23,2023-06-23 12:20:00-04:00,2023-06-23 12:15:00-04:00,15103.25,14984.75,15226.077717962113,122.82771796211341,5,2,3,0.1892514170920892,103.0,118.5,238.74,1193.7,227.5,221.3,time,2023-06-23 14:00:00-04:00,522.5,107.5
2023-06-26,2023-06-26 10:15:00-04:00,2023-06-26 10:10:00-04:00,15140.75,15024.25,15268.937709321604,128.18770932160382,5,2,3,0.192864185455896,115.25,116.5,234.74,1173.7,-1167.5,-1173.7,stop,2023-06-26 11:05:00-04:00,115.0,1247.5
2023-06-27,2023-06-27 11:30:00-04:00,2023-06-27 11:25:00-04:00,14982.75,14898.0,15117.244996189502,134.49499618950122,5,2,3,0.18948310678979122,72.75,84.75,171.24,856.2,1320.0,1313.8,time,2023-06-27 14:00:00-04:00,1347.5,87.5
2023-06-28,2023-06-28 10:20:00-04:00,2023-06-28 10:15:00-04:00,15113.75,15025.5,15244.5653466853,130.81534668529946,5,2,3,0.1746151849446841,82.5,88.25,178.24,891.2,-85.0,-91.2,time,2023-06-28 14:00:00-04:00,1050.0,547.5
2023-06-30,2023-06-30 10:15:00-04:00,2023-06-30 10:10:00-04:00,15336.75,15238.25,15467.563248982475,130.81324898247425,5,2,3,0.17203265793474737,92.5,98.5,198.74,993.7,185.0,178.8,time,2023-06-30 14:00:00-04:00,397.5,542.5
2023-07-05,2023-07-05 10:20:00-04:00,2023-07-05 10:15:00-04:00,15407.0,15292.5,15539.965318847413,132.96531884741387,5,2,3,0.1728577839896466,103.5,114.5,230.74,1153.7,-362.5,-368.7,time,2023-07-05 14:00:00-04:00,247.5,685.0
2023-07-06,2023-07-06 13:00:00-04:00,2023-07-06 12:55:00-04:00,15215.5,15129.5,15351.4133724434,135.91337244339917,5,2,3,0.1722064191351957,84.5,86.0,173.74,868.7,222.5,216.3,time,2023-07-06 14:00:00-04:00,242.5,240.0
2023-07-07,2023-07-07 12:00:00-04:00,2023-07-07 11:55:00-04:00,15281.0,15188.5,15429.627372883522,148.62737288352295,5,2,3,0.17626155101430377,87.25,92.5,186.74,933.7,487.5,481.3,time,2023-07-07 14:00:00-04:00,787.5,12.5
2023-07-11,2023-07-11 12:00:00-04:00,2023-07-11 11:55:00-04:00,15236.0,15141.5,15380.638512218804,144.63851221880432,5,2,3,0.1600412556194072,92.25,94.5,190.74,953.7,-327.5,-333.7,time,2023-07-11 14:00:00-04:00,140.0,607.5
2023-07-12,2023-07-12 10:10:00-04:00,2023-07-12 10:05:00-04:00,15487.5,15408.0,15632.282126119731,144.78212611973206,5,2,3,0.15699336999713917,61.75,79.5,160.74,803.7,-797.5,-803.7,stop,2023-07-12 11:35:00-04:00,202.5,810.0
2023-07-13,2023-07-13 12:00:00-04:00,2023-07-13 11:55:00-04:00,15631.25,15552.25,15764.575156774239,133.3251567742384,5,2,3,0.1613022929662288,69.5,79.0,159.74,798.7,292.5,286.3,time,2023-07-13 14:00:00-04:00,422.5,65.0
2023-07-14,2023-07-14 10:10:00-04:00,2023-07-14 10:05:00-04:00,15812.5,15721.0,15948.068375921548,135.56837592154818,5,2,3,0.16055148301002262,90.75,91.5,184.74,923.7,-720.0,-726.2,time,2023-07-14 14:00:00-04:00,450.0,875.0
2023-07-17,2023-07-17 11:35:00-04:00,2023-07-17 11:30:00-04:00,15784.75,15708.75,15917.395727837556,132.645727837557,5,2,3,0.1601267420017271,72.75,76.0,153.74,768.7,347.5,341.3,time,2023-07-17 14:00:00-04:00,367.5,245.0
2023-07-18,2023-07-18 11:45:00-04:00,2023-07-18 11:40:00-04:00,15831.75,15733.5,15966.186917223667,134.43691722366745,5,2,3,0.14702859979240485,82.5,98.25,198.24,991.2,1202.5,1196.3,time,2023-07-18 14:00:00-04:00,1312.5,5.0
2023-07-19,2023-07-19 11:15:00-04:00,2023-07-19 11:10:00-04:00,16041.75,15978.0,16176.151190131855,134.40119013185625,5,2,3,0.14565887579676917,60.25,63.75,129.24,646.2,-640.0,-646.2,stop,2023-07-19 12:20:00-04:00,207.5,660.0
2023-07-25,2023-07-25 11:40:00-04:00,2023-07-25 11:35:00-04:00,15672.5,15588.25,15809.829910845046,137.3299108450471,5,2,3,0.1559918451287291,81.25,84.25,170.24,851.2,172.5,166.3,time,2023-07-25 14:00:00-04:00,367.5,185.0
2023-07-28,2023-07-28 10:05:00-04:00,2023-07-28 10:00:00-04:00,15824.75,15715.5,15968.39832561697,143.64832561697068,5,2,3,0.13437210135834968,103.75,109.25,220.24,1101.2,97.5,91.3,time,2023-07-28 14:00:00-04:00,710.0,497.5
2023-08-01,2023-08-01 10:40:00-04:00,2023-08-01 10:35:00-04:00,15811.25,15765.0,15947.006862079683,135.75686207968195,5,2,3,0.14174202051887416,44.0,46.25,94.24,471.2,172.5,166.3,time,2023-08-01 14:00:00-04:00,327.5,332.5
2023-08-03,2023-08-03 11:20:00-04:00,2023-08-03 11:15:00-04:00,15473.25,15351.0,15630.082951670365,156.83295167036582,5,2,3,0.16028777306297312,107.0,122.25,246.24,1231.2,-207.5,-213.7,time,2023-08-03 14:00:00-04:00,505.0,315.0
2023-08-04,2023-08-04 12:30:00-04:00,2023-08-04 12:25:00-04:00,15591.5,15440.0,15747.8618110805,156.3618110805,5,2,3,0.1571542175872485,144.0,151.5,304.74,1523.7,-670.0,-676.2,time,2023-08-04 14:00:00-04:00,187.5,1262.5
2023-08-10,2023-08-10 10:05:00-04:00,2023-08-10 10:00:00-04:00,15430.25,15273.25,15585.383495836706,155.13349583670674,5,2,3,0.16282086027081327,152.25,157.0,315.74,1578.7,-1572.5,-1578.7,stop,2023-08-10 11:20:00-04:00,82.5,1692.5
2023-08-11,2023-08-11 10:15:00-04:00,2023-08-11 10:10:00-04:00,15132.0,15052.0,15283.086384547289,151.08638454728947,5,2,3,0.15068681581297125,64.75,80.0,161.74,808.7,-802.5,-808.7,stop,2023-08-11 11:30:00-04:00,422.5,947.5
2023-08-14,2023-08-14 10:05:00-04:00,2023-08-14 10:00:00-04:00,15130.5,15036.25,15271.944775415956,141.44477541595518,5,2,3,0.15121032262165152,89.75,94.25,190.24,951.2,930.0,923.8,time,2023-08-14 14:00:00-04:00,1180.0,167.5
2023-08-16,2023-08-16 10:20:00-04:00,2023-08-16 10:15:00-04:00,15135.75,15050.75,15292.68994868812,156.93994868811885,5,2,3,0.1529585913601935,77.0,85.0,171.74,858.7,-852.5,-858.7,stop,2023-08-16 11:50:00-04:00,87.5,897.5
2023-08-18,2023-08-18 11:05:00-04:00,2023-08-18 11:00:00-04:00,14705.75,14622.75,14871.478518776355,165.7285187763548,5,2,3,0.14220486900623566,74.25,83.0,167.74,838.7,240.0,233.8,time,2023-08-18 14:00:00-04:00,455.0,575.0
2023-08-21,2023-08-21 10:05:00-04:00,2023-08-21 10:00:00-04:00,14916.0,14805.5,15078.554204622862,162.55420462286244,5,2,3,0.14237399227854336,108.0,110.5,222.74,1113.7,-1107.5,-1113.7,stop,2023-08-21 11:10:00-04:00,162.5,1110.0
2023-08-23,2023-08-23 10:10:00-04:00,2023-08-23 10:05:00-04:00,15106.25,14999.25,15267.737250286857,161.48725028685664,5,2,3,0.15226599594469956,106.25,107.0,215.74,1078.7,1302.5,1296.3,time,2023-08-23 14:00:00-04:00,1362.5,90.0
2023-08-25,2023-08-25 10:15:00-04:00,2023-08-25 10:10:00-04:00,14999.25,14892.0,15161.766597157797,162.51659715779797,5,2,3,0.18397034138294174,63.25,107.25,216.24,1081.2,-1075.0,-1081.2,stop,2023-08-25 10:25:00-04:00,497.5,1292.5
2023-08-29,2023-08-29 10:05:00-04:00,2023-08-29 10:00:00-04:00,15229.75,15062.25,15374.425118078016,144.67511807801526,5,2,3,0.1792015021926143,113.0,167.5,336.74,1683.7,1429.7004723120626,1423.5004723120626,target+time,2023-08-29 14:00:00-04:00,1705.0,107.5
2023-08-30,2023-08-30 10:10:00-04:00,2023-08-30 10:05:00-04:00,15478.75,15386.5,15619.64755687708,140.89755687708043,5,2,3,0.19791188413792313,90.5,92.25,186.24,931.2,-925.0,-931.2,stop,2023-08-30 10:25:00-04:00,287.5,1045.0
2023-08-31,2023-08-31 10:15:00-04:00,2023-08-31 10:10:00-04:00,15582.25,15488.75,15718.494620507545,136.24462050754445,5,2,3,0.18266283928309313,79.25,93.5,188.74,943.7,-247.5,-253.7,time,2023-08-31 14:00:00-04:00,245.0,885.0
2023-09-05,2023-09-05 10:25:00-04:00,2023-09-05 10:20:00-04:00,15511.0,15445.75,15646.035379870822,135.03537987082237,5,2,3,0.17996415680113628,60.75,65.25,132.24,661.2,402.5,396.3,time,2023-09-05 14:00:00-04:00,662.5,340.0
2023-09-07,2023-09-07 10:45:00-04:00,2023-09-07 10:40:00-04:00,15270.5,15157.5,15409.501931182522,139.00193118252164,5,2,3,0.17752663236873725,83.25,113.0,227.74,1138.7,90.0,83.8,time,2023-09-07 14:00:00-04:00,225.0,732.5
2023-09-08,2023-09-08 10:20:00-04:00,2023-09-08 10:15:00-04:00,15374.5,15270.5,15513.964354966729,139.46435496672876,5,2,3,0.17605774927105167,101.0,104.0,209.74,1048.7,-480.0,-486.2,time,2023-09-08 14:00:00-04:00,160.0,870.0
2023-09-11,2023-09-11 13:40:00-04:00,2023-09-11 13:35:00-04:00,15453.75,15352.0,15588.481672817943,134.7316728179437,5,2,3,0.17622004364115482,96.25,101.75,205.24,1026.2,142.5,136.3,time,2023-09-11 14:00:00-04:00,177.5,75.0
2023-09-13,2023-09-13 11:05:00-04:00,2023-09-13 11:00:00-04:00,15581.25,15493.5,15720.921219647362,139.6712196473626,5,2,3,0.18049215460532533,68.25,87.75,177.24,886.2,227.5,221.3,time,2023-09-13 14:00:00-04:00,387.5,435.0
2023-09-14,2023-09-14 10:45:00-04:00,2023-09-14 10:40:00-04:00,15645.5,15536.25,15778.3553563834,132.85535638339977,5,2,3,0.18473571499456712,102.5,109.25,220.24,1101.2,347.5,341.3,time,2023-09-14 14:00:00-04:00,635.0,185.0
2023-09-18,2023-09-18 11:35:00-04:00,2023-09-18 11:30:00-04:00,15435.25,15343.25,15569.334218100827,134.08421810082692,5,2,3,0.18912455527811628,91.75,92.0,185.74,928.7,10.0,3.8,time,2023-09-18 14:00:00-04:00,255.0,112.5
2023-09-19,2023-09-19 13:55:00-04:00,2023-09-19 13:50:00-04:00,15378.0,15303.0,15513.621212205171,135.6212122051709,5,2,3,0.18882734654410013,70.25,75.0,151.74,758.7,-47.5,-53.7,time,2023-09-19 14:00:00-04:00,60.0,102.5
2023-09-22,2023-09-22 10:25:00-04:00,2023-09-22 10:20:00-04:00,14955.75,14888.0,15120.998496021373,165.24849602137323,5,2,3,0.1954864690062433,62.75,67.75,137.24,686.2,-397.5,-403.7,time,2023-09-22 14:00:00-04:00,715.0,482.5
2023-09-25,2023-09-25 11:20:00-04:00,2023-09-25 11:15:00-04:00,14914.0,14782.5,15075.592914979843,161.59291497984225,5,2,3,0.17678396906611146,114.0,131.5,264.74,1323.7,-107.5,-113.7,time,2023-09-25 14:00:00-04:00,220.0,497.5
2023-09-28,2023-09-28 10:05:00-04:00,2023-09-28 10:00:00-04:00,14771.25,14656.25,14940.787334489503,169.53733448950354,5,2,3,0.1601422217567605,91.0,115.0,231.74,1158.7,1227.5373344894979,1221.3373344894978,target+trail_stop,2023-09-28 13:05:00-04:00,1767.5,920.0
2023-09-29,2023-09-29 10:05:00-04:00,2023-09-29 10:00:00-04:00,15051.5,14976.75,15215.910142472903,164.4101424729033,5,2,3,0.1617082917086466,67.25,74.75,151.24,756.2,-750.0,-756.2,stop,2023-09-29 10:20:00-04:00,12.5,775.0
2023-10-02,2023-10-02 10:05:00-04:00,2023-10-02 10:00:00-04:00,14982.5,14847.25,15147.855299332334,165.3552993323338,5,2,3,0.16121595233770566,113.75,135.25,272.24,1361.2,-735.0,-741.2,time,2023-10-02 14:00:00-04:00,637.5,1157.5
2023-10-04,2023-10-04 11:20:00-04:00,2023-10-04 11:15:00-04:00,14845.25,14748.0,15030.225211497263,184.9752114972629,5,2,3,0.17429808955508638,86.5,97.25,196.24,981.2,-252.5,-258.7,time,2023-10-04 14:00:00-04:00,547.5,370.0
2023-10-06,2023-10-06 10:25:00-04:00,2023-10-06 10:20:00-04:00,14824.0,14702.0,14996.664099137439,172.66409913743934,5,2,3,0.17853714393225972,98.75,122.0,245.74,1228.7,2320.1563965497553,2313.9563965497555,target+time,2023-10-06 14:00:00-04:00,2755.0,57.5
2023-10-09,2023-10-09 12:20:00-04:00,2023-10-09 12:15:00-04:00,15074.5,14949.25,15240.20594012365,165.70594012364842,5,2,3,0.19057050177815132,113.25,125.25,252.24,1261.2,1167.5,1161.3,time,2023-10-09 14:00:00-04:00,1190.0,280.0
2023-10-10,2023-10-10 10:05:00-04:00,2023-10-10 10:00:00-04:00,15264.0,15180.0,15434.19286662238,170.19286662237892,5,2,3,0.18646854436669807,61.75,84.0,169.74,848.7,270.0,263.8,time,2023-10-10 14:00:00-04:00,1195.0,265.0
2023-10-12,2023-10-12 10:10:00-04:00,2023-10-12 10:05:00-04:00,15423.0,15365.5,15579.323630369317,156.32363036931815,5,2,3,0.174761608148079,51.0,57.5,116.74,583.6999999999999,-577.5,-583.7,stop,2023-10-12 13:05:00-04:00,465.0,647.5
2023-10-16,2023-10-16 10:20:00-04:00,2023-10-16 10:15:00-04:00,15264.0,15168.75,15449.769840855613,185.76984085561358,5,2,3,0.16640941772355733,91.25,95.25,192.24,961.2,447.5,441.3,time,2023-10-16 14:00:00-04:00,612.5,522.5
2023-10-17,2023-10-17 10:15:00-04:00,2023-10-17 10:10:00-04:00,15158.75,15050.0,15323.090267865808,164.34026786580768,5,2,3,0.17242407133255128,92.0,108.75,219.24,1096.2,457.5,451.3,time,2023-10-17 14:00:00-04:00,1505.0,27.5
2023-10-18,2023-10-18 10:20:00-04:00,2023-10-18 10:15:00-04:00,15200.5,15121.5,15371.708419364908,171.20841936490737,5,2,3,0.17267757282155366,77.5,79.0,159.74,798.7,-792.5,-798.7,stop,2023-10-18 10:35:00-04:00,235.0,960.0
2023-10-19,2023-10-19 12:25:00-04:00,2023-10-19 12:20:00-04:00,15115.25,15021.0,15298.257314270908,183.00731427090884,5,2,3,0.16917680709674154,88.25,94.25,190.24,951.2,-945.0,-951.2,stop,2023-10-19 12:30:00-04:00,27.5,1597.5
2023-10-23,2023-10-23 10:15:00-04:00,2023-10-23 10:10:00-04:00,14657.5,14514.25,14857.956182754353,200.45618275435325,5,2,3,0.1683834015505865,128.5,143.25,288.24,1441.2,1410.0,1403.8,time,2023-10-23 14:00:00-04:00,1967.5,237.5
2023-10-24,2023-10-24 10:30:00-04:00,2023-10-24 10:25:00-04:00,14848.25,14759.0,15038.781167986897,190.5311679868968,5,2,3,0.16871894173934462,78.25,89.25,180.24,901.2,-895.0,-901.2,stop,2023-10-24 12:20:00-04:00,295.0,927.5
2023-10-27,2023-10-27 11:10:00-04:00,2023-10-27 11:05:00-04:00,14358.75,14291.0,14545.803956254438,187.05395625443876,5,2,3,0.19001988064973557,65.25,67.75,137.24,686.2,-680.0,-686.2,stop,2023-10-27 13:05:00-04:00,487.5,1052.5
2023-10-31,2023-10-31 12:50:00-04:00,2023-10-31 12:45:00-04:00,14435.25,14311.25,14614.843717108963,179.5937171089622,5,2,3,0.19170423769807668,117.75,124.0,249.74,1248.7,420.0,413.8,time,2023-10-31 14:00:00-04:00,527.5,222.5
2023-11-01,2023-11-01 10:25:00-04:00,2023-11-01 10:20:00-04:00,14631.0,14515.25,14798.190279052345,167.1902790523463,5,2,3,0.1834090571537951,66.25,115.75,233.24,1166.2,-255.0,-261.2,time,2023-11-01 14:00:00-04:00,185.0,687.5
2023-11-02,2023-11-02 10:55:00-04:00,2023-11-02 10:50:00-04:00,14955.25,14900.75,15114.180953717441,158.93095371744153,5,2,3,0.19132631519177418,51.75,54.5,110.74,553.6999999999999,382.5,376.3,time,2023-11-02 14:00:00-04:00,447.5,327.5
2023-11-03,2023-11-03 11:50:00-04:00,2023-11-03 11:45:00-04:00,15143.5,15040.25,15292.888700422098,149.38870042209757,5,2,3,0.2005758235473101,99.75,103.25,208.24,1041.2,477.5,471.3,time,2023-11-03 14:00:00-04:00,607.5,77.5
2023-11-07,2023-11-07 10:05:00-05:00,2023-11-07 10:00:00-05:00,15309.25,15224.5,15452.84798389887,143.59798389886976,5,2,3,0.19503593607056485,78.75,84.75,171.24,856.2,915.0,908.8,time,2023-11-07 14:00:00-05:00,1020.0,362.5
2023-11-09,2023-11-09 11:50:00-05:00,2023-11-09 11:45:00-05:00,15429.75,15365.75,15570.20152730189,140.4515273018901,5,2,3,0.19525477996013302,57.25,64.0,129.74,648.7,-642.5,-648.7,stop,2023-11-09 13:00:00-05:00,235.0,1087.5
2023-11-10,2023-11-10 11:05:00-05:00,2023-11-10 11:00:00-05:00,15404.25,15305.5,15552.620572796597,148.3705727965967,5,2,3,0.1962886970626492,83.5,98.75,199.24,996.2,1514.9822911863885,1508.7822911863884,target+time,2023-11-10 14:00:00-05:00,1645.0,10.0
2023-11-13,2023-11-13 10:55:00-05:00,2023-11-13 10:50:00-05:00,15543.25,15465.25,15681.993105835962,138.74310583596085,5,2,3,0.20414052401092253,73.75,78.0,157.74,788.7,152.5,146.3,time,2023-11-13 14:00:00-05:00,462.5,137.5
2023-11-14,2023-11-14 10:05:00-05:00,2023-11-14 10:00:00-05:00,15884.5,15790.0,16032.192906119271,147.69290611927073,5,2,3,0.20088724716491793,77.75,94.5,190.74,953.7,-322.5,-328.7,time,2023-11-14 14:00:00-05:00,182.5,512.5
2023-11-17,2023-11-17 12:05:00-05:00,2023-11-17 12:00:00-05:00,15883.5,15831.5,16026.781115808071,143.2811158080705,5,2,3,0.19804042191435453,49.25,52.0,105.74,528.6999999999999,265.0,258.8,time,2023-11-17 14:00:00-05:00,440.0,200.0
2023-11-20,2023-11-20 11:00:00-05:00,2023-11-20 10:55:00-05:00,15999.75,15894.75,16138.838752771675,139.08875277167581,5,2,3,0.1889874600575742,102.25,105.0,211.74,1058.7,710.0,703.8,time,2023-11-20 14:00:00-05:00,770.0,5.0
2023-11-23,2023-11-23 11:00:00-05:00,2023-11-23 10:55:00-05:00,16073.5,16053.25,16203.610789410572,130.11078941057085,5,2,3,,16.25,20.25,42.24,211.20000000000002,-112.5,-118.7,time,2023-11-23 18:00:00-05:00,27.5,150.0
2023-11-27,2023-11-27 10:10:00-05:00,2023-11-27 10:05:00-05:00,16044.25,15970.25,16170.18231656856,125.93231656855923,5,2,3,0.16527885390941968,67.0,74.0,149.74,748.7,85.0,78.8,time,2023-11-27 14:00:00-05:00,447.5,450.0
2023-11-28,2023-11-28 10:40:00-05:00,2023-11-28 10:35:00-05:00,16010.75,15958.25,16138.739112613817,127.98911261381704,5,2,3,0.14375637726175003,49.0,52.5,106.74,533.6999999999999,-82.5,-88.7,time,2023-11-28 14:00:00-05:00,607.5,420.0
2023-12-01,2023-12-01 11:15:00-05:00,2023-12-01 11:10:00-05:00,15976.75,15875.5,16106.782131854034,130.03213185403368,5,2,3,0.1491406178387344,68.0,101.25,204.24,1021.2,177.5,171.3,time,2023-12-01 14:00:00-05:00,732.5,465.0
2023-12-05,2023-12-05 10:05:00-05:00,2023-12-05 10:00:00-05:00,15925.75,15783.25,16056.972215991382,131.22221599138206,5,2,3,0.14106466339931462,80.75,142.5,286.74,1433.7,-530.0,-536.2,time,2023-12-05 14:00:00-05:00,360.0,982.5
2023-12-07,2023-12-07 10:25:00-05:00,2023-12-07 10:20:00-05:00,15993.75,15888.0,16124.42424782297,130.67424782296922,5,2,3,0.13981900152865562,94.0,105.75,213.24,1066.2,397.5,391.3,time,2023-12-07 14:00:00-05:00,625.0,630.0
2023-12-08,2023-12-08 10:05:00-05:00,2023-12-08 10:00:00-05:00,16045.0,15946.75,16177.00264333466,132.00264333465938,5,2,3,0.14285754044104415,79.5,98.25,198.24,991.2,412.5,406.3,time,2023-12-08 14:00:00-05:00,682.5,552.5
2023-12-11,2023-12-11 10:10:00-05:00,2023-12-11 10:05:00-05:00,16168.25,16068.5,16294.035245867555,125.78524586755543,5,2,3,0.14283334759726762,95.5,99.75,201.24,1006.2,662.5,656.3,time,2023-12-11 14:00:00-05:00,757.5,467.5
2023-12-12,2023-12-12 10:05:00-05:00,2023-12-12 10:00:00-05:00,16257.5,16185.0,16386.847143689894,129.3471436898951,5,2,3,0.13971013217467537,70.75,72.5,146.74,733.7,602.5,596.3,time,2023-12-12 14:00:00-05:00,645.0,107.5
2023-12-15,2023-12-15 10:20:00-05:00,2023-12-15 10:15:00-05:00,16848.25,16780.25,16980.705230593456,132.45523059345643,5,2,3,0.10829539580551648,66.75,68.0,137.74,688.7,-682.5,-688.7,stop,2023-12-15 13:40:00-05:00,390.0,747.5
2023-12-18,2023-12-18 10:05:00-05:00,2023-12-18 10:00:00-05:00,16896.25,16832.0,17026.95386291428,130.70386291428144,5,2,3,0.10758227863309561,51.0,64.25,130.24,651.2,580.0,573.8,time,2023-12-18 14:00:00-05:00,615.0,405.0
2023-12-19,2023-12-19 10:35:00-05:00,2023-12-19 10:30:00-05:00,16997.75,16944.5,17132.237155001538,134.48715500153827,5,2,3,0.10785232285053883,50.75,53.25,108.24,541.1999999999999,-42.5,-48.7,time,2023-12-19 14:00:00-05:00,150.0,327.5
2023-12-20,2023-12-20 10:05:00-05:00,2023-12-20 10:00:00-05:00,17026.5,16970.75,17160.892856015227,134.39285601522639,5,2,3,0.10761884306555503,53.5,55.75,113.24,566.1999999999999,125.0,118.8,time,2023-12-20 14:00:00-05:00,470.0,67.5
2023-12-26,2023-12-26 10:40:00-05:00,2023-12-26 10:35:00-05:00,17057.75,17005.25,17197.762203446393,140.0122034463918,5,2,3,0.1182449724339711,46.75,52.5,106.74,533.6999999999999,-87.5,-93.7,time,2023-12-26 14:00:00-05:00,62.5,350.0
2024-01-04,2024-01-04 10:10:00-05:00,2024-01-04 10:05:00-05:00,16513.75,16443.0,16659.803693098052,146.05369309805334,5,2,3,0.13882818617396706,57.0,70.75,143.24,716.2,-85.0,-91.2,time,2024-01-04 14:00:00-05:00,702.5,332.5
2024-01-05,2024-01-05 10:05:00-05:00,2024-01-05 10:00:00-05:00,16540.5,16437.25,16687.728038164805,147.22803816480484,5,2,3,0.1409421490927836,58.25,103.25,208.24,1041.2,-1035.0,-1041.2,stop,2024-01-05 13:15:00-05:00,365.0,1102.5
2024-01-08,2024-01-08 10:05:00-05:00,2024-01-08 10:00:00-05:00,16641.25,16505.25,16781.198078623842,139.94807862384184,5,2,3,0.137821894909607,128.25,136.0,273.74,1368.7,997.5,991.3,time,2024-01-08 14:00:00-05:00,1015.0,182.5
2024-01-09,2024-01-09 10:10:00-05:00,2024-01-09 10:05:00-05:00,16720.75,16660.75,16858.522718273103,137.77271827310497,5,2,3,0.14758792983092828,53.75,60.0,121.74,608.6999999999999,1021.7727182731032,1015.5727182731032,target+trail_stop,2024-01-09 13:30:00-05:00,1477.5,90.0
2024-01-10,2024-01-10 10:45:00-05:00,2024-01-10 10:40:00-05:00,16885.5,16813.25,17021.22639971801,135.72639971800936,5,2,3,0.14745204171173487,60.75,72.25,146.24,731.2,387.5,381.3,time,2024-01-10 14:00:00-05:00,495.0,310.0
2024-01-15,2024-01-15 10:50:00-05:00,2024-01-15 10:45:00-05:00,16968.5,16936.0,17104.252208392107,135.752208392108,5,2,3,,31.5,32.5,66.74,333.7,-27.5,-33.7,time,2024-01-15 18:00:00-05:00,115.0,142.5
2024-01-16,2024-01-16 10:20:00-05:00,2024-01-16 10:15:00-05:00,16965.0,16855.0,17106.60202753495,141.60202753495068,5,2,3,0.14009424331863302,91.0,110.0,221.74,1108.7,-627.5,-633.7,time,2024-01-16 14:00:00-05:00,690.0,742.5
2024-01-18,2024-01-18 10:40:00-05:00,2024-01-18 10:35:00-05:00,17059.5,16995.5,17218.44036345797,158.94036345796746,5,2,3,0.13621664360852603,59.25,64.0,129.74,648.7,-642.5,-648.7,stop,2024-01-18 12:10:00-05:00,430.0,682.5
2024-01-19,2024-01-19 10:05:00-05:00,2024-01-19 10:00:00-05:00,17217.5,17166.25,17370.754058045557,153.2540580455565,5,2,3,0.14400393665589198,48.5,51.25,104.24,521.1999999999999,1678.5162321822281,1672.316232182228,target+time,2024-01-19 14:00:00-05:00,1842.5,487.5
2024-01-23,2024-01-23 13:00:00-05:00,2024-01-23 12:55:00-05:00,17490.0,17409.25,17635.32299328061,145.32299328060824,5,2,3,0.1497015333442758,79.0,80.75,163.24,816.2,-82.5,-88.7,time,2024-01-23 14:00:00-05:00,30.0,300.0
2024-01-24,2024-01-24 10:20:00-05:00,2024-01-24 10:15:00-05:00,17703.25,17637.25,17843.207590729748,139.9575907297459,5,2,3,0.14721858139897645,58.25,66.0,133.74,668.7,112.5,106.3,time,2024-01-24 14:00:00-05:00,907.5,152.5
2024-01-25,2024-01-25 10:30:00-05:00,2024-01-25 10:25:00-05:00,17730.5,17660.5,17877.262830042313,146.76283004231328,5,2,3,0.14736169863564472,67.5,70.0,141.74,708.7,-702.5,-708.7,stop,2024-01-25 12:30:00-05:00,215.0,815.0
2024-01-26,2024-01-26 10:30:00-05:00,2024-01-26 10:25:00-05:00,17581.0,17515.25,17729.958602049446,148.95860204944458,5,2,3,0.1464005757650963,56.25,65.75,133.24,666.2,-660.0,-666.2,stop,2024-01-26 12:50:00-05:00,502.5,660.0
2024-01-29,2024-01-29 12:25:00-05:00,2024-01-29 12:20:00-05:00,17599.5,17529.75,17746.50888491424,147.00888491424226,5,2,3,0.148487968413332,55.0,69.75,141.24,706.2,-117.5,-123.7,time,2024-01-29 14:00:00-05:00,102.5,215.0
2024-02-01,2024-02-01 10:10:00-05:00,2024-02-01 10:05:00-05:00,17352.75,17285.0,17509.61279196551,156.8627919655099,5,2,3,0.1528414720797102,52.5,67.75,137.24,686.2,-680.0,-686.2,stop,2024-02-01 10:55:00-05:00,185.0,805.0
2024-02-02,2024-02-02 10:45:00-05:00,2024-02-02 10:40:00-05:00,17654.0,17465.75,17808.359128523814,154.3591285238133,5,2,3,0.1480250034839325,158.25,188.25,378.24,1891.2,750.0,743.8,time,2024-02-02 14:00:00-05:00,1025.0,480.0
2024-02-07,2024-02-07 10:15:00-05:00,2024-02-07 10:10:00-05:00,17807.5,17718.25,17954.002777886068,146.50277788606712,5,2,3,0.13959154109245728,59.75,89.25,180.24,901.2,445.0,438.8,time,2024-02-07 14:00:00-05:00,685.0,280.0
2024-02-08,2024-02-08 10:05:00-05:00,2024-02-08 10:00:00-05:00,17852.75,17807.5,17997.03843049994,144.28843049993938,5,2,3,0.14265697651467468,45.0,45.25,92.24,461.2,157.5,151.3,time,2024-02-08 14:00:00-05:00,437.5,292.5
2024-02-09,2024-02-09 10:20:00-05:00,2024-02-09 10:15:00-05:00,17954.75,17875.25,18099.410391637237,144.66039163723562,5,2,3,0.14211897497330173,69.0,79.5,160.74,803.7,835.0,828.8,time,2024-02-09 14:00:00-05:00,900.0,35.0
2024-02-12,2024-02-12 10:45:00-05:00,2024-02-12 10:40:00-05:00,18060.0,18007.25,18207.10112714388,147.10112714388015,5,2,3,0.14409753690725355,43.75,52.75,107.24,536.1999999999999,-530.0,-536.2,stop,2024-02-12 13:35:00-05:00,615.0,640.0
2024-02-13,2024-02-13 10:25:00-05:00,2024-02-13 10:20:00-05:00,17705.0,17586.5,17860.362706091957,155.3627060919553,5,2,3,0.14607999822092638,97.5,118.5,238.74,1193.7,-482.5,-488.7,time,2024-02-13 14:00:00-05:00,870.0,795.0
2024-02-14,2024-02-14 10:20:00-05:00,2024-02-14 10:15:00-05:00,17826.0,17743.0,18003.9847932157,177.98479321570062,5,2,3,0.15938939966124144,75.75,83.0,167.74,838.7,-832.5,-838.7,stop,2024-02-14 11:00:00-05:00,210.0,1210.0
2024-02-15,2024-02-15 13:20:00-05:00,2024-02-15 13:15:00-05:00,17916.5,17810.5,18078.797484853385,162.2974848533867,5,2,3,0.15906203853364517,92.5,106.0,213.74,1068.7,-52.5,-58.7,time,2024-02-15 14:00:00-05:00,162.5,210.0
2024-02-21,2024-02-21 10:05:00-05:00,2024-02-21 10:00:00-05:00,17522.75,17448.5,17692.960508114156,170.2105081141566,5,2,3,0.14752218998617048,63.0,74.25,150.24,751.2,-745.0,-751.2,stop,2024-02-21 12:10:00-05:00,2.5,855.0
2024-02-22,2024-02-22 11:20:00-05:00,2024-02-22 11:15:00-05:00,17971.25,17864.0,18144.911430842665,173.66143084266488,5,2,3,0.14720073979200293,106.25,107.25,216.24,1081.2,810.0,803.8,time,2024-02-22 14:00:00-05:00,940.0,362.5
2024-02-26,2024-02-26 11:55:00-05:00,2024-02-26 11:50:00-05:00,18055.75,17966.0,18212.143234101874,156.39323410187478,5,2,3,0.17752584952252057,84.75,89.75,181.24,906.2,-417.5,-423.7,time,2024-02-26 14:00:00-05:00,40.0,755.0
2024-02-27,2024-02-27 10:20:00-05:00,2024-02-27 10:15:00-05:00,18028.5,17938.0,18184.543634287715,156.0436342877129,5,2,3,0.1758723147763351,88.75,90.5,182.74,913.7,-907.5,-913.7,stop,2024-02-27 12:50:00-05:00,40.0,917.5
2024-02-28,2024-02-28 11:05:00-05:00,2024-02-28 11:00:00-05:00,17951.25,17876.25,18103.119456067026,151.86945606702588,5,2,3,0.17302917263887513,70.25,75.0,151.74,758.7,-22.5,-28.7,time,2024-02-28 14:00:00-05:00,237.5,575.0
2024-03-01,2024-03-01 10:10:00-05:00,2024-03-01 10:05:00-05:00,18173.0,18093.5,18326.402046885258,153.40204688525932,5,2,3,0.1612858367304354,51.0,79.5,160.74,803.7,1640.108187541031,1633.9081875410309,target+time,2024-03-01 14:00:00-05:00,1877.5,287.5
2024-03-06,2024-03-06 12:05:00-05:00,2024-03-06 12:00:00-05:00,18132.0,18036.75,18297.16336897294,165.16336897293974,5,2,3,0.17163833852968083,89.5,95.25,192.24,961.2,-955.0,-961.2,stop,2024-03-06 13:50:00-05:00,422.5,1012.5
2024-03-07,2024-03-07 10:25:00-05:00,2024-03-07 10:20:00-05:00,18227.0,18119.0,18393.487995863863,166.48799586386363,5,2,3,0.17169242002221766,106.25,108.0,217.74,1088.7,1262.5,1256.3,time,2024-03-07 14:00:00-05:00,1330.0,85.0
2024-03-08,2024-03-08 10:05:00-05:00,2024-03-08 10:00:00-05:00,18396.5,18288.0,18563.840910493655,167.34091049365625,5,2,3,0.17505707603477683,102.0,108.5,218.74,1093.7,-1087.5,-1093.7,stop,2024-03-08 11:05:00-05:00,397.5,1315.0
2024-03-11,2024-03-11 10:55:00-04:00,2024-03-11 10:50:00-04:00,18008.5,17898.0,18175.714815246054,167.2148152460525,5,2,3,0.18134147984276935,103.75,110.5,222.74,1113.7,-335.0,-341.2,time,2024-03-11 14:00:00-04:00,145.0,897.5
2024-03-12,2024-03-12 10:25:00-04:00,2024-03-12 10:20:00-04:00,18109.75,17929.75,18283.38082831917,173.63082831916688,5,2,3,0.17937511629988834,163.0,180.0,361.74,1808.7,450.0,443.8,time,2024-03-12 14:00:00-04:00,985.0,330.0
2024-03-18,2024-03-18 10:30:00-04:00,2024-03-18 10:25:00-04:00,18372.75,18277.5,18539.527659961717,166.77765996171806,5,2,3,0.179560641114228,84.0,95.25,192.24,961.2,-955.0,-961.2,stop,2024-03-18 11:50:00-04:00,72.5,962.5
2024-03-19,2024-03-19 11:50:00-04:00,2024-03-19 11:45:00-04:00,18153.75,18053.25,18317.624836114337,163.87483611433623,5,2,3,0.17571421896567654,99.5,100.5,202.74,1013.7,1102.5,1096.3,time,2024-03-19 14:00:00-04:00,1325.0,212.5
2024-03-22,2024-03-22 10:05:00-04:00,2024-03-22 10:00:00-04:00,18557.75,18500.25,18708.788464951518,151.03846495151979,5,2,3,0.14887561393807452,47.25,57.5,116.74,583.6999999999999,645.0,638.8,time,2024-03-22 14:00:00-04:00,682.5,560.0
2024-03-25,2024-03-25 10:10:00-04:00,2024-03-25 10:05:00-04:00,18497.25,18415.0,18649.427369549518,152.17736954951874,5,2,3,0.1480654388379061,72.25,82.25,166.24,831.2,550.0,543.8,time,2024-03-25 14:00:00-04:00,605.0,5.0
2024-03-26,2024-03-26 10:05:00-04:00,2024-03-26 10:00:00-04:00,18606.75,18550.0,18761.35197857198,154.60197857198156,5,2,3,0.14873892978901324,44.75,56.75,115.24,576.1999999999999,-570.0,-576.2,stop,2024-03-26 10:25:00-04:00,10.0,595.0
2024-04-02,2024-04-02 13:05:00-04:00,2024-04-02 13:00:00-04:00,18294.25,18223.5,18451.55661674794,157.306616747941,5,2,3,0.1357257788950126,68.75,70.75,143.24,716.2,-167.5,-173.7,time,2024-04-02 14:00:00-04:00,62.5,245.0
2024-04-03,2024-04-03 10:05:00-04:00,2024-04-03 10:00:00-04:00,18352.5,18239.0,18521.40603932846,168.90603932845988,5,2,3,0.1386672343611549,46.0,113.5,228.74,1143.7,645.0,638.8,time,2024-04-03 14:00:00-04:00,995.0,240.0
2024-04-05,2024-04-05 10:15:00-04:00,2024-04-05 10:10:00-04:00,18239.75,18102.5,18427.610886781535,187.86088678153394,5,2,3,0.1369367016984665,125.75,137.25,276.24,1381.2,515.0,508.8,time,2024-04-05 14:00:00-04:00,1680.0,582.5
2024-04-08,2024-04-08 10:30:00-04:00,2024-04-08 10:25:00-04:00,18340.0,18237.75,18525.196418354797,185.19641835479553,5,2,3,0.13181502155024635,99.25,102.25,206.24,1031.2,-327.5,-333.7,time,2024-04-08 14:00:00-04:00,375.0,877.5
2024-04-10,2024-04-10 10:40:00-04:00,2024-04-10 10:35:00-04:00,18221.5,18107.25,18393.447421801942,171.94742180194294,5,2,3,0.12254337959496328,101.0,114.25,230.24,1151.2,-550.0,-556.2,time,2024-04-10 14:00:00-04:00,30.0,1075.0
2024-04-11,2024-04-11 11:55:00-04:00,2024-04-11 11:50:00-04:00,18278.75,18222.5,18460.67957692346,181.9295769234585,5,2,3,0.12179728327228097,51.75,56.25,114.24,571.1999999999999,1577.5,1571.3,time,2024-04-11 14:00:00-04:00,1770.0,20.0
2024-04-16,2024-04-16 10:15:00-04:00,2024-04-16 10:10:00-04:00,17912.75,17822.0,18129.74077880037,216.99077880036793,5,2,3,0.15464895777069643,88.75,90.75,183.24,916.2,-910.0,-916.2,stop,2024-04-16 13:30:00-04:00,247.5,947.5
2024-04-18,2024-04-18 10:40:00-04:00,2024-04-18 10:35:00-04:00,17682.75,17551.0,17885.592746502905,202.84274650290376,5,2,3,0.15534939999629446,127.75,131.75,265.24,1326.2,-1320.0,-1326.2,stop,2024-04-18 13:20:00-04:00,632.5,1437.5
2024-04-22,2024-04-22 13:30:00-04:00,2024-04-22 13:25:00-04:00,17344.5,17264.0,17548.92560974575,204.42560974575136,5,2,3,0.15848666704124875,67.5,80.5,162.74,813.7,522.5,516.3,time,2024-04-22 14:00:00-04:00,702.5,30.0
2024-04-23,2024-04-23 10:25:00-04:00,2024-04-23 10:20:00-04:00,17529.75,17413.5,17716.813414815377,187.06341481537586,5,2,3,0.16438212144059258,114.25,116.25,234.24,1171.2,1070.0,1063.8,time,2024-04-23 14:00:00-04:00,1130.0,72.5
2024-04-25,2024-04-25 10:15:00-04:00,2024-04-25 10:10:00-04:00,17410.5,17308.0,17585.652318005858,175.15231800585767,5,2,3,0.18185320628904747,73.75,102.5,206.74,1033.7,1577.5,1571.3,time,2024-04-25 14:00:00-04:00,1695.0,690.0
2024-04-26,2024-04-26 10:05:00-04:00,2024-04-26 10:00:00-04:00,17808.5,17668.25,17980.925279135463,172.42527913546456,5,2,3,0.18356479824765642,134.5,140.25,282.24,1411.2,690.0,683.8,time,2024-04-26 14:00:00-04:00,927.5,400.0
2024-05-02,2024-05-02 13:30:00-04:00,2024-05-02 13:25:00-04:00,17604.5,17483.0,17775.17190824458,170.67190824458262,5,2,3,0.19222810465121865,119.5,121.5,244.74,1223.7,-97.5,-103.7,time,2024-05-02 14:00:00-04:00,120.0,295.0
2024-05-06,2024-05-06 11:45:00-04:00,2024-05-06 11:40:00-04:00,18111.5,18042.5,18265.409738214516,153.90973821451712,5,2,3,0.2003561294673439,67.75,69.0,139.74,698.7,165.0,158.8,time,2024-05-06 14:00:00-04:00,275.0,442.5
2024-05-07,2024-05-07 11:00:00-04:00,2024-05-07 10:55:00-04:00,18250.5,18188.0,18405.590946486158,155.0909464861577,5,2,3,0.20375849613062758,48.25,62.5,126.74,633.6999999999999,-627.5,-633.7,stop,2024-05-07 13:55:00-04:00,172.5,672.5
2024-05-08,2024-05-08 10:25:00-04:00,2024-05-08 10:20:00-04:00,18194.5,18079.0,18346.13508502187,151.63508502186878,5,2,3,0.20284698664071094,95.75,115.5,232.74,1163.7,-157.5,-163.7,time,2024-05-08 14:00:00-04:00,477.5,562.5
2024-05-09,2024-05-09 10:40:00-04:00,2024-05-09 10:35:00-04:00,18204.0,18108.0,18353.0767474443,149.0767474442994,5,2,3,0.19779289546697068,96.0,96.0,193.74,968.7,17.5,11.3,time,2024-05-09 14:00:00-04:00,335.0,340.0
2024-05-14,2024-05-14 10:25:00-04:00,2024-05-14 10:20:00-04:00,18344.0,18265.25,18501.156619971975,157.15661997197532,5,2,3,0.16512950970795587,61.75,78.75,159.24,796.2,-130.0,-136.2,time,2024-05-14 14:00:00-04:00,275.0,607.5
2024-05-15,2024-05-15 10:25:00-04:00,2024-05-15 10:20:00-04:00,18536.25,18447.25,18692.951849968347,156.70184996834664,5,2,3,0.1662256632385871,84.5,89.0,179.74,898.7,1455.0,1448.8,time,2024-05-15 14:00:00-04:00,1497.5,125.0
2024-05-16,2024-05-16 10:25:00-04:00,2024-05-16 10:20:00-04:00,18718.5,18672.0,18865.30475575148,146.8047557514818,5,2,3,0.16370893202261466,44.5,46.5,94.74,473.7,-467.5,-473.7,stop,2024-05-16 13:25:00-04:00,422.5,470.0
2024-05-17,2024-05-17 10:35:00-04:00,2024-05-17 10:30:00-04:00,18675.25,18620.5,18821.362627208506,146.11262720850732,5,2,3,0.1603431124480657,47.0,54.75,111.24,556.1999999999999,-550.0,-556.2,stop,2024-05-17 12:45:00-04:00,17.5,675.0
2024-05-20,2024-05-20 10:45:00-04:00,2024-05-20 10:40:00-04:00,18756.0,18635.25,18897.66388142096,141.66388142095863,5,2,3,0.13401554717330835,119.0,120.75,243.24,1216.2,-107.5,-113.7,time,2024-05-20 14:00:00-04:00,385.0,275.0
2024-05-21,2024-05-21 10:05:00-04:00,2024-05-21 10:00:00-04:00,18723.75,18678.0,18867.057474105506,143.307474105507,5,2,3,0.13340974048622553,41.75,45.75,93.24,466.2,517.5,511.3,time,2024-05-21 14:00:00-04:00,570.0,237.5
2024-05-22,2024-05-22 11:15:00-04:00,2024-05-22 11:10:00-04:00,18834.5,18789.0,18975.214390568904,140.71439056890424,5,2,3,0.12263440613222032,41.5,45.5,92.74,463.7,-457.5,-463.7,stop,2024-05-22 13:35:00-04:00,40.0,672.5
2024-05-24,2024-05-24 10:15:00-04:00,2024-05-24 10:10:00-04:00,18791.0,18731.75,18942.1612656088,151.16126560880048,5,2,3,0.12722436517350982,55.75,59.25,120.24,601.1999999999999,1120.0,1113.8,time,2024-05-24 14:00:00-04:00,1277.5,7.5
2024-05-27,2024-05-27 11:05:00-04:00,2024-05-27 11:00:00-04:00,18913.5,18877.25,19055.63861424817,142.13861424817003,5,2,3,,34.0,36.25,74.24,371.2,362.5,356.3,time,2024-05-27 18:00:00-04:00,437.5,22.5
2024-05-28,2024-05-28 13:35:00-04:00,2024-05-28 13:30:00-04:00,18937.25,18838.75,19084.696718959774,147.44671895977615,5,2,3,0.129951168108809,98.25,98.5,198.74,993.7,-350.0,-356.2,time,2024-05-28 14:00:00-04:00,85.0,457.5
2024-05-29,2024-05-29 10:25:00-04:00,2024-05-29 10:20:00-04:00,18856.75,18761.0,19010.221976612174,153.47197661217393,5,2,3,0.13000094833638057,88.75,95.75,193.24,966.2,25.0,18.8,time,2024-05-29 14:00:00-04:00,232.5,405.0
2024-06-05,2024-06-05 10:25:00-04:00,2024-06-05 10:20:00-04:00,18876.25,18813.5,19032.734504647848,156.48450464784665,5,2,3,0.09172382167401662,46.5,62.75,127.24,636.1999999999999,1480.0,1473.8,time,2024-06-05 14:00:00-04:00,1525.0,20.0
2024-06-07,2024-06-07 10:40:00-04:00,2024-06-07 10:35:00-04:00,19073.5,18992.25,19224.65090938224,151.15090938224003,5,2,3,0.11115950665159043,72.0,81.25,164.24,821.2,407.5,401.3,time,2024-06-07 14:00:00-04:00,817.5,582.5
2024-06-10,2024-06-10 10:30:00-04:00,2024-06-10 10:25:00-04:00,19035.5,18977.5,19182.032926852196,146.5329268521975,5,2,3,0.1118158811585508,46.0,58.0,117.74,588.6999999999999,660.0,653.8,time,2024-06-10 14:00:00-04:00,857.5,132.5
2024-06-11,2024-06-11 10:40:00-04:00,2024-06-11 10:35:00-04:00,19092.5,18994.75,19245.72582094972,153.22582094971878,5,2,3,0.11187933215778226,92.75,97.75,197.24,986.2,717.5,711.3,time,2024-06-11 14:00:00-04:00,857.5,295.0
2024-06-12,2024-06-12 10:15:00-04:00,2024-06-12 10:10:00-04:00,19509.5,19374.5,19667.424313062216,157.92431306221619,5,2,3,0.1133561128014804,130.25,135.0,271.74,1358.7,52.5,46.3,time,2024-06-12 14:00:00-04:00,370.0,625.0
2024-06-14,2024-06-14 13:15:00-04:00,2024-06-14 13:10:00-04:00,19652.0,19557.0,19799.81238068919,147.8123806891889,5,2,3,0.11106760842689041,90.0,95.0,191.74,958.7,52.5,46.3,time,2024-06-14 14:00:00-04:00,242.5,135.0
2024-06-17,2024-06-17 11:00:00-04:00,2024-06-17 10:55:00-04:00,19714.0,19640.25,19871.220143201073,157.22014320107237,5,2,3,0.11036745170912501,69.5,73.75,149.24,746.2,2120.3805728042935,2114.1805728042937,target+time,2024-06-17 14:00:00-04:00,2770.0,2.5
2024-06-18,2024-06-18 13:50:00-04:00,2024-06-18 13:45:00-04:00,19949.75,19889.5,20109.981305840087,160.23130584008638,5,2,3,0.1129165491911638,54.25,60.25,122.24,611.1999999999999,-227.5,-233.7,time,2024-06-18 14:00:00-04:00,32.5,647.5
2024-06-21,2024-06-21 11:20:00-04:00,2024-06-21 11:15:00-04:00,20033.5,19914.0,20201.092521443337,167.59252144333848,5,2,3,0.1124001790181323,113.75,119.5,240.74,1203.7,-725.0,-731.2,time,2024-06-21 14:00:00-04:00,395.0,862.5
2024-06-24,2024-06-24 10:05:00-04:00,2024-06-24 10:00:00-04:00,19975.75,19866.75,20141.85272407771,166.10272407770955,5,2,3,0.11403144483984051,98.5,109.0,219.74,1098.7,-1092.5,-1098.7,stop,2024-06-24 10:40:00-04:00,197.5,1167.5
2024-06-25,2024-06-25 10:05:00-04:00,2024-06-25 10:00:00-04:00,19874.75,19792.25,20041.640476057502,166.89047605750343,5,2,3,0.12156284645737267,60.25,82.5,166.74,833.7,495.0,488.8,time,2024-06-25 14:00:00-04:00,932.5,372.5
2024-06-26,2024-06-26 10:10:00-04:00,2024-06-26 10:05:00-04:00,20002.5,19918.5,20164.289015547256,161.78901554725525,5,2,3,0.12250566697886234,81.25,84.0,169.74,848.7,-842.5,-848.7,stop,2024-06-26 11:10:00-04:00,215.0,905.0
2024-06-27,2024-06-27 10:15:00-04:00,2024-06-27 10:10:00-04:00,20111.0,19989.75,20269.992676890735,158.99267689073588,5,2,3,0.12265405184717139,111.5,121.25,244.24,1221.2,-1215.0,-1221.2,stop,2024-06-27 11:25:00-04:00,55.0,1325.0
2024-06-28,2024-06-28 10:05:00-04:00,2024-06-28 10:00:00-04:00,20220.0,20039.0,20375.90580954263,155.90580954263012,5,2,3,0.11587477806168743,110.0,181.0,363.74,1818.7,-1812.5,-1818.7,stop,2024-06-28 12:15:00-04:00,532.5,1982.5
2024-07-01,2024-07-01 12:10:00-04:00,2024-07-01 12:05:00-04:00,20004.5,19841.25,20161.26453222649,156.7645322264913,5,2,3,0.11006979370289395,144.5,163.25,328.24,1641.2,-50.0,-56.2,time,2024-07-01 14:00:00-04:00,220.0,270.0
2024-07-02,2024-07-02 10:55:00-04:00,2024-07-02 10:50:00-04:00,20113.75,19976.5,20268.58316211675,154.83316211674963,5,2,3,0.10972385937273028,120.0,137.25,276.24,1381.2,950.0,943.8,time,2024-07-02 14:00:00-04:00,1037.5,487.5
2024-07-03,2024-07-03 10:20:00-04:00,2024-07-03 10:15:00-04:00,20284.5,20216.0,20438.219748072752,153.71974807275114,5,2,3,,68.0,68.5,138.74,693.7,1352.5,1346.3,time,2024-07-03 18:00:00-04:00,1510.0,405.0
2024-07-05,2024-07-05 10:05:00-04:00,2024-07-05 10:00:00-04:00,20529.5,20428.0,20688.050849020605,158.5508490206039,5,2,3,0.11122804381068438,88.5,101.5,204.74,1023.7,945.0,938.8,time,2024-07-05 14:00:00-04:00,1092.5,672.5
2024-07-08,2024-07-08 11:25:00-04:00,2024-07-08 11:20:00-04:00,20658.5,20600.75,20820.91012456575,162.41012456575132,5,2,3,0.12140370868912131,53.25,57.75,117.24,586.1999999999999,-50.0,-56.2,time,2024-07-08 14:00:00-04:00,127.5,495.0
2024-07-10,2024-07-10 10:10:00-04:00,2024-07-10 10:05:00-04:00,20785.5,20721.5,20949.30136454534,163.8013645453391,5,2,3,0.10874938931332431,56.75,64.0,129.74,648.7,-642.5,-648.7,stop,2024-07-10 11:00:00-04:00,102.5,825.0
2024-07-12,2024-07-12 10:05:00-04:00,2024-07-12 10:00:00-04:00,20557.25,20425.25,20724.562065504957,167.31206550495776,5,2,3,0.14365200768514694,124.25,132.0,265.74,1328.7,1584.748262019828,1578.548262019828,target+time,2024-07-12 14:00:00-04:00,1837.5,352.5
2024-07-15,2024-07-15 10:10:00-04:00,2024-07-15 10:05:00-04:00,20668.5,20581.5,20830.72834255246,162.22834255245752,5,2,3,0.1430008724856795,84.0,87.0,175.74,878.7,-872.5,-878.7,stop,2024-07-15 13:30:00-04:00,1280.0,1062.5
2024-07-23,2024-07-23 11:15:00-04:00,2024-07-23 11:10:00-04:00,20052.75,19933.25,20241.093793090473,188.34379309047415,5,2,3,0.18413747357923066,100.5,119.5,240.74,1203.7,-1197.5,-1203.7,stop,2024-07-23 12:55:00-04:00,322.5,1260.0
2024-07-25,2024-07-25 11:15:00-04:00,2024-07-25 11:10:00-04:00,19246.75,19016.5,19465.472604141436,218.72260414143634,5,2,3,0.226924377489478,210.0,230.25,462.24,2311.2,427.5,421.3,time,2024-07-25 14:00:00-04:00,1437.5,1042.5
2024-07-26,2024-07-26 11:50:00-04:00,2024-07-26 11:45:00-04:00,19190.0,19060.5,19413.15488642648,223.15488642648154,5,2,3,0.2257277143052378,105.5,129.5,260.74,1303.7,45.0,38.8,time,2024-07-26 14:00:00-04:00,1090.0,407.5
2024-07-31,2024-07-31 10:10:00-04:00,2024-07-31 10:05:00-04:00,19444.75,19310.5,19661.43553784167,216.6855378416696,5,2,3,0.2413002486534268,101.5,134.25,270.24,1351.2,-172.5,-178.7,time,2024-07-31 14:00:00-04:00,712.5,1005.0
2024-08-05,2024-08-05 10:05:00-04:00,2024-08-05 10:00:00-04:00,18042.5,17509.25,18308.343879099753,265.8438790997524,5,2,3,0.299126658897355,444.75,533.25,1068.24,5341.2,357.5,351.3,time,2024-08-05 14:00:00-04:00,2467.5,1922.5
2024-08-06,2024-08-06 10:05:00-04:00,2024-08-06 10:00:00-04:00,18181.25,17961.25,18622.996489656423,441.7464896564248,5,2,3,0.3057037485845793,212.5,220.0,441.74,2208.7,2372.5,2366.3,time,2024-08-06 14:00:00-04:00,2685.0,540.0
2024-08-08,2024-08-08 10:05:00-04:00,2024-08-08 10:00:00-04:00,18276.0,18064.75,18596.63142006293,320.6314200629306,5,2,3,0.30032293565879287,179.25,211.25,424.24,2121.2,2380.0,2373.8,time,2024-08-08 14:00:00-04:00,2677.5,457.5
2024-08-09,2024-08-09 10:15:00-04:00,2024-08-09 10:10:00-04:00,18547.0,18423.0,18824.95074575777,277.9507457577697,5,2,3,0.3264176185555829,105.75,124.0,249.74,1248.7,625.0,618.8,time,2024-08-09 14:00:00-04:00,1277.5,1107.5
2024-08-12,2024-08-12 10:20:00-04:00,2024-08-12 10:15:00-04:00,18674.0,18524.0,18913.62278591668,239.6227859166778,5,2,3,0.3260453975100533,148.75,150.0,301.74,1508.7,-565.0,-571.2,time,2024-08-12 14:00:00-04:00,915.0,977.5
2024-08-13,2024-08-13 10:50:00-04:00,2024-08-13 10:45:00-04:00,18946.75,18815.75,19193.930697381387,247.1806973813878,5,2,3,0.3252002342377729,97.5,131.0,263.74,1318.7,1105.0,1098.8,time,2024-08-13 14:00:00-04:00,1412.5,175.0
2024-08-14,2024-08-14 11:55:00-04:00,2024-08-14 11:50:00-04:00,19176.0,19011.0,19394.884971379633,218.88497137963324,5,2,3,0.3431948147825121,164.0,165.0,331.74,1658.7,-1042.5,-1048.7,time,2024-08-14 14:00:00-04:00,277.5,1575.0
2024-08-15,2024-08-15 10:25:00-04:00,2024-08-15 10:20:00-04:00,19464.25,19336.25,19662.76085158189,198.51085158188982,5,2,3,0.33021262609171864,125.5,128.0,257.74,1288.7,1195.0,1188.8,time,2024-08-15 14:00:00-04:00,1262.5,37.5
2024-08-16,2024-08-16 10:10:00-04:00,2024-08-16 10:05:00-04:00,19546.75,19462.5,19734.281484443898,187.53148444389848,5,2,3,0.34198747809338315,72.25,84.25,170.24,851.2,817.5,811.3,time,2024-08-16 14:00:00-04:00,1157.5,542.5
2024-08-19,2024-08-19 10:55:00-04:00,2024-08-19 10:50:00-04:00,19654.0,19545.0,19837.23667256224,183.2366725622427,5,2,3,0.3405149243244248,79.5,109.0,219.74,1098.7,675.0,668.8,time,2024-08-19 14:00:00-04:00,767.5,347.5
2024-08-21,2024-08-21 10:05:00-04:00,2024-08-21 10:00:00-04:00,19900.0,19813.25,20099.068848407653,199.06884840765318,5,2,3,0.33915527945317886,71.25,86.75,175.24,876.2,-870.0,-876.2,stop,2024-08-21 10:50:00-04:00,820.0,935.0
2024-08-23,2024-08-23 10:05:00-04:00,2024-08-23 10:00:00-04:00,19846.0,19706.5,20065.406675741728,219.40667574172787,5,2,3,0.30815886522353264,58.0,139.5,280.74,1403.7,-1397.5,-1403.7,stop,2024-08-23 10:45:00-04:00,572.5,2047.5
2024-08-27,2024-08-27 10:15:00-04:00,2024-08-27 10:10:00-04:00,19572.25,19441.75,19771.369141305342,199.11914130534296,5,2,3,0.3103238872117481,129.0,130.5,262.74,1313.7,1142.5,1136.3,time,2024-08-27 14:00:00-04:00,1222.5,195.0
2024-08-29,2024-08-29 10:50:00-04:00,2024-08-29 10:45:00-04:00,19681.0,19478.0,19893.127464255453,212.12746425545103,5,2,3,0.2610486932939762,173.5,203.0,407.74,2038.7,-477.5,-483.7,time,2024-08-29 14:00:00-04:00,110.0,1055.0
2024-08-30,2024-08-30 10:05:00-04:00,2024-08-30 10:00:00-04:00,19605.25,19513.0,19798.52979492811,193.27979492810664,5,2,3,0.235615368032103,90.0,92.25,186.24,931.2,-925.0,-931.2,stop,2024-08-30 10:55:00-04:00,52.5,1387.5
2024-09-02,2024-09-02 10:40:00-04:00,2024-09-02 10:35:00-04:00,19651.5,19614.0,19837.18922103352,185.6892210335207,5,2,3,,31.25,37.5,76.74,383.7,-50.0,-56.2,time,2024-09-02 18:00:00-04:00,300.0,237.5
2024-09-04,2024-09-04 10:30:00-04:00,2024-09-04 10:25:00-04:00,18992.75,18860.0,19240.650459851895,247.9004598518952,5,2,3,0.23059371017004338,131.0,132.75,267.24,1336.2,127.5,121.3,time,2024-09-04 14:00:00-04:00,1222.5,165.0
2024-09-05,2024-09-05 10:05:00-04:00,2024-09-05 10:00:00-04:00,19085.0,18884.75,19341.31799324094,256.3179932409418,5,2,3,0.23165823470038452,177.25,200.25,402.24,2011.2,-2005.0,-2011.2,stop,2024-09-05 11:25:00-04:00,652.5,2217.5
2024-09-09,2024-09-09 10:15:00-04:00,2024-09-09 10:10:00-04:00,18698.5,18605.0,18962.1128524564,263.6128524564012,5,2,3,0.22682184349539908,92.5,93.5,188.74,943.7,-937.5,-943.7,stop,2024-09-09 10:30:00-04:00,27.5,1325.0
2024-09-11,2024-09-11 12:30:00-04:00,2024-09-11 12:25:00-04:00,18914.25,18773.25,19141.58548216895,227.33548216894982,5,2,3,0.23301666174047628,133.25,141.0,283.74,1418.7,1257.5,1251.3,time,2024-09-11 14:00:00-04:00,1572.5,430.0
2024-09-12,2024-09-12 10:15:00-04:00,2024-09-12 10:10:00-04:00,19311.5,19185.25,19526.70064613993,215.20064613992992,5,2,3,0.2254291699691717,104.25,126.25,254.24,1271.2,1547.5,1541.3,time,2024-09-12 14:00:00-04:00,1635.0,647.5
2024-09-13,2024-09-13 10:10:00-04:00,2024-09-13 10:05:00-04:00,19507.5,19396.0,19717.265888683123,209.76588868312237,5,2,3,0.22861570889809613,107.0,111.5,224.74,1123.7,532.5,526.3,time,2024-09-13 14:00:00-04:00,695.0,945.0
2024-09-17,2024-09-17 10:50:00-04:00,2024-09-17 10:45:00-04:00,19604.25,19475.25,19815.920716237746,211.67071623774697,5,2,3,0.21325288474227252,118.5,129.0,259.74,1298.7,-1292.5,-1298.7,stop,2024-09-17 12:15:00-04:00,20.0,1337.5
2024-09-19,2024-09-19 10:20:00-04:00,2024-09-19 10:15:00-04:00,20085.75,19963.25,20316.411149045955,230.66114904595486,5,2,3,0.21105688001541517,110.0,122.5,246.74,1233.7,1072.5,1066.3,time,2024-09-19 14:00:00-04:00,1172.5,367.5
2024-09-23,2024-09-23 10:55:00-04:00,2024-09-23 10:50:00-04:00,20109.75,20031.75,20314.337421061202,204.58742106120246,5,2,3,0.22004617704175836,74.25,78.0,157.74,788.7,-782.5,-788.7,stop,2024-09-23 13:00:00-04:00,162.5,912.5
2024-09-24,2024-09-24 11:50:00-04:00,2024-09-24 11:45:00-04:00,20163.75,20081.75,20365.584280594245,201.8342805942442,5,2,3,0.21817650569084515,72.25,82.0,165.74,828.7,15.0,8.8,time,2024-09-24 14:00:00-04:00,510.0,132.5
2024-09-25,2024-09-25 10:10:00-04:00,2024-09-25 10:05:00-04:00,20245.5,20138.25,20441.775845287608,196.27584528760815,5,2,3,0.21429333478226792,95.5,107.25,216.24,1081.2,-1075.0,-1081.2,stop,2024-09-25 13:00:00-04:00,272.5,1100.0
2024-10-02,2024-10-02 10:20:00-04:00,2024-10-02 10:15:00-04:00,19997.5,19833.5,20240.122860022966,242.62286002296491,5,2,3,0.17999686536952475,133.5,164.0,329.74,1648.7,470.0,463.8,time,2024-10-02 14:00:00-04:00,920.0,515.0
2024-10-03,2024-10-03 10:05:00-04:00,2024-10-03 10:00:00-04:00,20091.0,19894.5,20330.201053157693,239.20105315769408,5,2,3,0.17865046636370904,153.5,196.5,394.74,1973.7,-1967.5,-1973.7,stop,2024-10-03 13:00:00-04:00,240.0,2120.0
2024-10-07,2024-10-07 10:20:00-04:00,2024-10-07 10:15:00-04:00,20169.0,20088.75,20413.068347353543,244.06834735354138,5,2,3,0.1358194248441396,75.0,80.25,162.24,811.2,-205.0,-211.2,time,2024-10-07 14:00:00-04:00,187.5,675.0
2024-10-08,2024-10-08 10:05:00-04:00,2024-10-08 10:00:00-04:00,20188.0,20069.5,20475.91841854056,287.9184185405612,5,2,3,0.1424080733063599,89.5,118.5,238.74,1193.7,432.5,426.3,time,2024-10-08 14:00:00-04:00,862.5,325.0
2024-10-09,2024-10-09 10:15:00-04:00,2024-10-09 10:10:00-04:00,20300.5,20238.25,20574.42137990036,273.9213799003603,5,2,3,0.14539754545539907,61.0,62.25,126.24,631.1999999999999,992.5,986.3,time,2024-10-09 14:00:00-04:00,1480.0,67.5
2024-10-10,2024-10-10 10:15:00-04:00,2024-10-10 10:10:00-04:00,20402.25,20301.25,20670.347089107967,268.0970891079655,5,2,3,0.1325646405484038,88.75,101.0,203.74,1018.7,432.5,426.3,time,2024-10-10 14:00:00-04:00,1057.5,420.0
2024-10-11,2024-10-11 10:10:00-04:00,2024-10-11 10:05:00-04:00,20414.0,20313.25,20683.15166353263,269.1516635326282,5,2,3,0.1295621239730464,57.75,100.75,203.24,1016.2,230.0,223.8,time,2024-10-11 14:00:00-04:00,670.0,230.0
2024-10-18,2024-10-18 10:10:00-04:00,2024-10-18 10:05:00-04:00,20514.25,20433.0,20761.20399744018,246.9539974401808,5,2,3,0.11323597185361159,78.25,81.25,164.24,821.2,-290.0,-296.2,time,2024-10-18 14:00:00-04:00,177.5,720.0
2024-10-21,2024-10-21 10:10:00-04:00,2024-10-21 10:05:00-04:00,20527.75,20423.0,20760.900744334995,233.1507443349957,5,2,3,0.11379862620832606,79.75,104.75,211.24,1056.2,-1050.0,-1056.2,stop,2024-10-21 10:40:00-04:00,265.0,1122.5
2024-10-22,2024-10-22 10:10:00-04:00,2024-10-22 10:05:00-04:00,20491.25,20368.75,20728.374996672832,237.1249966728325,5,2,3,0.11371604938514182,110.75,122.5,246.74,1233.7,830.0,823.8,time,2024-10-22 14:00:00-04:00,1107.5,660.0
2024-10-24,2024-10-24 13:45:00-04:00,2024-10-24 13:40:00-04:00,20381.5,20296.0,20628.525018539513,247.02501853951122,5,2,3,0.12383245464917955,80.75,85.5,172.74,863.7,-365.0,-371.2,time,2024-10-24 14:00:00-04:00,20.0,537.5
2024-10-25,2024-10-25 10:05:00-04:00,2024-10-25 10:00:00-04:00,20679.0,20490.0,20927.54648932798,248.5464893279783,5,2,3,0.1245020688213073,167.75,189.0,379.74,1898.7,-1892.5,-1898.7,stop,2024-10-25 13:40:00-04:00,285.0,1960.0
2024-10-29,2024-10-29 10:05:00-04:00,2024-10-29 10:00:00-04:00,20531.5,20432.0,20787.585860060437,256.0858600604353,5,2,3,0.12271031264704785,94.75,99.5,200.74,1003.7,1405.0,1398.8,time,2024-10-29 14:00:00-04:00,1545.0,205.0
2024-10-30,2024-10-30 10:20:00-04:00,2024-10-30 10:15:00-04:00,20679.5,20543.0,20931.43948270159,251.93948270159004,5,2,3,0.11757236509880994,126.5,136.5,274.74,1373.7,-1032.5,-1038.7,time,2024-10-30 14:00:00-04:00,200.0,1212.5
2024-11-01,2024-11-01 10:15:00-04:00,2024-11-01 10:10:00-04:00,20215.5,20057.25,20510.432595038958,294.9325950389561,5,2,3,0.1521974679326067,118.25,158.25,318.24,1591.2,-580.0,-586.2,time,2024-11-01 14:00:00-04:00,717.5,662.5
2024-11-04,2024-11-04 10:20:00-05:00,2024-11-04 10:15:00-05:00,20161.5,20013.25,20439.38806034992,277.88806034992115,5,2,3,0.14748353178744245,128.75,148.25,298.24,1491.2,-130.0,-136.2,time,2024-11-04 14:00:00-05:00,652.5,1327.5
2024-11-05,2024-11-05 10:25:00-05:00,2024-11-05 10:20:00-05:00,20305.75,20147.0,20586.905415183002,281.1554151830006,5,2,3,0.14302412630018416,152.5,158.75,319.24,1596.2,25.0,18.8,time,2024-11-05 14:00:00-05:00,672.5,732.5
2024-11-06,2024-11-06 12:15:00-05:00,2024-11-06 12:10:00-05:00,20813.0,20643.5,21081.643521795708,268.64352179570665,5,2,3,0.14328706319069467,163.25,169.5,340.74,1703.7,485.0,478.8,time,2024-11-06 14:00:00-05:00,635.0,275.0
2024-11-07,2024-11-07 10:10:00-05:00,2024-11-07 10:05:00-05:00,21116.0,21003.75,21332.42076900377,216.42076900377072,5,2,3,0.1709815551196172,107.0,112.25,226.24,1131.2,655.0,648.8,time,2024-11-07 14:00:00-05:00,927.5,295.0
2024-11-08,2024-11-08 13:30:00-05:00,2024-11-08 13:25:00-05:00,21233.0,21176.25,21436.308097936926,203.30809793692467,5,2,3,0.1776262517673407,55.75,56.75,115.24,576.1999999999999,170.0,163.8,time,2024-11-08 14:00:00-05:00,335.0,30.0
2024-11-13,2024-11-13 12:15:00-05:00,2024-11-13 12:10:00-05:00,21195.75,21121.75,21392.158912404888,196.40891240488696,5,2,3,0.16804688847218324,63.0,74.0,149.74,748.7,617.5,611.3,time,2024-11-13 14:00:00-05:00,730.0,265.0
2024-11-18,2024-11-18 10:05:00-05:00,2024-11-18 10:00:00-05:00,20587.25,20500.5,20796.565600708203,209.31560070820285,5,2,3,0.19209992456847855,71.0,86.75,175.24,876.2,725.0,718.8,time,2024-11-18 14:00:00-05:00,1372.5,192.5
2024-11-19,2024-11-19 10:30:00-05:00,2024-11-19 10:25:00-05:00,20602.5,20508.0,20804.70277233265,202.2027723326486,5,2,3,0.1934742253556696,79.5,94.5,190.74,953.7,1820.0,1813.8,time,2024-11-19 14:00:00-05:00,1900.0,200.0
2024-11-28,2024-11-28 10:25:00-05:00,2024-11-28 10:20:00-05:00,20900.0,20873.75,21085.63725091848,185.63725091848193,5,2,3,,22.5,26.25,54.24,271.2,-132.5,-138.7,time,2024-11-28 18:00:00-05:00,95.0,250.0
2024-12-02,2024-12-02 10:05:00-05:00,2024-12-02 10:00:00-05:00,21175.0,21026.5,21355.209838571267,180.20983857126652,5,2,3,0.18453175647643333,144.0,148.5,298.74,1493.7,372.5,366.3,time,2024-12-02 14:00:00-05:00,845.0,340.0
2024-12-03,2024-12-03 10:05:00-05:00,2024-12-03 10:00:00-05:00,21210.5,21134.75,21388.740530277548,178.24053027754653,5,2,3,0.17078621076203068,75.0,75.75,153.24,766.2,215.0,208.8,time,2024-12-03 14:00:00-05:00,520.0,485.0
2024-12-04,2024-12-04 10:15:00-05:00,2024-12-04 10:10:00-05:00,21444.75,21388.25,21624.418672188516,179.66867218851587,5,2,3,0.17071976879659156,53.75,56.5,114.74,573.6999999999999,270.0,263.8,time,2024-12-04 14:00:00-05:00,517.5,292.5
2024-12-05,2024-12-05 12:15:00-05:00,2024-12-05 12:10:00-05:00,21559.75,21497.75,21742.419371511034,182.66937151103537,5,2,3,0.17160704978486124,54.25,62.0,125.74,628.6999999999999,-622.5,-628.7,stop,2024-12-05 13:20:00-05:00,80.0,785.0
2024-12-06,2024-12-06 10:15:00-05:00,2024-12-06 10:10:00-05:00,21623.75,21485.0,21808.187575932632,184.43757593263092,5,2,3,0.1688391004124676,129.5,138.75,279.24,1396.2,345.0,338.8,time,2024-12-06 14:00:00-05:00,457.5,510.0
2024-12-10,2024-12-10 10:10:00-05:00,2024-12-10 10:05:00-05:00,21593.5,21505.25,21786.52126880342,193.0212688034203,5,2,3,0.13872797776927043,84.5,88.25,178.24,891.2,-885.0,-891.2,stop,2024-12-10 10:55:00-05:00,132.5,970.0
2024-12-11,2024-12-11 10:10:00-05:00,2024-12-11 10:05:00-05:00,21724.0,21573.0,21918.05094166872,194.05094166871962,5,2,3,0.1391708004092436,124.0,151.0,303.74,1518.7,685.0,678.8,time,2024-12-11 14:00:00-05:00,875.0,502.5
2024-12-12,2024-12-12 10:30:00-05:00,2024-12-12 10:25:00-05:00,21707.5,21655.75,21893.198890624622,185.69889062462187,5,2,3,0.15028163443372755,40.75,51.75,105.24,526.1999999999999,-107.5,-113.7,time,2024-12-12 14:00:00-05:00,370.0,385.0
2024-12-16,2024-12-16 10:05:00-05:00,2024-12-16 10:00:00-05:00,21989.5,21896.0,22180.79726575209,191.29726575209116,5,2,3,0.1538693504442192,76.5,93.5,188.74,943.7,1270.0,1263.8,time,2024-12-16 14:00:00-05:00,1382.5,607.5
2024-12-17,2024-12-17 11:40:00-05:00,2024-12-17 11:35:00-05:00,22074.75,21975.75,22279.025987784556,204.27598778455473,5,2,3,0.15706290045662696,86.75,99.0,199.74,998.7,-705.0,-711.2,time,2024-12-17 14:00:00-05:00,60.0,890.0
2024-12-18,2024-12-18 10:15:00-05:00,2024-12-18 10:10:00-05:00,22013.0,21913.25,22233.067489928115,220.0674899281135,5,2,3,0.12849513591920372,89.25,99.75,201.24,1006.2,-215.0,-221.2,time,2024-12-18 14:00:00-05:00,410.0,1050.0
2024-12-20,2024-12-20 10:15:00-05:00,2024-12-20 10:10:00-05:00,21341.5,21160.25,21665.363101349165,323.86310134916585,5,2,3,0.20770758632141068,149.0,181.25,364.24,1821.2,3242.9524053966597,3236.75240539666,target+time,2024-12-20 14:00:00-05:00,4710.0,175.0
2024-12-23,2024-12-23 11:55:00-05:00,2024-12-23 11:50:00-05:00,21681.0,21552.5,21931.75622082298,250.75622082297946,5,2,3,0.2097927874037796,123.0,128.5,258.74,1293.7,637.5,631.3,time,2024-12-23 14:00:00-05:00,762.5,385.0
2024-12-26,2024-12-26 11:15:00-05:00,2024-12-26 11:10:00-05:00,22012.25,21870.5,22210.123729468552,197.87372946855393,5,2,3,0.21010509894167864,138.0,141.75,285.24,1426.2,42.5,36.3,time,2024-12-26 14:00:00-05:00,627.5,392.5
2024-12-30,2024-12-30 11:40:00-05:00,2024-12-30 11:35:00-05:00,21432.0,21282.0,21647.33921106544,215.33921106543906,5,2,3,0.21951660655799585,135.0,150.0,301.74,1508.7,1102.5,1096.3,time,2024-12-30 14:00:00-05:00,1375.0,187.5
