session_date,entry_time,exit_time,trigger_time,entry,exit,stop,target,qty,target_r,estimated_annual_vol,range_points,risk_points,planned_risk_per_contract,planned_risk_usd,gross_pnl,net_pnl,exit_reason,mfe_usd,mae_usd
2021-01-05,2021-01-05 10:05:00-05:00,2021-01-05 14:00:00-05:00,2021-01-05 10:00:00-05:00,12773.0,12752.0,12650.5,12846.5,5,0.6,,118.25,122.5,246.74,1233.7,-210.0,-216.2,time,92.5,847.5
2021-01-06,2021-01-06 10:15:00-05:00,2021-01-06 10:50:00-05:00,2021-01-06 10:10:00-05:00,12677.0,12751.9,12551.75,12752.15,5,0.6,,115.75,125.25,252.24,1261.2,748.9999999999964,742.7999999999963,target,905.0,80.0
2021-01-07,2021-01-07 10:05:00-05:00,2021-01-07 14:00:00-05:00,2021-01-07 10:00:00-05:00,12871.5,12913.0,12726.5,12958.5,5,0.6,,112.25,145.0,291.74,1458.7,415.0,408.8,time,492.5,127.5
2021-01-08,2021-01-08 12:15:00-05:00,2021-01-08 13:20:00-05:00,2021-01-08 12:10:00-05:00,13056.25,12985.5,12985.75,13098.55,5,0.6,,66.75,70.5,142.74,713.7,-707.5,-713.7,stop,92.5,1045.0
2021-01-11,2021-01-11 10:10:00-05:00,2021-01-11 14:00:00-05:00,2021-01-11 10:05:00-05:00,12980.5,12959.75,12892.25,13033.45,5,0.6,,82.75,88.25,178.24,891.2,-207.5,-213.7,time,325.0,492.5
2021-01-13,2021-01-13 10:40:00-05:00,2021-01-13 14:00:00-05:00,2021-01-13 10:35:00-05:00,12958.5,12978.25,12864.0,13015.2,5,0.6,,81.25,94.5,190.74,953.7,197.5,191.3,time,377.5,202.5
2021-01-14,2021-01-14 10:50:00-05:00,2021-01-14 11:55:00-05:00,2021-01-14 10:45:00-05:00,13021.25,12968.25,12968.5,13052.9,5,0.6,,46.5,52.75,107.24,536.1999999999999,-530.0,-536.2,stop,75.0,535.0
2021-01-19,2021-01-19 12:40:00-05:00,2021-01-19 13:35:00-05:00,2021-01-19 12:35:00-05:00,12931.25,12973.6,12860.25,12973.85,5,0.6,,70.25,71.0,143.74,718.7,423.50000000000364,417.30000000000365,target,477.5,77.5
2021-01-20,2021-01-20 10:10:00-05:00,2021-01-20 12:00:00-05:00,2021-01-20 10:05:00-05:00,13206.5,13257.55,13121.0,13257.8,5,0.6,,74.25,85.5,172.74,863.7,510.4999999999927,504.29999999999274,target,532.5,12.5
2021-01-21,2021-01-21 10:15:00-05:00,2021-01-21 14:00:00-05:00,2021-01-21 10:10:00-05:00,13364.75,13364.75,13283.0,13413.8,5,0.6,,60.75,81.75,165.24,826.2,0.0,-6.2,time,280.0,487.5
2021-01-26,2021-01-26 10:50:00-05:00,2021-01-26 14:00:00-05:00,2021-01-26 10:45:00-05:00,13514.25,13500.0,13426.5,13566.9,5,0.6,,82.75,87.75,177.24,886.2,-142.5,-148.7,time,187.5,590.0
2021-01-28,2021-01-28 10:20:00-05:00,2021-01-28 12:20:00-05:00,2021-01-28 10:15:00-05:00,13267.25,13350.4,13128.25,13350.65,5,0.6,,120.5,139.0,279.74,1398.7,831.4999999999964,825.2999999999963,target,957.5,632.5
2021-01-29,2021-01-29 10:25:00-05:00,2021-01-29 11:20:00-05:00,2021-01-29 10:20:00-05:00,13147.5,12998.0,12998.25,13237.05,5,0.6,,137.0,149.25,300.24,1501.2,-1495.0,-1501.2,stop,95.0,1587.5
2021-02-01,2021-02-01 10:45:00-05:00,2021-02-01 12:00:00-05:00,2021-02-01 10:40:00-05:00,13116.25,13203.6,12970.25,13203.85,5,0.6,,132.5,146.0,293.74,1468.7,873.5000000000036,867.3000000000036,target,927.5,750.0
2021-02-02,2021-02-02 10:20:00-05:00,2021-02-02 14:00:00-05:00,2021-02-02 10:15:00-05:00,13434.5,13471.5,13345.0,13488.2,5,0.6,,78.5,89.5,180.74,903.7,370.0,363.8,time,510.0,517.5
2021-02-04,2021-02-04 13:05:00-05:00,2021-02-04 14:00:00-05:00,2021-02-04 13:00:00-05:00,13487.0,13495.0,13412.0,13532.0,5,0.6,0.26149486700942104,68.25,75.0,151.74,758.7,80.0,73.8,time,175.0,55.0
2021-02-05,2021-02-05 12:20:00-05:00,2021-02-05 13:15:00-05:00,2021-02-05 12:15:00-05:00,13596.25,13632.15,13536.0,13632.4,5,0.6,0.25476100803130813,57.0,60.25,122.24,611.1999999999999,358.99999999999636,352.7999999999964,target,422.5,22.5
2021-02-08,2021-02-08 10:05:00-05:00,2021-02-08 11:25:00-05:00,2021-02-08 10:00:00-05:00,13675.0,13632.25,13632.5,13700.5,5,0.6,0.24217522741897923,41.5,42.5,86.74,433.7,-427.5,-433.7,stop,175.0,437.5
2021-02-09,2021-02-09 10:10:00-05:00,2021-02-09 14:00:00-05:00,2021-02-09 10:05:00-05:00,13713.75,13671.5,13645.0,13755.0,5,0.6,0.2386635133261671,63.5,68.75,139.24,696.2,-422.5,-428.7,time,215.0,517.5
2021-02-12,2021-02-12 10:15:00-05:00,2021-02-12 11:25:00-05:00,2021-02-12 10:10:00-05:00,13707.25,13743.75,13646.0,13744.0,5,0.6,0.2294171849755282,59.75,61.25,124.24,621.1999999999999,365.0,358.8,target,390.0,430.0
2021-02-15,2021-02-15 11:00:00-05:00,2021-02-15 12:40:00-05:00,2021-02-15 10:55:00-05:00,13863.0,13871.6,13848.25,13871.85,5,0.6,,14.0,14.75,31.24,156.2,86.00000000000364,79.80000000000364,target,130.0,92.5
2021-02-16,2021-02-16 10:40:00-05:00,2021-02-16 11:05:00-05:00,2021-02-16 10:35:00-05:00,13871.0,13811.25,13811.5,13906.7,5,0.6,0.22699088621966235,57.0,59.5,120.74,603.6999999999999,-597.5,-603.7,stop,25.0,697.5
2021-02-18,2021-02-18 13:25:00-05:00,2021-02-18 14:00:00-05:00,2021-02-18 13:20:00-05:00,13596.0,13600.25,13523.5,13639.5,5,0.6,0.22017306357726335,59.5,72.5,146.74,733.7,42.5,36.3,time,292.5,45.0
2021-02-23,2021-02-23 10:30:00-05:00,2021-02-23 14:00:00-05:00,2021-02-23 10:25:00-05:00,13025.25,13045.5,12757.5,13185.9,5,0.6,0.22802902269133407,258.75,267.75,537.24,2686.2,202.5,196.3,time,940.0,1405.0
2021-02-24,2021-02-24 11:15:00-05:00,2021-02-24 12:25:00-05:00,2021-02-24 11:10:00-05:00,13143.25,13227.9,13001.75,13228.15,5,0.6,0.22578433982493715,118.5,141.5,284.74,1423.7,846.4999999999964,840.2999999999963,target,882.5,17.5
2021-02-26,2021-02-26 12:10:00-05:00,2021-02-26 14:00:00-05:00,2021-02-26 12:05:00-05:00,13052.25,12955.25,12859.25,13168.05,5,0.6,0.2266301056614266,172.5,193.0,387.74,1938.7,-970.0,-976.2,time,375.0,1195.0
2021-03-01,2021-03-01 10:20:00-05:00,2021-03-01 10:55:00-05:00,2021-03-01 10:15:00-05:00,13132.0,13186.8,13040.25,13187.05,5,0.6,0.22601066471332387,75.5,91.75,185.24,926.2,547.9999999999927,541.7999999999927,target,595.0,55.0
2021-03-04,2021-03-04 11:45:00-05:00,2021-03-04 12:25:00-05:00,2021-03-04 11:40:00-05:00,12783.0,12568.5,12568.75,12911.55,5,0.6,0.23209353726778945,196.25,214.25,430.24,2151.2,-2145.0,-2151.2,stop,140.0,2220.0
2021-03-08,2021-03-08 10:35:00-05:00,2021-03-08 11:50:00-05:00,2021-03-08 10:30:00-05:00,12708.25,12526.25,12526.5,12817.3,5,0.6,0.2387482733147758,172.0,181.75,365.24,1826.2,-1820.0,-1826.2,stop,70.0,1882.5
2021-03-09,2021-03-09 10:05:00-05:00,2021-03-09 13:00:00-05:00,2021-03-09 10:00:00-05:00,12724.75,12807.15,12587.0,12807.4,5,0.6,0.2523524895150613,129.25,137.75,277.24,1386.2,823.9999999999964,817.7999999999963,target,985.0,410.0
2021-03-11,2021-03-11 10:50:00-05:00,2021-03-11 11:20:00-05:00,2021-03-11 10:45:00-05:00,13009.5,13055.9,12931.75,13056.15,5,0.6,0.29288343241495285,75.0,77.75,157.24,786.2,463.99999999999636,457.7999999999964,target,520.0,165.0
2021-03-12,2021-03-12 12:30:00-05:00,2021-03-12 14:00:00-05:00,2021-03-12 12:25:00-05:00,12903.25,12882.5,12798.0,12966.4,5,0.6,0.30607997286004,96.75,105.25,212.24,1061.2,-207.5,-213.7,time,230.0,487.5
2021-03-15,2021-03-15 10:15:00-04:00,2021-03-15 11:30:00-04:00,2021-03-15 10:10:00-04:00,12987.5,12896.25,12896.5,13042.1,5,0.6,0.30564509688746927,86.25,91.0,183.74,918.7,-912.5,-918.7,stop,12.5,920.0
2021-03-16,2021-03-16 10:05:00-04:00,2021-03-16 14:00:00-04:00,2021-03-16 10:00:00-04:00,13245.0,13189.75,13142.25,13306.65,5,0.6,0.3080150538433352,96.25,102.75,207.24,1036.2,-552.5,-558.7,time,517.5,740.0
2021-03-17,2021-03-17 10:20:00-04:00,2021-03-17 14:00:00-04:00,2021-03-17 10:15:00-04:00,13066.75,12995.0,12934.25,13146.25,5,0.6,0.30919839888707373,109.0,132.5,266.74,1333.7,-717.5,-723.7,time,482.5,1280.0
2021-03-19,2021-03-19 11:05:00-04:00,2021-03-19 14:00:00-04:00,2021-03-19 11:00:00-04:00,12841.5,12869.25,12725.0,12911.4,5,0.6,0.323327614582031,112.0,116.5,234.74,1173.7,277.5,271.3,time,497.5,837.5
2021-03-22,2021-03-22 10:35:00-04:00,2021-03-22 11:20:00-04:00,2021-03-22 10:30:00-04:00,13026.0,13084.7,12927.75,13084.95,5,0.6,0.32383165258679175,93.25,98.25,198.24,991.2,587.0000000000073,580.8000000000072,target,592.5,140.0
2021-03-23,2021-03-23 10:15:00-04:00,2021-03-23 11:15:00-04:00,2021-03-23 10:10:00-04:00,13122.75,13165.85,13050.5,13166.1,5,0.6,0.31977839715249806,69.0,72.25,146.24,731.2,431.00000000000364,424.80000000000365,target,492.5,717.5
2021-03-25,2021-03-25 10:05:00-04:00,2021-03-25 10:45:00-04:00,2021-03-25 10:00:00-04:00,12823.0,12688.0,12688.25,12903.85,5,0.6,0.32317465001852974,114.75,134.75,271.24,1356.2,-1350.0,-1356.2,stop,140.0,1487.5
2021-03-26,2021-03-26 10:05:00-04:00,2021-03-26 14:00:00-04:00,2021-03-26 10:00:00-04:00,12850.5,12798.75,12754.0,12908.4,5,0.6,0.30171072738198584,76.0,96.5,194.74,973.7,-517.5,-523.7,time,217.5,925.0
2021-03-29,2021-03-29 13:05:00-04:00,2021-03-29 14:00:00-04:00,2021-03-29 13:00:00-04:00,12986.5,12953.5,12852.5,13066.9,5,0.6,0.30472278637508277,125.0,134.0,269.74,1348.7,-330.0,-336.2,time,162.5,520.0
2021-03-30,2021-03-30 11:35:00-04:00,2021-03-30 14:00:00-04:00,2021-03-30 11:30:00-04:00,12895.25,12851.5,12805.25,12949.25,5,0.6,0.2840958595496869,82.75,90.0,181.74,908.7,-437.5,-443.7,time,210.0,700.0
2021-03-31,2021-03-31 10:05:00-04:00,2021-03-31 12:15:00-04:00,2021-03-31 10:00:00-04:00,13067.5,13135.95,12953.0,13136.2,5,0.6,0.2784346687992326,102.75,114.5,230.74,1153.7,684.5000000000073,678.3000000000072,target,700.0,27.5
2021-04-01,2021-04-01 10:10:00-04:00,2021-04-01 14:00:00-04:00,2021-04-01 10:05:00-04:00,13306.25,13281.5,13241.5,13345.1,5,0.6,0.263113545431011,60.25,64.75,131.24,656.2,-247.5,-253.7,time,152.5,462.5
2021-04-05,2021-04-05 10:10:00-04:00,2021-04-05 11:30:00-04:00,2021-04-05 10:05:00-04:00,13490.75,13539.4,13409.25,13539.65,5,0.6,0.26016829262236574,76.25,81.5,164.74,823.7,486.49999999999636,480.2999999999964,target,557.5,52.5
2021-04-06,2021-04-06 10:05:00-04:00,2021-04-06 11:15:00-04:00,2021-04-06 10:00:00-04:00,13605.0,13644.5,13538.75,13644.75,5,0.6,0.26370560585597236,58.75,66.25,134.24,671.2,395.0,388.8,target,415.0,410.0
2021-04-07,2021-04-07 10:05:00-04:00,2021-04-07 14:00:00-04:00,2021-04-07 10:00:00-04:00,13593.0,13598.25,13513.0,13641.0,5,0.6,0.2371484938912809,71.5,80.0,161.74,808.7,52.5,46.3,time,380.0,332.5
2021-04-09,2021-04-09 10:05:00-04:00,2021-04-09 12:05:00-04:00,2021-04-09 10:00:00-04:00,13732.5,13776.8,13658.25,13777.05,5,0.6,0.20319973402553643,69.75,74.25,150.24,751.2,442.9999999999927,436.79999999999274,target,457.5,377.5
2021-04-12,2021-04-12 12:35:00-04:00,2021-04-12 14:00:00-04:00,2021-04-12 12:30:00-04:00,13814.0,13782.5,13742.5,13856.9,5,0.6,0.19198889198675578,67.0,71.5,144.74,723.7,-315.0,-321.2,time,147.5,362.5
2021-04-15,2021-04-15 10:30:00-04:00,2021-04-15 14:00:00-04:00,2021-04-15 10:25:00-04:00,13989.25,14013.75,13923.25,14028.85,5,0.6,0.194910842642622,54.5,66.0,133.74,668.7,245.0,238.8,time,327.5,460.0
2021-04-21,2021-04-21 10:30:00-04:00,2021-04-21 14:00:00-04:00,2021-04-21 10:25:00-04:00,13816.0,13859.25,13700.25,13885.45,5,0.6,0.16752289970211742,104.5,115.75,233.24,1166.2,432.5,426.3,time,607.5,477.5
2021-04-22,2021-04-22 10:35:00-04:00,2021-04-22 13:10:00-04:00,2021-04-22 10:30:00-04:00,13931.0,13855.0,13855.25,13976.45,5,0.6,0.16818447306005826,56.75,75.75,153.24,766.2,-760.0,-766.2,stop,130.0,1070.0
2021-04-23,2021-04-23 10:05:00-04:00,2021-04-23 11:00:00-04:00,2021-04-23 10:00:00-04:00,13838.0,13875.1,13775.75,13875.35,5,0.6,0.1590605595196717,58.5,62.25,126.24,631.1999999999999,371.00000000000364,364.80000000000365,target,385.0,130.0
2021-04-26,2021-04-26 10:10:00-04:00,2021-04-26 11:10:00-04:00,2021-04-26 10:05:00-04:00,13952.5,13982.4,13902.25,13982.65,5,0.6,0.1615989315179521,48.5,50.25,102.24,511.2,298.99999999999636,292.7999999999964,target,357.5,87.5
2021-04-30,2021-04-30 10:25:00-04:00,2021-04-30 13:50:00-04:00,2021-04-30 10:20:00-04:00,13923.5,13840.0,13840.25,13973.45,5,0.6,0.1537471791925383,68.0,83.25,168.24,841.2,-835.0,-841.2,stop,335.0,895.0
2021-05-03,2021-05-03 10:15:00-04:00,2021-05-03 10:50:00-04:00,2021-05-03 10:10:00-04:00,13929.75,13850.75,13851.0,13977.0,5,0.6,0.14897782902406803,65.25,78.75,159.24,796.2,-790.0,-796.2,stop,177.5,905.0
2021-05-06,2021-05-06 11:35:00-04:00,2021-05-06 12:30:00-04:00,2021-05-06 11:30:00-04:00,13523.75,13583.2,13424.25,13583.45,5,0.6,0.15298619935422067,84.75,99.5,200.74,1003.7,594.5000000000073,588.3000000000072,target,675.0,45.0
2021-05-07,2021-05-07 10:10:00-04:00,2021-05-07 14:00:00-04:00,2021-05-07 10:05:00-04:00,13764.5,13681.0,13661.75,13826.15,5,0.6,0.1511587960931989,92.75,102.75,207.24,1036.2,-835.0,-841.2,time,460.0,1025.0
2021-05-11,2021-05-11 11:20:00-04:00,2021-05-11 14:00:00-04:00,2021-05-11 11:15:00-04:00,13272.25,13335.0,13083.75,13385.35,5,0.6,0.17935730890380042,188.0,188.5,378.74,1893.7,627.5,621.3,time,975.0,245.0
2021-05-13,2021-05-13 10:05:00-04:00,2021-05-13 11:40:00-04:00,2021-05-13 10:00:00-04:00,13189.25,13085.75,13086.0,13251.2,5,0.6,0.18925164110393555,82.75,103.25,208.24,1041.2,-1035.0,-1041.2,stop,357.5,1255.0
2021-05-14,2021-05-14 10:15:00-04:00,2021-05-14 11:15:00-04:00,2021-05-14 10:10:00-04:00,13287.0,13334.0,13208.25,13334.25,5,0.6,0.18151476475727188,60.75,78.75,159.24,796.2,470.0,463.8,target,545.0,120.0
2021-05-18,2021-05-18 10:30:00-04:00,2021-05-18 14:00:00-04:00,2021-05-18 10:25:00-04:00,13382.75,13331.0,13300.25,13432.25,5,0.6,0.20577062709522903,61.5,82.5,166.74,833.7,-517.5,-523.7,time,137.5,645.0
2021-05-19,2021-05-19 10:30:00-04:00,2021-05-19 12:20:00-04:00,2021-05-19 10:25:00-04:00,13092.0,13165.25,12969.5,13165.5,5,0.6,0.2043192969410075,108.0,122.5,246.74,1233.7,732.5,726.3,target,785.0,480.0
2021-05-20,2021-05-20 10:05:00-04:00,2021-05-20 11:40:00-04:00,2021-05-20 10:00:00-04:00,13406.5,13481.25,13281.5,13481.5,5,0.6,0.1987924179674949,117.0,125.0,251.74,1258.7,747.5,741.3,target,862.5,97.5
2021-05-24,2021-05-24 10:05:00-04:00,2021-05-24 10:40:00-04:00,2021-05-24 10:00:00-04:00,13590.0,13647.95,13493.0,13648.2,5,0.6,0.20564573112373635,90.5,97.0,195.74,978.7,579.5000000000073,573.3000000000072,target,587.5,57.5
2021-05-26,2021-05-26 11:10:00-04:00,2021-05-26 14:00:00-04:00,2021-05-26 11:05:00-04:00,13711.75,13686.25,13661.75,13741.75,5,0.6,0.21317426551316263,47.0,50.0,101.74,508.7,-255.0,-261.2,time,132.5,360.0
2021-05-27,2021-05-27 10:20:00-04:00,2021-05-27 14:00:00-04:00,2021-05-27 10:15:00-04:00,13699.25,13686.5,13643.75,13732.55,5,0.6,0.21360215538056776,51.5,55.5,112.74,563.6999999999999,-127.5,-133.7,time,215.0,277.5
2021-05-28,2021-05-28 11:45:00-04:00,2021-05-28 14:00:00-04:00,2021-05-28 11:40:00-04:00,13745.5,13716.25,13695.75,13775.35,5,0.6,0.21278867144508867,44.0,49.75,101.24,506.2,-292.5,-298.7,time,177.5,395.0
2021-06-03,2021-06-03 11:00:00-04:00,2021-06-03 14:00:00-04:00,2021-06-03 10:55:00-04:00,13579.25,13566.0,13462.25,13649.45,5,0.6,0.19937865473122654,108.5,117.0,235.74,1178.7,-132.5,-138.7,time,305.0,527.5
2021-06-04,2021-06-04 10:05:00-04:00,2021-06-04 14:00:00-04:00,2021-06-04 10:00:00-04:00,13733.0,13774.5,13605.5,13809.5,5,0.6,0.20344106327034528,99.5,127.5,256.74,1283.7,415.0,408.8,time,460.0,122.5
2021-06-14,2021-06-14 12:05:00-04:00,2021-06-14 14:00:00-04:00,2021-06-14 12:00:00-04:00,14041.25,14059.0,13957.0,14091.8,5,0.6,0.15511500323012628,81.0,84.25,170.24,851.2,177.5,171.3,time,232.5,82.5
2021-06-16,2021-06-16 10:15:00-04:00,2021-06-16 11:05:00-04:00,2021-06-16 10:10:00-04:00,14089.5,14042.25,14042.5,14117.7,5,0.6,0.1357881400952648,45.0,47.0,95.74,478.7,-472.5,-478.7,stop,60.0,485.0
2021-06-17,2021-06-17 10:05:00-04:00,2021-06-17 10:30:00-04:00,2021-06-17 10:00:00-04:00,14040.75,14105.75,13932.0,14106.0,5,0.6,0.13345781977414384,101.75,108.75,219.24,1096.2,650.0,643.8,target,747.5,250.0
2021-06-21,2021-06-21 10:40:00-04:00,2021-06-21 14:00:00-04:00,2021-06-21 10:35:00-04:00,14081.75,14133.5,13958.75,14155.55,5,0.6,0.12823823574966964,113.5,123.0,247.74,1238.7,517.5,511.3,time,622.5,22.5
2021-06-22,2021-06-22 11:10:00-04:00,2021-06-22 14:00:00-04:00,2021-06-22 11:05:00-04:00,14187.75,14221.25,14107.25,14236.05,5,0.6,0.1258931586291146,69.5,80.5,162.74,813.7,335.0,328.8,time,452.5,7.5
2021-06-24,2021-06-24 10:10:00-04:00,2021-06-24 12:10:00-04:00,2021-06-24 10:05:00-04:00,14387.25,14412.95,14344.0,14413.2,5,0.6,0.11794799564293258,42.25,43.25,88.24,441.2,257.0000000000073,250.8000000000073,target,347.5,85.0
2021-06-28,2021-06-28 10:10:00-04:00,2021-06-28 14:00:00-04:00,2021-06-28 10:05:00-04:00,14467.5,14463.0,14391.0,14513.4,5,0.6,0.11774031519069397,67.5,76.5,154.74,773.7,-45.0,-51.2,time,275.0,125.0
2021-06-29,2021-06-29 12:20:00-04:00,2021-06-29 14:00:00-04:00,2021-06-29 12:15:00-04:00,14533.75,14551.0,14470.0,14572.0,5,0.6,0.1218053294785945,59.5,63.75,129.24,646.2,172.5,166.3,time,207.5,37.5
2021-07-02,2021-07-02 11:55:00-04:00,2021-07-02 14:00:00-04:00,2021-07-02 11:50:00-04:00,14670.5,14690.25,14619.25,14701.25,5,0.6,0.10940763140586308,46.0,51.25,104.24,521.1999999999999,197.5,191.3,time,235.0,150.0
2021-07-06,2021-07-06 10:10:00-04:00,2021-07-06 10:30:00-04:00,2021-07-06 10:05:00-04:00,14786.25,14738.5,14738.75,14814.75,5,0.6,0.09951619086870642,35.0,47.5,96.74,483.7,-477.5,-483.7,stop,35.0,610.0
2021-07-08,2021-07-08 10:30:00-04:00,2021-07-08 12:30:00-04:00,2021-07-08 10:25:00-04:00,14644.75,14707.35,14540.0,14707.6,5,0.6,0.09903736516094892,101.75,104.75,211.24,1056.2,626.0000000000036,619.8000000000036,target,712.5,790.0
2021-07-09,2021-07-09 10:25:00-04:00,2021-07-09 10:50:00-04:00,2021-07-09 10:20:00-04:00,14728.25,14764.0,14668.25,14764.25,5,0.6,0.10384266236808616,56.75,60.0,121.74,608.6999999999999,357.5,351.3,target,440.0,247.5
2021-07-13,2021-07-13 10:05:00-04:00,2021-07-13 11:20:00-04:00,2021-07-13 10:00:00-04:00,14927.5,14978.55,14842.0,14978.8,5,0.6,0.10050023003034211,77.0,85.5,172.74,863.7,510.4999999999927,504.29999999999274,target,645.0,130.0
2021-07-14,2021-07-14 10:05:00-04:00,2021-07-14 11:25:00-04:00,2021-07-14 10:00:00-04:00,14992.5,14934.5,14934.75,15027.15,5,0.6,0.09901854329141808,56.5,57.75,117.24,586.1999999999999,-580.0,-586.2,stop,22.5,847.5
2021-07-20,2021-07-20 10:25:00-04:00,2021-07-20 11:05:00-04:00,2021-07-20 10:20:00-04:00,14608.5,14663.3,14516.75,14663.55,5,0.6,0.09443348710160712,84.5,91.75,185.24,926.2,547.9999999999927,541.7999999999927,target,575.0,272.5
2021-07-21,2021-07-21 10:25:00-04:00,2021-07-21 14:00:00-04:00,2021-07-21 10:20:00-04:00,14761.5,14779.0,14692.0,14803.2,5,0.6,0.09699916820503779,65.5,69.5,140.74,703.7,175.0,168.8,time,277.5,262.5
2021-07-22,2021-07-22 10:30:00-04:00,2021-07-22 14:00:00-04:00,2021-07-22 10:25:00-04:00,14904.75,14905.5,14839.75,14943.75,5,0.6,0.09658170949858022,55.0,65.0,131.74,658.7,7.5,1.2999999999999998,time,185.0,542.5
2021-07-23,2021-07-23 10:20:00-04:00,2021-07-23 11:15:00-04:00,2021-07-23 10:15:00-04:00,14997.75,15035.6,14934.25,15035.85,5,0.6,0.09834890048451028,60.0,63.5,128.74,643.7,378.50000000000364,372.30000000000365,target,470.0,140.0
2021-07-26,2021-07-26 10:05:00-04:00,2021-07-26 14:00:00-04:00,2021-07-26 10:00:00-04:00,15112.75,15105.0,15040.25,15156.25,5,0.6,0.10118207820043215,61.0,72.5,146.74,733.7,-77.5,-83.7,time,215.0,305.0
2021-07-28,2021-07-28 10:20:00-04:00,2021-07-28 14:00:00-04:00,2021-07-28 10:15:00-04:00,15054.25,14972.75,14901.5,15145.9,5,0.6,0.11095652041817838,121.0,152.75,307.24,1536.2,-815.0,-821.2,time,205.0,1325.0
2021-07-30,2021-07-30 10:05:00-04:00,2021-07-30 14:00:00-04:00,2021-07-30 10:00:00-04:00,14977.0,14964.5,14866.0,15043.6,5,0.6,0.1109695094214339,86.75,111.0,223.74,1118.7,-125.0,-131.2,time,22.5,667.5
2021-08-02,2021-08-02 11:25:00-04:00,2021-08-02 14:00:00-04:00,2021-08-02 11:20:00-04:00,15045.75,14985.5,14936.0,15111.6,5,0.6,0.1112741429155427,108.25,109.75,221.24,1106.2,-602.5,-608.7,time,55.0,845.0
2021-08-03,2021-08-03 12:00:00-04:00,2021-08-03 14:00:00-04:00,2021-08-03 11:55:00-04:00,15011.0,15019.5,14902.75,15075.95,5,0.6,0.10539853717683753,106.0,108.25,218.24,1091.2,85.0,78.8,time,257.5,312.5
2021-08-04,2021-08-04 13:05:00-04:00,2021-08-04 14:00:00-04:00,2021-08-04 13:00:00-04:00,15075.25,15074.75,15018.5,15109.3,5,0.6,0.10607400060771707,50.75,56.75,115.24,576.1999999999999,-5.0,-11.2,time,277.5,55.0
2021-08-05,2021-08-05 10:20:00-04:00,2021-08-05 11:00:00-04:00,2021-08-05 10:15:00-04:00,15131.0,15165.7,15072.75,15165.95,5,0.6,0.10606652412642327,56.0,58.25,118.24,591.1999999999999,347.0000000000073,340.8000000000073,target,350.0,280.0
2021-08-12,2021-08-12 10:20:00-04:00,2021-08-12 10:50:00-04:00,2021-08-12 10:15:00-04:00,15008.25,15045.2,14946.25,15045.45,5,0.6,0.10632111089126535,59.0,62.0,125.74,628.6999999999999,369.5000000000073,363.3000000000073,target,450.0,42.5
2021-08-13,2021-08-13 10:20:00-04:00,2021-08-13 14:00:00-04:00,2021-08-13 10:15:00-04:00,15133.75,15115.5,15068.0,15173.2,5,0.6,0.1022028766067988,40.25,65.75,133.24,666.2,-182.5,-188.7,time,77.5,415.0
2021-08-17,2021-08-17 10:45:00-04:00,2021-08-17 11:55:00-04:00,2021-08-17 10:40:00-04:00,15050.0,14954.5,14954.75,15107.15,5,0.6,0.09201239052834219,87.75,95.25,192.24,961.2,-955.0,-961.2,stop,77.5,1122.5
2021-08-19,2021-08-19 10:10:00-04:00,2021-08-19 10:55:00-04:00,2021-08-19 10:05:00-04:00,14846.75,14896.45,14763.5,14896.7,5,0.6,0.09844442433015023,72.25,83.25,168.24,841.2,497.0000000000073,490.8000000000073,target,527.5,232.5
2021-08-20,2021-08-20 10:05:00-04:00,2021-08-20 14:00:00-04:00,2021-08-20 10:00:00-04:00,15059.5,15053.75,14959.25,15119.65,5,0.6,0.09687826201985328,86.25,100.25,202.24,1011.2,-57.5,-63.7,time,385.0,577.5
2021-08-23,2021-08-23 10:05:00-04:00,2021-08-23 11:35:00-04:00,2021-08-23 10:00:00-04:00,15230.25,15293.3,15124.75,15293.55,5,0.6,0.09738528329217602,84.25,105.5,212.74,1063.7,630.4999999999927,624.2999999999927,target,647.5,80.0
2021-08-24,2021-08-24 10:10:00-04:00,2021-08-24 14:00:00-04:00,2021-08-24 10:05:00-04:00,15361.25,15347.25,15312.75,15390.35,5,0.6,0.1117355155999504,40.75,48.5,98.74,493.7,-140.0,-146.2,time,190.0,310.0
2021-08-27,2021-08-27 10:05:00-04:00,2021-08-27 10:15:00-04:00,2021-08-27 10:00:00-04:00,15361.75,15408.0,15284.25,15408.25,5,0.6,0.09939144268174115,48.0,77.5,156.74,783.7,462.5,456.3,target,622.5,205.0
2021-08-30,2021-08-30 10:05:00-04:00,2021-08-30 13:30:00-04:00,2021-08-30 10:00:00-04:00,15545.5,15599.4,15455.25,15599.65,5,0.6,0.1037038266557274,74.75,90.25,182.24,911.2,538.9999999999964,532.7999999999963,target,565.0,80.0
2021-09-03,2021-09-03 10:05:00-04:00,2021-09-03 14:00:00-04:00,2021-09-03 10:00:00-04:00,15661.5,15656.5,15554.5,15725.7,5,0.6,0.10806001969793394,90.5,107.0,215.74,1078.7,-50.0,-56.2,time,72.5,570.0
2021-09-06,2021-09-06 10:05:00-04:00,2021-09-06 18:00:00-04:00,2021-09-06 10:00:00-04:00,15706.25,15700.75,15686.5,15718.1,5,0.6,,16.5,19.75,41.24,206.20000000000002,-55.0,-61.2,time,12.5,127.5
2021-09-07,2021-09-07 10:55:00-04:00,2021-09-07 14:00:00-04:00,2021-09-07 10:50:00-04:00,15673.5,15691.75,15613.5,15709.5,5,0.6,0.10586407977833473,55.5,60.0,121.74,608.6999999999999,182.5,176.3,time,280.0,412.5
2021-09-15,2021-09-15 13:00:00-04:00,2021-09-15 14:00:00-04:00,2021-09-15 12:55:00-04:00,15439.5,15452.5,15331.0,15504.6,5,0.6,0.10984106738888379,102.25,108.5,218.74,1093.7,130.0,123.8,time,285.0,50.0
2021-09-22,2021-09-22 10:05:00-04:00,2021-09-22 11:00:00-04:00,2021-09-22 10:00:00-04:00,15094.0,15141.3,15014.75,15141.55,5,0.6,0.111625182733402,63.5,79.25,160.24,801.2,472.9999999999927,466.79999999999274,target,490.0,105.0
2021-09-23,2021-09-23 10:05:00-04:00,2021-09-23 14:00:00-04:00,2021-09-23 10:00:00-04:00,15319.0,15344.75,15182.0,15401.2,5,0.6,0.11846702237260263,114.75,137.0,275.74,1378.7,257.5,251.3,time,277.5,532.5
2021-09-24,2021-09-24 10:05:00-04:00,2021-09-24 14:00:00-04:00,2021-09-24 10:00:00-04:00,15257.25,15261.25,15189.75,15297.75,5,0.6,0.12312645331994883,62.75,67.5,136.74,683.7,40.0,33.8,time,387.5,522.5
2021-09-27,2021-09-27 11:05:00-04:00,2021-09-27 14:00:00-04:00,2021-09-27 11:00:00-04:00,15221.5,15199.75,15084.0,15304.0,5,0.6,0.12137033478284692,130.75,137.5,276.74,1383.7,-217.5,-223.7,time,15.0,1015.0
2021-10-01,2021-10-01 13:50:00-04:00,2021-10-01 14:00:00-04:00,2021-10-01 13:45:00-04:00,14740.5,14717.75,14606.75,14820.75,5,0.6,0.1409549149596632,128.5,133.75,269.24,1346.2,-227.5,-233.7,time,12.5,285.0
2021-10-05,2021-10-05 10:05:00-04:00,2021-10-05 10:50:00-04:00,2021-10-05 10:00:00-04:00,14606.5,14672.25,14496.5,14672.5,5,0.6,0.154591242434425,101.0,110.0,221.74,1108.7,657.5,651.3,target,682.5,135.0
2021-10-06,2021-10-06 10:25:00-04:00,2021-10-06 14:00:00-04:00,2021-10-06 10:20:00-04:00,14658.5,14691.5,14511.25,14746.85,5,0.6,0.1642088839172823,127.75,147.25,296.24,1481.2,330.0,323.8,time,510.0,910.0
2021-10-07,2021-10-07 10:05:00-04:00,2021-10-07 14:00:00-04:00,2021-10-07 10:00:00-04:00,14971.25,14962.25,14859.25,15038.45,5,0.6,0.16754817901735625,96.75,112.0,225.74,1128.7,-90.0,-96.2,time,300.0,345.0
2021-10-11,2021-10-11 10:05:00-04:00,2021-10-11 14:00:00-04:00,2021-10-11 10:00:00-04:00,14868.0,14782.25,14721.5,14955.9,5,0.6,0.17274303334535784,139.25,146.5,294.74,1473.7,-857.5,-863.7,time,287.5,1100.0
2021-10-14,2021-10-14 10:05:00-04:00,2021-10-14 12:05:00-04:00,2021-10-14 10:00:00-04:00,14973.5,15023.05,14890.5,15023.3,5,0.6,0.1783367438581522,67.0,83.0,167.74,838.7,495.4999999999927,489.29999999999274,target,545.0,80.0
2021-10-15,2021-10-15 11:00:00-04:00,2021-10-15 14:00:00-04:00,2021-10-15 10:55:00-04:00,15110.75,15099.0,15049.25,15147.65,5,0.6,0.19210791493607574,50.75,61.5,124.74,623.6999999999999,-117.5,-123.7,time,102.5,522.5
2021-10-18,2021-10-18 10:10:00-04:00,2021-10-18 11:50:00-04:00,2021-10-18 10:05:00-04:00,15153.5,15214.3,15051.75,15214.55,5,0.6,0.18965751387426297,96.0,101.75,205.24,1026.2,607.9999999999927,601.7999999999927,target,635.0,277.5
2021-10-19,2021-10-19 10:30:00-04:00,2021-10-19 12:55:00-04:00,2021-10-19 10:25:00-04:00,15359.5,15393.6,15302.25,15393.85,5,0.6,0.17869056676890657,55.75,57.25,116.24,581.1999999999999,341.00000000000364,334.80000000000365,target,355.0,317.5
2021-10-20,2021-10-20 10:35:00-04:00,2021-10-20 11:00:00-04:00,2021-10-20 10:30:00-04:00,15445.25,15396.5,15396.75,15474.35,5,0.6,0.18075005677624725,44.25,48.5,98.74,493.7,-487.5,-493.7,stop,2.5,620.0
2021-10-21,2021-10-21 10:10:00-04:00,2021-10-21 10:45:00-04:00,2021-10-21 10:05:00-04:00,15399.75,15438.8,15334.25,15439.05,5,0.6,0.17836195256832016,60.0,65.5,132.74,663.7,390.4999999999927,384.29999999999274,target,412.5,112.5
2021-10-22,2021-10-22 10:30:00-04:00,2021-10-22 11:15:00-04:00,2021-10-22 10:25:00-04:00,15463.0,15385.25,15385.5,15509.5,5,0.6,0.17709143591920906,72.75,77.5,156.74,783.7,-777.5,-783.7,stop,7.5,1150.0
2021-10-25,2021-10-25 12:00:00-04:00,2021-10-25 13:10:00-04:00,2021-10-25 11:55:00-04:00,15436.75,15505.2,15322.25,15505.45,5,0.6,0.18014509409797588,110.25,114.5,230.74,1153.7,684.5000000000073,678.3000000000072,target,700.0,27.5
2021-10-26,2021-10-26 10:15:00-04:00,2021-10-26 12:00:00-04:00,2021-10-26 10:10:00-04:00,15674.75,15580.0,15580.25,15731.45,5,0.6,0.1803335478074642,78.0,94.5,190.74,953.7,-947.5,-953.7,stop,262.5,1052.5
2021-10-27,2021-10-27 10:55:00-04:00,2021-10-27 13:20:00-04:00,2021-10-27 10:50:00-04:00,15649.25,15703.6,15558.25,15703.85,5,0.6,0.1483963353259152,87.5,91.0,183.74,918.7,543.5000000000036,537.3000000000036,target,590.0,365.0
2021-10-28,2021-10-28 10:30:00-04:00,2021-10-28 10:45:00-04:00,2021-10-28 10:25:00-04:00,15699.25,15737.1,15635.75,15737.35,5,0.6,0.14785269649744337,57.5,63.5,128.74,643.7,378.50000000000364,372.30000000000365,target,480.0,37.5
2021-10-29,2021-10-29 11:10:00-04:00,2021-10-29 12:10:00-04:00,2021-10-29 11:05:00-04:00,15708.25,15763.35,15616.0,15763.6,5,0.6,0.14614654991618942,83.5,92.25,186.24,931.2,551.0000000000036,544.8000000000036,target,570.0,7.5
2021-11-02,2021-11-02 11:45:00-04:00,2021-11-02 14:00:00-04:00,2021-11-02 11:40:00-04:00,15972.0,15937.75,15864.25,16036.65,5,0.6,0.11795400144353008,104.0,107.75,217.24,1086.2,-342.5,-348.7,time,82.5,597.5
2021-11-04,2021-11-04 10:05:00-04:00,2021-11-04 10:30:00-04:00,2021-11-04 10:00:00-04:00,16253.75,16311.55,16157.0,16311.8,5,0.6,0.1165471426215189,95.0,96.75,195.24,976.2,577.9999999999927,571.7999999999927,target,645.0,97.5
2021-11-10,2021-11-10 10:05:00-05:00,2021-11-10 13:15:00-05:00,2021-11-10 10:00:00-05:00,16182.75,16041.25,16041.5,16267.5,5,0.6,0.10707400633570412,138.25,141.25,284.24,1421.2,-1415.0,-1421.2,stop,367.5,1550.0
2021-11-12,2021-11-12 10:50:00-05:00,2021-11-12 11:05:00-05:00,2021-11-12 10:45:00-05:00,16087.25,16138.3,16001.75,16138.55,5,0.6,0.11536772543662256,76.25,85.5,172.74,863.7,510.4999999999927,504.29999999999274,target,595.0,47.5
2021-11-16,2021-11-16 11:05:00-05:00,2021-11-16 14:00:00-05:00,2021-11-16 11:00:00-05:00,16255.5,16311.75,16149.0,16319.4,5,0.6,0.11519601840395083,103.0,106.5,214.74,1073.7,562.5,556.3,time,677.5,100.0
2021-11-17,2021-11-17 10:40:00-05:00,2021-11-17 11:55:00-05:00,2021-11-17 10:35:00-05:00,16345.0,16389.9,16269.75,16390.15,5,0.6,0.11406938449810596,52.75,75.25,152.24,761.2,449.00000000001455,442.80000000001456,target,457.5,210.0
2021-11-18,2021-11-18 11:35:00-05:00,2021-11-18 11:45:00-05:00,2021-11-18 11:30:00-05:00,16430.5,16476.45,16353.5,16476.7,5,0.6,0.11168234929795769,68.25,77.0,155.74,778.7,459.5000000000073,453.3000000000073,target,485.0,92.5
2021-11-19,2021-11-19 11:40:00-05:00,2021-11-19 14:00:00-05:00,2021-11-19 11:35:00-05:00,16618.25,16580.75,16516.25,16679.45,5,0.6,0.11469262855143128,100.5,102.0,205.74,1028.7,-375.0,-381.2,time,100.0,845.0
2021-11-22,2021-11-22 10:05:00-05:00,2021-11-22 11:10:00-05:00,2021-11-22 10:00:00-05:00,16744.75,16638.0,16638.25,16808.65,5,0.6,0.10573856461217261,101.25,106.5,214.74,1073.7,-1067.5,-1073.7,stop,227.5,1072.5
2021-11-24,2021-11-24 10:05:00-05:00,2021-11-24 11:20:00-05:00,2021-11-24 10:00:00-05:00,16225.75,16299.75,16102.0,16300.0,5,0.6,0.11998511638747643,106.0,123.75,249.24,1246.2,740.0,733.8,target,950.0,687.5
2021-11-29,2021-11-29 11:35:00-05:00,2021-11-29 12:15:00-05:00,2021-11-29 11:30:00-05:00,16317.5,16382.95,16208.0,16383.2,5,0.6,0.12020149523330041,98.5,109.5,220.74,1103.7,654.5000000000073,648.3000000000072,target,657.5,57.5
2021-11-30,2021-11-30 10:05:00-05:00,2021-11-30 10:45:00-05:00,2021-11-30 10:00:00-05:00,16422.25,16318.5,16318.75,16484.35,5,0.6,0.11878098161648748,100.25,103.5,208.74,1043.7,-1037.5,-1043.7,stop,342.5,1612.5
2021-12-01,2021-12-01 10:10:00-05:00,2021-12-01 12:55:00-05:00,2021-12-01 10:05:00-05:00,16371.75,16270.5,16270.75,16432.35,5,0.6,0.12437257317932252,83.25,101.0,203.74,1018.7,-1012.5,-1018.7,stop,560.0,1380.0
2021-12-02,2021-12-02 10:05:00-05:00,2021-12-02 10:40:00-05:00,2021-12-02 10:00:00-05:00,16018.75,15786.75,15787.0,16157.8,5,0.6,0.14975105277041253,217.0,231.75,465.24,2326.2,-2320.0,-2326.2,stop,12.5,2467.5
2021-12-06,2021-12-06 10:20:00-05:00,2021-12-06 14:00:00-05:00,2021-12-06 10:15:00-05:00,15763.25,15871.25,15559.25,15885.65,5,0.6,0.1562404460473179,201.5,204.0,409.74,2048.7,1080.0,1073.8,time,1310.0,1072.5
2021-12-07,2021-12-07 10:10:00-05:00,2021-12-07 12:35:00-05:00,2021-12-07 10:05:00-05:00,16245.5,16321.15,16119.0,16321.4,5,0.6,0.15057315091835075,109.5,126.5,254.74,1273.7,756.4999999999964,750.2999999999963,target,782.5,142.5
2021-12-08,2021-12-08 13:45:00-05:00,2021-12-08 14:00:00-05:00,2021-12-08 13:40:00-05:00,16368.75,16356.0,16251.5,16439.1,5,0.6,0.19099865425615012,105.5,117.25,236.24,1181.2,-127.5,-133.7,time,102.5,210.0
2021-12-17,2021-12-17 10:50:00-05:00,2021-12-17 14:00:00-05:00,2021-12-17 10:45:00-05:00,15882.0,15900.75,15656.75,16017.15,5,0.6,0.23372398538057998,186.25,225.25,452.24,2261.2,187.5,181.3,time,747.5,1407.5
2021-12-21,2021-12-21 12:15:00-05:00,2021-12-21 13:35:00-05:00,2021-12-21 12:10:00-05:00,15813.25,15903.0,15663.25,15903.25,5,0.6,0.23110986489577232,135.5,150.0,301.74,1508.7,897.5,891.3,target,1002.5,105.0
2021-12-22,2021-12-22 10:40:00-05:00,2021-12-22 14:00:00-05:00,2021-12-22 10:35:00-05:00,16066.0,16065.75,15933.75,16145.35,5,0.6,0.2441982632297019,110.75,132.25,266.24,1331.2,-2.5,-8.7,time,747.5,252.5
2021-12-23,2021-12-23 10:15:00-05:00,2021-12-23 11:10:00-05:00,2021-12-23 10:10:00-05:00,16258.75,16307.85,16176.5,16308.1,5,0.6,0.2467303902485786,65.75,82.25,166.24,831.2,491.00000000000364,484.80000000000365,target,562.5,135.0
2021-12-27,2021-12-27 10:05:00-05:00,2021-12-27 10:35:00-05:00,2021-12-27 10:00:00-05:00,16457.75,16525.45,16344.5,16525.7,5,0.6,0.2475094009178366,103.75,113.25,228.24,1141.2,677.0000000000073,670.8000000000072,target,685.0,65.0
2021-12-30,2021-12-30 10:10:00-05:00,2021-12-30 14:00:00-05:00,2021-12-30 10:05:00-05:00,16538.0,16534.0,16449.5,16591.1,5,0.6,0.25120008134512656,68.5,88.5,178.74,893.7,-40.0,-46.2,time,295.0,337.5
2022-01-06,2022-01-06 11:15:00-05:00,2022-01-06 14:00:00-05:00,2022-01-06 11:10:00-05:00,15861.0,15822.5,15672.0,15974.4,5,0.6,0.2342634641865515,178.5,189.0,379.74,1898.7,-385.0,-391.2,time,347.5,915.0
2022-01-10,2022-01-10 13:55:00-05:00,2022-01-10 14:00:00-05:00,2022-01-10 13:50:00-05:00,15418.25,15409.0,15240.75,15524.75,5,0.6,0.23111554521463365,174.25,177.5,356.74,1783.7,-92.5,-98.7,time,345.0,265.0
2022-01-11,2022-01-11 10:05:00-05:00,2022-01-11 11:15:00-05:00,2022-01-11 10:00:00-05:00,15621.0,15708.65,15474.5,15708.9,5,0.6,0.22612530448535825,119.5,146.5,294.74,1473.7,876.4999999999964,870.2999999999963,target,1330.0,1167.5
2022-01-12,2022-01-12 10:15:00-05:00,2022-01-12 10:40:00-05:00,2022-01-12 10:10:00-05:00,16003.5,15884.25,15884.5,16074.9,5,0.6,0.22884275775052915,108.0,119.0,239.74,1198.7,-1192.5,-1198.7,stop,27.5,1455.0
2022-01-18,2022-01-18 10:10:00-05:00,2022-01-18 11:30:00-05:00,2022-01-18 10:05:00-05:00,15408.25,15272.25,15272.5,15489.7,5,0.6,0.21305836169865341,101.75,135.75,273.24,1366.2,-1360.0,-1366.2,stop,267.5,1537.5
2022-01-20,2022-01-20 10:35:00-05:00,2022-01-20 14:00:00-05:00,2022-01-20 10:30:00-05:00,15302.75,15179.0,15160.5,15388.1,5,0.6,0.22966898278963313,125.0,142.25,286.24,1431.2,-1237.5,-1243.7,time,377.5,1302.5
2022-01-21,2022-01-21 11:25:00-05:00,2022-01-21 12:20:00-05:00,2022-01-21 11:20:00-05:00,14844.5,14630.5,14630.75,14972.75,5,0.6,0.21917349445315584,188.0,213.75,429.24,2146.2,-2140.0,-2146.2,stop,75.0,2217.5
2022-01-26,2022-01-26 10:05:00-05:00,2022-01-26 10:40:00-05:00,2022-01-26 10:00:00-05:00,14505.25,14349.75,14350.0,14598.4,5,0.6,0.21363827178340034,149.75,155.25,312.24,1561.2,-1555.0,-1561.2,stop,92.5,1680.0
2022-01-27,2022-01-27 10:15:00-05:00,2022-01-27 10:30:00-05:00,2022-01-27 10:10:00-05:00,14401.25,14231.5,14231.75,14502.95,5,0.6,0.21687092427125643,164.0,169.5,340.74,1703.7,-1697.5,-1703.7,stop,52.5,1937.5
2022-01-28,2022-01-28 10:55:00-05:00,2022-01-28 11:25:00-05:00,2022-01-28 10:50:00-05:00,14109.75,14255.15,13867.0,14255.4,5,0.6,0.21637122384471333,235.25,242.75,487.24,2436.2,1453.9999999999964,1447.7999999999963,target,1480.0,267.5
2022-01-31,2022-01-31 10:05:00-05:00,2022-01-31 14:00:00-05:00,2022-01-31 10:00:00-05:00,14650.0,14774.75,14416.25,14790.25,5,0.6,0.2603707969875256,217.75,233.75,469.24,2346.2,1247.5,1241.3,time,1370.0,102.5
2022-02-03,2022-02-03 10:30:00-05:00,2022-02-03 11:55:00-05:00,2022-02-03 10:25:00-05:00,14822.5,14677.0,14677.25,14909.65,5,0.6,0.29064735255617336,122.0,145.25,292.24,1461.2,-1455.0,-1461.2,stop,205.0,1587.5
2022-02-04,2022-02-04 10:05:00-05:00,2022-02-04 13:20:00-05:00,2022-02-04 10:00:00-05:00,14610.0,14715.95,14433.0,14716.2,5,0.6,0.28605268350184887,173.75,177.0,355.74,1778.7,1059.5000000000073,1053.3000000000072,target,1212.5,1680.0
2022-02-08,2022-02-08 10:50:00-05:00,2022-02-08 11:00:00-05:00,2022-02-08 10:45:00-05:00,14592.75,14647.55,14501.0,14647.8,5,0.6,0.284448082375508,87.25,91.75,185.24,926.2,547.9999999999927,541.7999999999927,target,552.5,115.0
2022-02-09,2022-02-09 11:05:00-05:00,2022-02-09 14:00:00-05:00,2022-02-09 11:00:00-05:00,14964.0,14982.25,14863.75,15024.15,5,0.6,0.2882404839749103,87.75,100.25,202.24,1011.2,182.5,176.3,time,350.0,545.0
2022-02-10,2022-02-10 10:05:00-05:00,2022-02-10 13:35:00-05:00,2022-02-10 10:00:00-05:00,14958.25,14735.0,14735.25,15092.05,5,0.6,0.29255161279192365,198.5,223.0,447.74,2238.7,-2232.5,-2238.7,stop,707.5,2297.5
2022-02-14,2022-02-14 11:20:00-05:00,2022-02-14 13:50:00-05:00,2022-02-14 11:15:00-05:00,14338.0,14182.0,14182.25,14431.45,5,0.6,0.30600892762179066,153.75,155.75,313.24,1566.2,-1560.0,-1566.2,stop,560.0,1737.5
2022-02-15,2022-02-15 10:45:00-05:00,2022-02-15 12:45:00-05:00,2022-02-15 10:40:00-05:00,14540.25,14444.75,14445.0,14597.4,5,0.6,0.30439131835599265,77.25,95.25,192.24,961.2,-955.0,-961.2,stop,237.5,1122.5
2022-02-22,2022-02-22 10:30:00-05:00,2022-02-22 11:50:00-05:00,2022-02-22 10:25:00-05:00,14105.5,13861.75,13862.0,14251.6,5,0.6,0.30923173813308447,233.75,243.5,488.74,2443.7,-2437.5,-2443.7,stop,32.5,2585.0
2022-02-24,2022-02-24 10:15:00-05:00,2022-02-24 13:35:00-05:00,2022-02-24 10:10:00-05:00,13378.5,13570.1,13058.75,13570.35,5,0.6,0.31086392562425313,305.25,319.75,641.24,3206.2,1916.0000000000036,1909.8000000000036,target,2182.5,705.0
2022-02-25,2022-02-25 10:45:00-05:00,2022-02-25 11:50:00-05:00,2022-02-25 10:40:00-05:00,14038.75,14146.2,13859.25,14146.45,5,0.6,0.3313219923897642,155.5,179.5,360.74,1803.7,1074.5000000000073,1068.3000000000072,target,1105.0,182.5
2022-02-28,2022-02-28 10:40:00-05:00,2022-02-28 11:25:00-05:00,2022-02-28 10:35:00-05:00,14181.0,14273.15,14027.0,14273.4,5,0.6,0.3337500631038597,120.75,154.0,309.74,1548.7,921.4999999999964,915.2999999999963,target,965.0,115.0
2022-03-02,2022-03-02 11:10:00-05:00,2022-03-02 13:10:00-05:00,2022-03-02 11:05:00-05:00,14159.0,14247.7,14010.75,14247.95,5,0.6,0.29394386442480497,119.0,148.25,298.24,1491.2,887.0000000000073,880.8000000000072,target,1012.5,232.5
2022-03-08,2022-03-08 12:15:00-05:00,2022-03-08 12:45:00-05:00,2022-03-08 12:10:00-05:00,13458.75,13600.85,13221.5,13601.1,5,0.6,0.3152435577764517,152.25,237.25,476.24,2381.2,1421.0000000000036,1414.8000000000036,target,1605.0,230.0
2022-03-09,2022-03-09 10:25:00-05:00,2022-03-09 12:35:00-05:00,2022-03-09 10:20:00-05:00,13641.0,13727.45,13496.5,13727.7,5,0.6,0.3152330245985902,124.75,144.5,290.74,1453.7,864.5000000000073,858.3000000000072,target,1090.0,605.0
2022-03-10,2022-03-10 10:20:00-05:00,2022-03-10 10:30:00-05:00,2022-03-10 10:15:00-05:00,13605.5,13487.0,13487.25,13676.45,5,0.6,0.3460653350707332,107.25,118.25,238.24,1191.2,-1185.0,-1191.2,stop,2.5,1390.0
2022-03-14,2022-03-14 10:15:00-04:00,2022-03-14 11:40:00-04:00,2022-03-14 10:10:00-04:00,13373.25,13204.75,13205.0,13474.2,5,0.6,0.333765388770126,136.0,168.25,338.24,1691.2,-1685.0,-1691.2,stop,197.5,1870.0
2022-03-15,2022-03-15 10:05:00-04:00,2022-03-15 10:30:00-04:00,2022-03-15 10:00:00-04:00,13220.5,13297.95,13091.0,13298.2,5,0.6,0.3221423027402338,122.25,129.5,260.74,1303.7,774.5000000000073,768.3000000000072,target,795.0,565.0
2022-03-16,2022-03-16 10:15:00-04:00,2022-03-16 10:25:00-04:00,2022-03-16 10:10:00-04:00,13750.75,13833.75,13612.0,13834.0,5,0.6,0.34203535307389377,135.5,138.75,279.24,1396.2,830.0,823.8,target,855.0,22.5
2022-03-17,2022-03-17 10:05:00-04:00,2022-03-17 14:00:00-04:00,2022-03-17 10:00:00-04:00,13991.25,14070.0,13819.0,14094.6,5,0.6,0.3588064411942714,163.25,172.25,346.24,1731.2,787.5,781.3,time,1007.5,1490.0
2022-03-18,2022-03-18 10:05:00-04:00,2022-03-18 12:35:00-04:00,2022-03-18 10:00:00-04:00,14179.75,14290.2,13995.25,14290.45,5,0.6,0.3624186864158584,157.25,184.5,370.74,1853.7,1104.5000000000073,1098.3000000000072,target,1170.0,412.5
2022-03-22,2022-03-22 10:05:00-04:00,2022-03-22 10:40:00-04:00,2022-03-22 10:00:00-04:00,14531.0,14624.65,14374.5,14624.9,5,0.6,0.35324469973296724,114.5,156.5,314.74,1573.7,936.4999999999964,930.2999999999963,target,1017.5,125.0
2022-03-23,2022-03-23 10:15:00-04:00,2022-03-23 11:20:00-04:00,2022-03-23 10:10:00-04:00,14563.5,14624.9,14460.75,14625.15,5,0.6,0.35701803001018967,85.75,102.75,207.24,1036.2,613.9999999999964,607.7999999999963,target,775.0,357.5
2022-03-24,2022-03-24 11:15:00-04:00,2022-03-24 11:25:00-04:00,2022-03-24 11:10:00-04:00,14563.5,14619.95,14469.0,14620.2,5,0.6,0.3433766529465918,82.5,94.5,190.74,953.7,564.5000000000073,558.3000000000072,target,667.5,132.5
2022-03-25,2022-03-25 10:45:00-04:00,2022-03-25 11:00:00-04:00,2022-03-25 10:40:00-04:00,14792.5,14707.75,14708.0,14843.2,5,0.6,0.33572828164197394,80.5,84.5,170.74,853.7,-847.5,-853.7,stop,150.0,915.0
2022-03-30,2022-03-30 10:15:00-04:00,2022-03-30 11:00:00-04:00,2022-03-30 10:10:00-04:00,15219.5,15141.25,15141.5,15266.3,5,0.6,0.3323246609226873,67.5,78.0,157.74,788.7,-782.5,-788.7,stop,155.0,857.5
2022-04-04,2022-04-04 10:40:00-04:00,2022-04-04 14:00:00-04:00,2022-04-04 10:35:00-04:00,15062.0,15119.0,14884.0,15168.8,5,0.6,0.3268510706533147,167.5,178.0,357.74,1788.7,570.0,563.8,time,690.0,337.5
2022-04-08,2022-04-08 11:05:00-04:00,2022-04-08 14:00:00-04:00,2022-04-08 11:00:00-04:00,14477.75,14391.25,14312.25,14577.05,5,0.6,0.29228685132945686,164.5,165.5,332.74,1663.7,-865.0,-871.2,time,202.5,1032.5
2022-04-13,2022-04-13 10:20:00-04:00,2022-04-13 12:20:00-04:00,2022-04-13 10:15:00-04:00,14081.5,14177.25,13921.5,14177.5,5,0.6,0.28012974464685353,151.75,160.0,321.74,1608.7,957.5,951.3,target,960.0,392.5
2022-04-18,2022-04-18 10:15:00-04:00,2022-04-18 12:10:00-04:00,2022-04-18 10:10:00-04:00,13945.75,13826.75,13827.0,14017.0,5,0.6,0.2684143762262917,105.75,118.75,239.24,1196.2,-1190.0,-1196.2,stop,565.0,1305.0
2022-04-19,2022-04-19 10:05:00-04:00,2022-04-19 10:40:00-04:00,2022-04-19 10:00:00-04:00,14023.0,14136.3,13833.75,14136.55,5,0.6,0.25745356672888803,184.0,189.25,380.24,1901.2,1132.9999999999927,1126.7999999999927,target,1207.5,105.0
2022-04-25,2022-04-25 10:30:00-04:00,2022-04-25 14:00:00-04:00,2022-04-25 10:25:00-04:00,13392.75,13351.75,13235.5,13487.1,5,0.6,0.2543972917822264,130.5,157.25,316.24,1581.2,-410.0,-416.2,time,737.5,1522.5
2022-04-28,2022-04-28 12:40:00-04:00,2022-04-28 13:10:00-04:00,2022-04-28 12:35:00-04:00,13292.0,13409.65,13095.5,13409.9,5,0.6,0.27460722665936527,185.0,196.5,394.74,1973.7,1176.4999999999964,1170.2999999999963,target,1337.5,5.0
2022-05-02,2022-05-02 10:30:00-04:00,2022-05-02 13:45:00-04:00,2022-05-02 10:25:00-04:00,12983.0,12742.25,12742.5,13127.3,5,0.6,0.3151992137025149,231.25,240.5,482.74,2413.7,-2407.5,-2413.7,stop,612.5,2422.5
2022-05-03,2022-05-03 10:05:00-04:00,2022-05-03 14:00:00-04:00,2022-05-03 10:00:00-04:00,13139.75,13137.5,12968.0,13242.8,5,0.6,0.32416295983399557,146.25,171.75,345.24,1726.2,-22.5,-28.7,time,442.5,1630.0
2022-05-04,2022-05-04 13:05:00-04:00,2022-05-04 14:00:00-04:00,2022-05-04 13:00:00-04:00,13121.0,13141.75,13017.0,13183.4,5,0.6,0.3113633211903188,97.25,104.0,209.74,1048.7,207.5,201.3,time,1105.0,717.5
2022-05-06,2022-05-06 10:50:00-04:00,2022-05-06 14:00:00-04:00,2022-05-06 10:45:00-04:00,12807.0,12685.0,12519.25,12979.65,5,0.6,0.3606152963428307,273.25,287.75,577.24,2886.2,-1220.0,-1226.2,time,1222.5,1395.0
2022-05-12,2022-05-12 10:10:00-04:00,2022-05-12 10:20:00-04:00,2022-05-12 10:05:00-04:00,11910.0,12040.1,11692.75,12040.35,5,0.6,0.3787681850415592,215.0,217.25,436.24,2181.2,1301.0000000000036,1294.8000000000036,target,1365.0,125.0
2022-05-13,2022-05-13 10:05:00-04:00,2022-05-13 12:10:00-04:00,2022-05-13 10:00:00-04:00,12288.0,12421.7,12064.75,12421.95,5,0.6,0.3650480700187833,214.25,223.25,448.24,2241.2,1337.0000000000073,1330.8000000000072,target,1425.0,300.0
2022-05-16,2022-05-16 10:30:00-04:00,2022-05-16 10:55:00-04:00,2022-05-16 10:25:00-04:00,12366.5,12214.75,12215.0,12457.4,5,0.6,0.3925447396930754,143.5,151.5,304.74,1523.7,-1517.5,-1523.7,stop,67.5,1602.5
2022-05-19,2022-05-19 11:25:00-04:00,2022-05-19 14:00:00-04:00,2022-05-19 11:20:00-04:00,11979.25,11974.75,11795.5,12089.5,5,0.6,0.4317665327954751,183.25,183.75,369.24,1846.2,-45.0,-51.2,time,977.5,1282.5
2022-05-23,2022-05-23 11:35:00-04:00,2022-05-23 14:00:00-04:00,2022-05-23 11:30:00-04:00,12001.25,12002.5,11818.25,12111.05,5,0.6,0.4210711793076383,159.0,183.0,367.74,1838.7,12.5,6.3,time,507.5,845.0
2022-05-25,2022-05-25 10:30:00-04:00,2022-05-25 14:00:00-04:00,2022-05-25 10:25:00-04:00,11889.75,11852.0,11708.0,11998.8,5,0.6,0.4026190103016817,149.75,181.75,365.24,1826.2,-377.5,-383.7,time,397.5,1012.5
2022-05-26,2022-05-26 10:15:00-04:00,2022-05-26 12:55:00-04:00,2022-05-26 10:10:00-04:00,12161.75,12319.15,11899.0,12319.4,5,0.6,0.40555082520163466,227.25,262.75,527.24,2636.2,1573.9999999999964,1567.7999999999963,target,1585.0,352.5
2022-05-27,2022-05-27 10:05:00-04:00,2022-05-27 12:10:00-04:00,2022-05-27 10:00:00-04:00,12533.25,12611.9,12401.75,12612.15,5,0.6,0.40572584338119533,130.5,131.5,264.74,1323.7,786.4999999999964,780.2999999999963,target,790.0,255.0
2022-05-30,2022-05-30 10:50:00-04:00,2022-05-30 12:25:00-04:00,2022-05-30 10:45:00-04:00,12792.25,12819.75,12746.0,12820.0,5,0.6,,30.75,46.25,94.24,471.2,275.0,268.8,target,337.5,217.5
2022-05-31,2022-05-31 11:55:00-04:00,2022-05-31 14:00:00-04:00,2022-05-31 11:50:00-04:00,12698.0,12757.75,12520.25,12804.65,5,0.6,0.4104264757591247,168.5,177.75,357.24,1786.2,597.5,591.3,time,695.0,392.5
2022-06-02,2022-06-02 10:15:00-04:00,2022-06-02 11:50:00-04:00,2022-06-02 10:10:00-04:00,12618.0,12723.2,12442.25,12723.45,5,0.6,0.4065864295375023,128.25,175.75,353.24,1766.2,1052.0000000000073,1045.8000000000072,target,1135.0,1205.0
2022-06-06,2022-06-06 10:05:00-04:00,2022-06-06 11:15:00-04:00,2022-06-06 10:00:00-04:00,12789.5,12673.0,12673.25,12859.25,5,0.6,0.3793334722451687,112.0,116.25,234.24,1171.2,-1165.0,-1171.2,stop,210.0,1530.0
2022-06-07,2022-06-07 10:30:00-04:00,2022-06-07 10:45:00-04:00,2022-06-07 10:25:00-04:00,12591.25,12698.55,12412.0,12698.8,5,0.6,0.3742135361507571,169.75,179.25,360.24,1801.2,1072.9999999999927,1066.7999999999927,target,1147.5,85.0
2022-06-09,2022-06-09 10:40:00-04:00,2022-06-09 13:40:00-04:00,2022-06-09 10:35:00-04:00,12660.0,12506.0,12506.25,12752.25,5,0.6,0.3543565637332334,148.5,153.75,309.24,1546.2,-1540.0,-1546.2,stop,40.0,1570.0
2022-06-15,2022-06-15 10:10:00-04:00,2022-06-15 14:00:00-04:00,2022-06-15 10:05:00-04:00,11556.25,11573.25,11459.5,11614.3,5,0.6,0.38215641315420484,89.25,96.75,195.24,976.2,170.0,163.8,time,875.0,1115.0
2022-06-17,2022-06-17 13:10:00-04:00,2022-06-17 14:00:00-04:00,2022-06-17 13:05:00-04:00,11364.75,11342.75,11184.75,11472.75,5,0.6,0.3709202673108206,163.75,180.0,361.74,1808.7,-220.0,-226.2,time,315.0,562.5
2022-06-20,2022-06-20 10:20:00-04:00,2022-06-20 11:45:00-04:00,2022-06-20 10:15:00-04:00,11377.5,11403.95,11333.0,11404.2,5,0.6,,43.0,44.5,90.74,453.7,264.5000000000073,258.3000000000073,target,325.0,87.5
2022-06-21,2022-06-21 10:05:00-04:00,2022-06-21 14:00:00-04:00,2022-06-21 10:00:00-04:00,11646.75,11603.0,11475.75,11749.35,5,0.6,0.3751198186285846,155.0,171.0,343.74,1718.7,-437.5,-443.7,time,317.5,620.0
2022-06-22,2022-06-22 10:15:00-04:00,2022-06-22 10:35:00-04:00,2022-06-22 10:10:00-04:00,11629.75,11739.45,11446.5,11739.7,5,0.6,0.3851793488335065,172.5,183.25,368.24,1841.2,1097.0000000000073,1090.8000000000072,target,1167.5,115.0
2022-06-23,2022-06-23 10:45:00-04:00,2022-06-23 14:00:00-04:00,2022-06-23 10:40:00-04:00,11702.25,11618.25,11543.0,11797.8,5,0.6,0.37930920367143683,140.75,159.25,320.24,1601.2,-840.0,-846.2,time,415.0,1552.5
2022-06-24,2022-06-24 10:05:00-04:00,2022-06-24 14:00:00-04:00,2022-06-24 10:00:00-04:00,12037.0,12007.0,11838.5,12156.1,5,0.6,0.3771164455324949,145.75,198.5,398.74,1993.7,-300.0,-306.2,time,457.5,677.5
2022-06-29,2022-06-29 10:05:00-04:00,2022-06-29 14:00:00-04:00,2022-06-29 10:00:00-04:00,11732.0,11690.75,11564.0,11832.8,5,0.6,0.3775541627993903,154.25,168.0,337.74,1688.7,-412.5,-418.7,time,170.0,1280.0
2022-06-30,2022-06-30 11:55:00-04:00,2022-06-30 14:00:00-04:00,2022-06-30 11:50:00-04:00,11592.5,11644.0,11392.75,11712.35,5,0.6,0.378015204145772,195.25,199.75,401.24,2006.2,515.0,508.8,time,927.5,527.5
2022-07-05,2022-07-05 10:15:00-04:00,2022-07-05 10:35:00-04:00,2022-07-05 10:10:00-04:00,11507.5,11578.5,11388.75,11578.75,5,0.6,0.3650077449679234,96.0,118.75,239.24,1196.2,710.0,703.8,target,885.0,440.0
2022-07-07,2022-07-07 10:55:00-04:00,2022-07-07 14:00:00-04:00,2022-07-07 10:50:00-04:00,12065.0,12125.5,11918.25,12153.05,5,0.6,0.3642842978790677,130.75,146.75,295.24,1476.2,605.0,598.8,time,680.0,377.5
2022-07-08,2022-07-08 10:30:00-04:00,2022-07-08 11:25:00-04:00,2022-07-08 10:25:00-04:00,12117.75,12201.05,11978.5,12201.3,5,0.6,0.37162940660256444,112.25,139.25,280.24,1401.2,832.9999999999927,826.7999999999927,target,932.5,65.0
2022-07-13,2022-07-13 10:35:00-04:00,2022-07-13 10:50:00-04:00,2022-07-13 10:30:00-04:00,11710.0,11822.25,11522.5,11822.5,5,0.6,0.34876730016112983,177.5,187.5,376.74,1883.7,1122.5,1116.3,target,1222.5,142.5
2022-07-14,2022-07-14 11:45:00-04:00,2022-07-14 14:00:00-04:00,2022-07-14 11:40:00-04:00,11697.0,11726.5,11547.75,11786.55,5,0.6,0.30492028093377616,136.5,149.25,300.24,1501.2,295.0,288.8,time,480.0,760.0
2022-07-15,2022-07-15 11:15:00-04:00,2022-07-15 14:00:00-04:00,2022-07-15 11:10:00-04:00,11987.0,11980.25,11853.5,12067.1,5,0.6,0.3047982070068433,131.5,133.5,268.74,1343.7,-67.5,-73.7,time,130.0,580.0
2022-07-19,2022-07-19 10:30:00-04:00,2022-07-19 10:50:00-04:00,2022-07-19 10:25:00-04:00,12086.0,12141.85,11992.5,12142.1,5,0.6,0.2559799700405925,88.25,93.5,188.74,943.7,558.5000000000036,552.3000000000036,target,597.5,90.0
2022-07-20,2022-07-20 10:25:00-04:00,2022-07-20 10:30:00-04:00,2022-07-20 10:20:00-04:00,12358.5,12419.75,12256.0,12420.0,5,0.6,0.27399393482579165,95.0,102.5,206.74,1033.7,612.5,606.3,target,685.0,57.5
2022-07-21,2022-07-21 11:35:00-04:00,2022-07-21 12:30:00-04:00,2022-07-21 11:30:00-04:00,12536.75,12612.1,12410.75,12612.35,5,0.6,0.2685160900239621,106.75,126.0,253.74,1268.7,753.5000000000036,747.3000000000036,target,842.5,295.0
2022-07-27,2022-07-27 10:15:00-04:00,2022-07-27 14:00:00-04:00,2022-07-27 10:10:00-04:00,12416.25,12436.75,12276.25,12500.25,5,0.6,0.2643342077190426,124.75,140.0,281.74,1408.7,205.0,198.8,time,727.5,285.0
2022-07-28,2022-07-28 11:30:00-04:00,2022-07-28 14:00:00-04:00,2022-07-28 11:25:00-04:00,12665.75,12729.0,12454.25,12792.65,5,0.6,0.26963727072591304,200.0,211.5,424.74,2123.7,632.5,626.3,time,727.5,422.5
2022-07-29,2022-07-29 10:05:00-04:00,2022-07-29 14:00:00-04:00,2022-07-29 10:00:00-04:00,12895.75,12925.0,12744.25,12986.65,5,0.6,0.27405246319652893,141.25,151.5,304.74,1523.7,292.5,286.3,time,427.5,1095.0
2022-08-01,2022-08-01 10:10:00-04:00,2022-08-01 14:00:00-04:00,2022-08-01 10:05:00-04:00,13043.25,12933.0,12851.25,13158.45,5,0.6,0.2655627728987104,172.25,192.0,385.74,1928.7,-1102.5,-1108.7,time,652.5,1457.5
2022-08-02,2022-08-02 10:55:00-04:00,2022-08-02 12:35:00-04:00,2022-08-02 10:50:00-04:00,12998.0,13084.75,12853.0,13085.0,5,0.6,0.2661548509007575,103.75,145.0,291.74,1458.7,867.5,861.3,target,885.0,767.5
2022-08-03,2022-08-03 10:05:00-04:00,2022-08-03 12:30:00-04:00,2022-08-03 10:00:00-04:00,13146.0,13239.8,12989.25,13240.05,5,0.6,0.26494126163005977,139.0,156.75,315.24,1576.2,937.9999999999927,931.7999999999927,target,955.0,852.5
2022-08-05,2022-08-05 10:05:00-04:00,2022-08-05 10:20:00-04:00,2022-08-05 10:00:00-04:00,13228.25,13296.4,13114.25,13296.65,5,0.6,0.2696358483853614,97.0,114.0,229.74,1148.7,681.4999999999964,675.2999999999963,target,817.5,167.5
2022-08-10,2022-08-10 11:05:00-04:00,2022-08-10 14:00:00-04:00,2022-08-10 11:00:00-04:00,13368.75,13370.75,13268.25,13429.05,5,0.6,0.25833277507103697,86.75,100.5,202.74,1013.7,20.0,13.8,time,207.5,525.0
2022-08-11,2022-08-11 10:05:00-04:00,2022-08-11 10:15:00-04:00,2022-08-11 10:00:00-04:00,13527.25,13569.75,13456.0,13570.0,5,0.6,0.2671287547072017,57.5,71.25,144.24,721.2,425.0,418.8,target,485.0,15.0
2022-08-12,2022-08-12 10:20:00-04:00,2022-08-12 14:00:00-04:00,2022-08-12 10:15:00-04:00,13458.5,13504.25,13359.0,13518.2,5,0.6,0.2697276015947008,77.0,99.5,200.74,1003.7,457.5,451.3,time,540.0,732.5
2022-08-15,2022-08-15 11:45:00-04:00,2022-08-15 14:00:00-04:00,2022-08-15 11:40:00-04:00,13636.75,13661.0,13534.75,13697.95,5,0.6,0.2698476364510051,100.25,102.0,205.74,1028.7,242.5,236.3,time,407.5,10.0
2022-08-16,2022-08-16 11:55:00-04:00,2022-08-16 14:00:00-04:00,2022-08-16 11:50:00-04:00,13672.5,13698.25,13583.0,13726.2,5,0.6,0.2636218818718682,76.75,89.5,180.74,903.7,257.5,251.3,time,432.5,412.5
2022-08-18,2022-08-18 10:45:00-04:00,2022-08-18 11:20:00-04:00,2022-08-18 10:40:00-04:00,13507.0,13549.35,13436.0,13549.6,5,0.6,0.2519754421049927,66.5,71.0,143.74,718.7,423.50000000000364,417.30000000000365,target,462.5,205.0
2022-08-23,2022-08-23 10:10:00-04:00,2022-08-23 14:00:00-04:00,2022-08-23 10:05:00-04:00,12994.5,12919.75,12866.0,13071.6,5,0.6,0.2718375077444199,118.25,128.5,258.74,1293.7,-747.5,-753.7,time,245.0,1197.5
2022-08-24,2022-08-24 10:20:00-04:00,2022-08-24 11:45:00-04:00,2022-08-24 10:15:00-04:00,12941.5,12994.8,12852.25,12995.05,5,0.6,0.25808315005027344,62.25,89.25,180.24,901.2,532.9999999999927,526.7999999999927,target,557.5,340.0
2022-08-25,2022-08-25 10:05:00-04:00,2022-08-25 10:40:00-04:00,2022-08-25 10:00:00-04:00,13055.25,13110.95,12962.0,13111.2,5,0.6,0.2193343733608325,87.75,93.25,188.24,941.2,557.0000000000073,550.8000000000072,target,630.0,142.5
2022-08-26,2022-08-26 10:10:00-04:00,2022-08-26 10:20:00-04:00,2022-08-26 10:05:00-04:00,13177.75,13084.5,13084.75,13233.55,5,0.6,0.21767314330646753,76.5,93.0,187.74,938.7,-932.5,-938.7,stop,207.5,1530.0
2022-09-02,2022-09-02 10:35:00-04:00,2022-09-02 12:30:00-04:00,2022-09-02 10:30:00-04:00,12432.25,12291.0,12291.25,12516.85,5,0.6,0.24201266410547195,124.25,141.0,283.74,1418.7,-1412.5,-1418.7,stop,297.5,1572.5
2022-09-05,2022-09-05 10:35:00-04:00,2022-09-05 18:00:00-04:00,2022-09-05 10:30:00-04:00,12154.25,12134.75,12104.75,12183.95,5,0.6,,39.25,49.5,100.74,503.7,-195.0,-201.2,time,130.0,392.5
2022-09-07,2022-09-07 11:15:00-04:00,2022-09-07 13:40:00-04:00,2022-09-07 11:10:00-04:00,12140.75,12203.5,12035.75,12203.75,5,0.6,0.24370523175431102,92.0,105.0,211.74,1058.7,627.5,621.3,target,722.5,397.5
2022-09-08,2022-09-08 10:35:00-04:00,2022-09-08 11:05:00-04:00,2022-09-08 10:30:00-04:00,12275.25,12369.95,12117.0,12370.2,5,0.6,0.256928332691558,154.25,158.25,318.24,1591.2,947.0000000000073,940.8000000000072,target,977.5,130.0
2022-09-09,2022-09-09 10:05:00-04:00,2022-09-09 13:15:00-04:00,2022-09-09 10:00:00-04:00,12524.5,12589.5,12415.75,12589.75,5,0.6,0.23675919505163623,88.25,108.75,219.24,1096.2,650.0,643.8,target,720.0,372.5
2022-09-12,2022-09-12 10:10:00-04:00,2022-09-12 12:10:00-04:00,2022-09-12 10:05:00-04:00,12743.25,12640.75,12641.0,12804.6,5,0.6,0.2513100797307836,97.0,102.25,206.24,1031.2,-1025.0,-1031.2,stop,127.5,1057.5
2022-09-14,2022-09-14 10:55:00-04:00,2022-09-14 14:00:00-04:00,2022-09-14 10:50:00-04:00,12224.25,12148.0,12098.25,12299.85,5,0.6,0.3047721839248286,115.5,126.0,253.74,1268.7,-762.5,-768.7,time,285.0,947.5
2022-09-16,2022-09-16 10:35:00-04:00,2022-09-16 12:25:00-04:00,2022-09-16 10:30:00-04:00,11898.75,11781.5,11781.75,11968.95,5,0.6,0.31588959140723144,89.75,117.0,235.74,1178.7,-1172.5,-1178.7,stop,165.0,1207.5
2022-09-19,2022-09-19 10:40:00-04:00,2022-09-19 14:00:00-04:00,2022-09-19 10:35:00-04:00,11946.25,11918.0,11815.5,12024.7,5,0.6,0.31434452588960005,115.0,130.75,263.24,1316.2,-282.5,-288.7,time,325.0,980.0
2022-09-20,2022-09-20 10:55:00-04:00,2022-09-20 11:50:00-04:00,2022-09-20 10:50:00-04:00,11953.5,11993.45,11886.5,11993.7,5,0.6,0.31419949558256516,60.75,67.0,135.74,678.7,399.5000000000073,393.3000000000073,target,527.5,130.0
2022-09-21,2022-09-21 12:35:00-04:00,2022-09-21 13:55:00-04:00,2022-09-21 12:30:00-04:00,12004.75,12044.4,11938.25,12044.65,5,0.6,0.3048101128987726,59.25,66.5,134.74,673.7,396.49999999999636,390.2999999999964,target,612.5,397.5
2022-09-26,2022-09-26 10:20:00-04:00,2022-09-26 12:25:00-04:00,2022-09-26 10:15:00-04:00,11526.5,11342.25,11342.5,11636.9,5,0.6,0.30069417126482817,154.0,184.0,369.74,1848.7,-1842.5,-1848.7,stop,90.0,2082.5
2022-09-28,2022-09-28 10:25:00-04:00,2022-09-28 11:20:00-04:00,2022-09-28 10:20:00-04:00,11371.75,11434.95,11266.0,11435.2,5,0.6,0.2721025617537588,87.0,105.75,213.24,1066.2,632.0000000000073,625.8000000000072,target,912.5,125.0
2022-09-30,2022-09-30 10:35:00-04:00,2022-09-30 14:00:00-04:00,2022-09-30 10:30:00-04:00,11299.5,11160.5,11143.0,11393.4,5,0.6,0.29825293997017815,122.75,156.5,314.74,1573.7,-1390.0,-1396.2,time,575.0,1530.0
2022-10-03,2022-10-03 10:05:00-04:00,2022-10-03 10:45:00-04:00,2022-10-03 10:00:00-04:00,11157.5,11227.75,11040.0,11228.0,5,0.6,0.30063885828944575,92.25,117.5,236.74,1183.7,702.5,696.3,target,730.0,225.0
2022-10-04,2022-10-04 10:05:00-04:00,2022-10-04 14:00:00-04:00,2022-10-04 10:00:00-04:00,11650.0,11607.75,11514.25,11731.45,5,0.6,0.3162510157667395,104.75,135.75,273.24,1366.2,-422.5,-428.7,time,262.5,1260.0
2022-10-05,2022-10-05 12:50:00-04:00,2022-10-05 13:20:00-04:00,2022-10-05 12:45:00-04:00,11560.75,11618.4,11464.25,11618.65,5,0.6,0.3363582127039036,74.75,96.5,194.74,973.7,576.4999999999964,570.2999999999963,target,652.5,230.0
2022-10-11,2022-10-11 11:45:00-04:00,2022-10-11 14:00:00-04:00,2022-10-11 11:40:00-04:00,10972.0,10974.0,10821.0,11062.6,5,0.6,0.33033905705069927,123.5,151.0,303.74,1518.7,20.0,13.8,time,677.5,590.0
2022-10-13,2022-10-13 10:05:00-04:00,2022-10-13 11:05:00-04:00,2022-10-13 10:00:00-04:00,10638.5,10730.65,10484.5,10730.9,5,0.6,0.27012815336947016,145.25,154.0,309.74,1548.7,921.4999999999964,915.2999999999963,target,1400.0,375.0
2022-10-17,2022-10-17 10:15:00-04:00,2022-10-17 14:00:00-04:00,2022-10-17 10:10:00-04:00,11127.5,11128.25,10999.0,11204.6,5,0.6,0.2992987102786564,118.5,128.5,258.74,1293.7,7.5,1.2999999999999998,time,180.0,1050.0
2022-10-19,2022-10-19 10:20:00-04:00,2022-10-19 12:45:00-04:00,2022-10-19 10:15:00-04:00,11224.25,11110.0,11110.25,11292.65,5,0.6,0.33224488664716784,103.0,114.0,229.74,1148.7,-1142.5,-1148.7,stop,602.5,1150.0
2022-10-20,2022-10-20 10:05:00-04:00,2022-10-20 13:45:00-04:00,2022-10-20 10:00:00-04:00,11245.5,11091.25,11091.5,11337.9,5,0.6,0.32563716461312775,137.75,154.0,309.74,1548.7,-1542.5,-1548.7,stop,835.0,1600.0
2022-10-21,2022-10-21 10:05:00-04:00,2022-10-21 13:30:00-04:00,2022-10-21 10:00:00-04:00,11165.0,11266.9,10994.75,11267.15,5,0.6,0.3249042254642279,161.0,170.25,342.24,1711.2,1018.9999999999964,1012.7999999999963,target,1032.5,1140.0
2022-10-24,2022-10-24 12:20:00-04:00,2022-10-24 14:00:00-04:00,2022-10-24 12:15:00-04:00,11442.5,11395.0,11300.25,11527.85,5,0.6,0.3327644630380783,127.25,142.25,286.24,1431.2,-475.0,-481.2,time,117.5,692.5
2022-10-25,2022-10-25 11:10:00-04:00,2022-10-25 14:00:00-04:00,2022-10-25 11:05:00-04:00,11671.0,11647.0,11514.75,11764.75,5,0.6,0.33336243253576936,150.0,156.25,314.24,1571.2,-240.0,-246.2,time,350.0,560.0
2022-10-26,2022-10-26 10:10:00-04:00,2022-10-26 10:35:00-04:00,2022-10-26 10:05:00-04:00,11531.25,11589.95,11433.0,11590.2,5,0.6,0.3344976006186548,96.5,98.25,198.24,991.2,587.0000000000073,580.8000000000072,target,845.0,167.5
2022-10-28,2022-10-28 10:30:00-04:00,2022-10-28 11:10:00-04:00,2022-10-28 10:25:00-04:00,11381.0,11485.6,11206.25,11485.85,5,0.6,0.33580809487261626,158.0,174.75,351.24,1756.2,1046.0000000000036,1039.8000000000036,target,1160.0,40.0
2022-11-03,2022-11-03 10:50:00-04:00,2022-11-03 14:00:00-04:00,2022-11-03 10:45:00-04:00,10873.75,10778.25,10723.0,10964.2,5,0.6,0.36784368495401587,125.25,150.75,303.24,1516.2,-955.0,-961.2,time,147.5,1220.0
2022-11-08,2022-11-08 10:20:00-05:00,2022-11-08 10:50:00-05:00,2022-11-08 10:15:00-05:00,11087.75,11136.25,11006.5,11136.5,5,0.6,0.3527533178247896,79.5,81.25,164.24,821.2,485.0,478.8,target,502.5,52.5
2022-11-10,2022-11-10 11:15:00-05:00,2022-11-10 14:00:00-05:00,2022-11-10 11:10:00-05:00,11455.25,11500.5,11269.0,11567.0,5,0.6,0.3578152805286632,185.75,186.25,374.24,1871.2,452.5,446.3,time,577.5,330.0
2022-11-11,2022-11-11 10:15:00-05:00,2022-11-11 13:10:00-05:00,2022-11-11 10:10:00-05:00,11712.5,11798.05,11569.5,11798.3,5,0.6,0.4353971038540276,122.0,143.0,287.74,1438.7,855.4999999999927,849.2999999999927,target,947.5,737.5
2022-11-14,2022-11-14 10:10:00-05:00,2022-11-14 12:30:00-05:00,2022-11-14 10:05:00-05:00,11789.0,11840.95,11702.0,11841.2,5,0.6,0.4203451674427508,83.5,87.0,175.74,878.7,519.5000000000073,513.3000000000072,target,527.5,605.0
2022-11-17,2022-11-17 10:20:00-05:00,2022-11-17 12:50:00-05:00,2022-11-17 10:15:00-05:00,11659.5,11728.85,11543.5,11729.1,5,0.6,0.4113643309268922,91.25,116.0,233.74,1168.7,693.5000000000036,687.3000000000036,target,772.5,615.0
2022-11-22,2022-11-22 10:50:00-05:00,2022-11-22 14:00:00-05:00,2022-11-22 10:45:00-05:00,11642.25,11698.25,11527.5,11711.1,5,0.6,0.4035368535723771,101.25,114.75,231.24,1156.2,560.0,553.8,time,647.5,262.5
2022-11-23,2022-11-23 10:15:00-05:00,2022-11-23 12:55:00-05:00,2022-11-23 10:10:00-05:00,11854.75,11744.5,11744.75,11920.75,5,0.6,0.4052226445333957,108.0,110.0,221.74,1108.7,-1102.5,-1108.7,stop,332.5,1130.0
2022-11-24,2022-11-24 11:00:00-05:00,2022-11-24 18:00:00-05:00,2022-11-24 10:55:00-05:00,11920.0,11912.0,11898.75,11932.75,5,0.6,,20.0,21.25,44.24,221.20000000000002,-80.0,-86.2,time,50.0,100.0
2022-11-30,2022-11-30 13:35:00-05:00,2022-11-30 13:35:00-05:00,2022-11-30 13:30:00-05:00,11609.75,11664.1,11518.75,11664.35,5,0.6,0.3586847220486722,63.0,91.0,183.74,918.7,543.5000000000036,537.3000000000036,target,990.0,15.0
2022-12-02,2022-12-02 10:15:00-05:00,2022-12-02 14:00:00-05:00,2022-12-02 10:10:00-05:00,11943.0,11936.25,11837.25,12006.45,5,0.6,0.3860389165319013,78.5,105.75,213.24,1066.2,-67.5,-73.7,time,367.5,642.5
2022-12-08,2022-12-08 10:05:00-05:00,2022-12-08 14:00:00-05:00,2022-12-08 10:00:00-05:00,11611.0,11649.0,11477.0,11691.4,5,0.6,0.36731319226828973,127.5,134.0,269.74,1348.7,380.0,373.8,time,745.0,292.5
2022-12-09,2022-12-09 10:40:00-05:00,2022-12-09 14:00:00-05:00,2022-12-09 10:35:00-05:00,11669.0,11661.5,11550.0,11740.4,5,0.6,0.36898906001199705,110.5,119.0,239.74,1198.7,-75.0,-81.2,time,495.0,402.5
2022-12-14,2022-12-14 10:05:00-05:00,2022-12-14 13:55:00-05:00,2022-12-14 10:00:00-05:00,12016.75,12068.55,11930.0,12068.8,5,0.6,0.2490458525818858,85.25,86.75,175.24,876.2,517.9999999999927,511.79999999999274,target,527.5,410.0
2022-12-20,2022-12-20 10:05:00-05:00,2022-12-20 10:30:00-05:00,2022-12-20 10:00:00-05:00,11179.0,11246.4,11066.25,11246.65,5,0.6,0.27056014168625914,111.25,112.75,227.24,1136.2,673.9999999999964,667.7999999999963,target,682.5,210.0
2022-12-21,2022-12-21 10:10:00-05:00,2022-12-21 11:00:00-05:00,2022-12-21 10:05:00-05:00,11289.5,11354.35,11181.0,11354.6,5,0.6,0.2705256988808685,92.5,108.5,218.74,1093.7,648.5000000000036,642.3000000000036,target,815.0,125.0
2022-12-23,2022-12-23 10:35:00-05:00,2022-12-23 14:00:00-05:00,2022-12-23 10:30:00-05:00,11071.0,11038.25,10922.25,11160.25,5,0.6,0.28135622123509235,128.5,148.75,299.24,1496.2,-327.5,-333.7,time,322.5,957.5
2022-12-29,2022-12-29 10:15:00-05:00,2022-12-29 11:50:00-05:00,2022-12-29 10:10:00-05:00,10987.75,11066.25,10856.5,11066.5,5,0.6,0.2746330834384436,120.75,131.25,264.24,1321.2,785.0,778.8,target,837.5,5.0
2022-12-30,2022-12-30 10:50:00-05:00,2022-12-30 14:00:00-05:00,2022-12-30 10:45:00-05:00,10966.5,10906.75,10855.5,11033.1,5,0.6,0.23241786335322037,92.25,111.0,223.74,1118.7,-597.5,-603.7,time,0.0,917.5
2023-01-04,2023-01-04 11:40:00-05:00,2023-01-04 14:00:00-05:00,2023-01-04 11:35:00-05:00,11057.75,11001.0,10954.25,11119.85,5,0.6,0.23332008015364208,92.5,103.5,208.74,1043.7,-567.5,-573.7,time,102.5,1175.0
2023-01-06,2023-01-06 10:40:00-05:00,2023-01-06 13:40:00-05:00,2023-01-06 10:35:00-05:00,10954.75,11067.45,10766.5,11067.7,5,0.6,0.22761172970190727,178.5,188.25,378.24,1891.2,1127.0000000000073,1120.8000000000072,target,1197.5,177.5
2023-01-09,2023-01-09 10:05:00-05:00,2023-01-09 14:00:00-05:00,2023-01-09 10:00:00-05:00,11323.5,11282.5,11194.5,11400.9,5,0.6,0.24797937717398702,117.25,129.0,259.74,1298.7,-410.0,-416.2,time,620.0,630.0
2023-01-10,2023-01-10 10:15:00-05:00,2023-01-10 10:40:00-05:00,2023-01-10 10:10:00-05:00,11256.5,11137.5,11137.75,11327.75,5,0.6,0.24494718817416863,108.5,118.75,239.24,1196.2,-1190.0,-1196.2,stop,267.5,1310.0
2023-01-11,2023-01-11 10:25:00-05:00,2023-01-11 13:00:00-05:00,2023-01-11 10:20:00-05:00,11372.0,11420.5,11290.75,11420.75,5,0.6,0.24722407158885604,73.25,81.25,164.24,821.2,485.0,478.8,target,502.5,587.5
2023-01-12,2023-01-12 12:20:00-05:00,2023-01-12 14:00:00-05:00,2023-01-12 12:15:00-05:00,11522.5,11565.0,11311.0,11649.4,5,0.6,0.25179029884052756,207.5,211.5,424.74,2123.7,425.0,418.8,time,527.5,705.0
2023-01-13,2023-01-13 10:10:00-05:00,2023-01-13 10:30:00-05:00,2023-01-13 10:05:00-05:00,11483.25,11527.85,11408.5,11528.1,5,0.6,0.24890552340884398,69.25,74.75,151.24,756.2,446.00000000000364,439.80000000000365,target,450.0,17.5
2023-01-17,2023-01-17 10:05:00-05:00,2023-01-17 14:00:00-05:00,2023-01-17 10:00:00-05:00,11663.0,11645.0,11549.25,11731.25,5,0.6,0.24957423017858155,77.75,113.75,229.24,1146.2,-180.0,-186.2,time,220.0,1080.0
2023-01-18,2023-01-18 10:05:00-05:00,2023-01-18 10:35:00-05:00,2023-01-18 10:00:00-05:00,11739.25,11672.0,11672.25,11779.45,5,0.6,0.21922260958970827,54.75,67.0,135.74,678.7,-672.5,-678.7,stop,202.5,882.5
2023-01-20,2023-01-20 10:10:00-05:00,2023-01-20 11:25:00-05:00,2023-01-20 10:05:00-05:00,11475.25,11530.35,11383.0,11530.6,5,0.6,0.21575795193490105,90.0,92.25,186.24,931.2,551.0000000000036,544.8000000000036,target,622.5,245.0
2023-01-23,2023-01-23 10:20:00-05:00,2023-01-23 11:05:00-05:00,2023-01-23 10:15:00-05:00,11827.0,11919.9,11671.75,11920.15,5,0.6,0.22921900924163918,149.75,155.25,312.24,1561.2,928.9999999999964,922.7999999999963,target,1057.5,87.5
2023-01-25,2023-01-25 11:20:00-05:00,2023-01-25 13:10:00-05:00,2023-01-25 11:15:00-05:00,11729.75,11794.0,11622.25,11794.25,5,0.6,0.21194821179841863,101.5,107.5,216.74,1083.7,642.5,636.3,target,662.5,175.0
2023-01-27,2023-01-27 10:05:00-05:00,2023-01-27 12:15:00-05:00,2023-01-27 10:00:00-05:00,12155.75,12223.9,12041.75,12224.15,5,0.6,0.2108023261727798,105.25,114.0,229.74,1148.7,681.4999999999964,675.2999999999963,target,685.0,632.5
2023-01-30,2023-01-30 10:05:00-05:00,2023-01-30 10:20:00-05:00,2023-01-30 10:00:00-05:00,12136.0,12059.0,12059.25,12182.05,5,0.6,0.19912210056545937,72.25,76.75,155.24,776.2,-770.0,-776.2,stop,75.0,800.0
2023-01-31,2023-01-31 10:30:00-05:00,2023-01-31 14:00:00-05:00,2023-01-31 10:25:00-05:00,12059.5,12094.75,11969.25,12113.65,5,0.6,0.20603829861319528,86.0,90.25,182.24,911.2,352.5,346.3,time,427.5,172.5
2023-02-02,2023-02-02 10:35:00-05:00,2023-02-02 13:30:00-05:00,2023-02-02 10:30:00-05:00,12790.5,12863.15,12669.0,12863.4,5,0.6,0.20862964436466774,78.5,121.5,244.74,1223.7,726.4999999999964,720.2999999999963,target,885.0,192.5
2023-02-03,2023-02-03 10:15:00-05:00,2023-02-03 11:35:00-05:00,2023-02-03 10:10:00-05:00,12756.0,12874.4,12558.25,12874.65,5,0.6,0.23204665234250985,196.25,197.75,397.24,1986.2,1183.9999999999964,1177.7999999999963,target,1217.5,152.5
2023-02-06,2023-02-06 10:05:00-05:00,2023-02-06 10:20:00-05:00,2023-02-06 10:00:00-05:00,12572.0,12501.75,12502.0,12614.0,5,0.6,0.2349881905219509,67.5,70.0,141.74,708.7,-702.5,-708.7,stop,202.5,867.5
2023-02-07,2023-02-07 11:15:00-05:00,2023-02-07 12:40:00-05:00,2023-02-07 11:10:00-05:00,12555.5,12595.45,12488.5,12595.7,5,0.6,0.23276363594789645,65.25,67.0,135.74,678.7,399.5000000000073,393.3000000000073,target,725.0,195.0
2023-02-10,2023-02-10 10:20:00-05:00,2023-02-10 10:50:00-05:00,2023-02-10 10:15:00-05:00,12397.0,12311.5,12311.75,12448.15,5,0.6,0.2500362372895247,82.25,85.25,172.24,861.2,-855.0,-861.2,stop,247.5,895.0
2023-02-13,2023-02-13 10:50:00-05:00,2023-02-13 13:30:00-05:00,2023-02-13 10:45:00-05:00,12486.0,12566.15,12352.0,12566.4,5,0.6,0.2536132096817449,113.5,134.0,269.74,1348.7,801.4999999999964,795.2999999999963,target,807.5,35.0
2023-02-14,2023-02-14 10:05:00-05:00,2023-02-14 14:00:00-05:00,2023-02-14 10:00:00-05:00,12631.25,12583.5,12390.5,12775.7,5,0.6,0.2571928357492794,210.5,240.75,483.24,2416.2,-477.5,-483.7,time,420.0,2137.5
2023-02-15,2023-02-15 11:30:00-05:00,2023-02-15 14:00:00-05:00,2023-02-15 11:25:00-05:00,12632.75,12682.0,12543.75,12686.15,5,0.6,0.25723877967889197,87.75,89.0,179.74,898.7,492.5,486.3,time,567.5,270.0
2023-02-16,2023-02-16 10:25:00-05:00,2023-02-16 10:50:00-05:00,2023-02-16 10:20:00-05:00,12605.0,12669.85,12496.5,12670.1,5,0.6,0.24925271820118297,95.25,108.5,218.74,1093.7,648.5000000000036,642.3000000000036,target,655.0,112.5
2023-02-27,2023-02-27 10:05:00-05:00,2023-02-27 10:05:00-05:00,2023-02-27 10:00:00-05:00,12156.25,12185.85,12106.5,12186.1,5,0.6,0.26007762850264654,45.0,49.75,101.24,506.2,296.00000000000364,289.80000000000365,target,332.5,12.5
2023-02-28,2023-02-28 10:05:00-05:00,2023-02-28 13:05:00-05:00,2023-02-28 10:00:00-05:00,12113.75,12157.0,12041.25,12157.25,5,0.6,0.25838404075743426,71.5,72.5,146.74,733.7,432.5,426.3,target,472.5,680.0
2023-03-02,2023-03-02 10:05:00-05:00,2023-03-02 13:35:00-05:00,2023-03-02 10:00:00-05:00,11923.75,11970.0,11846.25,11970.25,5,0.6,0.24598963344577932,65.25,77.5,156.74,783.7,462.5,456.3,target,565.0,515.0
2023-03-03,2023-03-03 10:25:00-05:00,2023-03-03 12:55:00-05:00,2023-03-03 10:20:00-05:00,12207.25,12264.75,12111.0,12265.0,5,0.6,0.23400155674108258,88.75,96.25,194.24,971.2,575.0,568.8,target,605.0,367.5
2023-03-06,2023-03-06 10:15:00-05:00,2023-03-06 10:30:00-05:00,2023-03-06 10:10:00-05:00,12409.25,12446.2,12347.25,12446.45,5,0.6,0.20877199901280533,49.75,62.0,125.74,628.6999999999999,369.5000000000073,363.3000000000073,target,385.0,52.5
2023-03-08,2023-03-08 10:35:00-05:00,2023-03-08 13:25:00-05:00,2023-03-08 10:30:00-05:00,12217.25,12154.75,12155.0,12254.6,5,0.6,0.2029245492270684,61.0,62.25,126.24,631.1999999999999,-625.0,-631.2,stop,372.5,665.0
2023-03-09,2023-03-09 10:05:00-05:00,2023-03-09 12:45:00-05:00,2023-03-09 10:00:00-05:00,12342.25,12230.0,12230.25,12409.45,5,0.6,0.19076748105846586,109.0,112.0,225.74,1128.7,-1122.5,-1128.7,stop,115.0,1262.5
2023-03-10,2023-03-10 11:30:00-05:00,2023-03-10 13:25:00-05:00,2023-03-10 11:25:00-05:00,12045.25,11865.5,11865.75,12152.95,5,0.6,0.1932000832164006,161.75,179.5,360.74,1803.7,-1797.5,-1803.7,stop,342.5,2062.5
2023-03-13,2023-03-13 10:35:00-04:00,2023-03-13 11:45:00-04:00,2023-03-13 10:30:00-04:00,11929.75,12064.35,11705.0,12064.6,5,0.6,0.19585278280414886,216.5,224.75,451.24,2256.2,1346.0000000000036,1339.8000000000036,target,1352.5,870.0
2023-03-14,2023-03-14 10:25:00-04:00,2023-03-14 11:30:00-04:00,2023-03-14 10:20:00-04:00,12163.5,12219.2,12070.25,12219.45,5,0.6,0.197337921195756,89.75,93.25,188.24,941.2,557.0000000000073,550.8000000000072,target,570.0,72.5
2023-03-15,2023-03-15 11:50:00-04:00,2023-03-15 12:55:00-04:00,2023-03-15 11:45:00-04:00,12299.25,12193.5,12193.75,12362.55,5,0.6,0.2047532560840876,80.75,105.5,212.74,1063.7,-1057.5,-1063.7,stop,20.0,1172.5
2023-03-16,2023-03-16 10:45:00-04:00,2023-03-16 10:55:00-04:00,2023-03-16 10:40:00-04:00,12444.25,12522.15,12314.0,12522.4,5,0.6,0.21387115435954254,104.25,130.25,262.24,1311.2,778.9999999999964,772.7999999999963,target,917.5,35.0
2023-03-17,2023-03-17 10:05:00-04:00,2023-03-17 10:25:00-04:00,2023-03-17 10:00:00-04:00,12793.25,12690.75,12691.0,12854.6,5,0.6,0.2295298489633213,72.75,102.25,206.24,1031.2,-1025.0,-1031.2,stop,40.0,1225.0
2023-03-20,2023-03-20 10:50:00-04:00,2023-03-20 14:00:00-04:00,2023-03-20 10:45:00-04:00,12635.25,12660.75,12529.25,12698.85,5,0.6,0.21746208215168636,103.75,106.0,213.74,1068.7,255.0,248.8,time,625.0,697.5
2023-03-22,2023-03-22 10:25:00-04:00,2023-03-22 10:25:00-04:00,2023-03-22 10:20:00-04:00,12901.25,12931.15,12851.0,12931.4,5,0.6,0.20109107604324575,44.75,50.25,102.24,511.2,298.99999999999636,292.7999999999964,target,367.5,20.0
2023-03-23,2023-03-23 10:10:00-04:00,2023-03-23 10:25:00-04:00,2023-03-23 10:05:00-04:00,12912.5,12951.55,12847.0,12951.8,5,0.6,0.20939030663927347,49.0,65.5,132.74,663.7,390.4999999999927,384.29999999999274,target,450.0,22.5
2023-03-29,2023-03-29 10:05:00-04:00,2023-03-29 10:30:00-04:00,2023-03-29 10:00:00-04:00,12928.5,12881.0,12881.25,12956.85,5,0.6,0.2024537236657623,46.0,47.25,96.24,481.2,-475.0,-481.2,stop,32.5,510.0
2023-03-30,2023-03-30 10:30:00-04:00,2023-03-30 13:30:00-04:00,2023-03-30 10:25:00-04:00,13093.5,13036.75,13037.0,13127.4,5,0.6,0.2041261339640775,44.25,56.5,114.74,573.6999999999999,-567.5,-573.7,stop,185.0,610.0
2023-03-31,2023-03-31 10:35:00-04:00,2023-03-31 12:20:00-04:00,2023-03-31 10:30:00-04:00,13168.25,13222.15,13078.0,13222.4,5,0.6,0.20437500026997293,77.75,90.25,182.24,911.2,538.9999999999964,532.7999999999963,target,557.5,40.0
2023-04-03,2023-04-03 10:25:00-04:00,2023-04-03 10:50:00-04:00,2023-04-03 10:20:00-04:00,13264.25,13197.5,13197.75,13304.15,5,0.6,0.1999443420457565,64.0,66.5,134.74,673.7,-667.5,-673.7,stop,27.5,830.0
2023-04-04,2023-04-04 10:05:00-04:00,2023-04-04 11:05:00-04:00,2023-04-04 10:00:00-04:00,13303.0,13229.75,13230.0,13346.8,5,0.6,0.2008288313740473,66.25,73.0,147.74,738.7,-732.5,-738.7,stop,237.5,747.5
2023-04-06,2023-04-06 10:10:00-04:00,2023-04-06 11:15:00-04:00,2023-04-06 10:05:00-04:00,13026.5,13070.65,12952.5,13070.9,5,0.6,0.2015050163935806,61.0,74.0,149.74,748.7,441.49999999999636,435.2999999999964,target,452.5,190.0
2023-04-10,2023-04-10 11:10:00-04:00,2023-04-10 12:35:00-04:00,2023-04-10 11:05:00-04:00,13052.75,13103.65,12967.5,13103.9,5,0.6,0.1845936863969328,83.0,85.25,172.24,861.2,508.99999999999636,502.7999999999964,target,545.0,387.5
2023-04-13,2023-04-13 10:10:00-04:00,2023-04-13 11:55:00-04:00,2023-04-13 10:05:00-04:00,13096.25,13141.9,13019.75,13142.15,5,0.6,0.17409337626539728,60.75,76.5,154.74,773.7,456.49999999999636,450.2999999999964,target,480.0,65.0
2023-04-19,2023-04-19 10:40:00-04:00,2023-04-19 11:50:00-04:00,2023-04-19 10:35:00-04:00,13136.0,13170.4,13078.25,13170.65,5,0.6,0.15654338077624533,54.25,57.75,117.24,586.1999999999999,343.99999999999636,337.7999999999964,target,360.0,120.0
2023-04-20,2023-04-20 10:10:00-04:00,2023-04-20 13:10:00-04:00,2023-04-20 10:05:00-04:00,13137.5,13192.3,13045.75,13192.55,5,0.6,0.14961539135651156,79.25,91.75,185.24,926.2,547.9999999999927,541.7999999999927,target,595.0,457.5
2023-04-21,2023-04-21 11:35:00-04:00,2023-04-21 14:00:00-04:00,2023-04-21 11:30:00-04:00,13078.5,13100.5,12994.5,13128.9,5,0.6,0.14196818361298247,79.5,84.0,169.74,848.7,220.0,213.8,time,390.0,295.0
2023-04-26,2023-04-26 11:10:00-04:00,2023-04-26 14:00:00-04:00,2023-04-26 11:05:00-04:00,12970.0,12921.5,12899.0,13012.6,5,0.6,0.14057914926991,66.0,71.0,143.74,718.7,-485.0,-491.2,time,425.0,640.0
2023-04-27,2023-04-27 10:15:00-04:00,2023-04-27 10:40:00-04:00,2023-04-27 10:10:00-04:00,13077.5,13115.8,13013.25,13116.05,5,0.6,0.1396011984909211,49.0,64.25,130.24,651.2,382.9999999999927,376.79999999999274,target,405.0,85.0
2023-04-28,2023-04-28 10:15:00-04:00,2023-04-28 14:00:00-04:00,2023-04-28 10:10:00-04:00,13266.0,13276.75,13172.5,13322.1,5,0.6,0.17241785052471806,71.5,93.5,188.74,943.7,107.5,101.3,time,287.5,822.5
2023-05-01,2023-05-01 12:35:00-04:00,2023-05-01 14:00:00-04:00,2023-05-01 12:30:00-04:00,13334.5,13349.75,13286.0,13363.6,5,0.6,0.16959626697850433,42.0,48.5,98.74,493.7,152.5,146.3,time,285.0,85.0
2023-05-04,2023-05-04 11:10:00-04:00,2023-05-04 13:30:00-04:00,2023-05-04 11:05:00-04:00,13089.75,13127.3,13026.75,13127.55,5,0.6,0.1641002817593795,59.75,63.0,127.74,638.6999999999999,375.4999999999927,369.29999999999274,target,402.5,592.5
2023-05-05,2023-05-05 10:05:00-04:00,2023-05-05 10:30:00-04:00,2023-05-05 10:00:00-04:00,13200.0,13245.2,13124.25,13245.45,5,0.6,0.15973172861836468,68.75,75.75,153.24,766.2,452.0000000000073,445.8000000000073,target,535.0,47.5
2023-05-08,2023-05-08 11:55:00-04:00,2023-05-08 14:00:00-04:00,2023-05-08 11:50:00-04:00,13321.0,13345.5,13261.0,13357.0,5,0.6,0.1747978235750193,49.25,60.0,121.74,608.6999999999999,245.0,238.8,time,337.5,137.5
2023-05-10,2023-05-10 10:10:00-04:00,2023-05-10 10:45:00-04:00,2023-05-10 10:05:00-04:00,13424.0,13321.25,13321.5,13485.5,5,0.6,0.1742046164228439,96.25,102.5,206.74,1033.7,-1027.5,-1033.7,stop,100.0,1075.0
2023-05-11,2023-05-11 11:30:00-04:00,2023-05-11 14:00:00-04:00,2023-05-11 11:25:00-04:00,13434.75,13426.25,13372.25,13472.25,5,0.6,0.17392898196384615,61.25,62.5,126.74,633.6999999999999,-85.0,-91.2,time,250.0,412.5
2023-05-15,2023-05-15 11:25:00-04:00,2023-05-15 13:10:00-04:00,2023-05-15 11:20:00-04:00,13432.0,13466.7,13373.75,13466.95,5,0.6,0.1630711189466606,54.5,58.25,118.24,591.1999999999999,347.0000000000073,340.8000000000073,target,470.0,140.0
2023-05-16,2023-05-16 11:00:00-04:00,2023-05-16 14:00:00-04:00,2023-05-16 10:55:00-04:00,13519.25,13544.75,13434.5,13570.1,5,0.6,0.1641917260034885,81.25,84.75,171.24,856.2,255.0,248.8,time,350.0,182.5
2023-05-17,2023-05-17 11:40:00-04:00,2023-05-17 12:40:00-04:00,2023-05-17 11:35:00-04:00,13540.75,13579.95,13475.0,13580.2,5,0.6,0.1636647236389351,65.0,65.75,133.24,666.2,392.0000000000073,385.8000000000073,target,457.5,35.0
2023-05-18,2023-05-18 10:10:00-04:00,2023-05-18 10:30:00-04:00,2023-05-18 10:05:00-04:00,13731.5,13778.5,13652.75,13778.75,5,0.6,0.16770774432908608,65.75,78.75,159.24,796.2,470.0,463.8,target,597.5,62.5
2023-05-25,2023-05-25 11:15:00-04:00,2023-05-25 14:00:00-04:00,2023-05-25 11:10:00-04:00,13976.5,13990.75,13851.25,14051.65,5,0.6,0.1794892809673464,114.75,125.25,252.24,1261.2,142.5,136.3,time,550.0,552.5
2023-05-26,2023-05-26 10:05:00-04:00,2023-05-26 10:30:00-04:00,2023-05-26 10:00:00-04:00,14133.5,14204.5,14014.75,14204.75,5,0.6,0.16140675943614233,109.5,118.75,239.24,1196.2,710.0,703.8,target,807.5,72.5
2023-05-29,2023-05-29 10:25:00-04:00,2023-05-29 10:45:00-04:00,2023-05-29 10:20:00-04:00,14379.75,14386.7,14367.75,14386.95,5,0.6,,11.0,12.0,25.74,128.7,69.50000000000728,63.30000000000727,target,82.5,27.5
2023-06-01,2023-06-01 10:05:00-04:00,2023-06-01 10:45:00-04:00,2023-06-01 10:00:00-04:00,14323.5,14366.15,14252.0,14366.4,5,0.6,0.1796150238654277,70.5,71.5,144.74,723.7,426.49999999999636,420.2999999999964,target,597.5,507.5
2023-06-05,2023-06-05 10:55:00-04:00,2023-06-05 14:00:00-04:00,2023-06-05 10:50:00-04:00,14657.25,14632.5,14567.75,14710.95,5,0.6,0.17386579622882345,84.0,89.5,180.74,903.7,-247.5,-253.7,time,380.0,472.5
2023-06-06,2023-06-06 10:25:00-04:00,2023-06-06 12:00:00-04:00,2023-06-06 10:20:00-04:00,14578.75,14622.75,14505.0,14623.0,5,0.6,0.16513560995516469,56.75,73.75,149.24,746.2,440.0,433.8,target,452.5,387.5
2023-06-08,2023-06-08 10:15:00-04:00,2023-06-08 10:55:00-04:00,2023-06-08 10:10:00-04:00,14406.5,14453.35,14328.0,14453.6,5,0.6,0.18138117708880333,69.0,78.5,158.74,793.7,468.50000000000364,462.30000000000365,target,532.5,152.5
2023-06-09,2023-06-09 10:15:00-04:00,2023-06-09 11:25:00-04:00,2023-06-09 10:10:00-04:00,14670.5,14556.25,14556.5,14738.9,5,0.6,0.18135655339675552,112.25,114.0,229.74,1148.7,-1142.5,-1148.7,stop,175.0,1235.0
2023-06-12,2023-06-12 10:50:00-04:00,2023-06-12 11:40:00-04:00,2023-06-12 10:45:00-04:00,14642.0,14666.35,14601.0,14666.6,5,0.6,0.18117172227728964,36.5,41.0,83.74,418.7,243.50000000000364,237.30000000000365,target,285.0,395.0
2023-06-14,2023-06-14 10:05:00-04:00,2023-06-14 10:20:00-04:00,2023-06-14 10:00:00-04:00,15127.5,15171.95,15053.0,15172.2,5,0.6,0.18361031076272352,71.0,74.5,150.74,753.7,444.5000000000073,438.3000000000073,target,447.5,47.5
2023-06-15,2023-06-15 10:10:00-04:00,2023-06-15 13:40:00-04:00,2023-06-15 10:05:00-04:00,15250.75,15332.4,15114.25,15332.65,5,0.6,0.19088529042675575,108.75,136.5,274.74,1373.7,816.4999999999964,810.2999999999963,target,830.0,355.0
2023-06-22,2023-06-22 10:15:00-04:00,2023-06-22 14:00:00-04:00,2023-06-22 10:10:00-04:00,15132.75,15153.5,14964.0,15234.0,5,0.6,0.19856412602488036,132.5,168.75,339.24,1696.2,207.5,201.3,time,480.0,767.5
2023-06-23,2023-06-23 12:20:00-04:00,2023-06-23 14:00:00-04:00,2023-06-23 12:15:00-04:00,15103.25,15126.0,14984.75,15174.35,5,0.6,0.1892514170920892,103.0,118.5,238.74,1193.7,227.5,221.3,time,522.5,107.5
2023-06-26,2023-06-26 10:15:00-04:00,2023-06-26 11:05:00-04:00,2023-06-26 10:10:00-04:00,15140.75,15024.0,15024.25,15210.65,5,0.6,0.192864185455896,115.25,116.5,234.74,1173.7,-1167.5,-1173.7,stop,115.0,1247.5
2023-06-27,2023-06-27 11:30:00-04:00,2023-06-27 12:30:00-04:00,2023-06-27 11:25:00-04:00,14982.75,15033.35,14898.0,15033.6,5,0.6,0.18948310678979122,72.75,84.75,171.24,856.2,506.00000000000364,499.80000000000365,target,515.0,87.5
2023-06-28,2023-06-28 10:20:00-04:00,2023-06-28 10:30:00-04:00,2023-06-28 10:15:00-04:00,15113.75,15166.45,15025.5,15166.7,5,0.6,0.1746151849446841,82.5,88.25,178.24,891.2,527.0000000000073,520.8000000000072,target,587.5,132.5
2023-06-30,2023-06-30 10:15:00-04:00,2023-06-30 14:00:00-04:00,2023-06-30 10:10:00-04:00,15336.75,15355.25,15238.25,15395.85,5,0.6,0.17203265793474737,92.5,98.5,198.74,993.7,185.0,178.8,time,397.5,542.5
2023-07-05,2023-07-05 10:20:00-04:00,2023-07-05 14:00:00-04:00,2023-07-05 10:15:00-04:00,15407.0,15370.75,15292.5,15475.7,5,0.6,0.1728577839896466,103.5,114.5,230.74,1153.7,-362.5,-368.7,time,247.5,685.0
2023-07-06,2023-07-06 13:00:00-04:00,2023-07-06 14:00:00-04:00,2023-07-06 12:55:00-04:00,15215.5,15237.75,15129.5,15267.1,5,0.6,0.1722064191351957,84.5,86.0,173.74,868.7,222.5,216.3,time,242.5,240.0
2023-07-07,2023-07-07 12:00:00-04:00,2023-07-07 12:35:00-04:00,2023-07-07 11:55:00-04:00,15281.0,15336.25,15188.5,15336.5,5,0.6,0.17626155101430377,87.25,92.5,186.74,933.7,552.5,546.3,target,557.5,12.5
2023-07-11,2023-07-11 12:00:00-04:00,2023-07-11 14:00:00-04:00,2023-07-11 11:55:00-04:00,15236.0,15203.25,15141.5,15292.7,5,0.6,0.1600412556194072,92.25,94.5,190.74,953.7,-327.5,-333.7,time,140.0,607.5
2023-07-12,2023-07-12 10:10:00-04:00,2023-07-12 11:35:00-04:00,2023-07-12 10:05:00-04:00,15487.5,15407.75,15408.0,15535.2,5,0.6,0.15699336999713917,61.75,79.5,160.74,803.7,-797.5,-803.7,stop,202.5,810.0
2023-07-13,2023-07-13 12:00:00-04:00,2023-07-13 14:00:00-04:00,2023-07-13 11:55:00-04:00,15631.25,15660.5,15552.25,15678.65,5,0.6,0.1613022929662288,69.5,79.0,159.74,798.7,292.5,286.3,time,422.5,65.0
2023-07-14,2023-07-14 10:10:00-04:00,2023-07-14 14:00:00-04:00,2023-07-14 10:05:00-04:00,15812.5,15740.5,15721.0,15867.4,5,0.6,0.16055148301002262,90.75,91.5,184.74,923.7,-720.0,-726.2,time,450.0,875.0
2023-07-17,2023-07-17 11:35:00-04:00,2023-07-17 14:00:00-04:00,2023-07-17 11:30:00-04:00,15784.75,15819.5,15708.75,15830.35,5,0.6,0.1601267420017271,72.75,76.0,153.74,768.7,347.5,341.3,time,367.5,245.0
2023-07-18,2023-07-18 11:45:00-04:00,2023-07-18 12:00:00-04:00,2023-07-18 11:40:00-04:00,15831.75,15890.45,15733.5,15890.7,5,0.6,0.14702859979240485,82.5,98.25,198.24,991.2,587.0000000000073,580.8000000000072,target,612.5,5.0
2023-07-19,2023-07-19 11:15:00-04:00,2023-07-19 12:20:00-04:00,2023-07-19 11:10:00-04:00,16041.75,15977.75,15978.0,16080.0,5,0.6,0.14565887579676917,60.25,63.75,129.24,646.2,-640.0,-646.2,stop,207.5,660.0
2023-07-25,2023-07-25 11:40:00-04:00,2023-07-25 14:00:00-04:00,2023-07-25 11:35:00-04:00,15672.5,15689.75,15588.25,15723.05,5,0.6,0.1559918451287291,81.25,84.25,170.24,851.2,172.5,166.3,time,367.5,185.0
2023-07-28,2023-07-28 10:05:00-04:00,2023-07-28 11:50:00-04:00,2023-07-28 10:00:00-04:00,15824.75,15890.05,15715.5,15890.3,5,0.6,0.13437210135834968,103.75,109.25,220.24,1101.2,652.9999999999927,646.7999999999927,target,685.0,432.5
2023-08-01,2023-08-01 10:40:00-04:00,2023-08-01 13:05:00-04:00,2023-08-01 10:35:00-04:00,15811.25,15838.75,15765.0,15839.0,5,0.6,0.14174202051887416,44.0,46.25,94.24,471.2,275.0,268.8,target,327.5,332.5
2023-08-03,2023-08-03 11:20:00-04:00,2023-08-03 14:00:00-04:00,2023-08-03 11:15:00-04:00,15473.25,15452.5,15351.0,15546.6,5,0.6,0.16028777306297312,107.0,122.25,246.24,1231.2,-207.5,-213.7,time,505.0,315.0
2023-08-04,2023-08-04 12:30:00-04:00,2023-08-04 14:00:00-04:00,2023-08-04 12:25:00-04:00,15591.5,15524.5,15440.0,15682.4,5,0.6,0.1571542175872485,144.0,151.5,304.74,1523.7,-670.0,-676.2,time,187.5,1262.5
2023-08-10,2023-08-10 10:05:00-04:00,2023-08-10 11:20:00-04:00,2023-08-10 10:00:00-04:00,15430.25,15273.0,15273.25,15524.45,5,0.6,0.16282086027081327,152.25,157.0,315.74,1578.7,-1572.5,-1578.7,stop,82.5,1692.5
2023-08-11,2023-08-11 10:15:00-04:00,2023-08-11 11:30:00-04:00,2023-08-11 10:10:00-04:00,15132.0,15051.75,15052.0,15180.0,5,0.6,0.15068681581297125,64.75,80.0,161.74,808.7,-802.5,-808.7,stop,422.5,947.5
2023-08-14,2023-08-14 10:05:00-04:00,2023-08-14 10:35:00-04:00,2023-08-14 10:00:00-04:00,15130.5,15186.8,15036.25,15187.05,5,0.6,0.15121032262165152,89.75,94.25,190.24,951.2,562.9999999999927,556.7999999999927,target,770.0,167.5
2023-08-16,2023-08-16 10:20:00-04:00,2023-08-16 11:50:00-04:00,2023-08-16 10:15:00-04:00,15135.75,15050.5,15050.75,15186.75,5,0.6,0.1529585913601935,77.0,85.0,171.74,858.7,-852.5,-858.7,stop,87.5,897.5
2023-08-18,2023-08-18 11:05:00-04:00,2023-08-18 14:00:00-04:00,2023-08-18 11:00:00-04:00,14705.75,14729.75,14622.75,14755.55,5,0.6,0.14220486900623566,74.25,83.0,167.74,838.7,240.0,233.8,time,455.0,575.0
2023-08-21,2023-08-21 10:05:00-04:00,2023-08-21 11:10:00-04:00,2023-08-21 10:00:00-04:00,14916.0,14805.25,14805.5,14982.3,5,0.6,0.14237399227854336,108.0,110.5,222.74,1113.7,-1107.5,-1113.7,stop,162.5,1110.0
2023-08-23,2023-08-23 10:10:00-04:00,2023-08-23 10:45:00-04:00,2023-08-23 10:05:00-04:00,15106.25,15170.2,14999.25,15170.45,5,0.6,0.15226599594469956,106.25,107.0,215.74,1078.7,639.5000000000073,633.3000000000072,target,702.5,90.0
2023-08-25,2023-08-25 10:15:00-04:00,2023-08-25 10:25:00-04:00,2023-08-25 10:10:00-04:00,14999.25,14891.75,14892.0,15063.6,5,0.6,0.18397034138294174,63.25,107.25,216.24,1081.2,-1075.0,-1081.2,stop,497.5,1292.5
2023-08-29,2023-08-29 10:05:00-04:00,2023-08-29 11:10:00-04:00,2023-08-29 10:00:00-04:00,15229.75,15330.0,15062.25,15330.25,5,0.6,0.1792015021926143,113.0,167.5,336.74,1683.7,1002.5,996.3,target,1112.5,107.5
2023-08-30,2023-08-30 10:10:00-04:00,2023-08-30 10:25:00-04:00,2023-08-30 10:05:00-04:00,15478.75,15386.25,15386.5,15534.1,5,0.6,0.19791188413792313,90.5,92.25,186.24,931.2,-925.0,-931.2,stop,287.5,1045.0
2023-08-31,2023-08-31 10:15:00-04:00,2023-08-31 14:00:00-04:00,2023-08-31 10:10:00-04:00,15582.25,15557.5,15488.75,15638.35,5,0.6,0.18266283928309313,79.25,93.5,188.74,943.7,-247.5,-253.7,time,245.0,885.0
2023-09-05,2023-09-05 10:25:00-04:00,2023-09-05 11:00:00-04:00,2023-09-05 10:20:00-04:00,15511.0,15549.9,15445.75,15550.15,5,0.6,0.17996415680113628,60.75,65.25,132.24,661.2,388.99999999999636,382.7999999999964,target,477.5,340.0
2023-09-07,2023-09-07 10:45:00-04:00,2023-09-07 14:00:00-04:00,2023-09-07 10:40:00-04:00,15270.5,15279.5,15157.5,15338.3,5,0.6,0.17752663236873725,83.25,113.0,227.74,1138.7,90.0,83.8,time,225.0,732.5
2023-09-08,2023-09-08 10:20:00-04:00,2023-09-08 14:00:00-04:00,2023-09-08 10:15:00-04:00,15374.5,15326.5,15270.5,15436.9,5,0.6,0.17605774927105167,101.0,104.0,209.74,1048.7,-480.0,-486.2,time,160.0,870.0
2023-09-11,2023-09-11 13:40:00-04:00,2023-09-11 14:00:00-04:00,2023-09-11 13:35:00-04:00,15453.75,15468.0,15352.0,15514.8,5,0.6,0.17622004364115482,96.25,101.75,205.24,1026.2,142.5,136.3,time,177.5,75.0
2023-09-13,2023-09-13 11:05:00-04:00,2023-09-13 14:00:00-04:00,2023-09-13 11:00:00-04:00,15581.25,15604.0,15493.5,15633.9,5,0.6,0.18049215460532533,68.25,87.75,177.24,886.2,227.5,221.3,time,387.5,435.0
2023-09-14,2023-09-14 10:45:00-04:00,2023-09-14 14:00:00-04:00,2023-09-14 10:40:00-04:00,15645.5,15680.25,15536.25,15711.05,5,0.6,0.18473571499456712,102.5,109.25,220.24,1101.2,347.5,341.3,time,635.0,185.0
2023-09-18,2023-09-18 11:35:00-04:00,2023-09-18 14:00:00-04:00,2023-09-18 11:30:00-04:00,15435.25,15436.25,15343.25,15490.45,5,0.6,0.18912455527811628,91.75,92.0,185.74,928.7,10.0,3.8,time,255.0,112.5
2023-09-19,2023-09-19 13:55:00-04:00,2023-09-19 14:00:00-04:00,2023-09-19 13:50:00-04:00,15378.0,15373.25,15303.0,15423.0,5,0.6,0.18882734654410013,70.25,75.0,151.74,758.7,-47.5,-53.7,time,60.0,102.5
2023-09-22,2023-09-22 10:25:00-04:00,2023-09-22 10:35:00-04:00,2023-09-22 10:20:00-04:00,14955.75,14996.15,14888.0,14996.4,5,0.6,0.1954864690062433,62.75,67.75,137.24,686.2,403.99999999999636,397.7999999999964,target,475.0,212.5
2023-09-25,2023-09-25 11:20:00-04:00,2023-09-25 14:00:00-04:00,2023-09-25 11:15:00-04:00,14914.0,14903.25,14782.5,14992.9,5,0.6,0.17678396906611146,114.0,131.5,264.74,1323.7,-107.5,-113.7,time,220.0,497.5
2023-09-28,2023-09-28 10:05:00-04:00,2023-09-28 11:30:00-04:00,2023-09-28 10:00:00-04:00,14771.25,14840.0,14656.25,14840.25,5,0.6,0.1601422217567605,91.0,115.0,231.74,1158.7,687.5,681.3,target,870.0,920.0
2023-09-29,2023-09-29 10:05:00-04:00,2023-09-29 10:20:00-04:00,2023-09-29 10:00:00-04:00,15051.5,14976.5,14976.75,15096.35,5,0.6,0.1617082917086466,67.25,74.75,151.24,756.2,-750.0,-756.2,stop,12.5,775.0
2023-10-02,2023-10-02 10:05:00-04:00,2023-10-02 14:00:00-04:00,2023-10-02 10:00:00-04:00,14982.5,14909.0,14847.25,15063.65,5,0.6,0.16121595233770566,113.75,135.25,272.24,1361.2,-735.0,-741.2,time,637.5,1157.5
2023-10-04,2023-10-04 11:20:00-04:00,2023-10-04 14:00:00-04:00,2023-10-04 11:15:00-04:00,14845.25,14820.0,14748.0,14903.6,5,0.6,0.17429808955508638,86.5,97.25,196.24,981.2,-252.5,-258.7,time,547.5,370.0
2023-10-06,2023-10-06 10:25:00-04:00,2023-10-06 10:45:00-04:00,2023-10-06 10:20:00-04:00,14824.0,14896.95,14702.0,14897.2,5,0.6,0.17853714393225972,98.75,122.0,245.74,1228.7,729.5000000000073,723.3000000000072,target,770.0,57.5
2023-10-09,2023-10-09 12:20:00-04:00,2023-10-09 13:40:00-04:00,2023-10-09 12:15:00-04:00,15074.5,15149.4,14949.25,15149.65,5,0.6,0.19057050177815132,113.25,125.25,252.24,1261.2,748.9999999999964,742.7999999999963,target,967.5,280.0
2023-10-10,2023-10-10 10:05:00-04:00,2023-10-10 10:35:00-04:00,2023-10-10 10:00:00-04:00,15264.0,15314.15,15180.0,15314.4,5,0.6,0.18646854436669807,61.75,84.0,169.74,848.7,501.49999999999636,495.2999999999964,target,577.5,265.0
2023-10-12,2023-10-12 10:10:00-04:00,2023-10-12 10:10:00-04:00,2023-10-12 10:05:00-04:00,15423.0,15457.25,15365.5,15457.5,5,0.6,0.174761608148079,51.0,57.5,116.74,583.6999999999999,342.5,336.3,target,367.5,17.5
2023-10-16,2023-10-16 10:20:00-04:00,2023-10-16 10:30:00-04:00,2023-10-16 10:15:00-04:00,15264.0,15320.9,15168.75,15321.15,5,0.6,0.16640941772355733,91.25,95.25,192.24,961.2,568.9999999999964,562.7999999999963,target,612.5,50.0
2023-10-17,2023-10-17 10:15:00-04:00,2023-10-17 10:35:00-04:00,2023-10-17 10:10:00-04:00,15158.75,15223.75,15050.0,15224.0,5,0.6,0.17242407133255128,92.0,108.75,219.24,1096.2,650.0,643.8,target,785.0,27.5
2023-10-18,2023-10-18 10:20:00-04:00,2023-10-18 10:35:00-04:00,2023-10-18 10:15:00-04:00,15200.5,15121.25,15121.5,15247.9,5,0.6,0.17267757282155366,77.5,79.0,159.74,798.7,-792.5,-798.7,stop,235.0,960.0
2023-10-19,2023-10-19 12:25:00-04:00,2023-10-19 12:30:00-04:00,2023-10-19 12:20:00-04:00,15115.25,15020.75,15021.0,15171.8,5,0.6,0.16917680709674154,88.25,94.25,190.24,951.2,-945.0,-951.2,stop,27.5,1597.5
2023-10-23,2023-10-23 10:15:00-04:00,2023-10-23 11:20:00-04:00,2023-10-23 10:10:00-04:00,14657.5,14743.2,14514.25,14743.45,5,0.6,0.1683834015505865,128.5,143.25,288.24,1441.2,857.0000000000073,850.8000000000072,target,915.0,237.5
2023-10-24,2023-10-24 10:30:00-04:00,2023-10-24 12:20:00-04:00,2023-10-24 10:25:00-04:00,14848.25,14758.75,14759.0,14901.8,5,0.6,0.16871894173934462,78.25,89.25,180.24,901.2,-895.0,-901.2,stop,295.0,927.5
2023-10-27,2023-10-27 11:10:00-04:00,2023-10-27 11:15:00-04:00,2023-10-27 11:05:00-04:00,14358.75,14399.15,14291.0,14399.4,5,0.6,0.19001988064973557,65.25,67.75,137.24,686.2,403.99999999999636,397.7999999999964,target,462.5,112.5
2023-10-31,2023-10-31 12:50:00-04:00,2023-10-31 14:00:00-04:00,2023-10-31 12:45:00-04:00,14435.25,14477.25,14311.25,14509.65,5,0.6,0.19170423769807668,117.75,124.0,249.74,1248.7,420.0,413.8,time,527.5,222.5
2023-11-01,2023-11-01 10:25:00-04:00,2023-11-01 14:00:00-04:00,2023-11-01 10:20:00-04:00,14631.0,14605.5,14515.25,14700.45,5,0.6,0.1834090571537951,66.25,115.75,233.24,1166.2,-255.0,-261.2,time,185.0,687.5
2023-11-02,2023-11-02 10:55:00-04:00,2023-11-02 13:30:00-04:00,2023-11-02 10:50:00-04:00,14955.25,14987.7,14900.75,14987.95,5,0.6,0.19132631519177418,51.75,54.5,110.74,553.6999999999999,324.5000000000073,318.3000000000073,target,342.5,327.5
2023-11-03,2023-11-03 11:50:00-04:00,2023-11-03 14:00:00-04:00,2023-11-03 11:45:00-04:00,15143.5,15191.25,15040.25,15205.45,5,0.6,0.2005758235473101,99.75,103.25,208.24,1041.2,477.5,471.3,time,607.5,77.5
2023-11-07,2023-11-07 10:05:00-05:00,2023-11-07 10:40:00-05:00,2023-11-07 10:00:00-05:00,15309.25,15359.85,15224.5,15360.1,5,0.6,0.19503593607056485,78.75,84.75,171.24,856.2,506.00000000000364,499.80000000000365,target,565.0,362.5
2023-11-09,2023-11-09 11:50:00-05:00,2023-11-09 13:00:00-05:00,2023-11-09 11:45:00-05:00,15429.75,15365.5,15365.75,15468.15,5,0.6,0.19525477996013302,57.25,64.0,129.74,648.7,-642.5,-648.7,stop,235.0,1087.5
2023-11-10,2023-11-10 11:05:00-05:00,2023-11-10 12:00:00-05:00,2023-11-10 11:00:00-05:00,15404.25,15463.25,15305.5,15463.5,5,0.6,0.1962886970626492,83.5,98.75,199.24,996.2,590.0,583.8,target,630.0,10.0
2023-11-13,2023-11-13 10:55:00-05:00,2023-11-13 14:00:00-05:00,2023-11-13 10:50:00-05:00,15543.25,15558.5,15465.25,15590.05,5,0.6,0.20414052401092253,73.75,78.0,157.74,788.7,152.5,146.3,time,462.5,137.5
2023-11-14,2023-11-14 10:05:00-05:00,2023-11-14 14:00:00-05:00,2023-11-14 10:00:00-05:00,15884.5,15852.25,15790.0,15941.2,5,0.6,0.20088724716491793,77.75,94.5,190.74,953.7,-322.5,-328.7,time,182.5,512.5
2023-11-17,2023-11-17 12:05:00-05:00,2023-11-17 13:15:00-05:00,2023-11-17 12:00:00-05:00,15883.5,15914.45,15831.5,15914.7,5,0.6,0.19804042191435453,49.25,52.0,105.74,528.6999999999999,309.5000000000073,303.3000000000073,target,335.0,200.0
2023-11-20,2023-11-20 11:00:00-05:00,2023-11-20 13:05:00-05:00,2023-11-20 10:55:00-05:00,15999.75,16062.5,15894.75,16062.75,5,0.6,0.1889874600575742,102.25,105.0,211.74,1058.7,627.5,621.3,target,685.0,5.0
2023-11-23,2023-11-23 11:00:00-05:00,2023-11-23 18:00:00-05:00,2023-11-23 10:55:00-05:00,16073.5,16062.25,16053.25,16085.65,5,0.6,,16.25,20.25,42.24,211.20000000000002,-112.5,-118.7,time,27.5,150.0
2023-11-27,2023-11-27 10:10:00-05:00,2023-11-27 13:15:00-05:00,2023-11-27 10:05:00-05:00,16044.25,16088.4,15970.25,16088.65,5,0.6,0.16527885390941968,67.0,74.0,149.74,748.7,441.49999999999636,435.2999999999964,target,447.5,450.0
2023-11-28,2023-11-28 10:40:00-05:00,2023-11-28 10:40:00-05:00,2023-11-28 10:35:00-05:00,16010.75,16042.0,15958.25,16042.25,5,0.6,0.14375637726175003,49.0,52.5,106.74,533.6999999999999,312.5,306.3,target,370.0,10.0
2023-12-01,2023-12-01 11:15:00-05:00,2023-12-01 12:45:00-05:00,2023-12-01 11:10:00-05:00,15976.75,16037.25,15875.5,16037.5,5,0.6,0.1491406178387344,68.0,101.25,204.24,1021.2,605.0,598.8,target,665.0,465.0
2023-12-05,2023-12-05 10:05:00-05:00,2023-12-05 14:00:00-05:00,2023-12-05 10:00:00-05:00,15925.75,15872.75,15783.25,16011.25,5,0.6,0.14106466339931462,80.75,142.5,286.74,1433.7,-530.0,-536.2,time,360.0,982.5
2023-12-07,2023-12-07 10:25:00-05:00,2023-12-07 14:00:00-05:00,2023-12-07 10:20:00-05:00,15993.75,16033.5,15888.0,16057.2,5,0.6,0.13981900152865562,94.0,105.75,213.24,1066.2,397.5,391.3,time,625.0,630.0
2023-12-08,2023-12-08 10:05:00-05:00,2023-12-08 10:15:00-05:00,2023-12-08 10:00:00-05:00,16045.0,16103.7,15946.75,16103.95,5,0.6,0.14285754044104415,79.5,98.25,198.24,991.2,587.0000000000073,580.8000000000072,target,650.0,170.0
2023-12-11,2023-12-11 10:10:00-05:00,2023-12-11 13:30:00-05:00,2023-12-11 10:05:00-05:00,16168.25,16227.85,16068.5,16228.1,5,0.6,0.14283334759726762,95.5,99.75,201.24,1006.2,596.0000000000036,589.8000000000036,target,615.0,467.5
2023-12-12,2023-12-12 10:05:00-05:00,2023-12-12 11:20:00-05:00,2023-12-12 10:00:00-05:00,16257.5,16300.75,16185.0,16301.0,5,0.6,0.13971013217467537,70.75,72.5,146.74,733.7,432.5,426.3,target,482.5,107.5
2023-12-15,2023-12-15 10:20:00-05:00,2023-12-15 13:40:00-05:00,2023-12-15 10:15:00-05:00,16848.25,16780.0,16780.25,16889.05,5,0.6,0.10829539580551648,66.75,68.0,137.74,688.7,-682.5,-688.7,stop,390.0,747.5
2023-12-18,2023-12-18 10:05:00-05:00,2023-12-18 12:15:00-05:00,2023-12-18 10:00:00-05:00,16896.25,16934.55,16832.0,16934.8,5,0.6,0.10758227863309561,51.0,64.25,130.24,651.2,382.9999999999927,376.79999999999274,target,420.0,405.0
2023-12-19,2023-12-19 10:35:00-05:00,2023-12-19 14:00:00-05:00,2023-12-19 10:30:00-05:00,16997.75,16993.5,16944.5,17029.7,5,0.6,0.10785232285053883,50.75,53.25,108.24,541.1999999999999,-42.5,-48.7,time,150.0,327.5
2023-12-20,2023-12-20 10:05:00-05:00,2023-12-20 10:30:00-05:00,2023-12-20 10:00:00-05:00,17026.5,17059.7,16970.75,17059.95,5,0.6,0.10761884306555503,53.5,55.75,113.24,566.1999999999999,332.0000000000073,325.8000000000073,target,470.0,10.0
2023-12-26,2023-12-26 10:40:00-05:00,2023-12-26 14:00:00-05:00,2023-12-26 10:35:00-05:00,17057.75,17049.0,17005.25,17089.25,5,0.6,0.1182449724339711,46.75,52.5,106.74,533.6999999999999,-87.5,-93.7,time,62.5,350.0
2024-01-04,2024-01-04 10:10:00-05:00,2024-01-04 11:10:00-05:00,2024-01-04 10:05:00-05:00,16513.75,16555.95,16443.0,16556.2,5,0.6,0.13882818617396706,57.0,70.75,143.24,716.2,422.0000000000073,415.8000000000073,target,605.0,177.5
2024-01-05,2024-01-05 10:05:00-05:00,2024-01-05 13:15:00-05:00,2024-01-05 10:00:00-05:00,16540.5,16437.0,16437.25,16602.45,5,0.6,0.1409421490927836,58.25,103.25,208.24,1041.2,-1035.0,-1041.2,stop,365.0,1102.5
2024-01-08,2024-01-08 10:05:00-05:00,2024-01-08 13:40:00-05:00,2024-01-08 10:00:00-05:00,16641.25,16722.6,16505.25,16722.85,5,0.6,0.137821894909607,128.25,136.0,273.74,1368.7,813.4999999999854,807.2999999999854,target,837.5,182.5
2024-01-09,2024-01-09 10:10:00-05:00,2024-01-09 11:00:00-05:00,2024-01-09 10:05:00-05:00,16720.75,16756.5,16660.75,16756.75,5,0.6,0.14758792983092828,53.75,60.0,121.74,608.6999999999999,357.5,351.3,target,402.5,90.0
2024-01-10,2024-01-10 10:45:00-05:00,2024-01-10 13:00:00-05:00,2024-01-10 10:40:00-05:00,16885.5,16928.6,16813.25,16928.85,5,0.6,0.14745204171173487,60.75,72.25,146.24,731.2,430.99999999998545,424.79999999998546,target,447.5,310.0
2024-01-15,2024-01-15 10:50:00-05:00,2024-01-15 18:00:00-05:00,2024-01-15 10:45:00-05:00,16968.5,16965.75,16936.0,16988.0,5,0.6,,31.5,32.5,66.74,333.7,-27.5,-33.7,time,115.0,142.5
2024-01-16,2024-01-16 10:20:00-05:00,2024-01-16 10:50:00-05:00,2024-01-16 10:15:00-05:00,16965.0,17030.75,16855.0,17031.0,5,0.6,0.14009424331863302,91.0,110.0,221.74,1108.7,657.5,651.3,target,690.0,30.0
2024-01-18,2024-01-18 10:40:00-05:00,2024-01-18 11:30:00-05:00,2024-01-18 10:35:00-05:00,17059.5,17097.65,16995.5,17097.9,5,0.6,0.13621664360852603,59.25,64.0,129.74,648.7,381.50000000001455,375.30000000001456,target,420.0,332.5
2024-01-19,2024-01-19 10:05:00-05:00,2024-01-19 11:05:00-05:00,2024-01-19 10:00:00-05:00,17217.5,17248.0,17166.25,17248.25,5,0.6,0.14400393665589198,48.5,51.25,104.24,521.1999999999999,305.0,298.8,target,345.0,487.5
2024-01-23,2024-01-23 13:00:00-05:00,2024-01-23 14:00:00-05:00,2024-01-23 12:55:00-05:00,17490.0,17481.75,17409.25,17538.45,5,0.6,0.1497015333442758,79.0,80.75,163.24,816.2,-82.5,-88.7,time,30.0,300.0
2024-01-24,2024-01-24 10:20:00-05:00,2024-01-24 10:35:00-05:00,2024-01-24 10:15:00-05:00,17703.25,17742.6,17637.25,17742.85,5,0.6,0.14721858139897645,58.25,66.0,133.74,668.7,393.49999999998545,387.29999999998546,target,410.0,85.0
2024-01-25,2024-01-25 10:30:00-05:00,2024-01-25 12:30:00-05:00,2024-01-25 10:25:00-05:00,17730.5,17660.25,17660.5,17772.5,5,0.6,0.14736169863564472,67.5,70.0,141.74,708.7,-702.5,-708.7,stop,215.0,815.0
2024-01-26,2024-01-26 10:30:00-05:00,2024-01-26 10:55:00-05:00,2024-01-26 10:25:00-05:00,17581.0,17620.2,17515.25,17620.45,5,0.6,0.1464005757650963,56.25,65.75,133.24,666.2,392.0000000000073,385.8000000000073,target,457.5,27.5
2024-01-29,2024-01-29 12:25:00-05:00,2024-01-29 14:00:00-05:00,2024-01-29 12:20:00-05:00,17599.5,17587.75,17529.75,17641.35,5,0.6,0.148487968413332,55.0,69.75,141.24,706.2,-117.5,-123.7,time,102.5,215.0
2024-02-01,2024-02-01 10:10:00-05:00,2024-02-01 10:55:00-05:00,2024-02-01 10:05:00-05:00,17352.75,17284.75,17285.0,17393.4,5,0.6,0.1528414720797102,52.5,67.75,137.24,686.2,-680.0,-686.2,stop,185.0,805.0
2024-02-02,2024-02-02 10:45:00-05:00,2024-02-02 14:00:00-05:00,2024-02-02 10:40:00-05:00,17654.0,17729.0,17465.75,17766.95,5,0.6,0.1480250034839325,158.25,188.25,378.24,1891.2,750.0,743.8,time,1025.0,480.0
2024-02-07,2024-02-07 10:15:00-05:00,2024-02-07 10:25:00-05:00,2024-02-07 10:10:00-05:00,17807.5,17860.8,17718.25,17861.05,5,0.6,0.13959154109245728,59.75,89.25,180.24,901.2,532.9999999999927,526.7999999999927,target,602.5,50.0
2024-02-08,2024-02-08 10:05:00-05:00,2024-02-08 10:50:00-05:00,2024-02-08 10:00:00-05:00,17852.75,17879.65,17807.5,17879.9,5,0.6,0.14265697651467468,45.0,45.25,92.24,461.2,269.00000000001455,262.80000000001456,target,392.5,292.5
2024-02-09,2024-02-09 10:20:00-05:00,2024-02-09 11:00:00-05:00,2024-02-09 10:15:00-05:00,17954.75,18002.2,17875.25,18002.45,5,0.6,0.14211897497330173,69.0,79.5,160.74,803.7,474.5000000000073,468.3000000000073,target,482.5,35.0
2024-02-12,2024-02-12 10:45:00-05:00,2024-02-12 11:25:00-05:00,2024-02-12 10:40:00-05:00,18060.0,18091.4,18007.25,18091.65,5,0.6,0.14409753690725355,43.75,52.75,107.24,536.1999999999999,314.00000000001455,307.80000000001456,target,372.5,27.5
2024-02-13,2024-02-13 10:25:00-05:00,2024-02-13 10:35:00-05:00,2024-02-13 10:20:00-05:00,17705.0,17775.85,17586.5,17776.1,5,0.6,0.14607999822092638,97.5,118.5,238.74,1193.7,708.4999999999854,702.2999999999854,target,760.0,7.5
2024-02-14,2024-02-14 10:20:00-05:00,2024-02-14 11:00:00-05:00,2024-02-14 10:15:00-05:00,17826.0,17742.75,17743.0,17875.8,5,0.6,0.15938939966124144,75.75,83.0,167.74,838.7,-832.5,-838.7,stop,210.0,1210.0
2024-02-15,2024-02-15 13:20:00-05:00,2024-02-15 14:00:00-05:00,2024-02-15 13:15:00-05:00,17916.5,17911.25,17810.5,17980.1,5,0.6,0.15906203853364517,92.5,106.0,213.74,1068.7,-52.5,-58.7,time,162.5,210.0
2024-02-21,2024-02-21 10:05:00-05:00,2024-02-21 12:10:00-05:00,2024-02-21 10:00:00-05:00,17522.75,17448.25,17448.5,17567.3,5,0.6,0.14752218998617048,63.0,74.25,150.24,751.2,-745.0,-751.2,stop,2.5,855.0
2024-02-22,2024-02-22 11:20:00-05:00,2024-02-22 13:35:00-05:00,2024-02-22 11:15:00-05:00,17971.25,18035.35,17864.0,18035.6,5,0.6,0.14720073979200293,106.25,107.25,216.24,1081.2,640.9999999999854,634.7999999999854,target,667.5,362.5
2024-02-26,2024-02-26 11:55:00-05:00,2024-02-26 14:00:00-05:00,2024-02-26 11:50:00-05:00,18055.75,18014.0,17966.0,18109.6,5,0.6,0.17752584952252057,84.75,89.75,181.24,906.2,-417.5,-423.7,time,40.0,755.0
2024-02-27,2024-02-27 10:20:00-05:00,2024-02-27 12:50:00-05:00,2024-02-27 10:15:00-05:00,18028.5,17937.75,17938.0,18082.8,5,0.6,0.1758723147763351,88.75,90.5,182.74,913.7,-907.5,-913.7,stop,40.0,917.5
2024-02-28,2024-02-28 11:05:00-05:00,2024-02-28 14:00:00-05:00,2024-02-28 11:00:00-05:00,17951.25,17949.0,17876.25,17996.25,5,0.6,0.17302917263887513,70.25,75.0,151.74,758.7,-22.5,-28.7,time,237.5,575.0
2024-03-01,2024-03-01 10:10:00-05:00,2024-03-01 11:05:00-05:00,2024-03-01 10:05:00-05:00,18173.0,18220.45,18093.5,18220.7,5,0.6,0.1612858367304354,51.0,79.5,160.74,803.7,474.5000000000073,468.3000000000073,target,622.5,287.5
2024-03-06,2024-03-06 12:05:00-05:00,2024-03-06 13:50:00-05:00,2024-03-06 12:00:00-05:00,18132.0,18036.5,18036.75,18189.15,5,0.6,0.17163833852968083,89.5,95.25,192.24,961.2,-955.0,-961.2,stop,422.5,1012.5
2024-03-07,2024-03-07 10:25:00-05:00,2024-03-07 11:25:00-05:00,2024-03-07 10:20:00-05:00,18227.0,18291.55,18119.0,18291.8,5,0.6,0.17169242002221766,106.25,108.0,217.74,1088.7,645.4999999999927,639.2999999999927,target,660.0,85.0
2024-03-08,2024-03-08 10:05:00-05:00,2024-03-08 11:05:00-05:00,2024-03-08 10:00:00-05:00,18396.5,18287.75,18288.0,18461.6,5,0.6,0.17505707603477683,102.0,108.5,218.74,1093.7,-1087.5,-1093.7,stop,397.5,1315.0
2024-03-11,2024-03-11 10:55:00-04:00,2024-03-11 14:00:00-04:00,2024-03-11 10:50:00-04:00,18008.5,17975.0,17898.0,18074.8,5,0.6,0.18134147984276935,103.75,110.5,222.74,1113.7,-335.0,-341.2,time,145.0,897.5
2024-03-12,2024-03-12 10:25:00-04:00,2024-03-12 14:00:00-04:00,2024-03-12 10:20:00-04:00,18109.75,18154.75,17929.75,18217.75,5,0.6,0.17937511629988834,163.0,180.0,361.74,1808.7,450.0,443.8,time,985.0,330.0
2024-03-18,2024-03-18 10:30:00-04:00,2024-03-18 11:50:00-04:00,2024-03-18 10:25:00-04:00,18372.75,18277.25,18277.5,18429.9,5,0.6,0.179560641114228,84.0,95.25,192.24,961.2,-955.0,-961.2,stop,72.5,962.5
2024-03-19,2024-03-19 11:50:00-04:00,2024-03-19 12:30:00-04:00,2024-03-19 11:45:00-04:00,18153.75,18213.8,18053.25,18214.05,5,0.6,0.17571421896567654,99.5,100.5,202.74,1013.7,600.4999999999927,594.2999999999927,target,645.0,212.5
2024-03-22,2024-03-22 10:05:00-04:00,2024-03-22 13:05:00-04:00,2024-03-22 10:00:00-04:00,18557.75,18592.0,18500.25,18592.25,5,0.6,0.14887561393807452,47.25,57.5,116.74,583.6999999999999,342.5,336.3,target,360.0,560.0
2024-03-25,2024-03-25 10:10:00-04:00,2024-03-25 11:40:00-04:00,2024-03-25 10:05:00-04:00,18497.25,18546.35,18415.0,18546.6,5,0.6,0.1480654388379061,72.25,82.25,166.24,831.2,490.99999999998545,484.79999999998546,target,505.0,5.0
2024-03-26,2024-03-26 10:05:00-04:00,2024-03-26 10:25:00-04:00,2024-03-26 10:00:00-04:00,18606.75,18549.75,18550.0,18640.8,5,0.6,0.14873892978901324,44.75,56.75,115.24,576.1999999999999,-570.0,-576.2,stop,10.0,595.0
2024-04-02,2024-04-02 13:05:00-04:00,2024-04-02 14:00:00-04:00,2024-04-02 13:00:00-04:00,18294.25,18277.5,18223.5,18336.7,5,0.6,0.1357257788950126,68.75,70.75,143.24,716.2,-167.5,-173.7,time,62.5,245.0
2024-04-03,2024-04-03 10:05:00-04:00,2024-04-03 10:30:00-04:00,2024-04-03 10:00:00-04:00,18352.5,18420.35,18239.0,18420.6,5,0.6,0.1386672343611549,46.0,113.5,228.74,1143.7,678.4999999999854,672.2999999999854,target,740.0,240.0
2024-04-05,2024-04-05 10:15:00-04:00,2024-04-05 11:00:00-04:00,2024-04-05 10:10:00-04:00,18239.75,18321.85,18102.5,18322.1,5,0.6,0.1369367016984665,125.75,137.25,276.24,1381.2,820.9999999999854,814.7999999999854,target,840.0,582.5
2024-04-08,2024-04-08 10:30:00-04:00,2024-04-08 14:00:00-04:00,2024-04-08 10:25:00-04:00,18340.0,18307.25,18237.75,18401.35,5,0.6,0.13181502155024635,99.25,102.25,206.24,1031.2,-327.5,-333.7,time,375.0,877.5
2024-04-10,2024-04-10 10:40:00-04:00,2024-04-10 14:00:00-04:00,2024-04-10 10:35:00-04:00,18221.5,18166.5,18107.25,18290.05,5,0.6,0.12254337959496328,101.0,114.25,230.24,1151.2,-550.0,-556.2,time,30.0,1075.0
2024-04-11,2024-04-11 11:55:00-04:00,2024-04-11 11:55:00-04:00,2024-04-11 11:50:00-04:00,18278.75,18312.25,18222.5,18312.5,5,0.6,0.12179728327228097,51.75,56.25,114.24,571.1999999999999,335.0,328.8,target,437.5,20.0
2024-04-16,2024-04-16 10:15:00-04:00,2024-04-16 13:30:00-04:00,2024-04-16 10:10:00-04:00,17912.75,17821.75,17822.0,17967.2,5,0.6,0.15464895777069643,88.75,90.75,183.24,916.2,-910.0,-916.2,stop,247.5,947.5
2024-04-18,2024-04-18 10:40:00-04:00,2024-04-18 13:20:00-04:00,2024-04-18 10:35:00-04:00,17682.75,17550.75,17551.0,17761.8,5,0.6,0.15534939999629446,127.75,131.75,265.24,1326.2,-1320.0,-1326.2,stop,632.5,1437.5
2024-04-22,2024-04-22 13:30:00-04:00,2024-04-22 13:50:00-04:00,2024-04-22 13:25:00-04:00,17344.5,17392.55,17264.0,17392.8,5,0.6,0.15848666704124875,67.5,80.5,162.74,813.7,480.4999999999927,474.29999999999274,target,660.0,30.0
2024-04-23,2024-04-23 10:25:00-04:00,2024-04-23 11:00:00-04:00,2024-04-23 10:20:00-04:00,17529.75,17599.25,17413.5,17599.5,5,0.6,0.16438212144059258,114.25,116.25,234.24,1171.2,695.0,688.8,target,710.0,72.5
2024-04-25,2024-04-25 10:15:00-04:00,2024-04-25 12:45:00-04:00,2024-04-25 10:10:00-04:00,17410.5,17471.75,17308.0,17472.0,5,0.6,0.18185320628904747,73.75,102.5,206.74,1033.7,612.5,606.3,target,647.5,690.0
2024-04-26,2024-04-26 10:05:00-04:00,2024-04-26 13:15:00-04:00,2024-04-26 10:00:00-04:00,17808.5,17892.4,17668.25,17892.65,5,0.6,0.18356479824765642,134.5,140.25,282.24,1411.2,839.0000000000146,832.8000000000145,target,855.0,400.0
2024-05-02,2024-05-02 13:30:00-04:00,2024-05-02 14:00:00-04:00,2024-05-02 13:25:00-04:00,17604.5,17594.75,17483.0,17677.4,5,0.6,0.19222810465121865,119.5,121.5,244.74,1223.7,-97.5,-103.7,time,120.0,295.0
2024-05-06,2024-05-06 11:45:00-04:00,2024-05-06 14:00:00-04:00,2024-05-06 11:40:00-04:00,18111.5,18128.0,18042.5,18152.9,5,0.6,0.2003561294673439,67.75,69.0,139.74,698.7,165.0,158.8,time,275.0,442.5
2024-05-07,2024-05-07 11:00:00-04:00,2024-05-07 13:55:00-04:00,2024-05-07 10:55:00-04:00,18250.5,18187.75,18188.0,18288.0,5,0.6,0.20375849613062758,48.25,62.5,126.74,633.6999999999999,-627.5,-633.7,stop,172.5,672.5
2024-05-08,2024-05-08 10:25:00-04:00,2024-05-08 14:00:00-04:00,2024-05-08 10:20:00-04:00,18194.5,18178.75,18079.0,18263.8,5,0.6,0.20284698664071094,95.75,115.5,232.74,1163.7,-157.5,-163.7,time,477.5,562.5
2024-05-09,2024-05-09 10:40:00-04:00,2024-05-09 14:00:00-04:00,2024-05-09 10:35:00-04:00,18204.0,18205.75,18108.0,18261.6,5,0.6,0.19779289546697068,96.0,96.0,193.74,968.7,17.5,11.3,time,335.0,340.0
2024-05-14,2024-05-14 10:25:00-04:00,2024-05-14 14:00:00-04:00,2024-05-14 10:20:00-04:00,18344.0,18331.0,18265.25,18391.25,5,0.6,0.16512950970795587,61.75,78.75,159.24,796.2,-130.0,-136.2,time,275.0,607.5
2024-05-15,2024-05-15 10:25:00-04:00,2024-05-15 11:05:00-04:00,2024-05-15 10:20:00-04:00,18536.25,18589.4,18447.25,18589.65,5,0.6,0.1662256632385871,84.5,89.0,179.74,898.7,531.5000000000146,525.3000000000145,target,605.0,125.0
2024-05-16,2024-05-16 10:25:00-04:00,2024-05-16 10:55:00-04:00,2024-05-16 10:20:00-04:00,18718.5,18746.15,18672.0,18746.4,5,0.6,0.16370893202261466,44.5,46.5,94.74,473.7,276.50000000001455,270.30000000001456,target,310.0,92.5
2024-05-17,2024-05-17 10:35:00-04:00,2024-05-17 12:45:00-04:00,2024-05-17 10:30:00-04:00,18675.25,18620.25,18620.5,18708.1,5,0.6,0.1603431124480657,47.0,54.75,111.24,556.1999999999999,-550.0,-556.2,stop,17.5,675.0
2024-05-20,2024-05-20 10:45:00-04:00,2024-05-20 14:00:00-04:00,2024-05-20 10:40:00-04:00,18756.0,18745.25,18635.25,18828.45,5,0.6,0.13401554717330835,119.0,120.75,243.24,1216.2,-107.5,-113.7,time,385.0,275.0
2024-05-21,2024-05-21 10:05:00-04:00,2024-05-21 10:35:00-04:00,2024-05-21 10:00:00-04:00,18723.75,18750.95,18678.0,18751.2,5,0.6,0.13340974048622553,41.75,45.75,93.24,466.2,272.0000000000073,265.8000000000073,target,347.5,237.5
2024-05-22,2024-05-22 11:15:00-04:00,2024-05-22 13:35:00-04:00,2024-05-22 11:10:00-04:00,18834.5,18788.75,18789.0,18861.8,5,0.6,0.12263440613222032,41.5,45.5,92.74,463.7,-457.5,-463.7,stop,40.0,672.5
2024-05-24,2024-05-24 10:15:00-04:00,2024-05-24 10:25:00-04:00,2024-05-24 10:10:00-04:00,18791.0,18826.3,18731.75,18826.55,5,0.6,0.12722436517350982,55.75,59.25,120.24,601.1999999999999,352.9999999999927,346.79999999999274,target,470.0,7.5
2024-05-27,2024-05-27 11:05:00-04:00,2024-05-27 11:45:00-04:00,2024-05-27 11:00:00-04:00,18913.5,18935.0,18877.25,18935.25,5,0.6,,34.0,36.25,74.24,371.2,215.0,208.8,target,257.5,22.5
2024-05-28,2024-05-28 13:35:00-04:00,2024-05-28 14:00:00-04:00,2024-05-28 13:30:00-04:00,18937.25,18902.25,18838.75,18996.35,5,0.6,0.129951168108809,98.25,98.5,198.74,993.7,-350.0,-356.2,time,85.0,457.5
2024-05-29,2024-05-29 10:25:00-04:00,2024-05-29 14:00:00-04:00,2024-05-29 10:20:00-04:00,18856.75,18859.25,18761.0,18914.2,5,0.6,0.13000094833638057,88.75,95.75,193.24,966.2,25.0,18.8,time,232.5,405.0
2024-06-05,2024-06-05 10:25:00-04:00,2024-06-05 10:30:00-04:00,2024-06-05 10:20:00-04:00,18876.25,18913.65,18813.5,18913.9,5,0.6,0.09172382167401662,46.5,62.75,127.24,636.1999999999999,374.00000000001455,367.80000000001456,target,562.5,20.0
2024-06-07,2024-06-07 10:40:00-04:00,2024-06-07 12:30:00-04:00,2024-06-07 10:35:00-04:00,19073.5,19122.0,18992.25,19122.25,5,0.6,0.11115950665159043,72.0,81.25,164.24,821.2,485.0,478.8,target,540.0,582.5
2024-06-10,2024-06-10 10:30:00-04:00,2024-06-10 11:00:00-04:00,2024-06-10 10:25:00-04:00,19035.5,19070.05,18977.5,19070.3,5,0.6,0.1118158811585508,46.0,58.0,117.74,588.6999999999999,345.4999999999927,339.29999999999274,target,392.5,132.5
2024-06-11,2024-06-11 10:40:00-04:00,2024-06-11 13:50:00-04:00,2024-06-11 10:35:00-04:00,19092.5,19150.9,18994.75,19151.15,5,0.6,0.11187933215778226,92.75,97.75,197.24,986.2,584.0000000000146,577.8000000000145,target,712.5,295.0
2024-06-12,2024-06-12 10:15:00-04:00,2024-06-12 14:00:00-04:00,2024-06-12 10:10:00-04:00,19509.5,19514.75,19374.5,19590.5,5,0.6,0.1133561128014804,130.25,135.0,271.74,1358.7,52.5,46.3,time,370.0,625.0
2024-06-14,2024-06-14 13:15:00-04:00,2024-06-14 14:00:00-04:00,2024-06-14 13:10:00-04:00,19652.0,19657.25,19557.0,19709.0,5,0.6,0.11106760842689041,90.0,95.0,191.74,958.7,52.5,46.3,time,242.5,135.0
2024-06-17,2024-06-17 11:00:00-04:00,2024-06-17 11:45:00-04:00,2024-06-17 10:55:00-04:00,19714.0,19758.0,19640.25,19758.25,5,0.6,0.11036745170912501,69.5,73.75,149.24,746.2,440.0,433.8,target,455.0,2.5
2024-06-18,2024-06-18 13:50:00-04:00,2024-06-18 14:00:00-04:00,2024-06-18 13:45:00-04:00,19949.75,19927.0,19889.5,19985.9,5,0.6,0.1129165491911638,54.25,60.25,122.24,611.1999999999999,-227.5,-233.7,time,32.5,647.5
2024-06-21,2024-06-21 11:20:00-04:00,2024-06-21 14:00:00-04:00,2024-06-21 11:15:00-04:00,20033.5,19961.0,19914.0,20105.2,5,0.6,0.1124001790181323,113.75,119.5,240.74,1203.7,-725.0,-731.2,time,395.0,862.5
2024-06-24,2024-06-24 10:05:00-04:00,2024-06-24 10:40:00-04:00,2024-06-24 10:00:00-04:00,19975.75,19866.5,19866.75,20041.15,5,0.6,0.11403144483984051,98.5,109.0,219.74,1098.7,-1092.5,-1098.7,stop,197.5,1167.5
2024-06-25,2024-06-25 10:05:00-04:00,2024-06-25 11:15:00-04:00,2024-06-25 10:00:00-04:00,19874.75,19924.0,19792.25,19924.25,5,0.6,0.12156284645737267,60.25,82.5,166.74,833.7,492.5,486.3,target,690.0,215.0
2024-06-26,2024-06-26 10:10:00-04:00,2024-06-26 11:10:00-04:00,2024-06-26 10:05:00-04:00,20002.5,19918.25,19918.5,20052.9,5,0.6,0.12250566697886234,81.25,84.0,169.74,848.7,-842.5,-848.7,stop,215.0,905.0
2024-06-27,2024-06-27 10:15:00-04:00,2024-06-27 11:25:00-04:00,2024-06-27 10:10:00-04:00,20111.0,19989.5,19989.75,20183.75,5,0.6,0.12265405184717139,111.5,121.25,244.24,1221.2,-1215.0,-1221.2,stop,55.0,1325.0
2024-06-28,2024-06-28 10:05:00-04:00,2024-06-28 12:15:00-04:00,2024-06-28 10:00:00-04:00,20220.0,20038.75,20039.0,20328.6,5,0.6,0.11587477806168743,110.0,181.0,363.74,1818.7,-1812.5,-1818.7,stop,532.5,1982.5
2024-07-01,2024-07-01 12:10:00-04:00,2024-07-01 14:00:00-04:00,2024-07-01 12:05:00-04:00,20004.5,19999.5,19841.25,20102.45,5,0.6,0.11006979370289395,144.5,163.25,328.24,1641.2,-50.0,-56.2,time,220.0,270.0
2024-07-02,2024-07-02 10:55:00-04:00,2024-07-02 13:50:00-04:00,2024-07-02 10:50:00-04:00,20113.75,20195.85,19976.5,20196.1,5,0.6,0.10972385937273028,120.0,137.25,276.24,1381.2,820.9999999999854,814.7999999999854,target,897.5,487.5
2024-07-03,2024-07-03 10:20:00-04:00,2024-07-03 11:05:00-04:00,2024-07-03 10:15:00-04:00,20284.5,20325.35,20216.0,20325.6,5,0.6,,68.0,68.5,138.74,693.7,408.49999999998545,402.29999999998546,target,425.0,405.0
2024-07-05,2024-07-05 10:05:00-04:00,2024-07-05 11:40:00-04:00,2024-07-05 10:00:00-04:00,20529.5,20590.15,20428.0,20590.4,5,0.6,0.11122804381068438,88.5,101.5,204.74,1023.7,606.5000000000146,600.3000000000145,target,632.5,672.5
2024-07-08,2024-07-08 11:25:00-04:00,2024-07-08 14:00:00-04:00,2024-07-08 11:20:00-04:00,20658.5,20653.5,20600.75,20693.15,5,0.6,0.12140370868912131,53.25,57.75,117.24,586.1999999999999,-50.0,-56.2,time,127.5,495.0
2024-07-10,2024-07-10 10:10:00-04:00,2024-07-10 11:00:00-04:00,2024-07-10 10:05:00-04:00,20785.5,20721.25,20721.5,20823.9,5,0.6,0.10874938931332431,56.75,64.0,129.74,648.7,-642.5,-648.7,stop,102.5,825.0
2024-07-12,2024-07-12 10:05:00-04:00,2024-07-12 10:40:00-04:00,2024-07-12 10:00:00-04:00,20557.25,20636.2,20425.25,20636.45,5,0.6,0.14365200768514694,124.25,132.0,265.74,1328.7,789.5000000000073,783.3000000000072,target,835.0,352.5
2024-07-15,2024-07-15 10:10:00-04:00,2024-07-15 10:50:00-04:00,2024-07-15 10:05:00-04:00,20668.5,20720.45,20581.5,20720.7,5,0.6,0.1430008724856795,84.0,87.0,175.74,878.7,519.5000000000073,513.3000000000072,target,617.5,190.0
2024-07-23,2024-07-23 11:15:00-04:00,2024-07-23 12:55:00-04:00,2024-07-23 11:10:00-04:00,20052.75,19933.0,19933.25,20124.45,5,0.6,0.18413747357923066,100.5,119.5,240.74,1203.7,-1197.5,-1203.7,stop,322.5,1260.0
2024-07-25,2024-07-25 11:15:00-04:00,2024-07-25 13:00:00-04:00,2024-07-25 11:10:00-04:00,19246.75,19384.65,19016.5,19384.9,5,0.6,0.226924377489478,210.0,230.25,462.24,2311.2,1379.0000000000146,1372.8000000000145,target,1385.0,1042.5
2024-07-26,2024-07-26 11:50:00-04:00,2024-07-26 12:40:00-04:00,2024-07-26 11:45:00-04:00,19190.0,19267.45,19060.5,19267.7,5,0.6,0.2257277143052378,105.5,129.5,260.74,1303.7,774.5000000000073,768.3000000000072,target,905.0,270.0
2024-07-31,2024-07-31 10:10:00-04:00,2024-07-31 14:00:00-04:00,2024-07-31 10:05:00-04:00,19444.75,19427.5,19310.5,19525.3,5,0.6,0.2413002486534268,101.5,134.25,270.24,1351.2,-172.5,-178.7,time,712.5,1005.0
2024-08-05,2024-08-05 10:05:00-04:00,2024-08-05 14:00:00-04:00,2024-08-05 10:00:00-04:00,18042.5,18078.25,17509.25,18362.45,5,0.6,0.299126658897355,444.75,533.25,1068.24,5341.2,357.5,351.3,time,2467.5,1922.5
2024-08-06,2024-08-06 10:05:00-04:00,2024-08-06 10:45:00-04:00,2024-08-06 10:00:00-04:00,18181.25,18313.0,17961.25,18313.25,5,0.6,0.3057037485845793,212.5,220.0,441.74,2208.7,1317.5,1311.3,target,1585.0,540.0
2024-08-08,2024-08-08 10:05:00-04:00,2024-08-08 10:35:00-04:00,2024-08-08 10:00:00-04:00,18276.0,18402.5,18064.75,18402.75,5,0.6,0.30032293565879287,179.25,211.25,424.24,2121.2,1265.0,1258.8,target,1342.5,457.5
2024-08-09,2024-08-09 10:15:00-04:00,2024-08-09 13:15:00-04:00,2024-08-09 10:10:00-04:00,18547.0,18621.15,18423.0,18621.4,5,0.6,0.3264176185555829,105.75,124.0,249.74,1248.7,741.5000000000146,735.3000000000145,target,800.0,1107.5
2024-08-12,2024-08-12 10:20:00-04:00,2024-08-12 11:00:00-04:00,2024-08-12 10:15:00-04:00,18674.0,18763.75,18524.0,18764.0,5,0.6,0.3260453975100533,148.75,150.0,301.74,1508.7,897.5,891.3,target,915.0,22.5
2024-08-13,2024-08-13 10:50:00-04:00,2024-08-13 12:20:00-04:00,2024-08-13 10:45:00-04:00,18946.75,19025.1,18815.75,19025.35,5,0.6,0.3252002342377729,97.5,131.0,263.74,1318.7,783.4999999999854,777.2999999999854,target,792.5,175.0
2024-08-14,2024-08-14 11:55:00-04:00,2024-08-14 14:00:00-04:00,2024-08-14 11:50:00-04:00,19176.0,19071.75,19011.0,19275.0,5,0.6,0.3431948147825121,164.0,165.0,331.74,1658.7,-1042.5,-1048.7,time,277.5,1575.0
2024-08-15,2024-08-15 10:25:00-04:00,2024-08-15 11:40:00-04:00,2024-08-15 10:20:00-04:00,19464.25,19540.8,19336.25,19541.05,5,0.6,0.33021262609171864,125.5,128.0,257.74,1288.7,765.4999999999927,759.2999999999927,target,805.0,37.5
2024-08-16,2024-08-16 10:10:00-04:00,2024-08-16 12:10:00-04:00,2024-08-16 10:05:00-04:00,19546.75,19597.05,19462.5,19597.3,5,0.6,0.34198747809338315,72.25,84.25,170.24,851.2,502.9999999999927,496.79999999999274,target,635.0,542.5
2024-08-19,2024-08-19 10:55:00-04:00,2024-08-19 13:55:00-04:00,2024-08-19 10:50:00-04:00,19654.0,19719.15,19545.0,19719.4,5,0.6,0.3405149243244248,79.5,109.0,219.74,1098.7,651.5000000000146,645.3000000000145,target,687.5,347.5
2024-08-21,2024-08-21 10:05:00-04:00,2024-08-21 10:40:00-04:00,2024-08-21 10:00:00-04:00,19900.0,19951.8,19813.25,19952.05,5,0.6,0.33915527945317886,71.25,86.75,175.24,876.2,517.9999999999927,511.79999999999274,target,820.0,657.5
2024-08-23,2024-08-23 10:05:00-04:00,2024-08-23 10:45:00-04:00,2024-08-23 10:00:00-04:00,19846.0,19706.25,19706.5,19929.7,5,0.6,0.30815886522353264,58.0,139.5,280.74,1403.7,-1397.5,-1403.7,stop,572.5,2047.5
2024-08-27,2024-08-27 10:15:00-04:00,2024-08-27 10:30:00-04:00,2024-08-27 10:10:00-04:00,19572.25,19650.3,19441.75,19650.55,5,0.6,0.3103238872117481,129.0,130.5,262.74,1313.7,780.4999999999927,774.2999999999927,target,907.5,195.0
2024-08-29,2024-08-29 10:50:00-04:00,2024-08-29 14:00:00-04:00,2024-08-29 10:45:00-04:00,19681.0,19633.25,19478.0,19802.8,5,0.6,0.2610486932939762,173.5,203.0,407.74,2038.7,-477.5,-483.7,time,110.0,1055.0
2024-08-30,2024-08-30 10:05:00-04:00,2024-08-30 10:55:00-04:00,2024-08-30 10:00:00-04:00,19605.25,19512.75,19513.0,19660.6,5,0.6,0.235615368032103,90.0,92.25,186.24,931.2,-925.0,-931.2,stop,52.5,1387.5
2024-09-02,2024-09-02 10:40:00-04:00,2024-09-02 18:00:00-04:00,2024-09-02 10:35:00-04:00,19651.5,19646.5,19614.0,19674.0,5,0.6,,31.25,37.5,76.74,383.7,-50.0,-56.2,time,300.0,237.5
2024-09-04,2024-09-04 10:30:00-04:00,2024-09-04 10:55:00-04:00,2024-09-04 10:25:00-04:00,18992.75,19072.15,18860.0,19072.4,5,0.6,0.23059371017004338,131.0,132.75,267.24,1336.2,794.0000000000146,787.8000000000145,target,1032.5,162.5
2024-09-05,2024-09-05 10:05:00-04:00,2024-09-05 11:25:00-04:00,2024-09-05 10:00:00-04:00,19085.0,18884.5,18884.75,19205.15,5,0.6,0.23165823470038452,177.25,200.25,402.24,2011.2,-2005.0,-2011.2,stop,652.5,2217.5
2024-09-09,2024-09-09 10:15:00-04:00,2024-09-09 10:30:00-04:00,2024-09-09 10:10:00-04:00,18698.5,18604.75,18605.0,18754.6,5,0.6,0.22682184349539908,92.5,93.5,188.74,943.7,-937.5,-943.7,stop,27.5,1325.0
2024-09-11,2024-09-11 12:30:00-04:00,2024-09-11 13:30:00-04:00,2024-09-11 12:25:00-04:00,18914.25,18998.6,18773.25,18998.85,5,0.6,0.23301666174047628,133.25,141.0,283.74,1418.7,843.4999999999854,837.2999999999854,target,872.5,430.0
2024-09-12,2024-09-12 10:15:00-04:00,2024-09-12 11:10:00-04:00,2024-09-12 10:10:00-04:00,19311.5,19387.0,19185.25,19387.25,5,0.6,0.2254291699691717,104.25,126.25,254.24,1271.2,755.0,748.8,target,767.5,562.5
2024-09-13,2024-09-13 10:10:00-04:00,2024-09-13 13:50:00-04:00,2024-09-13 10:05:00-04:00,19507.5,19574.15,19396.0,19574.4,5,0.6,0.22861570889809613,107.0,111.5,224.74,1123.7,666.5000000000146,660.3000000000145,target,695.0,945.0
2024-09-17,2024-09-17 10:50:00-04:00,2024-09-17 12:15:00-04:00,2024-09-17 10:45:00-04:00,19604.25,19475.0,19475.25,19681.65,5,0.6,0.21325288474227252,118.5,129.0,259.74,1298.7,-1292.5,-1298.7,stop,20.0,1337.5
2024-09-19,2024-09-19 10:20:00-04:00,2024-09-19 12:25:00-04:00,2024-09-19 10:15:00-04:00,20085.75,20159.0,19963.25,20159.25,5,0.6,0.21105688001541517,110.0,122.5,246.74,1233.7,732.5,726.3,target,800.0,367.5
2024-09-23,2024-09-23 10:55:00-04:00,2024-09-23 13:00:00-04:00,2024-09-23 10:50:00-04:00,20109.75,20031.5,20031.75,20156.55,5,0.6,0.22004617704175836,74.25,78.0,157.74,788.7,-782.5,-788.7,stop,162.5,912.5
2024-09-24,2024-09-24 11:50:00-04:00,2024-09-24 11:55:00-04:00,2024-09-24 11:45:00-04:00,20163.75,20212.7,20081.75,20212.95,5,0.6,0.21817650569084515,72.25,82.0,165.74,828.7,489.5000000000073,483.3000000000073,target,510.0,22.5
2024-09-25,2024-09-25 10:10:00-04:00,2024-09-25 13:00:00-04:00,2024-09-25 10:05:00-04:00,20245.5,20138.0,20138.25,20309.85,5,0.6,0.21429333478226792,95.5,107.25,216.24,1081.2,-1075.0,-1081.2,stop,272.5,1100.0
2024-10-02,2024-10-02 10:20:00-04:00,2024-10-02 14:00:00-04:00,2024-10-02 10:15:00-04:00,19997.5,20044.5,19833.5,20095.9,5,0.6,0.17999686536952475,133.5,164.0,329.74,1648.7,470.0,463.8,time,920.0,515.0
2024-10-03,2024-10-03 10:05:00-04:00,2024-10-03 13:00:00-04:00,2024-10-03 10:00:00-04:00,20091.0,19894.25,19894.5,20208.9,5,0.6,0.17865046636370904,153.5,196.5,394.74,1973.7,-1967.5,-1973.7,stop,240.0,2120.0
2024-10-07,2024-10-07 10:20:00-04:00,2024-10-07 14:00:00-04:00,2024-10-07 10:15:00-04:00,20169.0,20148.5,20088.75,20217.15,5,0.6,0.1358194248441396,75.0,80.25,162.24,811.2,-205.0,-211.2,time,187.5,675.0
2024-10-08,2024-10-08 10:05:00-04:00,2024-10-08 10:45:00-04:00,2024-10-08 10:00:00-04:00,20188.0,20258.85,20069.5,20259.1,5,0.6,0.1424080733063599,89.5,118.5,238.74,1193.7,708.4999999999854,702.2999999999854,target,862.5,325.0
2024-10-09,2024-10-09 10:15:00-04:00,2024-10-09 10:25:00-04:00,2024-10-09 10:10:00-04:00,20300.5,20337.6,20238.25,20337.85,5,0.6,0.14539754545539907,61.0,62.25,126.24,631.1999999999999,370.99999999998545,364.79999999998546,target,545.0,67.5
2024-10-10,2024-10-10 10:15:00-04:00,2024-10-10 11:55:00-04:00,2024-10-10 10:10:00-04:00,20402.25,20462.6,20301.25,20462.85,5,0.6,0.1325646405484038,88.75,101.0,203.74,1018.7,603.4999999999854,597.2999999999854,target,752.5,420.0
2024-10-11,2024-10-11 10:10:00-04:00,2024-10-11 10:25:00-04:00,2024-10-11 10:05:00-04:00,20414.0,20474.2,20313.25,20474.45,5,0.6,0.1295621239730464,57.75,100.75,203.24,1016.2,602.0000000000073,595.8000000000072,target,670.0,47.5
2024-10-18,2024-10-18 10:10:00-04:00,2024-10-18 14:00:00-04:00,2024-10-18 10:05:00-04:00,20514.25,20485.25,20433.0,20563.0,5,0.6,0.11323597185361159,78.25,81.25,164.24,821.2,-290.0,-296.2,time,177.5,720.0
2024-10-21,2024-10-21 10:10:00-04:00,2024-10-21 10:40:00-04:00,2024-10-21 10:05:00-04:00,20527.75,20422.75,20423.0,20590.6,5,0.6,0.11379862620832606,79.75,104.75,211.24,1056.2,-1050.0,-1056.2,stop,265.0,1122.5
2024-10-22,2024-10-22 10:10:00-04:00,2024-10-22 13:50:00-04:00,2024-10-22 10:05:00-04:00,20491.25,20564.5,20368.75,20564.75,5,0.6,0.11371604938514182,110.75,122.5,246.74,1233.7,732.5,726.3,target,775.0,660.0
2024-10-24,2024-10-24 13:45:00-04:00,2024-10-24 14:00:00-04:00,2024-10-24 13:40:00-04:00,20381.5,20345.0,20296.0,20432.8,5,0.6,0.12383245464917955,80.75,85.5,172.74,863.7,-365.0,-371.2,time,20.0,537.5
2024-10-25,2024-10-25 10:05:00-04:00,2024-10-25 13:40:00-04:00,2024-10-25 10:00:00-04:00,20679.0,20489.75,20490.0,20792.4,5,0.6,0.1245020688213073,167.75,189.0,379.74,1898.7,-1892.5,-1898.7,stop,285.0,1960.0
2024-10-29,2024-10-29 10:05:00-04:00,2024-10-29 10:25:00-04:00,2024-10-29 10:00:00-04:00,20531.5,20590.95,20432.0,20591.2,5,0.6,0.12271031264704785,94.75,99.5,200.74,1003.7,594.5000000000073,588.3000000000072,target,715.0,205.0
2024-10-30,2024-10-30 10:20:00-04:00,2024-10-30 14:00:00-04:00,2024-10-30 10:15:00-04:00,20679.5,20576.25,20543.0,20761.4,5,0.6,0.11757236509880994,126.5,136.5,274.74,1373.7,-1032.5,-1038.7,time,200.0,1212.5
2024-11-01,2024-11-01 10:15:00-04:00,2024-11-01 14:00:00-04:00,2024-11-01 10:10:00-04:00,20215.5,20157.5,20057.25,20310.45,5,0.6,0.1521974679326067,118.25,158.25,318.24,1591.2,-580.0,-586.2,time,717.5,662.5
2024-11-04,2024-11-04 10:20:00-05:00,2024-11-04 14:00:00-05:00,2024-11-04 10:15:00-05:00,20161.5,20148.5,20013.25,20250.45,5,0.6,0.14748353178744245,128.75,148.25,298.24,1491.2,-130.0,-136.2,time,652.5,1327.5
2024-11-05,2024-11-05 10:25:00-05:00,2024-11-05 14:00:00-05:00,2024-11-05 10:20:00-05:00,20305.75,20308.25,20147.0,20401.0,5,0.6,0.14302412630018416,152.5,158.75,319.24,1596.2,25.0,18.8,time,672.5,732.5
2024-11-06,2024-11-06 12:15:00-05:00,2024-11-06 14:00:00-05:00,2024-11-06 12:10:00-05:00,20813.0,20861.5,20643.5,20914.7,5,0.6,0.14328706319069467,163.25,169.5,340.74,1703.7,485.0,478.8,time,635.0,275.0
2024-11-07,2024-11-07 10:10:00-05:00,2024-11-07 11:45:00-05:00,2024-11-07 10:05:00-05:00,21116.0,21183.1,21003.75,21183.35,5,0.6,0.1709815551196172,107.0,112.25,226.24,1131.2,670.9999999999854,664.7999999999854,target,685.0,295.0
2024-11-08,2024-11-08 13:30:00-05:00,2024-11-08 14:00:00-05:00,2024-11-08 13:25:00-05:00,21233.0,21250.0,21176.25,21267.05,5,0.6,0.1776262517673407,55.75,56.75,115.24,576.1999999999999,170.0,163.8,time,335.0,30.0
2024-11-13,2024-11-13 12:15:00-05:00,2024-11-13 13:45:00-05:00,2024-11-13 12:10:00-05:00,21195.75,21239.9,21121.75,21240.15,5,0.6,0.16804688847218324,63.0,74.0,149.74,748.7,441.50000000001455,435.30000000001456,target,655.0,265.0
2024-11-18,2024-11-18 10:05:00-05:00,2024-11-18 10:25:00-05:00,2024-11-18 10:00:00-05:00,20587.25,20639.05,20500.5,20639.3,5,0.6,0.19209992456847855,71.0,86.75,175.24,876.2,517.9999999999927,511.79999999999274,target,662.5,192.5
2024-11-19,2024-11-19 10:30:00-05:00,2024-11-19 11:00:00-05:00,2024-11-19 10:25:00-05:00,20602.5,20658.95,20508.0,20659.2,5,0.6,0.1934742253556696,79.5,94.5,190.74,953.7,564.5000000000073,558.3000000000072,target,582.5,200.0
2024-11-28,2024-11-28 10:25:00-05:00,2024-11-28 18:00:00-05:00,2024-11-28 10:20:00-05:00,20900.0,20886.75,20873.75,20915.75,5,0.6,,22.5,26.25,54.24,271.2,-132.5,-138.7,time,95.0,250.0
2024-12-02,2024-12-02 10:05:00-05:00,2024-12-02 14:00:00-05:00,2024-12-02 10:00:00-05:00,21175.0,21212.25,21026.5,21264.1,5,0.6,0.18453175647643333,144.0,148.5,298.74,1493.7,372.5,366.3,time,845.0,340.0
2024-12-03,2024-12-03 10:05:00-05:00,2024-12-03 11:30:00-05:00,2024-12-03 10:00:00-05:00,21210.5,21255.7,21134.75,21255.95,5,0.6,0.17078621076203068,75.0,75.75,153.24,766.2,452.0000000000073,445.8000000000073,target,520.0,485.0
2024-12-04,2024-12-04 10:15:00-05:00,2024-12-04 10:35:00-05:00,2024-12-04 10:10:00-05:00,21444.75,21478.4,21388.25,21478.65,5,0.6,0.17071976879659156,53.75,56.5,114.74,573.6999999999999,336.50000000001455,330.30000000001456,target,465.0,292.5
2024-12-05,2024-12-05 12:15:00-05:00,2024-12-05 13:20:00-05:00,2024-12-05 12:10:00-05:00,21559.75,21497.5,21497.75,21596.95,5,0.6,0.17160704978486124,54.25,62.0,125.74,628.6999999999999,-622.5,-628.7,stop,80.0,785.0
2024-12-06,2024-12-06 10:15:00-05:00,2024-12-06 14:00:00-05:00,2024-12-06 10:10:00-05:00,21623.75,21658.25,21485.0,21707.0,5,0.6,0.1688391004124676,129.5,138.75,279.24,1396.2,345.0,338.8,time,457.5,510.0
2024-12-10,2024-12-10 10:10:00-05:00,2024-12-10 10:55:00-05:00,2024-12-10 10:05:00-05:00,21593.5,21505.0,21505.25,21646.45,5,0.6,0.13872797776927043,84.5,88.25,178.24,891.2,-885.0,-891.2,stop,132.5,970.0
2024-12-11,2024-12-11 10:10:00-05:00,2024-12-11 14:00:00-05:00,2024-12-11 10:05:00-05:00,21724.0,21792.5,21573.0,21814.6,5,0.6,0.1391708004092436,124.0,151.0,303.74,1518.7,685.0,678.8,time,875.0,502.5
2024-12-12,2024-12-12 10:30:00-05:00,2024-12-12 11:05:00-05:00,2024-12-12 10:25:00-05:00,21707.5,21738.3,21655.75,21738.55,5,0.6,0.15028163443372755,40.75,51.75,105.24,526.1999999999999,307.9999999999927,301.79999999999274,target,322.5,182.5
2024-12-16,2024-12-16 10:05:00-05:00,2024-12-16 11:20:00-05:00,2024-12-16 10:00:00-05:00,21989.5,22045.35,21896.0,22045.6,5,0.6,0.1538693504442192,76.5,93.5,188.74,943.7,558.4999999999854,552.2999999999854,target,582.5,607.5
2024-12-17,2024-12-17 11:40:00-05:00,2024-12-17 14:00:00-05:00,2024-12-17 11:35:00-05:00,22074.75,22004.25,21975.75,22134.15,5,0.6,0.15706290045662696,86.75,99.0,199.74,998.7,-705.0,-711.2,time,60.0,890.0
2024-12-18,2024-12-18 10:15:00-05:00,2024-12-18 14:00:00-05:00,2024-12-18 10:10:00-05:00,22013.0,21991.5,21913.25,22072.85,5,0.6,0.12849513591920372,89.25,99.75,201.24,1006.2,-215.0,-221.2,time,410.0,1050.0
2024-12-20,2024-12-20 10:15:00-05:00,2024-12-20 10:25:00-05:00,2024-12-20 10:10:00-05:00,21341.5,21450.0,21160.25,21450.25,5,0.6,0.20770758632141068,149.0,181.25,364.24,1821.2,1085.0,1078.8,target,1200.0,175.0
2024-12-23,2024-12-23 11:55:00-05:00,2024-12-23 14:00:00-05:00,2024-12-23 11:50:00-05:00,21681.0,21744.75,21552.5,21758.1,5,0.6,0.2097927874037796,123.0,128.5,258.74,1293.7,637.5,631.3,time,762.5,385.0
2024-12-24,2024-12-24 10:05:00-05:00,2024-12-24 12:50:00-05:00,2024-12-24 10:00:00-05:00,21928.25,22005.55,21799.0,22005.8,5,0.6,,108.75,129.25,260.24,1301.2,772.9999999999927,766.7999999999927,target,797.5,312.5
2024-12-26,2024-12-26 11:15:00-05:00,2024-12-26 14:00:00-05:00,2024-12-26 11:10:00-05:00,22012.25,22016.5,21870.5,22097.3,5,0.6,0.21010509894167864,138.0,141.75,285.24,1426.2,42.5,36.3,time,627.5,392.5
2024-12-30,2024-12-30 11:40:00-05:00,2024-12-30 12:30:00-05:00,2024-12-30 11:35:00-05:00,21432.0,21521.75,21282.0,21522.0,5,0.6,0.21951660655799585,135.0,150.0,301.74,1508.7,897.5,891.3,target,962.5,187.5
