session_date,entry_time,exit_time,trigger_time,entry,exit,stop,target,qty,target_r,estimated_annual_vol,range_points,risk_points,planned_risk_per_contract,planned_risk_usd,gross_pnl,net_pnl,exit_reason,mfe_usd,mae_usd
2021-01-05,2021-01-05 10:05:00-05:00,2021-01-05 14:00:00-05:00,2021-01-05 10:00:00-05:00,12773.25,12751.75,12650.5,12945.1,5,1.4,,118.25,122.75,247.74,1238.7,-215.0,-221.2,time,90.0,850.0
2021-01-06,2021-01-06 10:15:00-05:00,2021-01-06 14:00:00-05:00,2021-01-06 10:10:00-05:00,12677.25,12769.75,12551.75,12852.95,5,1.4,,115.75,125.5,253.24,1266.2,925.0,918.8,time,1187.5,82.5
2021-01-07,2021-01-07 10:05:00-05:00,2021-01-07 14:00:00-05:00,2021-01-07 10:00:00-05:00,12871.75,12912.75,12726.5,13075.1,5,1.4,,112.25,145.25,292.74,1463.7,410.0,403.8,time,490.0,130.0
2021-01-08,2021-01-08 12:15:00-05:00,2021-01-08 13:20:00-05:00,2021-01-08 12:10:00-05:00,13056.5,12985.25,12985.75,13155.55,5,1.4,,66.75,70.75,143.74,718.7,-712.5,-718.7,stop,90.0,1047.5
2021-01-11,2021-01-11 10:10:00-05:00,2021-01-11 14:00:00-05:00,2021-01-11 10:05:00-05:00,12980.75,12959.5,12892.25,13104.65,5,1.4,,82.75,88.5,179.24,896.2,-212.5,-218.7,time,322.5,495.0
2021-01-13,2021-01-13 10:40:00-05:00,2021-01-13 14:00:00-05:00,2021-01-13 10:35:00-05:00,12958.75,12978.0,12864.0,13091.4,5,1.4,,81.25,94.75,191.74,958.7,192.5,186.3,time,375.0,205.0
2021-01-14,2021-01-14 10:50:00-05:00,2021-01-14 11:55:00-05:00,2021-01-14 10:45:00-05:00,13021.5,12968.0,12968.5,13095.7,5,1.4,,46.5,53.0,108.24,541.1999999999999,-535.0,-541.2,stop,72.5,537.5
2021-01-19,2021-01-19 12:40:00-05:00,2021-01-19 14:00:00-05:00,2021-01-19 12:35:00-05:00,12931.5,12988.5,12860.25,13031.25,5,1.4,,70.25,71.25,144.74,723.7,570.0,563.8,time,615.0,80.0
2021-01-20,2021-01-20 10:10:00-05:00,2021-01-20 14:00:00-05:00,2021-01-20 10:05:00-05:00,13206.75,13280.0,13121.0,13326.8,5,1.4,,74.25,85.75,173.74,868.7,732.5,726.3,time,875.0,15.0
2021-01-21,2021-01-21 10:15:00-05:00,2021-01-21 14:00:00-05:00,2021-01-21 10:10:00-05:00,13365.0,13364.5,13283.0,13479.8,5,1.4,,60.75,82.0,166.24,831.2,-5.0,-11.2,time,277.5,490.0
2021-01-26,2021-01-26 10:50:00-05:00,2021-01-26 14:00:00-05:00,2021-01-26 10:45:00-05:00,13514.5,13499.75,13426.5,13637.7,5,1.4,,82.75,88.0,178.24,891.2,-147.5,-153.7,time,185.0,592.5
2021-01-28,2021-01-28 10:20:00-05:00,2021-01-28 14:00:00-05:00,2021-01-28 10:15:00-05:00,13267.5,13376.5,13128.25,13462.45,5,1.4,,120.5,139.25,280.74,1403.7,1090.0,1083.8,time,1265.0,635.0
2021-01-29,2021-01-29 10:25:00-05:00,2021-01-29 11:20:00-05:00,2021-01-29 10:20:00-05:00,13147.75,12997.75,12998.25,13357.05,5,1.4,,137.0,149.5,301.24,1506.2,-1500.0,-1506.2,stop,92.5,1590.0
2021-02-01,2021-02-01 10:45:00-05:00,2021-02-01 14:00:00-05:00,2021-02-01 10:40:00-05:00,13116.5,13261.0,12970.25,13321.25,5,1.4,,132.5,146.25,294.74,1473.7,1445.0,1438.8,time,1552.5,752.5
2021-02-02,2021-02-02 10:20:00-05:00,2021-02-02 14:00:00-05:00,2021-02-02 10:15:00-05:00,13434.75,13471.25,13345.0,13560.4,5,1.4,,78.5,89.75,181.74,908.7,365.0,358.8,time,507.5,520.0
2021-02-04,2021-02-04 13:05:00-05:00,2021-02-04 14:00:00-05:00,2021-02-04 13:00:00-05:00,13487.25,13494.75,13412.0,13592.6,5,1.4,0.26149486700942104,68.25,75.25,152.74,763.7,75.0,68.8,time,172.5,57.5
2021-02-05,2021-02-05 12:20:00-05:00,2021-02-05 14:00:00-05:00,2021-02-05 12:15:00-05:00,13596.5,13587.75,13536.0,13681.2,5,1.4,0.25476100803130813,57.0,60.5,123.24,616.1999999999999,-87.5,-93.7,time,420.0,172.5
2021-02-08,2021-02-08 10:05:00-05:00,2021-02-08 11:25:00-05:00,2021-02-08 10:00:00-05:00,13675.25,13632.0,13632.5,13735.1,5,1.4,0.24217522741897923,41.5,42.75,87.74,438.7,-432.5,-438.7,stop,172.5,440.0
2021-02-09,2021-02-09 10:10:00-05:00,2021-02-09 14:00:00-05:00,2021-02-09 10:05:00-05:00,13714.0,13671.25,13645.0,13810.6,5,1.4,0.2386635133261671,63.5,69.0,140.24,701.2,-427.5,-433.7,time,212.5,520.0
2021-02-12,2021-02-12 10:15:00-05:00,2021-02-12 14:00:00-05:00,2021-02-12 10:10:00-05:00,13707.5,13721.25,13646.0,13793.6,5,1.4,0.2294171849755282,59.75,61.5,125.24,626.1999999999999,137.5,131.3,time,472.5,432.5
2021-02-15,2021-02-15 11:00:00-05:00,2021-02-15 18:00:00-05:00,2021-02-15 10:55:00-05:00,13863.25,13871.5,13848.25,13884.25,5,1.4,,14.0,15.0,32.24,161.20000000000002,82.5,76.3,time,160.0,95.0
2021-02-16,2021-02-16 10:40:00-05:00,2021-02-16 11:05:00-05:00,2021-02-16 10:35:00-05:00,13871.25,13811.0,13811.5,13954.9,5,1.4,0.22699088621966235,57.0,59.75,121.74,608.6999999999999,-602.5,-608.7,stop,22.5,700.0
2021-02-18,2021-02-18 13:25:00-05:00,2021-02-18 14:00:00-05:00,2021-02-18 13:20:00-05:00,13596.25,13600.0,13523.5,13698.1,5,1.4,0.22017306357726335,59.5,72.75,147.74,738.7,37.5,31.3,time,290.0,47.5
2021-02-23,2021-02-23 10:30:00-05:00,2021-02-23 14:00:00-05:00,2021-02-23 10:25:00-05:00,13025.5,13045.25,12757.5,13400.7,5,1.4,0.22802902269133407,258.75,268.0,538.24,2691.2,197.5,191.3,time,937.5,1407.5
2021-02-24,2021-02-24 11:15:00-05:00,2021-02-24 14:00:00-05:00,2021-02-24 11:10:00-05:00,13143.5,13252.25,13001.75,13341.95,5,1.4,0.22578433982493715,118.5,141.75,285.74,1428.7,1087.5,1081.3,time,1235.0,20.0
2021-02-26,2021-02-26 12:10:00-05:00,2021-02-26 14:00:00-05:00,2021-02-26 12:05:00-05:00,13052.5,12955.0,12859.25,13323.05,5,1.4,0.2266301056614266,172.5,193.25,388.74,1943.7,-975.0,-981.2,time,372.5,1197.5
2021-03-01,2021-03-01 10:20:00-05:00,2021-03-01 14:00:00-05:00,2021-03-01 10:15:00-05:00,13132.25,13207.75,13040.25,13261.05,5,1.4,0.22601066471332387,75.5,92.0,186.24,931.2,755.0,748.8,time,972.5,57.5
2021-03-04,2021-03-04 11:45:00-05:00,2021-03-04 12:25:00-05:00,2021-03-04 11:40:00-05:00,12783.25,12568.25,12568.75,13083.55,5,1.4,0.23209353726778945,196.25,214.5,431.24,2156.2,-2150.0,-2156.2,stop,137.5,2222.5
2021-03-08,2021-03-08 10:35:00-05:00,2021-03-08 11:50:00-05:00,2021-03-08 10:30:00-05:00,12708.5,12526.0,12526.5,12963.3,5,1.4,0.2387482733147758,172.0,182.0,366.24,1831.2,-1825.0,-1831.2,stop,67.5,1885.0
2021-03-09,2021-03-09 10:05:00-05:00,2021-03-09 14:00:00-05:00,2021-03-09 10:00:00-05:00,12725.0,12854.0,12587.0,12918.2,5,1.4,0.2523524895150613,129.25,138.0,278.24,1391.2,1290.0,1283.8,time,1332.5,412.5
2021-03-11,2021-03-11 10:50:00-05:00,2021-03-11 13:05:00-05:00,2021-03-11 10:45:00-05:00,13009.75,13118.45,12931.75,13118.95,5,1.4,0.29288343241495285,75.0,78.0,158.24,791.2,1087.0000000000073,1080.8000000000072,target,1097.5,167.5
2021-03-12,2021-03-12 12:30:00-05:00,2021-03-12 14:00:00-05:00,2021-03-12 12:25:00-05:00,12903.5,12882.25,12798.0,13051.2,5,1.4,0.30607997286004,96.75,105.5,213.24,1066.2,-212.5,-218.7,time,227.5,490.0
2021-03-15,2021-03-15 10:15:00-04:00,2021-03-15 11:30:00-04:00,2021-03-15 10:10:00-04:00,12987.75,12896.0,12896.5,13115.5,5,1.4,0.30564509688746927,86.25,91.25,184.74,923.7,-917.5,-923.7,stop,10.0,922.5
2021-03-16,2021-03-16 10:05:00-04:00,2021-03-16 14:00:00-04:00,2021-03-16 10:00:00-04:00,13245.25,13189.5,13142.25,13389.45,5,1.4,0.3080150538433352,96.25,103.0,208.24,1041.2,-557.5,-563.7,time,515.0,742.5
2021-03-17,2021-03-17 10:20:00-04:00,2021-03-17 14:00:00-04:00,2021-03-17 10:15:00-04:00,13067.0,12994.75,12934.25,13252.85,5,1.4,0.30919839888707373,109.0,132.75,267.74,1338.7,-722.5,-728.7,time,480.0,1282.5
2021-03-19,2021-03-19 11:05:00-04:00,2021-03-19 14:00:00-04:00,2021-03-19 11:00:00-04:00,12841.75,12869.0,12725.0,13005.2,5,1.4,0.323327614582031,112.0,116.75,235.74,1178.7,272.5,266.3,time,495.0,840.0
2021-03-22,2021-03-22 10:35:00-04:00,2021-03-22 14:00:00-04:00,2021-03-22 10:30:00-04:00,13026.25,13138.5,12927.75,13164.15,5,1.4,0.32383165258679175,93.25,98.5,199.24,996.2,1122.5,1116.3,time,1307.5,142.5
2021-03-23,2021-03-23 10:15:00-04:00,2021-03-23 14:00:00-04:00,2021-03-23 10:10:00-04:00,13123.0,13080.5,13050.5,13224.5,5,1.4,0.31977839715249806,69.0,72.5,147.24,736.2,-425.0,-431.2,time,490.0,720.0
2021-03-25,2021-03-25 10:05:00-04:00,2021-03-25 10:45:00-04:00,2021-03-25 10:00:00-04:00,12823.25,12687.75,12688.25,13012.25,5,1.4,0.32317465001852974,114.75,135.0,272.24,1361.2,-1355.0,-1361.2,stop,137.5,1490.0
2021-03-26,2021-03-26 10:05:00-04:00,2021-03-26 14:00:00-04:00,2021-03-26 10:00:00-04:00,12850.75,12798.5,12754.0,12986.2,5,1.4,0.30171072738198584,76.0,96.75,195.74,978.7,-522.5,-528.7,time,215.0,927.5
2021-03-29,2021-03-29 13:05:00-04:00,2021-03-29 14:00:00-04:00,2021-03-29 13:00:00-04:00,12986.75,12953.25,12852.5,13174.7,5,1.4,0.30472278637508277,125.0,134.25,270.74,1353.7,-335.0,-341.2,time,160.0,522.5
2021-03-30,2021-03-30 11:35:00-04:00,2021-03-30 14:00:00-04:00,2021-03-30 11:30:00-04:00,12895.5,12851.25,12805.25,13021.85,5,1.4,0.2840958595496869,82.75,90.25,182.74,913.7,-442.5,-448.7,time,207.5,702.5
2021-03-31,2021-03-31 10:05:00-04:00,2021-03-31 14:00:00-04:00,2021-03-31 10:00:00-04:00,13067.75,13124.5,12953.0,13228.4,5,1.4,0.2784346687992326,102.75,114.75,231.74,1158.7,567.5,561.3,time,847.5,30.0
2021-04-01,2021-04-01 10:10:00-04:00,2021-04-01 14:00:00-04:00,2021-04-01 10:05:00-04:00,13306.5,13281.25,13241.5,13397.5,5,1.4,0.263113545431011,60.25,65.0,132.24,661.2,-252.5,-258.7,time,150.0,465.0
2021-04-05,2021-04-05 10:10:00-04:00,2021-04-05 14:00:00-04:00,2021-04-05 10:05:00-04:00,13491.0,13598.25,13409.25,13605.45,5,1.4,0.26016829262236574,76.25,81.75,165.74,828.7,1072.5,1066.3,time,1172.5,55.0
2021-04-06,2021-04-06 10:05:00-04:00,2021-04-06 14:00:00-04:00,2021-04-06 10:00:00-04:00,13605.25,13592.5,13538.75,13698.35,5,1.4,0.26370560585597236,58.75,66.5,135.24,676.2,-127.5,-133.7,time,490.0,592.5
2021-04-07,2021-04-07 10:05:00-04:00,2021-04-07 14:00:00-04:00,2021-04-07 10:00:00-04:00,13593.25,13598.0,13513.0,13705.6,5,1.4,0.2371484938912809,71.5,80.25,162.74,813.7,47.5,41.3,time,377.5,335.0
2021-04-09,2021-04-09 10:05:00-04:00,2021-04-09 14:00:00-04:00,2021-04-09 10:00:00-04:00,13732.75,13781.0,13658.25,13837.05,5,1.4,0.20319973402553643,69.75,74.5,151.24,756.2,482.5,476.3,time,585.0,380.0
2021-04-12,2021-04-12 12:35:00-04:00,2021-04-12 14:00:00-04:00,2021-04-12 12:30:00-04:00,13814.25,13782.25,13742.5,13914.7,5,1.4,0.19198889198675578,67.0,71.75,145.74,728.7,-320.0,-326.2,time,145.0,365.0
2021-04-15,2021-04-15 10:30:00-04:00,2021-04-15 14:00:00-04:00,2021-04-15 10:25:00-04:00,13989.5,14013.5,13923.25,14082.25,5,1.4,0.194910842642622,54.5,66.25,134.74,673.7,240.0,233.8,time,325.0,462.5
2021-04-21,2021-04-21 10:30:00-04:00,2021-04-21 14:00:00-04:00,2021-04-21 10:25:00-04:00,13816.25,13859.0,13700.25,13978.65,5,1.4,0.16752289970211742,104.5,116.0,234.24,1171.2,427.5,421.3,time,605.0,480.0
2021-04-22,2021-04-22 10:35:00-04:00,2021-04-22 13:10:00-04:00,2021-04-22 10:30:00-04:00,13931.25,13854.75,13855.25,14037.65,5,1.4,0.16818447306005826,56.75,76.0,154.24,771.2,-765.0,-771.2,stop,127.5,1072.5
2021-04-23,2021-04-23 10:05:00-04:00,2021-04-23 11:40:00-04:00,2021-04-23 10:00:00-04:00,13838.25,13925.25,13775.75,13925.75,5,1.4,0.1590605595196717,58.5,62.5,127.24,636.1999999999999,870.0,863.8,target,877.5,132.5
2021-04-26,2021-04-26 10:10:00-04:00,2021-04-26 14:00:00-04:00,2021-04-26 10:05:00-04:00,13952.75,13992.75,13902.25,14023.45,5,1.4,0.1615989315179521,48.5,50.5,103.24,516.1999999999999,400.0,393.8,time,480.0,90.0
2021-04-30,2021-04-30 10:25:00-04:00,2021-04-30 13:50:00-04:00,2021-04-30 10:20:00-04:00,13923.75,13839.75,13840.25,14040.65,5,1.4,0.1537471791925383,68.0,83.5,169.24,846.2,-840.0,-846.2,stop,332.5,897.5
2021-05-03,2021-05-03 10:15:00-04:00,2021-05-03 10:50:00-04:00,2021-05-03 10:10:00-04:00,13930.0,13850.5,13851.0,14040.6,5,1.4,0.14897782902406803,65.25,79.0,160.24,801.2,-795.0,-801.2,stop,175.0,907.5
2021-05-06,2021-05-06 11:35:00-04:00,2021-05-06 14:00:00-04:00,2021-05-06 11:30:00-04:00,13524.0,13491.75,13424.25,13663.65,5,1.4,0.15298619935422067,84.75,99.75,201.74,1008.7,-322.5,-328.7,time,672.5,355.0
2021-05-07,2021-05-07 10:10:00-04:00,2021-05-07 14:00:00-04:00,2021-05-07 10:05:00-04:00,13764.75,13680.75,13661.75,13908.95,5,1.4,0.1511587960931989,92.75,103.0,208.24,1041.2,-840.0,-846.2,time,457.5,1027.5
2021-05-11,2021-05-11 11:20:00-04:00,2021-05-11 14:00:00-04:00,2021-05-11 11:15:00-04:00,13272.5,13334.75,13083.75,13536.75,5,1.4,0.17935730890380042,188.0,188.75,379.74,1898.7,622.5,616.3,time,972.5,247.5
2021-05-13,2021-05-13 10:05:00-04:00,2021-05-13 11:40:00-04:00,2021-05-13 10:00:00-04:00,13189.5,13085.5,13086.0,13334.4,5,1.4,0.18925164110393555,82.75,103.5,209.24,1046.2,-1040.0,-1046.2,stop,355.0,1257.5
2021-05-14,2021-05-14 10:15:00-04:00,2021-05-14 14:00:00-04:00,2021-05-14 10:10:00-04:00,13287.25,13368.5,13208.25,13397.85,5,1.4,0.18151476475727188,60.75,79.0,160.24,801.2,812.5,806.3,time,862.5,122.5
2021-05-18,2021-05-18 10:30:00-04:00,2021-05-18 14:00:00-04:00,2021-05-18 10:25:00-04:00,13383.0,13330.75,13300.25,13498.85,5,1.4,0.20577062709522903,61.5,82.75,167.74,838.7,-522.5,-528.7,time,135.0,647.5
2021-05-19,2021-05-19 10:30:00-04:00,2021-05-19 14:00:00-04:00,2021-05-19 10:25:00-04:00,13092.25,13164.0,12969.5,13264.1,5,1.4,0.2043192969410075,108.0,122.75,247.74,1238.7,717.5,711.3,time,1055.0,482.5
2021-05-20,2021-05-20 10:05:00-04:00,2021-05-20 14:00:00-04:00,2021-05-20 10:00:00-04:00,13406.75,13479.25,13281.5,13582.1,5,1.4,0.1987924179674949,117.0,125.25,252.74,1263.7,725.0,718.8,time,972.5,100.0
2021-05-24,2021-05-24 10:05:00-04:00,2021-05-24 14:00:00-04:00,2021-05-24 10:00:00-04:00,13590.25,13657.0,13493.0,13726.4,5,1.4,0.20564573112373635,90.5,97.25,196.74,983.7,667.5,661.3,time,752.5,60.0
2021-05-26,2021-05-26 11:10:00-04:00,2021-05-26 14:00:00-04:00,2021-05-26 11:05:00-04:00,13712.0,13686.0,13661.75,13782.35,5,1.4,0.21317426551316263,47.0,50.25,102.74,513.6999999999999,-260.0,-266.2,time,130.0,362.5
2021-05-27,2021-05-27 10:20:00-04:00,2021-05-27 14:00:00-04:00,2021-05-27 10:15:00-04:00,13699.5,13686.25,13643.75,13777.55,5,1.4,0.21360215538056776,51.5,55.75,113.74,568.6999999999999,-132.5,-138.7,time,212.5,280.0
2021-05-28,2021-05-28 11:45:00-04:00,2021-05-28 14:00:00-04:00,2021-05-28 11:40:00-04:00,13745.75,13716.0,13695.75,13815.75,5,1.4,0.21278867144508867,44.0,50.0,102.24,511.2,-297.5,-303.7,time,175.0,397.5
2021-06-03,2021-06-03 11:00:00-04:00,2021-06-03 14:00:00-04:00,2021-06-03 10:55:00-04:00,13579.5,13565.75,13462.25,13743.65,5,1.4,0.19937865473122654,108.5,117.25,236.74,1183.7,-137.5,-143.7,time,302.5,530.0
2021-06-04,2021-06-04 10:05:00-04:00,2021-06-04 14:00:00-04:00,2021-06-04 10:00:00-04:00,13733.25,13774.25,13605.5,13912.1,5,1.4,0.20344106327034528,99.5,127.75,257.74,1288.7,410.0,403.8,time,457.5,125.0
2021-06-14,2021-06-14 12:05:00-04:00,2021-06-14 14:00:00-04:00,2021-06-14 12:00:00-04:00,14041.5,14058.75,13957.0,14159.8,5,1.4,0.15511500323012628,81.0,84.5,171.24,856.2,172.5,166.3,time,230.0,85.0
2021-06-16,2021-06-16 10:15:00-04:00,2021-06-16 11:05:00-04:00,2021-06-16 10:10:00-04:00,14089.75,14042.0,14042.5,14155.9,5,1.4,0.1357881400952648,45.0,47.25,96.74,483.7,-477.5,-483.7,stop,57.5,487.5
2021-06-17,2021-06-17 10:05:00-04:00,2021-06-17 14:00:00-04:00,2021-06-17 10:00:00-04:00,14041.0,14166.0,13932.0,14193.6,5,1.4,0.13345781977414384,101.75,109.0,220.24,1101.2,1250.0,1243.8,time,1502.5,252.5
2021-06-21,2021-06-21 10:40:00-04:00,2021-06-21 14:00:00-04:00,2021-06-21 10:35:00-04:00,14082.0,14133.25,13958.75,14254.55,5,1.4,0.12823823574966964,113.5,123.25,248.74,1243.7,512.5,506.3,time,620.0,25.0
2021-06-22,2021-06-22 11:10:00-04:00,2021-06-22 14:00:00-04:00,2021-06-22 11:05:00-04:00,14188.0,14221.0,14107.25,14301.05,5,1.4,0.1258931586291146,69.5,80.75,163.74,818.7,330.0,323.8,time,450.0,10.0
2021-06-24,2021-06-24 10:10:00-04:00,2021-06-24 13:20:00-04:00,2021-06-24 10:05:00-04:00,14387.5,14343.5,14344.0,14448.4,5,1.4,0.11794799564293258,42.25,43.5,89.24,446.2,-440.0,-446.2,stop,345.0,452.5
2021-06-28,2021-06-28 10:10:00-04:00,2021-06-28 14:00:00-04:00,2021-06-28 10:05:00-04:00,14467.75,14462.75,14391.0,14575.2,5,1.4,0.11774031519069397,67.5,76.75,155.74,778.7,-50.0,-56.2,time,272.5,127.5
2021-06-29,2021-06-29 12:20:00-04:00,2021-06-29 14:00:00-04:00,2021-06-29 12:15:00-04:00,14534.0,14550.75,14470.0,14623.6,5,1.4,0.1218053294785945,59.5,64.0,130.24,651.2,167.5,161.3,time,205.0,40.0
2021-07-02,2021-07-02 11:55:00-04:00,2021-07-02 14:00:00-04:00,2021-07-02 11:50:00-04:00,14670.75,14690.0,14619.25,14742.85,5,1.4,0.10940763140586308,46.0,51.5,105.24,526.1999999999999,192.5,186.3,time,232.5,152.5
2021-07-06,2021-07-06 10:10:00-04:00,2021-07-06 10:30:00-04:00,2021-07-06 10:05:00-04:00,14786.5,14738.25,14738.75,14853.35,5,1.4,0.09951619086870642,35.0,47.75,97.74,488.7,-482.5,-488.7,stop,32.5,612.5
2021-07-08,2021-07-08 10:30:00-04:00,2021-07-08 14:00:00-04:00,2021-07-08 10:25:00-04:00,14645.0,14733.5,14540.0,14792.0,5,1.4,0.09903736516094892,101.75,105.0,212.24,1061.2,885.0,878.8,time,1115.0,792.5
2021-07-09,2021-07-09 10:25:00-04:00,2021-07-09 12:15:00-04:00,2021-07-09 10:20:00-04:00,14728.5,14812.35,14668.25,14812.85,5,1.4,0.10384266236808616,56.75,60.25,122.74,613.6999999999999,838.5000000000036,832.3000000000036,target,855.0,250.0
2021-07-13,2021-07-13 10:05:00-04:00,2021-07-13 14:00:00-04:00,2021-07-13 10:00:00-04:00,14927.75,14885.0,14842.0,15047.8,5,1.4,0.10050023003034211,77.0,85.75,173.74,868.7,-427.5,-433.7,time,667.5,940.0
2021-07-14,2021-07-14 10:05:00-04:00,2021-07-14 11:25:00-04:00,2021-07-14 10:00:00-04:00,14992.75,14934.25,14934.75,15073.95,5,1.4,0.09901854329141808,56.5,58.0,118.24,591.1999999999999,-585.0,-591.2,stop,20.0,850.0
2021-07-20,2021-07-20 10:25:00-04:00,2021-07-20 12:45:00-04:00,2021-07-20 10:20:00-04:00,14608.75,14737.05,14516.75,14737.55,5,1.4,0.09443348710160712,84.5,92.0,186.24,931.2,1282.9999999999927,1276.7999999999927,target,1307.5,275.0
2021-07-21,2021-07-21 10:25:00-04:00,2021-07-21 14:00:00-04:00,2021-07-21 10:20:00-04:00,14761.75,14778.75,14692.0,14859.4,5,1.4,0.09699916820503779,65.5,69.75,141.74,708.7,170.0,163.8,time,275.0,265.0
2021-07-22,2021-07-22 10:30:00-04:00,2021-07-22 14:00:00-04:00,2021-07-22 10:25:00-04:00,14905.0,14905.25,14839.75,14996.35,5,1.4,0.09658170949858022,55.0,65.25,132.74,663.7,2.5,-3.7,time,182.5,545.0
2021-07-23,2021-07-23 10:20:00-04:00,2021-07-23 13:05:00-04:00,2021-07-23 10:15:00-04:00,14998.0,15086.75,14934.25,15087.25,5,1.4,0.09834890048451028,60.0,63.75,129.74,648.7,887.5,881.3,target,937.5,142.5
2021-07-26,2021-07-26 10:05:00-04:00,2021-07-26 14:00:00-04:00,2021-07-26 10:00:00-04:00,15113.0,15104.75,15040.25,15214.85,5,1.4,0.10118207820043215,61.0,72.75,147.74,738.7,-82.5,-88.7,time,212.5,307.5
2021-07-28,2021-07-28 10:20:00-04:00,2021-07-28 14:00:00-04:00,2021-07-28 10:15:00-04:00,15054.5,14972.5,14901.5,15268.7,5,1.4,0.11095652041817838,121.0,153.0,308.24,1541.2,-820.0,-826.2,time,202.5,1327.5
2021-07-30,2021-07-30 10:05:00-04:00,2021-07-30 14:00:00-04:00,2021-07-30 10:00:00-04:00,14977.25,14964.25,14866.0,15133.0,5,1.4,0.1109695094214339,86.75,111.25,224.74,1123.7,-130.0,-136.2,time,20.0,670.0
2021-08-02,2021-08-02 11:25:00-04:00,2021-08-02 14:00:00-04:00,2021-08-02 11:20:00-04:00,15046.0,14985.25,14936.0,15200.0,5,1.4,0.1112741429155427,108.25,110.0,222.24,1111.2,-607.5,-613.7,time,52.5,847.5
2021-08-03,2021-08-03 12:00:00-04:00,2021-08-03 14:00:00-04:00,2021-08-03 11:55:00-04:00,15011.25,15019.25,14902.75,15163.15,5,1.4,0.10539853717683753,106.0,108.5,219.24,1096.2,80.0,73.8,time,255.0,315.0
2021-08-04,2021-08-04 13:05:00-04:00,2021-08-04 14:00:00-04:00,2021-08-04 13:00:00-04:00,15075.5,15074.5,15018.5,15155.3,5,1.4,0.10607400060771707,50.75,57.0,116.24,581.1999999999999,-10.0,-16.2,time,275.0,57.5
2021-08-05,2021-08-05 10:20:00-04:00,2021-08-05 14:00:00-04:00,2021-08-05 10:15:00-04:00,15131.25,15154.5,15072.75,15213.15,5,1.4,0.10606652412642327,56.0,58.5,119.24,596.1999999999999,232.5,226.3,time,352.5,282.5
2021-08-12,2021-08-12 10:20:00-04:00,2021-08-12 14:00:00-04:00,2021-08-12 10:15:00-04:00,15008.5,15051.75,14946.25,15095.65,5,1.4,0.10632111089126535,59.0,62.25,126.74,633.6999999999999,432.5,426.3,time,650.0,45.0
2021-08-13,2021-08-13 10:20:00-04:00,2021-08-13 14:00:00-04:00,2021-08-13 10:15:00-04:00,15134.0,15115.25,15068.0,15226.4,5,1.4,0.1022028766067988,40.25,66.0,134.24,671.2,-187.5,-193.7,time,75.0,417.5
2021-08-17,2021-08-17 10:45:00-04:00,2021-08-17 11:55:00-04:00,2021-08-17 10:40:00-04:00,15050.25,14954.25,14954.75,15183.95,5,1.4,0.09201239052834219,87.75,95.5,193.24,966.2,-960.0,-966.2,stop,75.0,1125.0
2021-08-19,2021-08-19 10:10:00-04:00,2021-08-19 11:45:00-04:00,2021-08-19 10:05:00-04:00,14847.0,14963.4,14763.5,14963.9,5,1.4,0.09844442433015023,72.25,83.5,169.24,846.2,1163.9999999999964,1157.7999999999963,target,1352.5,235.0
2021-08-20,2021-08-20 10:05:00-04:00,2021-08-20 14:00:00-04:00,2021-08-20 10:00:00-04:00,15059.75,15053.5,14959.25,15200.45,5,1.4,0.09687826201985328,86.25,100.5,203.24,1016.2,-62.5,-68.7,time,382.5,580.0
2021-08-23,2021-08-23 10:05:00-04:00,2021-08-23 14:00:00-04:00,2021-08-23 10:00:00-04:00,15230.5,15314.0,15124.75,15378.55,5,1.4,0.09738528329217602,84.25,105.75,213.74,1068.7,835.0,828.8,time,967.5,82.5
2021-08-24,2021-08-24 10:10:00-04:00,2021-08-24 14:00:00-04:00,2021-08-24 10:05:00-04:00,15361.5,15347.0,15312.75,15429.75,5,1.4,0.1117355155999504,40.75,48.75,99.74,498.7,-145.0,-151.2,time,187.5,312.5
2021-08-27,2021-08-27 10:05:00-04:00,2021-08-27 14:00:00-04:00,2021-08-27 10:00:00-04:00,15362.0,15433.75,15284.25,15470.85,5,1.4,0.09939144268174115,48.0,77.75,157.74,788.7,717.5,711.3,time,770.0,207.5
2021-08-30,2021-08-30 10:05:00-04:00,2021-08-30 14:00:00-04:00,2021-08-30 10:00:00-04:00,15545.75,15612.0,15455.25,15672.45,5,1.4,0.1037038266557274,74.75,90.5,183.24,916.2,662.5,656.3,time,690.0,82.5
2021-09-03,2021-09-03 10:05:00-04:00,2021-09-03 14:00:00-04:00,2021-09-03 10:00:00-04:00,15661.75,15656.25,15554.5,15811.9,5,1.4,0.10806001969793394,90.5,107.25,216.74,1083.7,-55.0,-61.2,time,70.0,572.5
2021-09-06,2021-09-06 10:05:00-04:00,2021-09-06 18:00:00-04:00,2021-09-06 10:00:00-04:00,15706.5,15700.5,15686.5,15734.5,5,1.4,,16.5,20.0,42.24,211.20000000000002,-60.0,-66.2,time,10.0,130.0
2021-09-07,2021-09-07 10:55:00-04:00,2021-09-07 14:00:00-04:00,2021-09-07 10:50:00-04:00,15673.75,15691.5,15613.5,15758.1,5,1.4,0.10586407977833473,55.5,60.25,122.74,613.6999999999999,177.5,171.3,time,277.5,415.0
2021-09-15,2021-09-15 13:00:00-04:00,2021-09-15 14:00:00-04:00,2021-09-15 12:55:00-04:00,15439.75,15452.25,15331.0,15592.0,5,1.4,0.10984106738888379,102.25,108.75,219.74,1098.7,125.0,118.8,time,282.5,52.5
2021-09-22,2021-09-22 10:05:00-04:00,2021-09-22 14:00:00-04:00,2021-09-22 10:00:00-04:00,15094.25,15133.75,15014.75,15205.55,5,1.4,0.111625182733402,63.5,79.5,161.24,806.2,395.0,388.8,time,1095.0,107.5
2021-09-23,2021-09-23 10:05:00-04:00,2021-09-23 14:00:00-04:00,2021-09-23 10:00:00-04:00,15319.25,15344.5,15182.0,15511.4,5,1.4,0.11846702237260263,114.75,137.25,276.74,1383.7,252.5,246.3,time,275.0,535.0
2021-09-24,2021-09-24 10:05:00-04:00,2021-09-24 14:00:00-04:00,2021-09-24 10:00:00-04:00,15257.5,15261.0,15189.75,15352.35,5,1.4,0.12312645331994883,62.75,67.75,137.74,688.7,35.0,28.8,time,385.0,525.0
2021-09-27,2021-09-27 11:05:00-04:00,2021-09-27 14:00:00-04:00,2021-09-27 11:00:00-04:00,15221.75,15199.5,15084.0,15414.6,5,1.4,0.12137033478284692,130.75,137.75,277.74,1388.7,-222.5,-228.7,time,12.5,1017.5
2021-10-01,2021-10-01 13:50:00-04:00,2021-10-01 14:00:00-04:00,2021-10-01 13:45:00-04:00,14740.75,14717.5,14606.75,14928.35,5,1.4,0.1409549149596632,128.5,134.0,270.24,1351.2,-232.5,-238.7,time,10.0,287.5
2021-10-05,2021-10-05 10:05:00-04:00,2021-10-05 14:00:00-04:00,2021-10-05 10:00:00-04:00,14606.75,14739.0,14496.5,14761.1,5,1.4,0.154591242434425,101.0,110.25,222.74,1113.7,1322.5,1316.3,time,1462.5,137.5
2021-10-06,2021-10-06 10:25:00-04:00,2021-10-06 14:00:00-04:00,2021-10-06 10:20:00-04:00,14658.75,14691.25,14511.25,14865.25,5,1.4,0.1642088839172823,127.75,147.5,297.24,1486.2,325.0,318.8,time,507.5,912.5
2021-10-07,2021-10-07 10:05:00-04:00,2021-10-07 14:00:00-04:00,2021-10-07 10:00:00-04:00,14971.5,14962.0,14859.25,15128.65,5,1.4,0.16754817901735625,96.75,112.25,226.74,1133.7,-95.0,-101.2,time,297.5,347.5
2021-10-11,2021-10-11 10:05:00-04:00,2021-10-11 14:00:00-04:00,2021-10-11 10:00:00-04:00,14868.25,14782.0,14721.5,15073.7,5,1.4,0.17274303334535784,139.25,146.75,295.74,1478.7,-862.5,-868.7,time,285.0,1102.5
2021-10-14,2021-10-14 10:05:00-04:00,2021-10-14 14:00:00-04:00,2021-10-14 10:00:00-04:00,14973.75,15034.5,14890.5,15090.3,5,1.4,0.1783367438581522,67.0,83.25,168.74,843.7,607.5,601.3,time,702.5,82.5
2021-10-15,2021-10-15 11:00:00-04:00,2021-10-15 14:00:00-04:00,2021-10-15 10:55:00-04:00,15111.0,15098.75,15049.25,15197.45,5,1.4,0.19210791493607574,50.75,61.75,125.74,628.6999999999999,-122.5,-128.7,time,100.0,525.0
2021-10-18,2021-10-18 10:10:00-04:00,2021-10-18 14:00:00-04:00,2021-10-18 10:05:00-04:00,15153.75,15246.5,15051.75,15296.55,5,1.4,0.18965751387426297,96.0,102.0,206.24,1031.2,927.5,921.3,time,1005.0,280.0
2021-10-19,2021-10-19 10:30:00-04:00,2021-10-19 14:00:00-04:00,2021-10-19 10:25:00-04:00,15359.75,15394.0,15302.25,15440.25,5,1.4,0.17869056676890657,55.75,57.5,117.24,586.1999999999999,342.5,336.3,time,372.5,320.0
2021-10-20,2021-10-20 10:35:00-04:00,2021-10-20 11:00:00-04:00,2021-10-20 10:30:00-04:00,15445.5,15396.25,15396.75,15513.75,5,1.4,0.18075005677624725,44.25,48.75,99.74,498.7,-492.5,-498.7,stop,0.0,622.5
2021-10-21,2021-10-21 10:10:00-04:00,2021-10-21 14:00:00-04:00,2021-10-21 10:05:00-04:00,15400.0,15416.25,15334.25,15492.05,5,1.4,0.17836195256832016,60.0,65.75,133.74,668.7,162.5,156.3,time,457.5,115.0
2021-10-22,2021-10-22 10:30:00-04:00,2021-10-22 11:15:00-04:00,2021-10-22 10:25:00-04:00,15463.25,15385.0,15385.5,15572.1,5,1.4,0.17709143591920906,72.75,77.75,157.74,788.7,-782.5,-788.7,stop,5.0,1152.5
2021-10-25,2021-10-25 12:00:00-04:00,2021-10-25 14:00:00-04:00,2021-10-25 11:55:00-04:00,15437.0,15490.25,15322.25,15597.65,5,1.4,0.18014509409797588,110.25,114.75,231.74,1158.7,532.5,526.3,time,697.5,30.0
2021-10-26,2021-10-26 10:15:00-04:00,2021-10-26 12:00:00-04:00,2021-10-26 10:10:00-04:00,15675.0,15579.75,15580.25,15807.65,5,1.4,0.1803335478074642,78.0,94.75,191.74,958.7,-952.5,-958.7,stop,260.0,1055.0
2021-10-27,2021-10-27 10:55:00-04:00,2021-10-27 14:00:00-04:00,2021-10-27 10:50:00-04:00,15649.5,15710.0,15558.25,15777.25,5,1.4,0.1483963353259152,87.5,91.25,184.74,923.7,605.0,598.8,time,677.5,367.5
2021-10-28,2021-10-28 10:30:00-04:00,2021-10-28 14:00:00-04:00,2021-10-28 10:25:00-04:00,15699.5,15729.25,15635.75,15788.75,5,1.4,0.14785269649744337,57.5,63.75,129.74,648.7,297.5,291.3,time,542.5,122.5
2021-10-29,2021-10-29 11:10:00-04:00,2021-10-29 14:00:00-04:00,2021-10-29 11:05:00-04:00,15708.5,15783.0,15616.0,15838.0,5,1.4,0.14614654991618942,83.5,92.5,187.24,936.2,745.0,738.8,time,1002.5,10.0
2021-11-02,2021-11-02 11:45:00-04:00,2021-11-02 14:00:00-04:00,2021-11-02 11:40:00-04:00,15972.25,15937.5,15864.25,16123.45,5,1.4,0.11795400144353008,104.0,108.0,218.24,1091.2,-347.5,-353.7,time,80.0,600.0
2021-11-04,2021-11-04 10:05:00-04:00,2021-11-04 14:00:00-04:00,2021-11-04 10:00:00-04:00,16254.0,16348.75,16157.0,16389.8,5,1.4,0.1165471426215189,95.0,97.0,196.24,981.2,947.5,941.3,time,1000.0,107.5
2021-11-10,2021-11-10 10:05:00-05:00,2021-11-10 13:15:00-05:00,2021-11-10 10:00:00-05:00,16183.0,16041.0,16041.5,16381.1,5,1.4,0.10707400633570412,138.25,141.5,285.24,1426.2,-1420.0,-1426.2,stop,365.0,1552.5
2021-11-12,2021-11-12 10:50:00-05:00,2021-11-12 14:00:00-05:00,2021-11-12 10:45:00-05:00,16087.5,16186.25,16001.75,16207.55,5,1.4,0.11536772543662256,76.25,85.75,173.74,868.7,987.5,981.3,time,1125.0,50.0
2021-11-16,2021-11-16 11:05:00-05:00,2021-11-16 14:00:00-05:00,2021-11-16 11:00:00-05:00,16255.75,16311.5,16149.0,16405.2,5,1.4,0.11519601840395083,103.0,106.75,215.74,1078.7,557.5,551.3,time,675.0,102.5
2021-11-17,2021-11-17 10:40:00-05:00,2021-11-17 14:00:00-05:00,2021-11-17 10:35:00-05:00,16345.25,16347.5,16269.75,16450.95,5,1.4,0.11406938449810596,52.75,75.5,153.24,766.2,22.5,16.3,time,535.0,572.5
2021-11-18,2021-11-18 11:35:00-05:00,2021-11-18 14:00:00-05:00,2021-11-18 11:30:00-05:00,16430.75,16436.0,16353.5,16538.9,5,1.4,0.11168234929795769,68.25,77.25,156.74,783.7,52.5,46.3,time,602.5,137.5
2021-11-19,2021-11-19 11:40:00-05:00,2021-11-19 14:00:00-05:00,2021-11-19 11:35:00-05:00,16618.5,16580.5,16516.25,16761.65,5,1.4,0.11469262855143128,100.5,102.25,206.74,1033.7,-380.0,-386.2,time,97.5,847.5
2021-11-22,2021-11-22 10:05:00-05:00,2021-11-22 11:10:00-05:00,2021-11-22 10:00:00-05:00,16745.0,16637.75,16638.25,16894.45,5,1.4,0.10573856461217261,101.25,106.75,215.74,1078.7,-1072.5,-1078.7,stop,225.0,1075.0
2021-11-24,2021-11-24 10:05:00-05:00,2021-11-24 14:00:00-05:00,2021-11-24 10:00:00-05:00,16226.0,16303.0,16102.0,16399.6,5,1.4,0.11998511638747643,106.0,124.0,250.24,1251.2,770.0,763.8,time,1117.5,690.0
2021-11-29,2021-11-29 11:35:00-05:00,2021-11-29 14:00:00-05:00,2021-11-29 11:30:00-05:00,16317.75,16412.75,16208.0,16471.4,5,1.4,0.12020149523330041,98.5,109.75,221.74,1108.7,950.0,943.8,time,1045.0,60.0
2021-11-30,2021-11-30 10:05:00-05:00,2021-11-30 10:45:00-05:00,2021-11-30 10:00:00-05:00,16422.5,16318.25,16318.75,16567.75,5,1.4,0.11878098161648748,100.25,103.75,209.74,1048.7,-1042.5,-1048.7,stop,340.0,1615.0
2021-12-01,2021-12-01 10:10:00-05:00,2021-12-01 12:55:00-05:00,2021-12-01 10:05:00-05:00,16372.0,16270.25,16270.75,16513.75,5,1.4,0.12437257317932252,83.25,101.25,204.74,1023.7,-1017.5,-1023.7,stop,557.5,1382.5
2021-12-02,2021-12-02 10:05:00-05:00,2021-12-02 10:40:00-05:00,2021-12-02 10:00:00-05:00,16019.0,15786.5,15787.0,16343.8,5,1.4,0.14975105277041253,217.0,232.0,466.24,2331.2,-2325.0,-2331.2,stop,10.0,2470.0
2021-12-06,2021-12-06 10:20:00-05:00,2021-12-06 14:00:00-05:00,2021-12-06 10:15:00-05:00,15763.5,15871.0,15559.25,16049.45,5,1.4,0.1562404460473179,201.5,204.25,410.74,2053.7,1075.0,1068.8,time,1307.5,1075.0
2021-12-07,2021-12-07 10:10:00-05:00,2021-12-07 14:00:00-05:00,2021-12-07 10:05:00-05:00,16245.75,16336.25,16119.0,16423.2,5,1.4,0.15057315091835075,109.5,126.75,255.74,1278.7,905.0,898.8,time,985.0,145.0
2021-12-08,2021-12-08 13:45:00-05:00,2021-12-08 14:00:00-05:00,2021-12-08 13:40:00-05:00,16369.0,16355.75,16251.5,16533.5,5,1.4,0.19099865425615012,105.5,117.5,237.24,1186.2,-132.5,-138.7,time,100.0,212.5
2021-12-17,2021-12-17 10:50:00-05:00,2021-12-17 14:00:00-05:00,2021-12-17 10:45:00-05:00,15882.25,15900.5,15656.75,16197.95,5,1.4,0.23372398538057998,186.25,225.5,453.24,2266.2,182.5,176.3,time,745.0,1410.0
2021-12-21,2021-12-21 12:15:00-05:00,2021-12-21 14:00:00-05:00,2021-12-21 12:10:00-05:00,15813.5,15915.5,15663.25,16023.85,5,1.4,0.23110986489577232,135.5,150.25,302.74,1513.7,1020.0,1013.8,time,1222.5,107.5
2021-12-22,2021-12-22 10:40:00-05:00,2021-12-22 14:00:00-05:00,2021-12-22 10:35:00-05:00,16066.25,16065.5,15933.75,16251.75,5,1.4,0.2441982632297019,110.75,132.5,267.24,1336.2,-7.5,-13.7,time,745.0,255.0
2021-12-23,2021-12-23 10:15:00-05:00,2021-12-23 14:00:00-05:00,2021-12-23 10:10:00-05:00,16259.0,16327.5,16176.5,16374.5,5,1.4,0.2467303902485786,65.75,82.5,167.24,836.2,685.0,678.8,time,780.0,137.5
2021-12-27,2021-12-27 10:05:00-05:00,2021-12-27 14:00:00-05:00,2021-12-27 10:00:00-05:00,16458.0,16548.75,16344.5,16616.9,5,1.4,0.2475094009178366,103.75,113.5,229.24,1146.2,907.5,901.3,time,915.0,67.5
2021-12-30,2021-12-30 10:10:00-05:00,2021-12-30 14:00:00-05:00,2021-12-30 10:05:00-05:00,16538.25,16533.75,16449.5,16662.5,5,1.4,0.25120008134512656,68.5,88.75,179.74,898.7,-45.0,-51.2,time,292.5,340.0
2022-01-06,2022-01-06 11:15:00-05:00,2022-01-06 14:00:00-05:00,2022-01-06 11:10:00-05:00,15861.25,15822.25,15672.0,16126.2,5,1.4,0.2342634641865515,178.5,189.25,380.74,1903.7,-390.0,-396.2,time,345.0,917.5
2022-01-10,2022-01-10 13:55:00-05:00,2022-01-10 14:00:00-05:00,2022-01-10 13:50:00-05:00,15418.5,15408.75,15240.75,15667.35,5,1.4,0.23111554521463365,174.25,177.75,357.74,1788.7,-97.5,-103.7,time,342.5,267.5
2022-01-11,2022-01-11 10:05:00-05:00,2022-01-11 12:00:00-05:00,2022-01-11 10:00:00-05:00,15621.25,15826.2,15474.5,15826.7,5,1.4,0.22612530448535825,119.5,146.75,295.74,1478.7,2049.5000000000073,2043.3000000000072,target,2102.5,1170.0
2022-01-12,2022-01-12 10:15:00-05:00,2022-01-12 10:40:00-05:00,2022-01-12 10:10:00-05:00,16003.75,15884.0,15884.5,16170.7,5,1.4,0.22884275775052915,108.0,119.25,240.74,1203.7,-1197.5,-1203.7,stop,25.0,1457.5
2022-01-18,2022-01-18 10:10:00-05:00,2022-01-18 11:30:00-05:00,2022-01-18 10:05:00-05:00,15408.5,15272.0,15272.5,15598.9,5,1.4,0.21305836169865341,101.75,136.0,274.24,1371.2,-1365.0,-1371.2,stop,265.0,1540.0
2022-01-20,2022-01-20 10:35:00-05:00,2022-01-20 14:00:00-05:00,2022-01-20 10:30:00-05:00,15303.0,15178.75,15160.5,15502.5,5,1.4,0.22966898278963313,125.0,142.5,287.24,1436.2,-1242.5,-1248.7,time,375.0,1305.0
2022-01-21,2022-01-21 11:25:00-05:00,2022-01-21 12:20:00-05:00,2022-01-21 11:20:00-05:00,14844.75,14630.25,14630.75,15144.35,5,1.4,0.21917349445315584,188.0,214.0,430.24,2151.2,-2145.0,-2151.2,stop,72.5,2220.0
2022-01-26,2022-01-26 10:05:00-05:00,2022-01-26 10:40:00-05:00,2022-01-26 10:00:00-05:00,14505.5,14349.5,14350.0,14723.2,5,1.4,0.21363827178340034,149.75,155.5,313.24,1566.2,-1560.0,-1566.2,stop,90.0,1682.5
2022-01-27,2022-01-27 10:15:00-05:00,2022-01-27 10:30:00-05:00,2022-01-27 10:10:00-05:00,14401.5,14231.25,14231.75,14639.15,5,1.4,0.21687092427125643,164.0,169.75,341.74,1708.7,-1702.5,-1708.7,stop,50.0,1940.0
2022-01-28,2022-01-28 10:55:00-05:00,2022-01-28 14:00:00-05:00,2022-01-28 10:50:00-05:00,14110.0,14230.0,13867.0,14450.2,5,1.4,0.21637122384471333,235.25,243.0,488.24,2441.2,1200.0,1193.8,time,2015.0,270.0
2022-01-31,2022-01-31 10:05:00-05:00,2022-01-31 14:00:00-05:00,2022-01-31 10:00:00-05:00,14650.25,14774.5,14416.25,14977.85,5,1.4,0.2603707969875256,217.75,234.0,470.24,2351.2,1242.5,1236.3,time,1367.5,105.0
2022-02-03,2022-02-03 10:30:00-05:00,2022-02-03 11:55:00-05:00,2022-02-03 10:25:00-05:00,14822.75,14676.75,14677.25,15026.45,5,1.4,0.29064735255617336,122.0,145.5,293.24,1466.2,-1460.0,-1466.2,stop,202.5,1590.0
2022-02-04,2022-02-04 10:05:00-05:00,2022-02-04 14:00:00-05:00,2022-02-04 10:00:00-05:00,14610.25,14744.25,14433.0,14858.4,5,1.4,0.28605268350184887,173.75,177.25,356.74,1783.7,1340.0,1333.8,time,1437.5,1682.5
2022-02-08,2022-02-08 10:50:00-05:00,2022-02-08 12:30:00-05:00,2022-02-08 10:45:00-05:00,14593.0,14721.3,14501.0,14721.8,5,1.4,0.284448082375508,87.25,92.0,186.24,931.2,1282.9999999999927,1276.7999999999927,target,1377.5,117.5
2022-02-09,2022-02-09 11:05:00-05:00,2022-02-09 14:00:00-05:00,2022-02-09 11:00:00-05:00,14964.25,14982.0,14863.75,15104.95,5,1.4,0.2882404839749103,87.75,100.5,203.24,1016.2,177.5,171.3,time,347.5,547.5
2022-02-10,2022-02-10 10:05:00-05:00,2022-02-10 13:35:00-05:00,2022-02-10 10:00:00-05:00,14958.5,14734.75,14735.25,15271.05,5,1.4,0.29255161279192365,198.5,223.25,448.74,2243.7,-2237.5,-2243.7,stop,705.0,2300.0
2022-02-14,2022-02-14 11:20:00-05:00,2022-02-14 13:50:00-05:00,2022-02-14 11:15:00-05:00,14338.25,14181.75,14182.25,14556.65,5,1.4,0.30600892762179066,153.75,156.0,314.24,1571.2,-1565.0,-1571.2,stop,557.5,1740.0
2022-02-15,2022-02-15 10:45:00-05:00,2022-02-15 12:45:00-05:00,2022-02-15 10:40:00-05:00,14540.5,14444.5,14445.0,14674.2,5,1.4,0.30439131835599265,77.25,95.5,193.24,966.2,-960.0,-966.2,stop,235.0,1125.0
2022-02-22,2022-02-22 10:30:00-05:00,2022-02-22 11:50:00-05:00,2022-02-22 10:25:00-05:00,14105.75,13861.5,13862.0,14447.0,5,1.4,0.30923173813308447,233.75,243.75,489.74,2448.7,-2442.5,-2448.7,stop,30.0,2587.5
2022-02-24,2022-02-24 10:15:00-05:00,2022-02-24 14:00:00-05:00,2022-02-24 10:10:00-05:00,13378.75,13601.5,13058.75,13826.75,5,1.4,0.31086392562425313,305.25,320.0,642.24,3211.2,2227.5,2221.3,time,3217.5,707.5
2022-02-25,2022-02-25 10:45:00-05:00,2022-02-25 14:00:00-05:00,2022-02-25 10:40:00-05:00,14039.0,14110.25,13859.25,14290.65,5,1.4,0.3313219923897642,155.5,179.75,361.74,1808.7,712.5,706.3,time,1375.0,185.0
2022-02-28,2022-02-28 10:40:00-05:00,2022-02-28 14:00:00-05:00,2022-02-28 10:35:00-05:00,14181.25,14139.0,14027.0,14397.2,5,1.4,0.3337500631038597,120.75,154.25,310.74,1553.7,-422.5,-428.7,time,1112.5,1290.0
2022-03-02,2022-03-02 11:10:00-05:00,2022-03-02 14:00:00-05:00,2022-03-02 11:05:00-05:00,14159.25,14233.25,14010.75,14367.15,5,1.4,0.29394386442480497,119.0,148.5,299.24,1496.2,740.0,733.8,time,1052.5,235.0
2022-03-08,2022-03-08 12:15:00-05:00,2022-03-08 14:00:00-05:00,2022-03-08 12:10:00-05:00,13459.0,13354.5,13221.5,13791.5,5,1.4,0.3152435577764517,152.25,237.5,477.24,2386.2,-1045.0,-1051.2,time,2072.5,1680.0
2022-03-09,2022-03-09 10:25:00-05:00,2022-03-09 14:00:00-05:00,2022-03-09 10:20:00-05:00,13641.25,13690.75,13496.5,13843.9,5,1.4,0.3152330245985902,124.75,144.75,291.74,1458.7,495.0,488.8,time,1087.5,607.5
2022-03-10,2022-03-10 10:20:00-05:00,2022-03-10 10:30:00-05:00,2022-03-10 10:15:00-05:00,13605.75,13486.75,13487.25,13771.65,5,1.4,0.3460653350707332,107.25,118.5,239.24,1196.2,-1190.0,-1196.2,stop,0.0,1392.5
2022-03-14,2022-03-14 10:15:00-04:00,2022-03-14 11:40:00-04:00,2022-03-14 10:10:00-04:00,13373.5,13204.5,13205.0,13609.4,5,1.4,0.333765388770126,136.0,168.5,339.24,1696.2,-1690.0,-1696.2,stop,195.0,1872.5
2022-03-15,2022-03-15 10:05:00-04:00,2022-03-15 11:35:00-04:00,2022-03-15 10:00:00-04:00,13220.75,13401.9,13091.0,13402.4,5,1.4,0.3221423027402338,122.25,129.75,261.74,1308.7,1811.4999999999964,1805.2999999999963,target,1900.0,567.5
2022-03-16,2022-03-16 10:15:00-04:00,2022-03-16 14:00:00-04:00,2022-03-16 10:10:00-04:00,13751.0,13742.0,13612.0,13945.6,5,1.4,0.34203535307389377,135.5,139.0,280.24,1401.2,-90.0,-96.2,time,1155.0,1250.0
2022-03-17,2022-03-17 10:05:00-04:00,2022-03-17 14:00:00-04:00,2022-03-17 10:00:00-04:00,13991.5,14069.75,13819.0,14233.0,5,1.4,0.3588064411942714,163.25,172.5,347.24,1736.2,782.5,776.3,time,1005.0,1492.5
2022-03-18,2022-03-18 10:05:00-04:00,2022-03-18 14:00:00-04:00,2022-03-18 10:00:00-04:00,14180.0,14306.5,13995.25,14438.65,5,1.4,0.3624186864158584,157.25,184.75,371.74,1858.7,1265.0,1258.8,time,1440.0,415.0
2022-03-22,2022-03-22 10:05:00-04:00,2022-03-22 14:00:00-04:00,2022-03-22 10:00:00-04:00,14531.25,14645.0,14374.5,14750.7,5,1.4,0.35324469973296724,114.5,156.75,315.74,1578.7,1137.5,1131.3,time,1530.0,127.5
2022-03-23,2022-03-23 10:15:00-04:00,2022-03-23 14:00:00-04:00,2022-03-23 10:10:00-04:00,14563.75,14531.5,14460.75,14707.95,5,1.4,0.35701803001018967,85.75,103.0,208.24,1041.2,-322.5,-328.7,time,1190.0,722.5
2022-03-24,2022-03-24 11:15:00-04:00,2022-03-24 14:00:00-04:00,2022-03-24 11:10:00-04:00,14563.75,14655.0,14469.0,14696.4,5,1.4,0.3433766529465918,82.5,94.75,191.74,958.7,912.5,906.3,time,1237.5,135.0
2022-03-25,2022-03-25 10:45:00-04:00,2022-03-25 11:00:00-04:00,2022-03-25 10:40:00-04:00,14792.75,14707.5,14708.0,14911.4,5,1.4,0.33572828164197394,80.5,84.75,171.74,858.7,-852.5,-858.7,stop,147.5,917.5
2022-03-30,2022-03-30 10:15:00-04:00,2022-03-30 11:00:00-04:00,2022-03-30 10:10:00-04:00,15219.75,15141.0,15141.5,15329.3,5,1.4,0.3323246609226873,67.5,78.25,158.74,793.7,-787.5,-793.7,stop,152.5,860.0
2022-04-04,2022-04-04 10:40:00-04:00,2022-04-04 14:00:00-04:00,2022-04-04 10:35:00-04:00,15062.25,15118.75,14884.0,15311.8,5,1.4,0.3268510706533147,167.5,178.25,358.74,1793.7,565.0,558.8,time,687.5,340.0
2022-04-08,2022-04-08 11:05:00-04:00,2022-04-08 14:00:00-04:00,2022-04-08 11:00:00-04:00,14478.0,14391.0,14312.25,14710.05,5,1.4,0.29228685132945686,164.5,165.75,333.74,1668.7,-870.0,-876.2,time,200.0,1035.0
2022-04-13,2022-04-13 10:20:00-04:00,2022-04-13 14:00:00-04:00,2022-04-13 10:15:00-04:00,14081.75,14161.0,13921.5,14306.1,5,1.4,0.28012974464685353,151.75,160.25,322.74,1613.7,792.5,786.3,time,1262.5,395.0
2022-04-18,2022-04-18 10:15:00-04:00,2022-04-18 12:10:00-04:00,2022-04-18 10:10:00-04:00,13946.0,13826.5,13827.0,14112.6,5,1.4,0.2684143762262917,105.75,119.0,240.24,1201.2,-1195.0,-1201.2,stop,562.5,1307.5
2022-04-19,2022-04-19 10:05:00-04:00,2022-04-19 14:00:00-04:00,2022-04-19 10:00:00-04:00,14023.25,14156.25,13833.75,14288.55,5,1.4,0.25745356672888803,184.0,189.5,381.24,1906.2,1330.0,1323.8,time,1737.5,107.5
2022-04-25,2022-04-25 10:30:00-04:00,2022-04-25 14:00:00-04:00,2022-04-25 10:25:00-04:00,13393.0,13351.5,13235.5,13613.5,5,1.4,0.2543972917822264,130.5,157.5,317.24,1586.2,-415.0,-421.2,time,735.0,1525.0
2022-04-28,2022-04-28 12:40:00-04:00,2022-04-28 14:00:00-04:00,2022-04-28 12:35:00-04:00,13292.25,13446.75,13095.5,13567.7,5,1.4,0.27460722665936527,185.0,196.75,395.74,1978.7,1545.0,1538.8,time,1612.5,7.5
2022-05-02,2022-05-02 10:30:00-04:00,2022-05-02 13:45:00-04:00,2022-05-02 10:25:00-04:00,12983.25,12742.0,12742.5,13320.3,5,1.4,0.3151992137025149,231.25,240.75,483.74,2418.7,-2412.5,-2418.7,stop,610.0,2425.0
2022-05-03,2022-05-03 10:05:00-04:00,2022-05-03 14:00:00-04:00,2022-05-03 10:00:00-04:00,13140.0,13137.25,12968.0,13380.8,5,1.4,0.32416295983399557,146.25,172.0,346.24,1731.2,-27.5,-33.7,time,440.0,1632.5
2022-05-04,2022-05-04 13:05:00-04:00,2022-05-04 14:00:00-04:00,2022-05-04 13:00:00-04:00,13121.25,13141.5,13017.0,13267.2,5,1.4,0.3113633211903188,97.25,104.25,210.74,1053.7,202.5,196.3,time,1102.5,720.0
2022-05-06,2022-05-06 10:50:00-04:00,2022-05-06 14:00:00-04:00,2022-05-06 10:45:00-04:00,12807.25,12684.75,12519.25,13210.45,5,1.4,0.3606152963428307,273.25,288.0,578.24,2891.2,-1225.0,-1231.2,time,1220.0,1397.5
2022-05-12,2022-05-12 10:10:00-04:00,2022-05-12 14:00:00-04:00,2022-05-12 10:05:00-04:00,11910.25,11739.75,11692.75,12214.75,5,1.4,0.3787681850415592,215.0,217.5,437.24,2186.2,-1705.0,-1711.2,time,2225.0,1942.5
2022-05-13,2022-05-13 10:05:00-04:00,2022-05-13 14:00:00-04:00,2022-05-13 10:00:00-04:00,12288.25,12303.0,12064.75,12601.15,5,1.4,0.3650480700187833,214.25,223.5,449.24,2246.2,147.5,141.3,time,1422.5,577.5
2022-05-16,2022-05-16 10:30:00-04:00,2022-05-16 10:55:00-04:00,2022-05-16 10:25:00-04:00,12366.75,12214.5,12215.0,12579.2,5,1.4,0.3925447396930754,143.5,151.75,305.74,1528.7,-1522.5,-1528.7,stop,65.0,1605.0
2022-05-19,2022-05-19 11:25:00-04:00,2022-05-19 14:00:00-04:00,2022-05-19 11:20:00-04:00,11979.5,11974.5,11795.5,12237.1,5,1.4,0.4317665327954751,183.25,184.0,370.24,1851.2,-50.0,-56.2,time,975.0,1285.0
2022-05-23,2022-05-23 11:35:00-04:00,2022-05-23 14:00:00-04:00,2022-05-23 11:30:00-04:00,12001.5,12002.25,11818.25,12258.05,5,1.4,0.4210711793076383,159.0,183.25,368.74,1843.7,7.5,1.2999999999999998,time,505.0,847.5
2022-05-25,2022-05-25 10:30:00-04:00,2022-05-25 14:00:00-04:00,2022-05-25 10:25:00-04:00,11890.0,11851.75,11708.0,12144.8,5,1.4,0.4026190103016817,149.75,182.0,366.24,1831.2,-382.5,-388.7,time,395.0,1015.0
2022-05-26,2022-05-26 10:15:00-04:00,2022-05-26 14:00:00-04:00,2022-05-26 10:10:00-04:00,12162.0,12318.25,11899.0,12530.2,5,1.4,0.40555082520163466,227.25,263.0,528.24,2641.2,1562.5,1556.3,time,1815.0,355.0
2022-05-27,2022-05-27 10:05:00-04:00,2022-05-27 14:00:00-04:00,2022-05-27 10:00:00-04:00,12533.5,12588.25,12401.75,12717.95,5,1.4,0.40572584338119533,130.5,131.75,265.74,1328.7,547.5,541.3,time,787.5,257.5
2022-05-30,2022-05-30 10:50:00-04:00,2022-05-30 18:00:00-04:00,2022-05-30 10:45:00-04:00,12792.5,12813.5,12746.0,12857.6,5,1.4,,30.75,46.5,95.24,476.2,210.0,203.8,time,442.5,220.0
2022-05-31,2022-05-31 11:55:00-04:00,2022-05-31 14:00:00-04:00,2022-05-31 11:50:00-04:00,12698.25,12757.5,12520.25,12947.45,5,1.4,0.4104264757591247,168.5,178.0,358.24,1791.2,592.5,586.3,time,692.5,395.0
2022-06-02,2022-06-02 10:15:00-04:00,2022-06-02 14:00:00-04:00,2022-06-02 10:10:00-04:00,12618.25,12831.0,12442.25,12864.65,5,1.4,0.4065864295375023,128.25,176.0,354.24,1771.2,2127.5,2121.3,time,2302.5,1207.5
2022-06-06,2022-06-06 10:05:00-04:00,2022-06-06 11:15:00-04:00,2022-06-06 10:00:00-04:00,12789.75,12672.75,12673.25,12952.85,5,1.4,0.3793334722451687,112.0,116.5,235.24,1176.2,-1170.0,-1176.2,stop,207.5,1532.5
2022-06-07,2022-06-07 10:30:00-04:00,2022-06-07 14:00:00-04:00,2022-06-07 10:25:00-04:00,12591.5,12646.5,12412.0,12842.8,5,1.4,0.3742135361507571,169.75,179.5,361.24,1806.2,550.0,543.8,time,1145.0,297.5
2022-06-09,2022-06-09 10:40:00-04:00,2022-06-09 13:40:00-04:00,2022-06-09 10:35:00-04:00,12660.25,12505.75,12506.25,12875.85,5,1.4,0.3543565637332334,148.5,154.0,310.24,1551.2,-1545.0,-1551.2,stop,37.5,1572.5
2022-06-15,2022-06-15 10:10:00-04:00,2022-06-15 14:00:00-04:00,2022-06-15 10:05:00-04:00,11556.5,11573.0,11459.5,11692.3,5,1.4,0.38215641315420484,89.25,97.0,196.24,981.2,165.0,158.8,time,872.5,1117.5
2022-06-17,2022-06-17 13:10:00-04:00,2022-06-17 14:00:00-04:00,2022-06-17 13:05:00-04:00,11365.0,11342.5,11184.75,11617.35,5,1.4,0.3709202673108206,163.75,180.25,362.74,1813.7,-225.0,-231.2,time,312.5,565.0
2022-06-20,2022-06-20 10:20:00-04:00,2022-06-20 18:00:00-04:00,2022-06-20 10:15:00-04:00,11377.75,11426.5,11333.0,11440.4,5,1.4,,43.0,44.75,91.74,458.7,487.5,481.3,time,560.0,90.0
2022-06-21,2022-06-21 10:05:00-04:00,2022-06-21 14:00:00-04:00,2022-06-21 10:00:00-04:00,11647.0,11602.75,11475.75,11886.75,5,1.4,0.3751198186285846,155.0,171.25,344.74,1723.7,-442.5,-448.7,time,315.0,622.5
2022-06-22,2022-06-22 10:15:00-04:00,2022-06-22 14:00:00-04:00,2022-06-22 10:10:00-04:00,11630.0,11659.0,11446.5,11886.9,5,1.4,0.3851793488335065,172.5,183.5,369.24,1846.2,290.0,283.8,time,1165.0,627.5
2022-06-23,2022-06-23 10:45:00-04:00,2022-06-23 14:00:00-04:00,2022-06-23 10:40:00-04:00,11702.5,11618.0,11543.0,11925.8,5,1.4,0.37930920367143683,140.75,159.5,321.24,1606.2,-845.0,-851.2,time,412.5,1555.0
2022-06-24,2022-06-24 10:05:00-04:00,2022-06-24 14:00:00-04:00,2022-06-24 10:00:00-04:00,12037.25,12006.75,11838.5,12315.5,5,1.4,0.3771164455324949,145.75,198.75,399.74,1998.7,-305.0,-311.2,time,455.0,680.0
2022-06-29,2022-06-29 10:05:00-04:00,2022-06-29 14:00:00-04:00,2022-06-29 10:00:00-04:00,11732.25,11690.5,11564.0,11967.8,5,1.4,0.3775541627993903,154.25,168.25,338.74,1693.7,-417.5,-423.7,time,167.5,1282.5
2022-06-30,2022-06-30 11:55:00-04:00,2022-06-30 14:00:00-04:00,2022-06-30 11:50:00-04:00,11592.75,11643.75,11392.75,11872.75,5,1.4,0.378015204145772,195.25,200.0,402.24,2011.2,510.0,503.8,time,925.0,530.0
2022-07-05,2022-07-05 10:15:00-04:00,2022-07-05 13:20:00-04:00,2022-07-05 10:10:00-04:00,11507.75,11673.85,11388.75,11674.35,5,1.4,0.3650077449679234,96.0,119.0,240.24,1201.2,1661.0000000000036,1654.8000000000036,target,1670.0,442.5
2022-07-07,2022-07-07 10:55:00-04:00,2022-07-07 14:00:00-04:00,2022-07-07 10:50:00-04:00,12065.25,12125.25,11918.25,12271.05,5,1.4,0.3642842978790677,130.75,147.0,296.24,1481.2,600.0,593.8,time,677.5,380.0
2022-07-08,2022-07-08 10:30:00-04:00,2022-07-08 14:00:00-04:00,2022-07-08 10:25:00-04:00,12118.0,12124.75,11978.5,12313.3,5,1.4,0.37162940660256444,112.25,139.5,281.24,1406.2,67.5,61.3,time,930.0,790.0
2022-07-13,2022-07-13 10:35:00-04:00,2022-07-13 14:00:00-04:00,2022-07-13 10:30:00-04:00,11710.25,11822.25,11522.5,11973.1,5,1.4,0.34876730016112983,177.5,187.75,377.74,1888.7,1120.0,1113.8,time,1442.5,145.0
2022-07-14,2022-07-14 11:45:00-04:00,2022-07-14 14:00:00-04:00,2022-07-14 11:40:00-04:00,11697.25,11726.25,11547.75,11906.55,5,1.4,0.30492028093377616,136.5,149.5,301.24,1506.2,290.0,283.8,time,477.5,762.5
2022-07-15,2022-07-15 11:15:00-04:00,2022-07-15 14:00:00-04:00,2022-07-15 11:10:00-04:00,11987.25,11980.0,11853.5,12174.5,5,1.4,0.3047982070068433,131.5,133.75,269.74,1348.7,-72.5,-78.7,time,127.5,582.5
2022-07-19,2022-07-19 10:30:00-04:00,2022-07-19 13:30:00-04:00,2022-07-19 10:25:00-04:00,12086.25,12217.0,11992.5,12217.5,5,1.4,0.2559799700405925,88.25,93.75,189.74,948.7,1307.5,1301.3,target,1320.0,92.5
2022-07-20,2022-07-20 10:25:00-04:00,2022-07-20 11:50:00-04:00,2022-07-20 10:20:00-04:00,12358.75,12502.1,12256.0,12502.6,5,1.4,0.27399393482579165,95.0,102.75,207.74,1038.7,1433.5000000000036,1427.3000000000036,target,1495.0,60.0
2022-07-21,2022-07-21 11:35:00-04:00,2022-07-21 14:00:00-04:00,2022-07-21 11:30:00-04:00,12537.0,12578.25,12410.75,12713.75,5,1.4,0.2685160900239621,106.75,126.25,254.74,1273.7,412.5,406.3,time,840.0,297.5
2022-07-27,2022-07-27 10:15:00-04:00,2022-07-27 14:00:00-04:00,2022-07-27 10:10:00-04:00,12416.5,12436.5,12276.25,12612.85,5,1.4,0.2643342077190426,124.75,140.25,282.74,1413.7,200.0,193.8,time,725.0,287.5
2022-07-28,2022-07-28 11:30:00-04:00,2022-07-28 14:00:00-04:00,2022-07-28 11:25:00-04:00,12666.0,12728.75,12454.25,12962.45,5,1.4,0.26963727072591304,200.0,211.75,425.74,2128.7,627.5,621.3,time,725.0,425.0
2022-07-29,2022-07-29 10:05:00-04:00,2022-07-29 14:00:00-04:00,2022-07-29 10:00:00-04:00,12896.0,12924.75,12744.25,13108.45,5,1.4,0.27405246319652893,141.25,151.75,305.74,1528.7,287.5,281.3,time,425.0,1097.5
2022-08-01,2022-08-01 10:10:00-04:00,2022-08-01 14:00:00-04:00,2022-08-01 10:05:00-04:00,13043.5,12932.75,12851.25,13312.65,5,1.4,0.2655627728987104,172.25,192.25,386.74,1933.7,-1107.5,-1113.7,time,650.0,1460.0
2022-08-02,2022-08-02 10:55:00-04:00,2022-08-02 14:00:00-04:00,2022-08-02 10:50:00-04:00,12998.25,12931.0,12853.0,13201.6,5,1.4,0.2661548509007575,103.75,145.25,292.74,1463.7,-672.5,-678.7,time,987.5,950.0
2022-08-03,2022-08-03 10:05:00-04:00,2022-08-03 14:00:00-04:00,2022-08-03 10:00:00-04:00,13146.25,13267.5,12989.25,13366.05,5,1.4,0.26494126163005977,139.0,157.0,316.24,1581.2,1212.5,1206.3,time,1325.0,855.0
2022-08-05,2022-08-05 10:05:00-04:00,2022-08-05 11:25:00-04:00,2022-08-05 10:00:00-04:00,13228.5,13113.75,13114.25,13388.45,5,1.4,0.2696358483853614,97.0,114.25,230.74,1153.7,-1147.5,-1153.7,stop,815.0,1380.0
2022-08-10,2022-08-10 11:05:00-04:00,2022-08-10 14:00:00-04:00,2022-08-10 11:00:00-04:00,13369.0,13370.5,13268.25,13510.05,5,1.4,0.25833277507103697,86.75,100.75,203.74,1018.7,15.0,8.8,time,205.0,527.5
2022-08-11,2022-08-11 10:05:00-04:00,2022-08-11 11:05:00-04:00,2022-08-11 10:00:00-04:00,13527.5,13455.5,13456.0,13627.6,5,1.4,0.2671287547072017,57.5,71.5,145.24,726.2,-720.0,-726.2,stop,482.5,1220.0
2022-08-12,2022-08-12 10:20:00-04:00,2022-08-12 14:00:00-04:00,2022-08-12 10:15:00-04:00,13458.75,13504.0,13359.0,13598.4,5,1.4,0.2697276015947008,77.0,99.75,201.74,1008.7,452.5,446.3,time,537.5,735.0
2022-08-15,2022-08-15 11:45:00-04:00,2022-08-15 14:00:00-04:00,2022-08-15 11:40:00-04:00,13637.0,13660.75,13534.75,13780.15,5,1.4,0.2698476364510051,100.25,102.25,206.74,1033.7,237.5,231.3,time,405.0,12.5
2022-08-16,2022-08-16 11:55:00-04:00,2022-08-16 14:00:00-04:00,2022-08-16 11:50:00-04:00,13672.75,13698.0,13583.0,13798.4,5,1.4,0.2636218818718682,76.75,89.75,181.74,908.7,252.5,246.3,time,430.0,415.0
2022-08-18,2022-08-18 10:45:00-04:00,2022-08-18 14:00:00-04:00,2022-08-18 10:40:00-04:00,13507.25,13540.25,13436.0,13607.0,5,1.4,0.2519754421049927,66.5,71.25,144.74,723.7,330.0,323.8,time,682.5,235.0
2022-08-23,2022-08-23 10:10:00-04:00,2022-08-23 14:00:00-04:00,2022-08-23 10:05:00-04:00,12994.75,12919.5,12866.0,13175.0,5,1.4,0.2718375077444199,118.25,128.75,259.74,1298.7,-752.5,-758.7,time,242.5,1200.0
2022-08-24,2022-08-24 10:20:00-04:00,2022-08-24 14:00:00-04:00,2022-08-24 10:15:00-04:00,12941.75,12938.0,12852.25,13067.05,5,1.4,0.25808315005027344,62.25,89.5,181.24,906.2,-37.5,-43.7,time,702.5,342.5
2022-08-25,2022-08-25 10:05:00-04:00,2022-08-25 14:00:00-04:00,2022-08-25 10:00:00-04:00,13055.5,13081.25,12962.0,13186.4,5,1.4,0.2193343733608325,87.75,93.5,189.24,946.2,257.5,251.3,time,627.5,585.0
2022-08-26,2022-08-26 10:10:00-04:00,2022-08-26 10:20:00-04:00,2022-08-26 10:05:00-04:00,13178.0,13084.25,13084.75,13308.55,5,1.4,0.21767314330646753,76.5,93.25,188.74,943.7,-937.5,-943.7,stop,205.0,1532.5
2022-09-02,2022-09-02 10:35:00-04:00,2022-09-02 12:30:00-04:00,2022-09-02 10:30:00-04:00,12432.5,12290.75,12291.25,12630.25,5,1.4,0.24201266410547195,124.25,141.25,284.74,1423.7,-1417.5,-1423.7,stop,295.0,1575.0
2022-09-05,2022-09-05 10:35:00-04:00,2022-09-05 18:00:00-04:00,2022-09-05 10:30:00-04:00,12154.5,12134.5,12104.75,12224.15,5,1.4,,39.25,49.75,101.74,508.7,-200.0,-206.2,time,127.5,395.0
2022-09-07,2022-09-07 11:15:00-04:00,2022-09-07 14:00:00-04:00,2022-09-07 11:10:00-04:00,12141.0,12210.5,12035.75,12288.35,5,1.4,0.24370523175431102,92.0,105.25,212.74,1063.7,695.0,688.8,time,1145.0,400.0
2022-09-08,2022-09-08 10:35:00-04:00,2022-09-08 14:00:00-04:00,2022-09-08 10:30:00-04:00,12275.5,12259.0,12117.0,12497.4,5,1.4,0.256928332691558,154.25,158.5,319.24,1596.2,-165.0,-171.2,time,1040.0,1377.5
2022-09-09,2022-09-09 10:05:00-04:00,2022-09-09 14:00:00-04:00,2022-09-09 10:00:00-04:00,12524.75,12586.75,12415.75,12677.35,5,1.4,0.23675919505163623,88.25,109.0,220.24,1101.2,620.0,613.8,time,797.5,375.0
2022-09-12,2022-09-12 10:10:00-04:00,2022-09-12 12:10:00-04:00,2022-09-12 10:05:00-04:00,12743.5,12640.5,12641.0,12887.0,5,1.4,0.2513100797307836,97.0,102.5,207.24,1036.2,-1030.0,-1036.2,stop,125.0,1060.0
2022-09-14,2022-09-14 10:55:00-04:00,2022-09-14 14:00:00-04:00,2022-09-14 10:50:00-04:00,12224.5,12147.75,12098.25,12401.25,5,1.4,0.3047721839248286,115.5,126.25,254.74,1273.7,-767.5,-773.7,time,282.5,950.0
2022-09-16,2022-09-16 10:35:00-04:00,2022-09-16 12:25:00-04:00,2022-09-16 10:30:00-04:00,11899.0,11781.25,11781.75,12063.15,5,1.4,0.31588959140723144,89.75,117.25,236.74,1183.7,-1177.5,-1183.7,stop,162.5,1210.0
2022-09-19,2022-09-19 10:40:00-04:00,2022-09-19 14:00:00-04:00,2022-09-19 10:35:00-04:00,11946.5,11917.75,11815.5,12129.9,5,1.4,0.31434452588960005,115.0,131.0,264.24,1321.2,-287.5,-293.7,time,322.5,982.5
2022-09-20,2022-09-20 10:55:00-04:00,2022-09-20 13:25:00-04:00,2022-09-20 10:50:00-04:00,11953.75,11886.0,11886.5,12047.9,5,1.4,0.31419949558256516,60.75,67.25,136.74,683.7,-677.5,-683.7,stop,692.5,722.5
2022-09-21,2022-09-21 12:35:00-04:00,2022-09-21 14:00:00-04:00,2022-09-21 12:30:00-04:00,12005.0,12032.0,11938.25,12098.45,5,1.4,0.3048101128987726,59.25,66.75,135.74,678.7,270.0,263.8,time,627.5,2177.5
2022-09-26,2022-09-26 10:20:00-04:00,2022-09-26 12:25:00-04:00,2022-09-26 10:15:00-04:00,11526.75,11342.0,11342.5,11784.7,5,1.4,0.30069417126482817,154.0,184.25,370.74,1853.7,-1847.5,-1853.7,stop,87.5,2085.0
2022-09-28,2022-09-28 10:25:00-04:00,2022-09-28 14:00:00-04:00,2022-09-28 10:20:00-04:00,11372.0,11476.5,11266.0,11520.4,5,1.4,0.2721025617537588,87.0,106.0,214.24,1071.2,1045.0,1038.8,time,1470.0,127.5
2022-09-30,2022-09-30 10:35:00-04:00,2022-09-30 14:00:00-04:00,2022-09-30 10:30:00-04:00,11299.75,11160.25,11143.0,11519.2,5,1.4,0.29825293997017815,122.75,156.75,315.74,1578.7,-1395.0,-1401.2,time,572.5,1532.5
2022-10-03,2022-10-03 10:05:00-04:00,2022-10-03 14:00:00-04:00,2022-10-03 10:00:00-04:00,11157.75,11263.75,11040.0,11322.6,5,1.4,0.30063885828944575,92.25,117.75,237.74,1188.7,1060.0,1053.8,time,1242.5,227.5
2022-10-04,2022-10-04 10:05:00-04:00,2022-10-04 14:00:00-04:00,2022-10-04 10:00:00-04:00,11650.25,11607.5,11514.25,11840.65,5,1.4,0.3162510157667395,104.75,136.0,274.24,1371.2,-427.5,-433.7,time,260.0,1262.5
2022-10-05,2022-10-05 12:50:00-04:00,2022-10-05 14:00:00-04:00,2022-10-05 12:45:00-04:00,11561.0,11565.75,11464.25,11696.45,5,1.4,0.3363582127039036,74.75,96.75,195.74,978.7,47.5,41.3,time,650.0,232.5
2022-10-11,2022-10-11 11:45:00-04:00,2022-10-11 14:00:00-04:00,2022-10-11 11:40:00-04:00,10972.25,10973.75,10821.0,11184.0,5,1.4,0.33033905705069927,123.5,151.25,304.74,1523.7,15.0,8.8,time,675.0,592.5
2022-10-13,2022-10-13 10:05:00-04:00,2022-10-13 11:15:00-04:00,2022-10-13 10:00:00-04:00,10638.75,10854.2,10484.5,10854.7,5,1.4,0.27012815336947016,145.25,154.25,310.74,1553.7,2154.5000000000073,2148.3000000000075,target,2780.0,377.5
2022-10-17,2022-10-17 10:15:00-04:00,2022-10-17 14:00:00-04:00,2022-10-17 10:10:00-04:00,11127.75,11128.0,10999.0,11308.0,5,1.4,0.2992987102786564,118.5,128.75,259.74,1298.7,2.5,-3.7,time,177.5,1052.5
2022-10-19,2022-10-19 10:20:00-04:00,2022-10-19 12:45:00-04:00,2022-10-19 10:15:00-04:00,11224.5,11109.75,11110.25,11384.45,5,1.4,0.33224488664716784,103.0,114.25,230.74,1153.7,-1147.5,-1153.7,stop,600.0,1152.5
2022-10-20,2022-10-20 10:05:00-04:00,2022-10-20 13:45:00-04:00,2022-10-20 10:00:00-04:00,11245.75,11091.0,11091.5,11461.7,5,1.4,0.32563716461312775,137.75,154.25,310.74,1553.7,-1547.5,-1553.7,stop,832.5,1602.5
2022-10-21,2022-10-21 10:05:00-04:00,2022-10-21 14:00:00-04:00,2022-10-21 10:00:00-04:00,11165.25,11291.0,10994.75,11403.95,5,1.4,0.3249042254642279,161.0,170.5,343.24,1716.2,1257.5,1251.3,time,1427.5,1142.5
2022-10-24,2022-10-24 12:20:00-04:00,2022-10-24 14:00:00-04:00,2022-10-24 12:15:00-04:00,11442.75,11394.75,11300.25,11642.25,5,1.4,0.3327644630380783,127.25,142.5,287.24,1436.2,-480.0,-486.2,time,115.0,695.0
2022-10-25,2022-10-25 11:10:00-04:00,2022-10-25 14:00:00-04:00,2022-10-25 11:05:00-04:00,11671.25,11646.75,11514.75,11890.35,5,1.4,0.33336243253576936,150.0,156.5,315.24,1576.2,-245.0,-251.2,time,347.5,562.5
2022-10-26,2022-10-26 10:10:00-04:00,2022-10-26 11:05:00-04:00,2022-10-26 10:05:00-04:00,11531.5,11668.9,11433.0,11669.4,5,1.4,0.3344976006186548,96.5,98.5,199.24,996.2,1373.9999999999964,1367.7999999999963,target,1417.5,170.0
2022-10-28,2022-10-28 10:30:00-04:00,2022-10-28 14:00:00-04:00,2022-10-28 10:25:00-04:00,11381.25,11528.0,11206.25,11626.25,5,1.4,0.33580809487261626,158.0,175.0,352.24,1761.2,1467.5,1461.3,time,1732.5,42.5
2022-11-03,2022-11-03 10:50:00-04:00,2022-11-03 14:00:00-04:00,2022-11-03 10:45:00-04:00,10874.0,10778.0,10723.0,11085.4,5,1.4,0.36784368495401587,125.25,151.0,304.24,1521.2,-960.0,-966.2,time,145.0,1222.5
2022-11-08,2022-11-08 10:20:00-05:00,2022-11-08 11:30:00-05:00,2022-11-08 10:15:00-05:00,11088.0,11201.6,11006.5,11202.1,5,1.4,0.3527533178247896,79.5,81.5,165.24,826.2,1136.0000000000036,1129.8000000000036,target,1252.5,55.0
2022-11-10,2022-11-10 11:15:00-05:00,2022-11-10 14:00:00-05:00,2022-11-10 11:10:00-05:00,11455.5,11500.25,11269.0,11716.6,5,1.4,0.3578152805286632,185.75,186.5,375.24,1876.2,447.5,441.3,time,575.0,332.5
2022-11-11,2022-11-11 10:15:00-05:00,2022-11-11 14:00:00-05:00,2022-11-11 10:10:00-05:00,11712.75,11843.25,11569.5,11913.3,5,1.4,0.4353971038540276,122.0,143.25,288.74,1443.7,1305.0,1298.8,time,1382.5,740.0
2022-11-14,2022-11-14 10:10:00-05:00,2022-11-14 14:00:00-05:00,2022-11-14 10:05:00-05:00,11789.25,11891.5,11702.0,11911.4,5,1.4,0.4203451674427508,83.5,87.25,176.74,883.7,1022.5,1016.3,time,1092.5,607.5
2022-11-17,2022-11-17 10:20:00-05:00,2022-11-17 14:00:00-05:00,2022-11-17 10:15:00-05:00,11659.75,11745.75,11543.5,11822.5,5,1.4,0.4113643309268922,91.25,116.25,234.74,1173.7,860.0,853.8,time,1152.5,617.5
2022-11-22,2022-11-22 10:50:00-05:00,2022-11-22 14:00:00-05:00,2022-11-22 10:45:00-05:00,11642.5,11698.0,11527.5,11803.5,5,1.4,0.4035368535723771,101.25,115.0,232.24,1161.2,555.0,548.8,time,645.0,265.0
2022-11-23,2022-11-23 10:15:00-05:00,2022-11-23 12:55:00-05:00,2022-11-23 10:10:00-05:00,11855.0,11744.25,11744.75,12009.35,5,1.4,0.4052226445333957,108.0,110.25,222.74,1113.7,-1107.5,-1113.7,stop,330.0,1132.5
2022-11-24,2022-11-24 11:00:00-05:00,2022-11-24 18:00:00-05:00,2022-11-24 10:55:00-05:00,11920.25,11911.75,11898.75,11950.35,5,1.4,,20.0,21.5,45.24,226.20000000000002,-85.0,-91.2,time,47.5,102.5
2022-11-30,2022-11-30 13:35:00-05:00,2022-11-30 13:55:00-05:00,2022-11-30 13:30:00-05:00,11610.0,11737.25,11518.75,11737.75,5,1.4,0.3586847220486722,63.0,91.25,184.74,923.7,1272.5,1266.3,target,1572.5,17.5
2022-12-02,2022-12-02 10:15:00-05:00,2022-12-02 14:00:00-05:00,2022-12-02 10:10:00-05:00,11943.25,11936.0,11837.25,12091.65,5,1.4,0.3860389165319013,78.5,106.0,214.24,1071.2,-72.5,-78.7,time,365.0,645.0
2022-12-08,2022-12-08 10:05:00-05:00,2022-12-08 14:00:00-05:00,2022-12-08 10:00:00-05:00,11611.25,11648.75,11477.0,11799.2,5,1.4,0.36731319226828973,127.5,134.25,270.74,1353.7,375.0,368.8,time,742.5,295.0
2022-12-09,2022-12-09 10:40:00-05:00,2022-12-09 14:00:00-05:00,2022-12-09 10:35:00-05:00,11669.25,11661.25,11550.0,11836.2,5,1.4,0.36898906001199705,110.5,119.25,240.74,1203.7,-80.0,-86.2,time,492.5,405.0
2022-12-14,2022-12-14 10:05:00-05:00,2022-12-14 14:00:00-05:00,2022-12-14 10:00:00-05:00,12017.0,11975.25,11930.0,12138.8,5,1.4,0.2490458525818858,85.25,87.0,176.24,881.2,-417.5,-423.7,time,525.0,1750.0
2022-12-20,2022-12-20 10:05:00-05:00,2022-12-20 14:00:00-05:00,2022-12-20 10:00:00-05:00,11179.25,11188.75,11066.25,11337.45,5,1.4,0.27056014168625914,111.25,113.0,228.24,1141.2,95.0,88.8,time,680.0,775.0
2022-12-21,2022-12-21 10:10:00-05:00,2022-12-21 14:00:00-05:00,2022-12-21 10:05:00-05:00,11289.75,11350.25,11181.0,11442.0,5,1.4,0.2705256988808685,92.5,108.75,219.74,1098.7,605.0,598.8,time,907.5,127.5
2022-12-23,2022-12-23 10:35:00-05:00,2022-12-23 14:00:00-05:00,2022-12-23 10:30:00-05:00,11071.25,11038.0,10922.25,11279.85,5,1.4,0.28135622123509235,128.5,149.0,300.24,1501.2,-332.5,-338.7,time,320.0,960.0
2022-12-29,2022-12-29 10:15:00-05:00,2022-12-29 14:00:00-05:00,2022-12-29 10:10:00-05:00,10988.0,11045.25,10856.5,11172.1,5,1.4,0.2746330834384436,120.75,131.5,265.24,1326.2,572.5,566.3,time,835.0,7.5
2022-12-30,2022-12-30 10:50:00-05:00,2022-12-30 14:00:00-05:00,2022-12-30 10:45:00-05:00,10966.75,10906.5,10855.5,11122.5,5,1.4,0.23241786335322037,92.25,111.25,224.74,1123.7,-602.5,-608.7,time,0.0,920.0
2023-01-04,2023-01-04 11:40:00-05:00,2023-01-04 14:00:00-05:00,2023-01-04 11:35:00-05:00,11058.0,11000.75,10954.25,11203.25,5,1.4,0.23332008015364208,92.5,103.75,209.74,1048.7,-572.5,-578.7,time,100.0,1177.5
2023-01-06,2023-01-06 10:40:00-05:00,2023-01-06 14:00:00-05:00,2023-01-06 10:35:00-05:00,10955.0,11072.25,10766.5,11218.9,5,1.4,0.22761172970190727,178.5,188.5,379.24,1896.2,1172.5,1166.3,time,1282.5,180.0
2023-01-09,2023-01-09 10:05:00-05:00,2023-01-09 14:00:00-05:00,2023-01-09 10:00:00-05:00,11323.75,11282.25,11194.5,11504.7,5,1.4,0.24797937717398702,117.25,129.25,260.74,1303.7,-415.0,-421.2,time,617.5,632.5
2023-01-10,2023-01-10 10:15:00-05:00,2023-01-10 10:40:00-05:00,2023-01-10 10:10:00-05:00,11256.75,11137.25,11137.75,11423.35,5,1.4,0.24494718817416863,108.5,119.0,240.24,1201.2,-1195.0,-1201.2,stop,265.0,1312.5
2023-01-11,2023-01-11 10:25:00-05:00,2023-01-11 14:00:00-05:00,2023-01-11 10:20:00-05:00,11372.25,11409.0,11290.75,11486.35,5,1.4,0.24722407158885604,73.25,81.5,165.24,826.2,367.5,361.3,time,702.5,590.0
2023-01-12,2023-01-12 12:20:00-05:00,2023-01-12 14:00:00-05:00,2023-01-12 12:15:00-05:00,11522.75,11564.75,11311.0,11819.2,5,1.4,0.25179029884052756,207.5,211.75,425.74,2128.7,420.0,413.8,time,525.0,707.5
2023-01-13,2023-01-13 10:10:00-05:00,2023-01-13 14:00:00-05:00,2023-01-13 10:05:00-05:00,11483.5,11560.5,11408.5,11588.5,5,1.4,0.24890552340884398,69.25,75.0,152.24,761.2,770.0,763.8,time,852.5,297.5
2023-01-17,2023-01-17 10:05:00-05:00,2023-01-17 14:00:00-05:00,2023-01-17 10:00:00-05:00,11663.25,11644.75,11549.25,11822.85,5,1.4,0.24957423017858155,77.75,114.0,230.24,1151.2,-185.0,-191.2,time,217.5,1082.5
2023-01-18,2023-01-18 10:05:00-05:00,2023-01-18 10:35:00-05:00,2023-01-18 10:00:00-05:00,11739.5,11671.75,11672.25,11833.65,5,1.4,0.21922260958970827,54.75,67.25,136.74,683.7,-677.5,-683.7,stop,200.0,885.0
2023-01-20,2023-01-20 10:10:00-05:00,2023-01-20 14:00:00-05:00,2023-01-20 10:05:00-05:00,11475.5,11599.5,11383.0,11605.0,5,1.4,0.21575795193490105,90.0,92.5,187.24,936.2,1240.0,1233.8,time,1305.0,247.5
2023-01-23,2023-01-23 10:20:00-05:00,2023-01-23 14:00:00-05:00,2023-01-23 10:15:00-05:00,11827.25,11958.0,11671.75,12044.95,5,1.4,0.22921900924163918,149.75,155.5,313.24,1566.2,1307.5,1301.3,time,1557.5,90.0
2023-01-25,2023-01-25 11:20:00-05:00,2023-01-25 14:00:00-05:00,2023-01-25 11:15:00-05:00,11730.0,11817.5,11622.25,11880.85,5,1.4,0.21194821179841863,101.5,107.75,217.74,1088.7,875.0,868.8,time,1057.5,177.5
2023-01-27,2023-01-27 10:05:00-05:00,2023-01-27 14:00:00-05:00,2023-01-27 10:00:00-05:00,12156.0,12255.5,12041.75,12315.95,5,1.4,0.2108023261727798,105.25,114.25,230.74,1153.7,995.0,988.8,time,1102.5,635.0
2023-01-30,2023-01-30 10:05:00-05:00,2023-01-30 10:20:00-05:00,2023-01-30 10:00:00-05:00,12136.25,12058.75,12059.25,12244.05,5,1.4,0.19912210056545937,72.25,77.0,156.24,781.2,-775.0,-781.2,stop,72.5,802.5
2023-01-31,2023-01-31 10:30:00-05:00,2023-01-31 14:00:00-05:00,2023-01-31 10:25:00-05:00,12059.75,12094.5,11969.25,12186.45,5,1.4,0.20603829861319528,86.0,90.5,183.24,916.2,347.5,341.3,time,425.0,175.0
2023-02-02,2023-02-02 10:35:00-05:00,2023-02-02 14:00:00-05:00,2023-02-02 10:30:00-05:00,12790.75,12926.75,12669.0,12961.2,5,1.4,0.20862964436466774,78.5,121.75,245.74,1228.7,1360.0,1353.8,time,1440.0,195.0
2023-02-03,2023-02-03 10:15:00-05:00,2023-02-03 14:00:00-05:00,2023-02-03 10:10:00-05:00,12756.25,12674.25,12558.25,13033.45,5,1.4,0.23204665234250985,196.25,198.0,398.24,1991.2,-820.0,-826.2,time,1215.0,1390.0
2023-02-06,2023-02-06 10:05:00-05:00,2023-02-06 10:20:00-05:00,2023-02-06 10:00:00-05:00,12572.25,12501.5,12502.0,12670.6,5,1.4,0.2349881905219509,67.5,70.25,142.74,713.7,-707.5,-713.7,stop,200.0,870.0
2023-02-07,2023-02-07 11:15:00-05:00,2023-02-07 12:45:00-05:00,2023-02-07 11:10:00-05:00,12555.75,12649.4,12488.5,12649.9,5,1.4,0.23276363594789645,65.25,67.25,136.74,683.7,936.4999999999964,930.2999999999963,target,1402.5,197.5
2023-02-10,2023-02-10 10:20:00-05:00,2023-02-10 10:50:00-05:00,2023-02-10 10:15:00-05:00,12397.25,12311.25,12311.75,12516.95,5,1.4,0.2500362372895247,82.25,85.5,173.24,866.2,-860.0,-866.2,stop,245.0,897.5
2023-02-13,2023-02-13 10:50:00-05:00,2023-02-13 14:00:00-05:00,2023-02-13 10:45:00-05:00,12486.25,12559.25,12352.0,12674.2,5,1.4,0.2536132096817449,113.5,134.25,270.74,1353.7,730.0,723.8,time,815.0,37.5
2023-02-14,2023-02-14 10:05:00-05:00,2023-02-14 14:00:00-05:00,2023-02-14 10:00:00-05:00,12631.5,12583.25,12390.5,12968.9,5,1.4,0.2571928357492794,210.5,241.0,484.24,2421.2,-482.5,-488.7,time,417.5,2140.0
2023-02-15,2023-02-15 11:30:00-05:00,2023-02-15 14:00:00-05:00,2023-02-15 11:25:00-05:00,12633.0,12681.75,12543.75,12757.95,5,1.4,0.25723877967889197,87.75,89.25,180.74,903.7,487.5,481.3,time,565.0,272.5
2023-02-16,2023-02-16 10:25:00-05:00,2023-02-16 14:00:00-05:00,2023-02-16 10:20:00-05:00,12605.25,12663.25,12496.5,12757.5,5,1.4,0.24925271820118297,95.25,108.75,219.74,1098.7,580.0,573.8,time,892.5,115.0
2023-02-27,2023-02-27 10:05:00-05:00,2023-02-27 10:35:00-05:00,2023-02-27 10:00:00-05:00,12156.5,12106.0,12106.5,12226.5,5,1.4,0.26007762850264654,45.0,50.0,102.24,511.2,-505.0,-511.2,stop,330.0,632.5
2023-02-28,2023-02-28 10:05:00-05:00,2023-02-28 14:00:00-05:00,2023-02-28 10:00:00-05:00,12114.0,12162.0,12041.25,12215.85,5,1.4,0.25838404075743426,71.5,72.75,147.74,738.7,480.0,473.8,time,597.5,682.5
2023-03-02,2023-03-02 10:05:00-05:00,2023-03-02 14:00:00-05:00,2023-03-02 10:00:00-05:00,11924.0,11998.75,11846.25,12032.85,5,1.4,0.24598963344577932,65.25,77.75,157.74,788.7,747.5,741.3,time,1102.5,517.5
2023-03-03,2023-03-03 10:25:00-05:00,2023-03-03 14:00:00-05:00,2023-03-03 10:20:00-05:00,12207.5,12269.0,12111.0,12342.6,5,1.4,0.23400155674108258,88.75,96.5,195.24,976.2,615.0,608.8,time,702.5,370.0
2023-03-06,2023-03-06 10:15:00-05:00,2023-03-06 14:00:00-05:00,2023-03-06 10:10:00-05:00,12409.5,12361.75,12347.25,12496.65,5,1.4,0.20877199901280533,49.75,62.25,126.74,633.6999999999999,-477.5,-483.7,time,762.5,555.0
2023-03-08,2023-03-08 10:35:00-05:00,2023-03-08 13:25:00-05:00,2023-03-08 10:30:00-05:00,12217.5,12154.5,12155.0,12305.0,5,1.4,0.2029245492270684,61.0,62.5,127.24,636.1999999999999,-630.0,-636.2,stop,370.0,667.5
2023-03-09,2023-03-09 10:05:00-05:00,2023-03-09 12:45:00-05:00,2023-03-09 10:00:00-05:00,12342.5,12229.75,12230.25,12499.65,5,1.4,0.19076748105846586,109.0,112.25,226.74,1133.7,-1127.5,-1133.7,stop,112.5,1265.0
2023-03-10,2023-03-10 11:30:00-05:00,2023-03-10 13:25:00-05:00,2023-03-10 11:25:00-05:00,12045.5,11865.25,11865.75,12297.15,5,1.4,0.1932000832164006,161.75,179.75,361.74,1808.7,-1802.5,-1808.7,stop,340.0,2065.0
2023-03-13,2023-03-13 10:35:00-04:00,2023-03-13 14:00:00-04:00,2023-03-13 10:30:00-04:00,11930.0,12006.5,11705.0,12245.0,5,1.4,0.19585278280414886,216.5,225.0,452.24,2261.2,765.0,758.8,time,1470.0,872.5
2023-03-14,2023-03-14 10:25:00-04:00,2023-03-14 14:00:00-04:00,2023-03-14 10:20:00-04:00,12163.75,12112.0,12070.25,12294.65,5,1.4,0.197337921195756,89.75,93.5,189.24,946.2,-517.5,-523.7,time,592.5,757.5
2023-03-15,2023-03-15 11:50:00-04:00,2023-03-15 12:55:00-04:00,2023-03-15 11:45:00-04:00,12299.5,12193.25,12193.75,12447.55,5,1.4,0.2047532560840876,80.75,105.75,213.74,1068.7,-1062.5,-1068.7,stop,17.5,1175.0
2023-03-16,2023-03-16 10:45:00-04:00,2023-03-16 11:40:00-04:00,2023-03-16 10:40:00-04:00,12444.5,12626.7,12314.0,12627.2,5,1.4,0.21387115435954254,104.25,130.5,263.24,1316.2,1822.0000000000073,1815.8000000000072,target,1925.0,37.5
2023-03-17,2023-03-17 10:05:00-04:00,2023-03-17 10:25:00-04:00,2023-03-17 10:00:00-04:00,12793.5,12690.5,12691.0,12937.0,5,1.4,0.2295298489633213,72.75,102.5,207.24,1036.2,-1030.0,-1036.2,stop,37.5,1227.5
2023-03-20,2023-03-20 10:50:00-04:00,2023-03-20 14:00:00-04:00,2023-03-20 10:45:00-04:00,12635.5,12660.5,12529.25,12784.25,5,1.4,0.21746208215168636,103.75,106.25,214.74,1073.7,250.0,243.8,time,622.5,700.0
2023-03-22,2023-03-22 10:25:00-04:00,2023-03-22 14:00:00-04:00,2023-03-22 10:20:00-04:00,12901.5,12920.0,12851.0,12972.2,5,1.4,0.20109107604324575,44.75,50.5,103.24,516.1999999999999,185.0,178.8,time,947.5,302.5
2023-03-23,2023-03-23 10:10:00-04:00,2023-03-23 10:50:00-04:00,2023-03-23 10:05:00-04:00,12912.75,13004.3,12847.0,13004.8,5,1.4,0.20939030663927347,49.0,65.75,133.74,668.7,915.4999999999927,909.2999999999927,target,935.0,25.0
2023-03-29,2023-03-29 10:05:00-04:00,2023-03-29 10:30:00-04:00,2023-03-29 10:00:00-04:00,12928.75,12880.75,12881.25,12995.25,5,1.4,0.2024537236657623,46.0,47.5,97.24,486.2,-480.0,-486.2,stop,30.0,512.5
2023-03-30,2023-03-30 10:30:00-04:00,2023-03-30 13:30:00-04:00,2023-03-30 10:25:00-04:00,13093.75,13036.5,13037.0,13173.2,5,1.4,0.2041261339640775,44.25,56.75,115.74,578.6999999999999,-572.5,-578.7,stop,182.5,612.5
2023-03-31,2023-03-31 10:35:00-04:00,2023-03-31 14:00:00-04:00,2023-03-31 10:30:00-04:00,13168.5,13228.0,13078.0,13295.2,5,1.4,0.20437500026997293,77.75,90.5,183.24,916.2,595.0,588.8,time,742.5,42.5
2023-04-03,2023-04-03 10:25:00-04:00,2023-04-03 10:50:00-04:00,2023-04-03 10:20:00-04:00,13264.5,13197.25,13197.75,13357.95,5,1.4,0.1999443420457565,64.0,66.75,135.74,678.7,-672.5,-678.7,stop,25.0,832.5
2023-04-04,2023-04-04 10:05:00-04:00,2023-04-04 11:05:00-04:00,2023-04-04 10:00:00-04:00,13303.25,13229.5,13230.0,13405.8,5,1.4,0.2008288313740473,66.25,73.25,148.74,743.7,-737.5,-743.7,stop,235.0,750.0
2023-04-06,2023-04-06 10:10:00-04:00,2023-04-06 12:00:00-04:00,2023-04-06 10:05:00-04:00,13026.75,13130.2,12952.5,13130.7,5,1.4,0.2015050163935806,61.0,74.25,150.74,753.7,1034.5000000000073,1028.3000000000072,target,1262.5,192.5
2023-04-10,2023-04-10 11:10:00-04:00,2023-04-10 14:00:00-04:00,2023-04-10 11:05:00-04:00,13053.0,13124.0,12967.5,13172.7,5,1.4,0.1845936863969328,83.0,85.5,173.24,866.2,710.0,703.8,time,852.5,390.0
2023-04-13,2023-04-13 10:10:00-04:00,2023-04-13 14:00:00-04:00,2023-04-13 10:05:00-04:00,13096.5,13192.0,13019.75,13203.95,5,1.4,0.17409337626539728,60.75,76.75,155.74,778.7,955.0,948.8,time,1025.0,67.5
2023-04-19,2023-04-19 10:40:00-04:00,2023-04-19 14:00:00-04:00,2023-04-19 10:35:00-04:00,13136.25,13207.5,13078.25,13217.45,5,1.4,0.15654338077624533,54.25,58.0,118.24,591.1999999999999,712.5,706.3,time,907.5,122.5
2023-04-20,2023-04-20 10:10:00-04:00,2023-04-20 14:00:00-04:00,2023-04-20 10:05:00-04:00,13137.75,13169.25,13045.75,13266.55,5,1.4,0.14961539135651156,79.25,92.0,186.24,931.2,315.0,308.8,time,620.0,460.0
2023-04-21,2023-04-21 11:35:00-04:00,2023-04-21 14:00:00-04:00,2023-04-21 11:30:00-04:00,13078.75,13100.25,12994.5,13196.7,5,1.4,0.14196818361298247,79.5,84.25,170.74,853.7,215.0,208.8,time,387.5,297.5
2023-04-26,2023-04-26 11:10:00-04:00,2023-04-26 14:00:00-04:00,2023-04-26 11:05:00-04:00,12970.25,12921.25,12899.0,13070.0,5,1.4,0.14057914926991,66.0,71.25,144.74,723.7,-490.0,-496.2,time,422.5,642.5
2023-04-27,2023-04-27 10:15:00-04:00,2023-04-27 12:40:00-04:00,2023-04-27 10:10:00-04:00,13077.75,13167.55,13013.25,13168.05,5,1.4,0.1396011984909211,49.0,64.5,131.24,656.2,897.9999999999927,891.7999999999927,target,915.0,87.5
2023-04-28,2023-04-28 10:15:00-04:00,2023-04-28 14:00:00-04:00,2023-04-28 10:10:00-04:00,13266.25,13276.5,13172.5,13397.5,5,1.4,0.17241785052471806,71.5,93.75,189.74,948.7,102.5,96.3,time,285.0,825.0
2023-05-01,2023-05-01 12:35:00-04:00,2023-05-01 14:00:00-04:00,2023-05-01 12:30:00-04:00,13334.75,13349.5,13286.0,13403.0,5,1.4,0.16959626697850433,42.0,48.75,99.74,498.7,147.5,141.3,time,282.5,87.5
2023-05-04,2023-05-04 11:10:00-04:00,2023-05-04 14:00:00-04:00,2023-05-04 11:05:00-04:00,13090.0,13109.0,13026.75,13178.55,5,1.4,0.1641002817593795,59.75,63.25,128.74,643.7,190.0,183.8,time,412.5,595.0
2023-05-05,2023-05-05 10:05:00-04:00,2023-05-05 14:00:00-04:00,2023-05-05 10:00:00-04:00,13200.25,13304.75,13124.25,13306.65,5,1.4,0.15973172861836468,68.75,76.0,154.24,771.2,1045.0,1038.8,time,1147.5,50.0
2023-05-08,2023-05-08 11:55:00-04:00,2023-05-08 14:00:00-04:00,2023-05-08 11:50:00-04:00,13321.25,13345.25,13261.0,13405.6,5,1.4,0.1747978235750193,49.25,60.25,122.74,613.6999999999999,240.0,233.8,time,335.0,140.0
2023-05-10,2023-05-10 10:10:00-04:00,2023-05-10 10:45:00-04:00,2023-05-10 10:05:00-04:00,13424.25,13321.0,13321.5,13568.1,5,1.4,0.1742046164228439,96.25,102.75,207.74,1038.7,-1032.5,-1038.7,stop,97.5,1077.5
2023-05-11,2023-05-11 11:30:00-04:00,2023-05-11 14:00:00-04:00,2023-05-11 11:25:00-04:00,13435.0,13426.0,13372.25,13522.85,5,1.4,0.17392898196384615,61.25,62.75,127.74,638.6999999999999,-90.0,-96.2,time,247.5,415.0
2023-05-15,2023-05-15 11:25:00-04:00,2023-05-15 14:00:00-04:00,2023-05-15 11:20:00-04:00,13432.25,13450.0,13373.75,13514.15,5,1.4,0.1630711189466606,54.5,58.5,119.24,596.1999999999999,177.5,171.3,time,467.5,142.5
2023-05-16,2023-05-16 11:00:00-04:00,2023-05-16 14:00:00-04:00,2023-05-16 10:55:00-04:00,13519.5,13544.5,13434.5,13638.5,5,1.4,0.1641917260034885,81.25,85.0,172.24,861.2,250.0,243.8,time,347.5,185.0
2023-05-17,2023-05-17 11:40:00-04:00,2023-05-17 13:20:00-04:00,2023-05-17 11:35:00-04:00,13541.0,13632.9,13475.0,13633.4,5,1.4,0.1636647236389351,65.0,66.0,134.24,671.2,918.9999999999964,912.7999999999963,target,997.5,37.5
2023-05-18,2023-05-18 10:10:00-04:00,2023-05-18 11:45:00-04:00,2023-05-18 10:05:00-04:00,13731.75,13841.85,13652.75,13842.35,5,1.4,0.16770774432908608,65.75,79.0,160.24,801.2,1101.0000000000036,1094.8000000000036,target,1220.0,65.0
2023-05-25,2023-05-25 11:15:00-04:00,2023-05-25 14:00:00-04:00,2023-05-25 11:10:00-04:00,13976.75,13990.5,13851.25,14152.45,5,1.4,0.1794892809673464,114.75,125.5,253.24,1266.2,137.5,131.3,time,547.5,555.0
2023-05-26,2023-05-26 10:05:00-04:00,2023-05-26 11:50:00-04:00,2023-05-26 10:00:00-04:00,14133.75,14299.85,14014.75,14300.35,5,1.4,0.16140675943614233,109.5,119.0,240.24,1201.2,1661.0000000000036,1654.8000000000036,target,1680.0,75.0
2023-05-29,2023-05-29 10:25:00-04:00,2023-05-29 12:55:00-04:00,2023-05-29 10:20:00-04:00,14380.0,14396.65,14367.75,14397.15,5,1.4,,11.0,12.25,26.74,133.7,166.49999999999636,160.29999999999637,target,312.5,47.5
2023-06-01,2023-06-01 10:05:00-04:00,2023-06-01 12:00:00-04:00,2023-06-01 10:00:00-04:00,14323.75,14423.7,14252.0,14424.2,5,1.4,0.1796150238654277,70.5,71.75,145.74,728.7,999.5000000000073,993.3000000000072,target,1207.5,510.0
2023-06-05,2023-06-05 10:55:00-04:00,2023-06-05 14:00:00-04:00,2023-06-05 10:50:00-04:00,14657.5,14632.25,14567.75,14783.15,5,1.4,0.17386579622882345,84.0,89.75,181.74,908.7,-252.5,-258.7,time,377.5,475.0
2023-06-06,2023-06-06 10:25:00-04:00,2023-06-06 14:00:00-04:00,2023-06-06 10:20:00-04:00,14579.0,14552.0,14505.0,14682.6,5,1.4,0.16513560995516469,56.75,74.0,150.24,751.2,-270.0,-276.2,time,450.0,512.5
2023-06-08,2023-06-08 10:15:00-04:00,2023-06-08 12:25:00-04:00,2023-06-08 10:10:00-04:00,14406.75,14516.5,14328.0,14517.0,5,1.4,0.18138117708880333,69.0,78.75,159.74,798.7,1097.5,1091.3,target,1167.5,155.0
2023-06-09,2023-06-09 10:15:00-04:00,2023-06-09 11:25:00-04:00,2023-06-09 10:10:00-04:00,14670.75,14556.0,14556.5,14830.7,5,1.4,0.18135655339675552,112.25,114.25,230.74,1153.7,-1147.5,-1153.7,stop,172.5,1237.5
2023-06-12,2023-06-12 10:50:00-04:00,2023-06-12 13:45:00-04:00,2023-06-12 10:45:00-04:00,14642.25,14699.5,14601.0,14700.0,5,1.4,0.18117172227728964,36.5,41.25,84.74,423.7,572.5,566.3,target,640.0,397.5
2023-06-14,2023-06-14 10:05:00-04:00,2023-06-14 14:00:00-04:00,2023-06-14 10:00:00-04:00,15127.75,15133.25,15053.0,15232.4,5,1.4,0.18361031076272352,71.0,74.75,151.74,758.7,55.0,48.8,time,880.0,927.5
2023-06-15,2023-06-15 10:10:00-04:00,2023-06-15 14:00:00-04:00,2023-06-15 10:05:00-04:00,15251.0,15351.5,15114.25,15442.45,5,1.4,0.19088529042675575,108.75,136.75,275.74,1378.7,1005.0,998.8,time,1122.5,357.5
2023-06-22,2023-06-22 10:15:00-04:00,2023-06-22 14:00:00-04:00,2023-06-22 10:10:00-04:00,15133.0,15153.25,14964.0,15369.6,5,1.4,0.19856412602488036,132.5,169.0,340.24,1701.2,202.5,196.3,time,477.5,770.0
2023-06-23,2023-06-23 12:20:00-04:00,2023-06-23 14:00:00-04:00,2023-06-23 12:15:00-04:00,15103.5,15125.75,14984.75,15269.75,5,1.4,0.1892514170920892,103.0,118.75,239.74,1198.7,222.5,216.3,time,520.0,110.0
2023-06-26,2023-06-26 10:15:00-04:00,2023-06-26 11:05:00-04:00,2023-06-26 10:10:00-04:00,15141.0,15023.75,15024.25,15304.45,5,1.4,0.192864185455896,115.25,116.75,235.74,1178.7,-1172.5,-1178.7,stop,112.5,1250.0
2023-06-27,2023-06-27 11:30:00-04:00,2023-06-27 13:45:00-04:00,2023-06-27 11:25:00-04:00,14983.0,15101.5,14898.0,15102.0,5,1.4,0.18948310678979122,72.75,85.0,172.24,861.2,1185.0,1178.8,target,1275.0,90.0
2023-06-28,2023-06-28 10:20:00-04:00,2023-06-28 14:00:00-04:00,2023-06-28 10:15:00-04:00,15114.0,15105.0,15025.5,15237.9,5,1.4,0.1746151849446841,82.5,88.5,179.24,896.2,-90.0,-96.2,time,1047.5,550.0
2023-06-30,2023-06-30 10:15:00-04:00,2023-06-30 14:00:00-04:00,2023-06-30 10:10:00-04:00,15337.0,15355.0,15238.25,15475.25,5,1.4,0.17203265793474737,92.5,98.75,199.74,998.7,180.0,173.8,time,395.0,545.0
2023-07-05,2023-07-05 10:20:00-04:00,2023-07-05 14:00:00-04:00,2023-07-05 10:15:00-04:00,15407.25,15370.5,15292.5,15567.9,5,1.4,0.1728577839896466,103.5,114.75,231.74,1158.7,-367.5,-373.7,time,245.0,687.5
2023-07-06,2023-07-06 13:00:00-04:00,2023-07-06 14:00:00-04:00,2023-07-06 12:55:00-04:00,15215.75,15237.5,15129.5,15336.5,5,1.4,0.1722064191351957,84.5,86.25,174.74,873.7,217.5,211.3,time,240.0,242.5
2023-07-07,2023-07-07 12:00:00-04:00,2023-07-07 14:00:00-04:00,2023-07-07 11:55:00-04:00,15281.25,15329.5,15188.5,15411.1,5,1.4,0.17626155101430377,87.25,92.75,187.74,938.7,482.5,476.3,time,785.0,15.0
2023-07-11,2023-07-11 12:00:00-04:00,2023-07-11 14:00:00-04:00,2023-07-11 11:55:00-04:00,15236.25,15203.0,15141.5,15368.9,5,1.4,0.1600412556194072,92.25,94.75,191.74,958.7,-332.5,-338.7,time,137.5,610.0
2023-07-12,2023-07-12 10:10:00-04:00,2023-07-12 11:35:00-04:00,2023-07-12 10:05:00-04:00,15487.75,15407.5,15408.0,15599.4,5,1.4,0.15699336999713917,61.75,79.75,161.74,808.7,-802.5,-808.7,stop,200.0,812.5
2023-07-13,2023-07-13 12:00:00-04:00,2023-07-13 14:00:00-04:00,2023-07-13 11:55:00-04:00,15631.5,15660.25,15552.25,15742.45,5,1.4,0.1613022929662288,69.5,79.25,160.74,803.7,287.5,281.3,time,420.0,67.5
2023-07-14,2023-07-14 10:10:00-04:00,2023-07-14 14:00:00-04:00,2023-07-14 10:05:00-04:00,15812.75,15740.25,15721.0,15941.2,5,1.4,0.16055148301002262,90.75,91.75,185.74,928.7,-725.0,-731.2,time,447.5,877.5
2023-07-17,2023-07-17 11:35:00-04:00,2023-07-17 14:00:00-04:00,2023-07-17 11:30:00-04:00,15785.0,15819.25,15708.75,15891.75,5,1.4,0.1601267420017271,72.75,76.25,154.74,773.7,342.5,336.3,time,365.0,247.5
2023-07-18,2023-07-18 11:45:00-04:00,2023-07-18 14:00:00-04:00,2023-07-18 11:40:00-04:00,15832.0,15951.75,15733.5,15969.9,5,1.4,0.14702859979240485,82.5,98.5,199.24,996.2,1197.5,1191.3,time,1310.0,7.5
2023-07-19,2023-07-19 11:15:00-04:00,2023-07-19 12:20:00-04:00,2023-07-19 11:10:00-04:00,16042.0,15977.5,15978.0,16131.6,5,1.4,0.14565887579676917,60.25,64.0,130.24,651.2,-645.0,-651.2,stop,205.0,662.5
2023-07-25,2023-07-25 11:40:00-04:00,2023-07-25 14:00:00-04:00,2023-07-25 11:35:00-04:00,15672.75,15689.5,15588.25,15791.05,5,1.4,0.1559918451287291,81.25,84.5,171.24,856.2,167.5,161.3,time,365.0,187.5
2023-07-28,2023-07-28 10:05:00-04:00,2023-07-28 14:00:00-04:00,2023-07-28 10:00:00-04:00,15825.0,15834.25,15715.5,15978.3,5,1.4,0.13437210135834968,103.75,109.5,221.24,1106.2,92.5,86.3,time,707.5,500.0
2023-08-01,2023-08-01 10:40:00-04:00,2023-08-01 14:00:00-04:00,2023-08-01 10:35:00-04:00,15811.5,15828.25,15765.0,15876.6,5,1.4,0.14174202051887416,44.0,46.5,95.24,476.2,167.5,161.3,time,325.0,335.0
2023-08-03,2023-08-03 11:20:00-04:00,2023-08-03 14:00:00-04:00,2023-08-03 11:15:00-04:00,15473.5,15452.25,15351.0,15645.0,5,1.4,0.16028777306297312,107.0,122.5,247.24,1236.2,-212.5,-218.7,time,502.5,317.5
2023-08-04,2023-08-04 12:30:00-04:00,2023-08-04 14:00:00-04:00,2023-08-04 12:25:00-04:00,15591.75,15524.25,15440.0,15804.2,5,1.4,0.1571542175872485,144.0,151.75,305.74,1528.7,-675.0,-681.2,time,185.0,1265.0
2023-08-10,2023-08-10 10:05:00-04:00,2023-08-10 11:20:00-04:00,2023-08-10 10:00:00-04:00,15430.5,15272.75,15273.25,15650.65,5,1.4,0.16282086027081327,152.25,157.25,316.74,1583.7,-1577.5,-1583.7,stop,80.0,1695.0
2023-08-11,2023-08-11 10:15:00-04:00,2023-08-11 11:30:00-04:00,2023-08-11 10:10:00-04:00,15132.25,15051.5,15052.0,15244.6,5,1.4,0.15068681581297125,64.75,80.25,162.74,813.7,-807.5,-813.7,stop,420.0,950.0
2023-08-14,2023-08-14 10:05:00-04:00,2023-08-14 14:00:00-04:00,2023-08-14 10:00:00-04:00,15130.75,15223.25,15036.25,15263.05,5,1.4,0.15121032262165152,89.75,94.5,191.24,956.2,925.0,918.8,time,1177.5,170.0
2023-08-16,2023-08-16 10:20:00-04:00,2023-08-16 11:50:00-04:00,2023-08-16 10:15:00-04:00,15136.0,15050.25,15050.75,15255.35,5,1.4,0.1529585913601935,77.0,85.25,172.74,863.7,-857.5,-863.7,stop,85.0,900.0
2023-08-18,2023-08-18 11:05:00-04:00,2023-08-18 14:00:00-04:00,2023-08-18 11:00:00-04:00,14706.0,14729.5,14622.75,14822.55,5,1.4,0.14220486900623566,74.25,83.25,168.74,843.7,235.0,228.8,time,452.5,577.5
2023-08-21,2023-08-21 10:05:00-04:00,2023-08-21 11:10:00-04:00,2023-08-21 10:00:00-04:00,14916.25,14805.0,14805.5,15071.3,5,1.4,0.14237399227854336,108.0,110.75,223.74,1118.7,-1112.5,-1118.7,stop,160.0,1112.5
2023-08-23,2023-08-23 10:10:00-04:00,2023-08-23 14:00:00-04:00,2023-08-23 10:05:00-04:00,15106.5,15236.25,14999.25,15256.65,5,1.4,0.15226599594469956,106.25,107.25,216.74,1083.7,1297.5,1291.3,time,1360.0,92.5
2023-08-25,2023-08-25 10:15:00-04:00,2023-08-25 10:25:00-04:00,2023-08-25 10:10:00-04:00,14999.5,14891.5,14892.0,15150.0,5,1.4,0.18397034138294174,63.25,107.5,217.24,1086.2,-1080.0,-1086.2,stop,495.0,1295.0
2023-08-29,2023-08-29 10:05:00-04:00,2023-08-29 14:00:00-04:00,2023-08-29 10:00:00-04:00,15230.0,15371.5,15062.25,15464.85,5,1.4,0.1792015021926143,113.0,167.75,337.74,1688.7,1415.0,1408.8,time,1702.5,110.0
2023-08-30,2023-08-30 10:10:00-04:00,2023-08-30 10:25:00-04:00,2023-08-30 10:05:00-04:00,15479.0,15386.0,15386.5,15608.5,5,1.4,0.19791188413792313,90.5,92.5,187.24,936.2,-930.0,-936.2,stop,285.0,1047.5
2023-08-31,2023-08-31 10:15:00-04:00,2023-08-31 14:00:00-04:00,2023-08-31 10:10:00-04:00,15582.5,15557.25,15488.75,15713.75,5,1.4,0.18266283928309313,79.25,93.75,189.74,948.7,-252.5,-258.7,time,242.5,887.5
2023-09-05,2023-09-05 10:25:00-04:00,2023-09-05 14:00:00-04:00,2023-09-05 10:20:00-04:00,15511.25,15551.0,15445.75,15602.95,5,1.4,0.17996415680113628,60.75,65.5,133.24,666.2,397.5,391.3,time,660.0,342.5
2023-09-07,2023-09-07 10:45:00-04:00,2023-09-07 14:00:00-04:00,2023-09-07 10:40:00-04:00,15270.75,15279.25,15157.5,15429.3,5,1.4,0.17752663236873725,83.25,113.25,228.74,1143.7,85.0,78.8,time,222.5,735.0
2023-09-08,2023-09-08 10:20:00-04:00,2023-09-08 14:00:00-04:00,2023-09-08 10:15:00-04:00,15374.75,15326.25,15270.5,15520.7,5,1.4,0.17605774927105167,101.0,104.25,210.74,1053.7,-485.0,-491.2,time,157.5,872.5
2023-09-11,2023-09-11 13:40:00-04:00,2023-09-11 14:00:00-04:00,2023-09-11 13:35:00-04:00,15454.0,15467.75,15352.0,15596.8,5,1.4,0.17622004364115482,96.25,102.0,206.24,1031.2,137.5,131.3,time,175.0,77.5
2023-09-13,2023-09-13 11:05:00-04:00,2023-09-13 14:00:00-04:00,2023-09-13 11:00:00-04:00,15581.5,15603.75,15493.5,15704.7,5,1.4,0.18049215460532533,68.25,88.0,178.24,891.2,222.5,216.3,time,385.0,437.5
2023-09-14,2023-09-14 10:45:00-04:00,2023-09-14 14:00:00-04:00,2023-09-14 10:40:00-04:00,15645.75,15680.0,15536.25,15799.05,5,1.4,0.18473571499456712,102.5,109.5,221.24,1106.2,342.5,336.3,time,632.5,187.5
2023-09-18,2023-09-18 11:35:00-04:00,2023-09-18 14:00:00-04:00,2023-09-18 11:30:00-04:00,15435.5,15436.0,15343.25,15564.65,5,1.4,0.18912455527811628,91.75,92.25,186.74,933.7,5.0,-1.2000000000000002,time,252.5,115.0
2023-09-19,2023-09-19 13:55:00-04:00,2023-09-19 14:00:00-04:00,2023-09-19 13:50:00-04:00,15378.25,15373.0,15303.0,15483.6,5,1.4,0.18882734654410013,70.25,75.25,152.74,763.7,-52.5,-58.7,time,57.5,105.0
2023-09-22,2023-09-22 10:25:00-04:00,2023-09-22 14:00:00-04:00,2023-09-22 10:20:00-04:00,14956.0,14915.75,14888.0,15051.2,5,1.4,0.1954864690062433,62.75,68.0,138.24,691.2,-402.5,-408.7,time,712.5,485.0
2023-09-25,2023-09-25 11:20:00-04:00,2023-09-25 14:00:00-04:00,2023-09-25 11:15:00-04:00,14914.25,14903.0,14782.5,15098.7,5,1.4,0.17678396906611146,114.0,131.75,265.74,1328.7,-112.5,-118.7,time,217.5,500.0
2023-09-28,2023-09-28 10:05:00-04:00,2023-09-28 12:25:00-04:00,2023-09-28 10:00:00-04:00,14771.5,14932.35,14656.25,14932.85,5,1.4,0.1601422217567605,91.0,115.25,232.74,1163.7,1608.5000000000036,1602.3000000000036,target,1765.0,922.5
2023-09-29,2023-09-29 10:05:00-04:00,2023-09-29 10:20:00-04:00,2023-09-29 10:00:00-04:00,15051.75,14976.25,14976.75,15156.75,5,1.4,0.1617082917086466,67.25,75.0,152.24,761.2,-755.0,-761.2,stop,10.0,777.5
2023-10-02,2023-10-02 10:05:00-04:00,2023-10-02 14:00:00-04:00,2023-10-02 10:00:00-04:00,14982.75,14908.75,14847.25,15172.45,5,1.4,0.16121595233770566,113.75,135.5,273.24,1366.2,-740.0,-746.2,time,635.0,1160.0
2023-10-04,2023-10-04 11:20:00-04:00,2023-10-04 14:00:00-04:00,2023-10-04 11:15:00-04:00,14845.5,14819.75,14748.0,14982.0,5,1.4,0.17429808955508638,86.5,97.5,197.24,986.2,-257.5,-263.7,time,545.0,372.5
2023-10-06,2023-10-06 10:25:00-04:00,2023-10-06 11:35:00-04:00,2023-10-06 10:20:00-04:00,14824.25,14994.9,14702.0,14995.4,5,1.4,0.17853714393225972,98.75,122.25,246.74,1233.7,1706.4999999999964,1700.2999999999963,target,1712.5,60.0
2023-10-09,2023-10-09 12:20:00-04:00,2023-10-09 14:00:00-04:00,2023-10-09 12:15:00-04:00,15074.75,15191.0,14949.25,15250.45,5,1.4,0.19057050177815132,113.25,125.5,253.24,1266.2,1162.5,1156.3,time,1187.5,282.5
2023-10-10,2023-10-10 10:05:00-04:00,2023-10-10 11:55:00-04:00,2023-10-10 10:00:00-04:00,15264.25,15381.7,15180.0,15382.2,5,1.4,0.18646854436669807,61.75,84.25,170.74,853.7,1174.5000000000073,1168.3000000000072,target,1192.5,267.5
2023-10-12,2023-10-12 10:10:00-04:00,2023-10-12 13:05:00-04:00,2023-10-12 10:05:00-04:00,15423.25,15365.0,15365.5,15504.1,5,1.4,0.174761608148079,51.0,57.75,117.74,588.6999999999999,-582.5,-588.7,stop,462.5,650.0
2023-10-16,2023-10-16 10:20:00-04:00,2023-10-16 14:00:00-04:00,2023-10-16 10:15:00-04:00,15264.25,15308.5,15168.75,15397.95,5,1.4,0.16640941772355733,91.25,95.5,193.24,966.2,442.5,436.3,time,610.0,525.0
2023-10-17,2023-10-17 10:15:00-04:00,2023-10-17 14:00:00-04:00,2023-10-17 10:10:00-04:00,15159.0,15204.25,15050.0,15311.6,5,1.4,0.17242407133255128,92.0,109.0,220.24,1101.2,452.5,446.3,time,1502.5,30.0
2023-10-18,2023-10-18 10:20:00-04:00,2023-10-18 10:35:00-04:00,2023-10-18 10:15:00-04:00,15200.75,15121.0,15121.5,15311.7,5,1.4,0.17267757282155366,77.5,79.25,160.74,803.7,-797.5,-803.7,stop,232.5,962.5
2023-10-19,2023-10-19 12:25:00-04:00,2023-10-19 12:30:00-04:00,2023-10-19 12:20:00-04:00,15115.5,15020.5,15021.0,15247.8,5,1.4,0.16917680709674154,88.25,94.5,191.24,956.2,-950.0,-956.2,stop,25.0,1600.0
2023-10-23,2023-10-23 10:15:00-04:00,2023-10-23 14:00:00-04:00,2023-10-23 10:10:00-04:00,14657.75,14798.25,14514.25,14858.65,5,1.4,0.1683834015505865,128.5,143.5,289.24,1446.2,1405.0,1398.8,time,1965.0,240.0
2023-10-24,2023-10-24 10:30:00-04:00,2023-10-24 12:20:00-04:00,2023-10-24 10:25:00-04:00,14848.5,14758.5,14759.0,14973.8,5,1.4,0.16871894173934462,78.25,89.5,181.24,906.2,-900.0,-906.2,stop,292.5,930.0
2023-10-27,2023-10-27 11:10:00-04:00,2023-10-27 13:05:00-04:00,2023-10-27 11:05:00-04:00,14359.0,14290.5,14291.0,14454.2,5,1.4,0.19001988064973557,65.25,68.0,138.24,691.2,-685.0,-691.2,stop,485.0,1055.0
2023-10-31,2023-10-31 12:50:00-04:00,2023-10-31 14:00:00-04:00,2023-10-31 12:45:00-04:00,14435.5,14477.0,14311.25,14609.45,5,1.4,0.19170423769807668,117.75,124.25,250.74,1253.7,415.0,408.8,time,525.0,225.0
2023-11-01,2023-11-01 10:25:00-04:00,2023-11-01 14:00:00-04:00,2023-11-01 10:20:00-04:00,14631.25,14605.25,14515.25,14793.65,5,1.4,0.1834090571537951,66.25,116.0,234.24,1171.2,-260.0,-266.2,time,182.5,690.0
2023-11-02,2023-11-02 10:55:00-04:00,2023-11-02 14:00:00-04:00,2023-11-02 10:50:00-04:00,14955.5,14993.25,14900.75,15032.15,5,1.4,0.19132631519177418,51.75,54.75,111.74,558.6999999999999,377.5,371.3,time,445.0,330.0
2023-11-03,2023-11-03 11:50:00-04:00,2023-11-03 14:00:00-04:00,2023-11-03 11:45:00-04:00,15143.75,15191.0,15040.25,15288.65,5,1.4,0.2005758235473101,99.75,103.5,209.24,1046.2,472.5,466.3,time,605.0,80.0
2023-11-07,2023-11-07 10:05:00-05:00,2023-11-07 14:00:00-05:00,2023-11-07 10:00:00-05:00,15309.5,15400.5,15224.5,15428.5,5,1.4,0.19503593607056485,78.75,85.0,172.24,861.2,910.0,903.8,time,1017.5,365.0
2023-11-09,2023-11-09 11:50:00-05:00,2023-11-09 13:00:00-05:00,2023-11-09 11:45:00-05:00,15430.0,15365.25,15365.75,15519.95,5,1.4,0.19525477996013302,57.25,64.25,130.74,653.7,-647.5,-653.7,stop,232.5,1090.0
2023-11-10,2023-11-10 11:05:00-05:00,2023-11-10 13:25:00-05:00,2023-11-10 11:00:00-05:00,15404.5,15542.6,15305.5,15543.1,5,1.4,0.1962886970626492,83.5,99.0,200.24,1001.2,1381.0000000000036,1374.8000000000036,target,1402.5,12.5
2023-11-13,2023-11-13 10:55:00-05:00,2023-11-13 14:00:00-05:00,2023-11-13 10:50:00-05:00,15543.5,15558.25,15465.25,15653.05,5,1.4,0.20414052401092253,73.75,78.25,158.74,793.7,147.5,141.3,time,460.0,140.0
2023-11-14,2023-11-14 10:05:00-05:00,2023-11-14 14:00:00-05:00,2023-11-14 10:00:00-05:00,15884.75,15852.0,15790.0,16017.4,5,1.4,0.20088724716491793,77.75,94.75,191.74,958.7,-327.5,-333.7,time,180.0,515.0
2023-11-17,2023-11-17 12:05:00-05:00,2023-11-17 14:00:00-05:00,2023-11-17 12:00:00-05:00,15883.75,15909.75,15831.5,15956.9,5,1.4,0.19804042191435453,49.25,52.25,106.74,533.6999999999999,260.0,253.8,time,437.5,202.5
2023-11-20,2023-11-20 11:00:00-05:00,2023-11-20 14:00:00-05:00,2023-11-20 10:55:00-05:00,16000.0,16070.5,15894.75,16147.35,5,1.4,0.1889874600575742,102.25,105.25,212.74,1063.7,705.0,698.8,time,767.5,7.5
2023-11-23,2023-11-23 11:00:00-05:00,2023-11-23 18:00:00-05:00,2023-11-23 10:55:00-05:00,16073.75,16062.0,16053.25,16102.45,5,1.4,,16.25,20.5,43.24,216.20000000000002,-117.5,-123.7,time,25.0,152.5
2023-11-27,2023-11-27 10:10:00-05:00,2023-11-27 14:00:00-05:00,2023-11-27 10:05:00-05:00,16044.5,16052.5,15970.25,16148.45,5,1.4,0.16527885390941968,67.0,74.25,150.74,753.7,80.0,73.8,time,445.0,452.5
2023-11-28,2023-11-28 10:40:00-05:00,2023-11-28 14:00:00-05:00,2023-11-28 10:35:00-05:00,16011.0,16002.25,15958.25,16084.85,5,1.4,0.14375637726175003,49.0,52.75,107.74,538.6999999999999,-87.5,-93.7,time,605.0,422.5
2023-12-01,2023-12-01 11:15:00-05:00,2023-12-01 14:00:00-05:00,2023-12-01 11:10:00-05:00,15977.0,15994.25,15875.5,16119.1,5,1.4,0.1491406178387344,68.0,101.5,205.24,1026.2,172.5,166.3,time,730.0,467.5
2023-12-05,2023-12-05 10:05:00-05:00,2023-12-05 14:00:00-05:00,2023-12-05 10:00:00-05:00,15926.0,15872.5,15783.25,16125.85,5,1.4,0.14106466339931462,80.75,142.75,287.74,1438.7,-535.0,-541.2,time,357.5,985.0
2023-12-07,2023-12-07 10:25:00-05:00,2023-12-07 14:00:00-05:00,2023-12-07 10:20:00-05:00,15994.0,16033.25,15888.0,16142.4,5,1.4,0.13981900152865562,94.0,106.0,214.24,1071.2,392.5,386.3,time,622.5,632.5
2023-12-08,2023-12-08 10:05:00-05:00,2023-12-08 14:00:00-05:00,2023-12-08 10:00:00-05:00,16045.25,16086.0,15946.75,16183.15,5,1.4,0.14285754044104415,79.5,98.5,199.24,996.2,407.5,401.3,time,680.0,555.0
2023-12-11,2023-12-11 10:10:00-05:00,2023-12-11 14:00:00-05:00,2023-12-11 10:05:00-05:00,16168.5,16234.25,16068.5,16308.5,5,1.4,0.14283334759726762,95.5,100.0,202.24,1011.2,657.5,651.3,time,755.0,470.0
2023-12-12,2023-12-12 10:05:00-05:00,2023-12-12 14:00:00-05:00,2023-12-12 10:00:00-05:00,16257.75,16317.5,16185.0,16359.6,5,1.4,0.13971013217467537,70.75,72.75,147.74,738.7,597.5,591.3,time,642.5,110.0
2023-12-15,2023-12-15 10:20:00-05:00,2023-12-15 13:40:00-05:00,2023-12-15 10:15:00-05:00,16848.5,16779.75,16780.25,16944.05,5,1.4,0.10829539580551648,66.75,68.25,138.74,693.7,-687.5,-693.7,stop,387.5,750.0
2023-12-18,2023-12-18 10:05:00-05:00,2023-12-18 14:00:00-05:00,2023-12-18 10:00:00-05:00,16896.5,16954.0,16832.0,16986.8,5,1.4,0.10758227863309561,51.0,64.5,131.24,656.2,575.0,568.8,time,612.5,407.5
2023-12-19,2023-12-19 10:35:00-05:00,2023-12-19 14:00:00-05:00,2023-12-19 10:30:00-05:00,16998.0,16993.25,16944.5,17072.9,5,1.4,0.10785232285053883,50.75,53.5,109.24,546.1999999999999,-47.5,-53.7,time,147.5,330.0
2023-12-20,2023-12-20 10:05:00-05:00,2023-12-20 14:00:00-05:00,2023-12-20 10:00:00-05:00,17026.75,17038.75,16970.75,17105.15,5,1.4,0.10761884306555503,53.5,56.0,114.24,571.1999999999999,120.0,113.8,time,467.5,70.0
2023-12-26,2023-12-26 10:40:00-05:00,2023-12-26 14:00:00-05:00,2023-12-26 10:35:00-05:00,17058.0,17048.75,17005.25,17131.85,5,1.4,0.1182449724339711,46.75,52.75,107.74,538.6999999999999,-92.5,-98.7,time,60.0,352.5
2024-01-04,2024-01-04 10:10:00-05:00,2024-01-04 14:00:00-05:00,2024-01-04 10:05:00-05:00,16514.0,16505.0,16443.0,16613.4,5,1.4,0.13882818617396706,57.0,71.0,144.24,721.2,-90.0,-96.2,time,700.0,335.0
2024-01-05,2024-01-05 10:05:00-05:00,2024-01-05 13:15:00-05:00,2024-01-05 10:00:00-05:00,16540.75,16436.75,16437.25,16685.65,5,1.4,0.1409421490927836,58.25,103.5,209.24,1046.2,-1040.0,-1046.2,stop,362.5,1105.0
2024-01-08,2024-01-08 10:05:00-05:00,2024-01-08 14:00:00-05:00,2024-01-08 10:00:00-05:00,16641.5,16740.75,16505.25,16832.25,5,1.4,0.137821894909607,128.25,136.25,274.74,1373.7,992.5,986.3,time,1012.5,185.0
2024-01-09,2024-01-09 10:10:00-05:00,2024-01-09 11:50:00-05:00,2024-01-09 10:05:00-05:00,16721.0,16804.85,16660.75,16805.35,5,1.4,0.14758792983092828,53.75,60.25,122.74,613.6999999999999,838.4999999999854,832.2999999999854,target,962.5,92.5
2024-01-10,2024-01-10 10:45:00-05:00,2024-01-10 14:00:00-05:00,2024-01-10 10:40:00-05:00,16885.75,16924.0,16813.25,16987.25,5,1.4,0.14745204171173487,60.75,72.5,147.24,736.2,382.5,376.3,time,492.5,312.5
2024-01-15,2024-01-15 10:50:00-05:00,2024-01-15 18:00:00-05:00,2024-01-15 10:45:00-05:00,16968.75,16965.5,16936.0,17014.6,5,1.4,,31.5,32.75,67.74,338.7,-32.5,-38.7,time,112.5,145.0
2024-01-16,2024-01-16 10:20:00-05:00,2024-01-16 14:00:00-05:00,2024-01-16 10:15:00-05:00,16965.25,16902.0,16855.0,17119.6,5,1.4,0.14009424331863302,91.0,110.25,222.74,1113.7,-632.5,-638.7,time,687.5,745.0
2024-01-18,2024-01-18 10:40:00-05:00,2024-01-18 12:10:00-05:00,2024-01-18 10:35:00-05:00,17059.75,16995.0,16995.5,17149.7,5,1.4,0.13621664360852603,59.25,64.25,130.74,653.7,-647.5,-653.7,stop,427.5,685.0
2024-01-19,2024-01-19 10:05:00-05:00,2024-01-19 12:25:00-05:00,2024-01-19 10:00:00-05:00,17217.75,17289.35,17166.25,17289.85,5,1.4,0.14400393665589198,48.5,51.5,105.24,526.1999999999999,715.9999999999854,709.7999999999854,target,757.5,490.0
2024-01-23,2024-01-23 13:00:00-05:00,2024-01-23 14:00:00-05:00,2024-01-23 12:55:00-05:00,17490.25,17481.5,17409.25,17603.65,5,1.4,0.1497015333442758,79.0,81.0,164.24,821.2,-87.5,-93.7,time,27.5,302.5
2024-01-24,2024-01-24 10:20:00-05:00,2024-01-24 14:00:00-05:00,2024-01-24 10:15:00-05:00,17703.5,17714.25,17637.25,17796.25,5,1.4,0.14721858139897645,58.25,66.25,134.74,673.7,107.5,101.3,time,905.0,155.0
2024-01-25,2024-01-25 10:30:00-05:00,2024-01-25 12:30:00-05:00,2024-01-25 10:25:00-05:00,17730.75,17660.0,17660.5,17829.1,5,1.4,0.14736169863564472,67.5,70.25,142.74,713.7,-707.5,-713.7,stop,212.5,817.5
2024-01-26,2024-01-26 10:30:00-05:00,2024-01-26 12:50:00-05:00,2024-01-26 10:25:00-05:00,17581.25,17514.75,17515.25,17673.65,5,1.4,0.1464005757650963,56.25,66.0,134.24,671.2,-665.0,-671.2,stop,500.0,662.5
2024-01-29,2024-01-29 12:25:00-05:00,2024-01-29 14:00:00-05:00,2024-01-29 12:20:00-05:00,17599.75,17587.5,17529.75,17697.75,5,1.4,0.148487968413332,55.0,70.0,142.24,711.2,-122.5,-128.7,time,100.0,217.5
2024-02-01,2024-02-01 10:10:00-05:00,2024-02-01 10:55:00-05:00,2024-02-01 10:05:00-05:00,17353.0,17284.5,17285.0,17448.2,5,1.4,0.1528414720797102,52.5,68.0,138.24,691.2,-685.0,-691.2,stop,182.5,807.5
2024-02-02,2024-02-02 10:45:00-05:00,2024-02-02 14:00:00-05:00,2024-02-02 10:40:00-05:00,17654.25,17728.75,17465.75,17918.15,5,1.4,0.1480250034839325,158.25,188.5,379.24,1896.2,745.0,738.8,time,1022.5,482.5
2024-02-07,2024-02-07 10:15:00-05:00,2024-02-07 14:00:00-05:00,2024-02-07 10:10:00-05:00,17807.75,17851.75,17718.25,17933.05,5,1.4,0.13959154109245728,59.75,89.5,181.24,906.2,440.0,433.8,time,682.5,282.5
2024-02-08,2024-02-08 10:05:00-05:00,2024-02-08 14:00:00-05:00,2024-02-08 10:00:00-05:00,17853.0,17868.25,17807.5,17916.7,5,1.4,0.14265697651467468,45.0,45.5,93.24,466.2,152.5,146.3,time,435.0,295.0
2024-02-09,2024-02-09 10:20:00-05:00,2024-02-09 14:00:00-05:00,2024-02-09 10:15:00-05:00,17955.0,18038.0,17875.25,18066.65,5,1.4,0.14211897497330173,69.0,79.75,161.74,808.7,830.0,823.8,time,897.5,37.5
2024-02-12,2024-02-12 10:45:00-05:00,2024-02-12 13:35:00-05:00,2024-02-12 10:40:00-05:00,18060.25,18006.75,18007.25,18134.45,5,1.4,0.14409753690725355,43.75,53.0,108.24,541.1999999999999,-535.0,-541.2,stop,612.5,642.5
2024-02-13,2024-02-13 10:25:00-05:00,2024-02-13 14:00:00-05:00,2024-02-13 10:20:00-05:00,17705.25,17656.5,17586.5,17871.5,5,1.4,0.14607999822092638,97.5,118.75,239.74,1198.7,-487.5,-493.7,time,867.5,797.5
2024-02-14,2024-02-14 10:20:00-05:00,2024-02-14 11:00:00-05:00,2024-02-14 10:15:00-05:00,17826.25,17742.5,17743.0,17942.8,5,1.4,0.15938939966124144,75.75,83.25,168.74,843.7,-837.5,-843.7,stop,207.5,1212.5
2024-02-15,2024-02-15 13:20:00-05:00,2024-02-15 14:00:00-05:00,2024-02-15 13:15:00-05:00,17916.75,17911.0,17810.5,18065.5,5,1.4,0.15906203853364517,92.5,106.25,214.74,1073.7,-57.5,-63.7,time,160.0,212.5
2024-02-21,2024-02-21 10:05:00-05:00,2024-02-21 12:10:00-05:00,2024-02-21 10:00:00-05:00,17523.0,17448.0,17448.5,17627.3,5,1.4,0.14752218998617048,63.0,74.5,151.24,756.2,-750.0,-756.2,stop,0.0,857.5
2024-02-22,2024-02-22 11:20:00-05:00,2024-02-22 14:00:00-05:00,2024-02-22 11:15:00-05:00,17971.5,18052.0,17864.0,18122.0,5,1.4,0.14720073979200293,106.25,107.5,217.24,1086.2,805.0,798.8,time,937.5,365.0
2024-02-26,2024-02-26 11:55:00-05:00,2024-02-26 14:00:00-05:00,2024-02-26 11:50:00-05:00,18056.0,18013.75,17966.0,18182.0,5,1.4,0.17752584952252057,84.75,90.0,182.24,911.2,-422.5,-428.7,time,37.5,757.5
2024-02-27,2024-02-27 10:20:00-05:00,2024-02-27 12:50:00-05:00,2024-02-27 10:15:00-05:00,18028.75,17937.5,17938.0,18155.8,5,1.4,0.1758723147763351,88.75,90.75,183.74,918.7,-912.5,-918.7,stop,37.5,920.0
2024-02-28,2024-02-28 11:05:00-05:00,2024-02-28 14:00:00-05:00,2024-02-28 11:00:00-05:00,17951.5,17948.75,17876.25,18056.85,5,1.4,0.17302917263887513,70.25,75.25,152.74,763.7,-27.5,-33.7,time,235.0,577.5
2024-03-01,2024-03-01 10:10:00-05:00,2024-03-01 12:50:00-05:00,2024-03-01 10:05:00-05:00,18173.25,18284.4,18093.5,18284.9,5,1.4,0.1612858367304354,51.0,79.75,161.74,808.7,1111.5000000000146,1105.3000000000145,target,1145.0,290.0
2024-03-06,2024-03-06 12:05:00-05:00,2024-03-06 13:50:00-05:00,2024-03-06 12:00:00-05:00,18132.25,18036.25,18036.75,18265.95,5,1.4,0.17163833852968083,89.5,95.5,193.24,966.2,-960.0,-966.2,stop,420.0,1015.0
2024-03-07,2024-03-07 10:25:00-05:00,2024-03-07 14:00:00-05:00,2024-03-07 10:20:00-05:00,18227.25,18353.0,18119.0,18378.8,5,1.4,0.17169242002221766,106.25,108.25,218.74,1093.7,1257.5,1251.3,time,1327.5,87.5
2024-03-08,2024-03-08 10:05:00-05:00,2024-03-08 11:05:00-05:00,2024-03-08 10:00:00-05:00,18396.75,18287.5,18288.0,18549.0,5,1.4,0.17505707603477683,102.0,108.75,219.74,1098.7,-1092.5,-1098.7,stop,395.0,1317.5
2024-03-11,2024-03-11 10:55:00-04:00,2024-03-11 14:00:00-04:00,2024-03-11 10:50:00-04:00,18008.75,17974.75,17898.0,18163.8,5,1.4,0.18134147984276935,103.75,110.75,223.74,1118.7,-340.0,-346.2,time,142.5,900.0
2024-03-12,2024-03-12 10:25:00-04:00,2024-03-12 14:00:00-04:00,2024-03-12 10:20:00-04:00,18110.0,18154.5,17929.75,18362.35,5,1.4,0.17937511629988834,163.0,180.25,362.74,1813.7,445.0,438.8,time,982.5,332.5
2024-03-18,2024-03-18 10:30:00-04:00,2024-03-18 11:50:00-04:00,2024-03-18 10:25:00-04:00,18373.0,18277.0,18277.5,18506.7,5,1.4,0.179560641114228,84.0,95.5,193.24,966.2,-960.0,-966.2,stop,70.0,965.0
2024-03-19,2024-03-19 11:50:00-04:00,2024-03-19 14:00:00-04:00,2024-03-19 11:45:00-04:00,18154.0,18263.75,18053.25,18295.05,5,1.4,0.17571421896567654,99.5,100.75,203.74,1018.7,1097.5,1091.3,time,1322.5,215.0
2024-03-22,2024-03-22 10:05:00-04:00,2024-03-22 14:00:00-04:00,2024-03-22 10:00:00-04:00,18558.0,18622.0,18500.25,18638.85,5,1.4,0.14887561393807452,47.25,57.75,117.74,588.6999999999999,640.0,633.8,time,680.0,562.5
2024-03-25,2024-03-25 10:10:00-04:00,2024-03-25 14:00:00-04:00,2024-03-25 10:05:00-04:00,18497.5,18552.0,18415.0,18613.0,5,1.4,0.1480654388379061,72.25,82.5,167.24,836.2,545.0,538.8,time,602.5,7.5
2024-03-26,2024-03-26 10:05:00-04:00,2024-03-26 10:25:00-04:00,2024-03-26 10:00:00-04:00,18607.0,18549.5,18550.0,18686.8,5,1.4,0.14873892978901324,44.75,57.0,116.24,581.1999999999999,-575.0,-581.2,stop,7.5,597.5
2024-04-02,2024-04-02 13:05:00-04:00,2024-04-02 14:00:00-04:00,2024-04-02 13:00:00-04:00,18294.5,18277.25,18223.5,18393.9,5,1.4,0.1357257788950126,68.75,71.0,144.24,721.2,-172.5,-178.7,time,60.0,247.5
2024-04-03,2024-04-03 10:05:00-04:00,2024-04-03 14:00:00-04:00,2024-04-03 10:00:00-04:00,18352.75,18416.75,18239.0,18512.0,5,1.4,0.1386672343611549,46.0,113.75,229.74,1148.7,640.0,633.8,time,992.5,242.5
2024-04-05,2024-04-05 10:15:00-04:00,2024-04-05 14:00:00-04:00,2024-04-05 10:10:00-04:00,18240.0,18291.0,18102.5,18432.5,5,1.4,0.1369367016984665,125.75,137.5,277.24,1386.2,510.0,503.8,time,1677.5,585.0
2024-04-08,2024-04-08 10:30:00-04:00,2024-04-08 14:00:00-04:00,2024-04-08 10:25:00-04:00,18340.25,18307.0,18237.75,18483.75,5,1.4,0.13181502155024635,99.25,102.5,207.24,1036.2,-332.5,-338.7,time,372.5,880.0
2024-04-10,2024-04-10 10:40:00-04:00,2024-04-10 14:00:00-04:00,2024-04-10 10:35:00-04:00,18221.75,18166.25,18107.25,18382.05,5,1.4,0.12254337959496328,101.0,114.5,231.24,1156.2,-555.0,-561.2,time,27.5,1077.5
2024-04-11,2024-04-11 11:55:00-04:00,2024-04-11 13:05:00-04:00,2024-04-11 11:50:00-04:00,18279.0,18357.6,18222.5,18358.1,5,1.4,0.12179728327228097,51.75,56.5,115.24,576.1999999999999,785.9999999999854,779.7999999999854,target,1030.0,22.5
2024-04-16,2024-04-16 10:15:00-04:00,2024-04-16 13:30:00-04:00,2024-04-16 10:10:00-04:00,17913.0,17821.5,17822.0,18040.4,5,1.4,0.15464895777069643,88.75,91.0,184.24,921.2,-915.0,-921.2,stop,245.0,950.0
2024-04-18,2024-04-18 10:40:00-04:00,2024-04-18 13:20:00-04:00,2024-04-18 10:35:00-04:00,17683.0,17550.5,17551.0,17867.8,5,1.4,0.15534939999629446,127.75,132.0,266.24,1331.2,-1325.0,-1331.2,stop,630.0,1440.0
2024-04-22,2024-04-22 13:30:00-04:00,2024-04-22 14:00:00-04:00,2024-04-22 13:25:00-04:00,17344.75,17396.5,17264.0,17457.8,5,1.4,0.15848666704124875,67.5,80.75,163.74,818.7,517.5,511.3,time,700.0,32.5
2024-04-23,2024-04-23 10:25:00-04:00,2024-04-23 14:00:00-04:00,2024-04-23 10:20:00-04:00,17530.0,17636.5,17413.5,17693.1,5,1.4,0.16438212144059258,114.25,116.5,235.24,1176.2,1065.0,1058.8,time,1127.5,75.0
2024-04-25,2024-04-25 10:15:00-04:00,2024-04-25 13:45:00-04:00,2024-04-25 10:10:00-04:00,17410.75,17554.1,17308.0,17554.6,5,1.4,0.18185320628904747,73.75,102.75,207.74,1038.7,1433.4999999999854,1427.2999999999854,target,1572.5,692.5
2024-04-26,2024-04-26 10:05:00-04:00,2024-04-26 14:00:00-04:00,2024-04-26 10:00:00-04:00,17808.75,17877.25,17668.25,18005.45,5,1.4,0.18356479824765642,134.5,140.5,283.24,1416.2,685.0,678.8,time,925.0,402.5
2024-05-02,2024-05-02 13:30:00-04:00,2024-05-02 14:00:00-04:00,2024-05-02 13:25:00-04:00,17604.75,17594.5,17483.0,17775.2,5,1.4,0.19222810465121865,119.5,121.75,245.74,1228.7,-102.5,-108.7,time,117.5,297.5
2024-05-06,2024-05-06 11:45:00-04:00,2024-05-06 14:00:00-04:00,2024-05-06 11:40:00-04:00,18111.75,18127.75,18042.5,18208.7,5,1.4,0.2003561294673439,67.75,69.25,140.74,703.7,160.0,153.8,time,272.5,445.0
2024-05-07,2024-05-07 11:00:00-04:00,2024-05-07 13:55:00-04:00,2024-05-07 10:55:00-04:00,18250.75,18187.5,18188.0,18338.6,5,1.4,0.20375849613062758,48.25,62.75,127.74,638.6999999999999,-632.5,-638.7,stop,170.0,675.0
2024-05-08,2024-05-08 10:25:00-04:00,2024-05-08 14:00:00-04:00,2024-05-08 10:20:00-04:00,18194.75,18178.5,18079.0,18356.8,5,1.4,0.20284698664071094,95.75,115.75,233.74,1168.7,-162.5,-168.7,time,475.0,565.0
2024-05-09,2024-05-09 10:40:00-04:00,2024-05-09 14:00:00-04:00,2024-05-09 10:35:00-04:00,18204.25,18205.5,18108.0,18339.0,5,1.4,0.19779289546697068,96.0,96.25,194.74,973.7,12.5,6.3,time,332.5,342.5
2024-05-14,2024-05-14 10:25:00-04:00,2024-05-14 14:00:00-04:00,2024-05-14 10:20:00-04:00,18344.25,18330.75,18265.25,18454.85,5,1.4,0.16512950970795587,61.75,79.0,160.24,801.2,-135.0,-141.2,time,272.5,610.0
2024-05-15,2024-05-15 10:25:00-04:00,2024-05-15 13:35:00-04:00,2024-05-15 10:20:00-04:00,18536.5,18660.95,18447.25,18661.45,5,1.4,0.1662256632385871,84.5,89.25,180.74,903.7,1244.5000000000073,1238.3000000000072,target,1282.5,127.5
2024-05-16,2024-05-16 10:25:00-04:00,2024-05-16 13:25:00-04:00,2024-05-16 10:20:00-04:00,18718.75,18671.5,18672.0,18784.2,5,1.4,0.16370893202261466,44.5,46.75,95.74,478.7,-472.5,-478.7,stop,420.0,472.5
2024-05-17,2024-05-17 10:35:00-04:00,2024-05-17 12:45:00-04:00,2024-05-17 10:30:00-04:00,18675.5,18620.0,18620.5,18752.5,5,1.4,0.1603431124480657,47.0,55.0,112.24,561.1999999999999,-555.0,-561.2,stop,15.0,677.5
2024-05-20,2024-05-20 10:45:00-04:00,2024-05-20 14:00:00-04:00,2024-05-20 10:40:00-04:00,18756.25,18745.0,18635.25,18925.65,5,1.4,0.13401554717330835,119.0,121.0,244.24,1221.2,-112.5,-118.7,time,382.5,277.5
2024-05-21,2024-05-21 10:05:00-04:00,2024-05-21 14:00:00-04:00,2024-05-21 10:00:00-04:00,18724.0,18775.25,18678.0,18788.4,5,1.4,0.13340974048622553,41.75,46.0,94.24,471.2,512.5,506.3,time,567.5,240.0
2024-05-22,2024-05-22 11:15:00-04:00,2024-05-22 13:35:00-04:00,2024-05-22 11:10:00-04:00,18834.75,18788.5,18789.0,18898.8,5,1.4,0.12263440613222032,41.5,45.75,93.74,468.7,-462.5,-468.7,stop,37.5,675.0
2024-05-24,2024-05-24 10:15:00-04:00,2024-05-24 11:00:00-04:00,2024-05-24 10:10:00-04:00,18791.25,18874.05,18731.75,18874.55,5,1.4,0.12722436517350982,55.75,59.5,121.24,606.1999999999999,827.9999999999927,821.7999999999927,target,980.0,10.0
2024-05-27,2024-05-27 11:05:00-04:00,2024-05-27 18:00:00-04:00,2024-05-27 11:00:00-04:00,18913.75,18949.5,18877.25,18964.85,5,1.4,,34.0,36.5,75.24,376.2,357.5,351.3,time,435.0,25.0
2024-05-28,2024-05-28 13:35:00-04:00,2024-05-28 14:00:00-04:00,2024-05-28 13:30:00-04:00,18937.5,18902.0,18838.75,19075.75,5,1.4,0.129951168108809,98.25,98.75,199.74,998.7,-355.0,-361.2,time,82.5,460.0
2024-05-29,2024-05-29 10:25:00-04:00,2024-05-29 14:00:00-04:00,2024-05-29 10:20:00-04:00,18857.0,18859.0,18761.0,18991.4,5,1.4,0.13000094833638057,88.75,96.0,194.24,971.2,20.0,13.8,time,230.0,407.5
2024-06-05,2024-06-05 10:25:00-04:00,2024-06-05 11:15:00-04:00,2024-06-05 10:20:00-04:00,18876.5,18964.2,18813.5,18964.7,5,1.4,0.09172382167401662,46.5,63.0,128.24,641.2,877.0000000000073,870.8000000000072,target,1005.0,22.5
2024-06-07,2024-06-07 10:40:00-04:00,2024-06-07 14:00:00-04:00,2024-06-07 10:35:00-04:00,19073.75,19114.0,18992.25,19187.85,5,1.4,0.11115950665159043,72.0,81.5,165.24,826.2,402.5,396.3,time,815.0,585.0
2024-06-10,2024-06-10 10:30:00-04:00,2024-06-10 12:15:00-04:00,2024-06-10 10:25:00-04:00,19035.75,19116.8,18977.5,19117.3,5,1.4,0.1118158811585508,46.0,58.25,118.74,593.6999999999999,810.4999999999927,804.2999999999927,target,855.0,135.0
2024-06-11,2024-06-11 10:40:00-04:00,2024-06-11 14:00:00-04:00,2024-06-11 10:35:00-04:00,19092.75,19164.0,18994.75,19229.95,5,1.4,0.11187933215778226,92.75,98.0,198.24,991.2,712.5,706.3,time,855.0,297.5
2024-06-12,2024-06-12 10:15:00-04:00,2024-06-12 14:00:00-04:00,2024-06-12 10:10:00-04:00,19509.75,19514.5,19374.5,19699.1,5,1.4,0.1133561128014804,130.25,135.25,272.74,1363.7,47.5,41.3,time,367.5,627.5
2024-06-14,2024-06-14 13:15:00-04:00,2024-06-14 14:00:00-04:00,2024-06-14 13:10:00-04:00,19652.25,19657.0,19557.0,19785.6,5,1.4,0.11106760842689041,90.0,95.25,192.74,963.7,47.5,41.3,time,240.0,137.5
2024-06-17,2024-06-17 11:00:00-04:00,2024-06-17 12:25:00-04:00,2024-06-17 10:55:00-04:00,19714.25,19817.35,19640.25,19817.85,5,1.4,0.11036745170912501,69.5,74.0,150.24,751.2,1030.9999999999854,1024.7999999999854,target,1047.5,5.0
2024-06-18,2024-06-18 13:50:00-04:00,2024-06-18 14:00:00-04:00,2024-06-18 13:45:00-04:00,19950.0,19926.75,19889.5,20034.7,5,1.4,0.1129165491911638,54.25,60.5,123.24,616.1999999999999,-232.5,-238.7,time,30.0,650.0
2024-06-21,2024-06-21 11:20:00-04:00,2024-06-21 14:00:00-04:00,2024-06-21 11:15:00-04:00,20033.75,19960.75,19914.0,20201.4,5,1.4,0.1124001790181323,113.75,119.75,241.74,1208.7,-730.0,-736.2,time,392.5,865.0
2024-06-24,2024-06-24 10:05:00-04:00,2024-06-24 10:40:00-04:00,2024-06-24 10:00:00-04:00,19976.0,19866.25,19866.75,20128.95,5,1.4,0.11403144483984051,98.5,109.25,220.74,1103.7,-1097.5,-1103.7,stop,195.0,1170.0
2024-06-25,2024-06-25 10:05:00-04:00,2024-06-25 14:00:00-04:00,2024-06-25 10:00:00-04:00,19875.0,19924.0,19792.25,19990.85,5,1.4,0.12156284645737267,60.25,82.75,167.74,838.7,490.0,483.8,time,930.0,375.0
2024-06-26,2024-06-26 10:10:00-04:00,2024-06-26 11:10:00-04:00,2024-06-26 10:05:00-04:00,20002.75,19918.0,19918.5,20120.7,5,1.4,0.12250566697886234,81.25,84.25,170.74,853.7,-847.5,-853.7,stop,212.5,907.5
2024-06-27,2024-06-27 10:15:00-04:00,2024-06-27 11:25:00-04:00,2024-06-27 10:10:00-04:00,20111.25,19989.25,19989.75,20281.35,5,1.4,0.12265405184717139,111.5,121.5,245.24,1226.2,-1220.0,-1226.2,stop,52.5,1327.5
2024-06-28,2024-06-28 10:05:00-04:00,2024-06-28 12:15:00-04:00,2024-06-28 10:00:00-04:00,20220.25,20038.5,20039.0,20474.0,5,1.4,0.11587477806168743,110.0,181.25,364.74,1823.7,-1817.5,-1823.7,stop,530.0,1985.0
2024-07-01,2024-07-01 12:10:00-04:00,2024-07-01 14:00:00-04:00,2024-07-01 12:05:00-04:00,20004.75,19999.25,19841.25,20233.65,5,1.4,0.11006979370289395,144.5,163.5,329.24,1646.2,-55.0,-61.2,time,217.5,272.5
2024-07-02,2024-07-02 10:55:00-04:00,2024-07-02 14:00:00-04:00,2024-07-02 10:50:00-04:00,20114.0,20208.5,19976.5,20306.5,5,1.4,0.10972385937273028,120.0,137.5,277.24,1386.2,945.0,938.8,time,1035.0,490.0
2024-07-03,2024-07-03 10:20:00-04:00,2024-07-03 11:55:00-04:00,2024-07-03 10:15:00-04:00,20284.75,20380.5,20216.0,20381.0,5,1.4,,68.0,68.75,139.74,698.7,957.5,951.3,target,970.0,407.5
2024-07-05,2024-07-05 10:05:00-04:00,2024-07-05 14:00:00-04:00,2024-07-05 10:00:00-04:00,20529.75,20623.75,20428.0,20672.2,5,1.4,0.11122804381068438,88.5,101.75,205.74,1028.7,940.0,933.8,time,1090.0,675.0
2024-07-08,2024-07-08 11:25:00-04:00,2024-07-08 14:00:00-04:00,2024-07-08 11:20:00-04:00,20658.75,20653.25,20600.75,20739.95,5,1.4,0.12140370868912131,53.25,58.0,118.24,591.1999999999999,-55.0,-61.2,time,125.0,497.5
2024-07-10,2024-07-10 10:10:00-04:00,2024-07-10 11:00:00-04:00,2024-07-10 10:05:00-04:00,20785.75,20721.0,20721.5,20875.7,5,1.4,0.10874938931332431,56.75,64.25,130.74,653.7,-647.5,-653.7,stop,100.0,827.5
2024-07-12,2024-07-12 10:05:00-04:00,2024-07-12 14:00:00-04:00,2024-07-12 10:00:00-04:00,20557.5,20709.75,20425.25,20742.65,5,1.4,0.14365200768514694,124.25,132.25,266.74,1333.7,1522.5,1516.3,time,1835.0,355.0
2024-07-15,2024-07-15 10:10:00-04:00,2024-07-15 11:20:00-04:00,2024-07-15 10:05:00-04:00,20668.75,20790.4,20581.5,20790.9,5,1.4,0.1430008724856795,84.0,87.25,176.74,883.7,1216.5000000000146,1210.3000000000145,target,1277.5,192.5
2024-07-23,2024-07-23 11:15:00-04:00,2024-07-23 12:55:00-04:00,2024-07-23 11:10:00-04:00,20053.0,19932.75,19933.25,20220.65,5,1.4,0.18413747357923066,100.5,119.75,241.74,1208.7,-1202.5,-1208.7,stop,320.0,1262.5
2024-07-25,2024-07-25 11:15:00-04:00,2024-07-25 14:00:00-04:00,2024-07-25 11:10:00-04:00,19247.0,19289.25,19016.5,19569.7,5,1.4,0.226924377489478,210.0,230.5,463.24,2316.2,422.5,416.3,time,1435.0,1045.0
2024-07-26,2024-07-26 11:50:00-04:00,2024-07-26 14:00:00-04:00,2024-07-26 11:45:00-04:00,19190.25,19194.25,19060.5,19371.9,5,1.4,0.2257277143052378,105.5,129.75,261.74,1308.7,40.0,33.8,time,1087.5,410.0
2024-07-31,2024-07-31 10:10:00-04:00,2024-07-31 14:00:00-04:00,2024-07-31 10:05:00-04:00,19445.0,19427.25,19310.5,19633.3,5,1.4,0.2413002486534268,101.5,134.5,271.24,1356.2,-177.5,-183.7,time,710.0,1007.5
2024-08-05,2024-08-05 10:05:00-04:00,2024-08-05 14:00:00-04:00,2024-08-05 10:00:00-04:00,18042.75,18078.0,17509.25,18789.65,5,1.4,0.299126658897355,444.75,533.5,1069.24,5346.2,352.5,346.3,time,2465.0,1925.0
2024-08-06,2024-08-06 10:05:00-04:00,2024-08-06 14:00:00-04:00,2024-08-06 10:00:00-04:00,18181.5,18418.25,17961.25,18489.85,5,1.4,0.3057037485845793,212.5,220.25,442.74,2213.7,2367.5,2361.3,time,2682.5,542.5
2024-08-08,2024-08-08 10:05:00-04:00,2024-08-08 14:00:00-04:00,2024-08-08 10:00:00-04:00,18276.25,18513.75,18064.75,18572.35,5,1.4,0.30032293565879287,179.25,211.5,425.24,2126.2,2375.0,2368.8,time,2675.0,460.0
2024-08-09,2024-08-09 10:15:00-04:00,2024-08-09 14:00:00-04:00,2024-08-09 10:10:00-04:00,18547.25,18609.25,18423.0,18721.2,5,1.4,0.3264176185555829,105.75,124.25,250.74,1253.7,620.0,613.8,time,1275.0,1110.0
2024-08-12,2024-08-12 10:20:00-04:00,2024-08-12 14:00:00-04:00,2024-08-12 10:15:00-04:00,18674.25,18617.25,18524.0,18884.6,5,1.4,0.3260453975100533,148.75,150.25,302.74,1513.7,-570.0,-576.2,time,912.5,980.0
2024-08-13,2024-08-13 10:50:00-04:00,2024-08-13 14:00:00-04:00,2024-08-13 10:45:00-04:00,18947.0,19057.0,18815.75,19130.75,5,1.4,0.3252002342377729,97.5,131.25,264.74,1323.7,1100.0,1093.8,time,1410.0,177.5
2024-08-14,2024-08-14 11:55:00-04:00,2024-08-14 14:00:00-04:00,2024-08-14 11:50:00-04:00,19176.25,19071.5,19011.0,19407.6,5,1.4,0.3431948147825121,164.0,165.25,332.74,1663.7,-1047.5,-1053.7,time,275.0,1577.5
2024-08-15,2024-08-15 10:25:00-04:00,2024-08-15 14:00:00-04:00,2024-08-15 10:20:00-04:00,19464.5,19583.5,19336.25,19644.05,5,1.4,0.33021262609171864,125.5,128.25,258.74,1293.7,1190.0,1183.8,time,1260.0,40.0
2024-08-16,2024-08-16 10:10:00-04:00,2024-08-16 14:00:00-04:00,2024-08-16 10:05:00-04:00,19547.0,19628.25,19462.5,19665.3,5,1.4,0.34198747809338315,72.25,84.5,171.24,856.2,812.5,806.3,time,1155.0,545.0
2024-08-19,2024-08-19 10:55:00-04:00,2024-08-19 14:00:00-04:00,2024-08-19 10:50:00-04:00,19654.25,19721.25,19545.0,19807.2,5,1.4,0.3405149243244248,79.5,109.25,220.74,1103.7,670.0,663.8,time,765.0,350.0
2024-08-21,2024-08-21 10:05:00-04:00,2024-08-21 10:50:00-04:00,2024-08-21 10:00:00-04:00,19900.25,19812.75,19813.25,20022.05,5,1.4,0.33915527945317886,71.25,87.0,176.24,881.2,-875.0,-881.2,stop,817.5,937.5
2024-08-23,2024-08-23 10:05:00-04:00,2024-08-23 10:45:00-04:00,2024-08-23 10:00:00-04:00,19846.25,19706.0,19706.5,20041.9,5,1.4,0.30815886522353264,58.0,139.75,281.74,1408.7,-1402.5,-1408.7,stop,570.0,2050.0
2024-08-27,2024-08-27 10:15:00-04:00,2024-08-27 14:00:00-04:00,2024-08-27 10:10:00-04:00,19572.5,19686.25,19441.75,19755.55,5,1.4,0.3103238872117481,129.0,130.75,263.74,1318.7,1137.5,1131.3,time,1220.0,197.5
2024-08-29,2024-08-29 10:50:00-04:00,2024-08-29 14:00:00-04:00,2024-08-29 10:45:00-04:00,19681.25,19633.0,19478.0,19965.8,5,1.4,0.2610486932939762,173.5,203.25,408.74,2043.7,-482.5,-488.7,time,107.5,1057.5
2024-08-30,2024-08-30 10:05:00-04:00,2024-08-30 10:55:00-04:00,2024-08-30 10:00:00-04:00,19605.5,19512.5,19513.0,19735.0,5,1.4,0.235615368032103,90.0,92.5,187.24,936.2,-930.0,-936.2,stop,50.0,1390.0
2024-09-02,2024-09-02 10:40:00-04:00,2024-09-02 18:00:00-04:00,2024-09-02 10:35:00-04:00,19651.75,19646.25,19614.0,19704.6,5,1.4,,31.25,37.75,77.74,388.7,-55.0,-61.2,time,297.5,240.0
2024-09-04,2024-09-04 10:30:00-04:00,2024-09-04 14:00:00-04:00,2024-09-04 10:25:00-04:00,18993.0,19005.25,18860.0,19179.2,5,1.4,0.23059371017004338,131.0,133.0,268.24,1341.2,122.5,116.3,time,1220.0,167.5
2024-09-05,2024-09-05 10:05:00-04:00,2024-09-05 11:25:00-04:00,2024-09-05 10:00:00-04:00,19085.25,18884.25,18884.75,19365.95,5,1.4,0.23165823470038452,177.25,200.5,403.24,2016.2,-2010.0,-2016.2,stop,650.0,2220.0
2024-09-09,2024-09-09 10:15:00-04:00,2024-09-09 10:30:00-04:00,2024-09-09 10:10:00-04:00,18698.75,18604.5,18605.0,18830.0,5,1.4,0.22682184349539908,92.5,93.75,189.74,948.7,-942.5,-948.7,stop,25.0,1327.5
2024-09-11,2024-09-11 12:30:00-04:00,2024-09-11 14:00:00-04:00,2024-09-11 12:25:00-04:00,18914.5,19039.75,18773.25,19112.25,5,1.4,0.23301666174047628,133.25,141.25,284.74,1423.7,1252.5,1246.3,time,1570.0,432.5
2024-09-12,2024-09-12 10:15:00-04:00,2024-09-12 14:00:00-04:00,2024-09-12 10:10:00-04:00,19311.75,19466.0,19185.25,19488.85,5,1.4,0.2254291699691717,104.25,126.5,255.24,1276.2,1542.5,1536.3,time,1632.5,650.0
2024-09-13,2024-09-13 10:10:00-04:00,2024-09-13 14:00:00-04:00,2024-09-13 10:05:00-04:00,19507.75,19560.5,19396.0,19664.2,5,1.4,0.22861570889809613,107.0,111.75,225.74,1128.7,527.5,521.3,time,692.5,947.5
2024-09-17,2024-09-17 10:50:00-04:00,2024-09-17 12:15:00-04:00,2024-09-17 10:45:00-04:00,19604.5,19474.75,19475.25,19785.45,5,1.4,0.21325288474227252,118.5,129.25,260.74,1303.7,-1297.5,-1303.7,stop,17.5,1340.0
2024-09-19,2024-09-19 10:20:00-04:00,2024-09-19 14:00:00-04:00,2024-09-19 10:15:00-04:00,20086.0,20192.75,19963.25,20257.85,5,1.4,0.21105688001541517,110.0,122.75,247.74,1238.7,1067.5,1061.3,time,1170.0,370.0
2024-09-23,2024-09-23 10:55:00-04:00,2024-09-23 13:00:00-04:00,2024-09-23 10:50:00-04:00,20110.0,20031.25,20031.75,20219.55,5,1.4,0.22004617704175836,74.25,78.25,158.74,793.7,-787.5,-793.7,stop,160.0,915.0
2024-09-24,2024-09-24 11:50:00-04:00,2024-09-24 14:00:00-04:00,2024-09-24 11:45:00-04:00,20164.0,20165.0,20081.75,20279.15,5,1.4,0.21817650569084515,72.25,82.25,166.74,833.7,10.0,3.8,time,507.5,135.0
2024-09-25,2024-09-25 10:10:00-04:00,2024-09-25 13:00:00-04:00,2024-09-25 10:05:00-04:00,20245.75,20137.75,20138.25,20396.25,5,1.4,0.21429333478226792,95.5,107.5,217.24,1086.2,-1080.0,-1086.2,stop,270.0,1102.5
2024-10-02,2024-10-02 10:20:00-04:00,2024-10-02 14:00:00-04:00,2024-10-02 10:15:00-04:00,19997.75,20044.25,19833.5,20227.7,5,1.4,0.17999686536952475,133.5,164.25,330.74,1653.7,465.0,458.8,time,917.5,517.5
2024-10-03,2024-10-03 10:05:00-04:00,2024-10-03 13:00:00-04:00,2024-10-03 10:00:00-04:00,20091.25,19894.0,19894.5,20366.7,5,1.4,0.17865046636370904,153.5,196.75,395.74,1978.7,-1972.5,-1978.7,stop,237.5,2122.5
2024-10-07,2024-10-07 10:20:00-04:00,2024-10-07 14:00:00-04:00,2024-10-07 10:15:00-04:00,20169.25,20148.25,20088.75,20281.95,5,1.4,0.1358194248441396,75.0,80.5,163.24,816.2,-210.0,-216.2,time,185.0,677.5
2024-10-08,2024-10-08 10:05:00-04:00,2024-10-08 14:00:00-04:00,2024-10-08 10:00:00-04:00,20188.25,20231.0,20069.5,20354.5,5,1.4,0.1424080733063599,89.5,118.75,239.74,1198.7,427.5,421.3,time,860.0,327.5
2024-10-09,2024-10-09 10:15:00-04:00,2024-10-09 11:10:00-04:00,2024-10-09 10:10:00-04:00,20300.75,20387.75,20238.25,20388.25,5,1.4,0.14539754545539907,61.0,62.5,127.24,636.1999999999999,870.0,863.8,target,917.5,70.0
2024-10-10,2024-10-10 10:15:00-04:00,2024-10-10 14:00:00-04:00,2024-10-10 10:10:00-04:00,20402.5,20445.25,20301.25,20544.25,5,1.4,0.1325646405484038,88.75,101.25,204.74,1023.7,427.5,421.3,time,1055.0,422.5
2024-10-11,2024-10-11 10:10:00-04:00,2024-10-11 14:00:00-04:00,2024-10-11 10:05:00-04:00,20414.25,20436.75,20313.25,20555.65,5,1.4,0.1295621239730464,57.75,101.0,204.24,1021.2,225.0,218.8,time,667.5,232.5
2024-10-18,2024-10-18 10:10:00-04:00,2024-10-18 14:00:00-04:00,2024-10-18 10:05:00-04:00,20514.5,20485.0,20433.0,20628.6,5,1.4,0.11323597185361159,78.25,81.5,165.24,826.2,-295.0,-301.2,time,175.0,722.5
2024-10-21,2024-10-21 10:10:00-04:00,2024-10-21 10:40:00-04:00,2024-10-21 10:05:00-04:00,20528.0,20422.5,20423.0,20675.0,5,1.4,0.11379862620832606,79.75,105.0,212.24,1061.2,-1055.0,-1061.2,stop,262.5,1125.0
2024-10-22,2024-10-22 10:10:00-04:00,2024-10-22 14:00:00-04:00,2024-10-22 10:05:00-04:00,20491.5,20574.0,20368.75,20663.35,5,1.4,0.11371604938514182,110.75,122.75,247.74,1238.7,825.0,818.8,time,1105.0,662.5
2024-10-24,2024-10-24 13:45:00-04:00,2024-10-24 14:00:00-04:00,2024-10-24 13:40:00-04:00,20381.75,20344.75,20296.0,20501.8,5,1.4,0.12383245464917955,80.75,85.75,173.74,868.7,-370.0,-376.2,time,17.5,540.0
2024-10-25,2024-10-25 10:05:00-04:00,2024-10-25 13:40:00-04:00,2024-10-25 10:00:00-04:00,20679.25,20489.5,20490.0,20944.2,5,1.4,0.1245020688213073,167.75,189.25,380.74,1903.7,-1897.5,-1903.7,stop,282.5,1962.5
2024-10-29,2024-10-29 10:05:00-04:00,2024-10-29 13:00:00-04:00,2024-10-29 10:00:00-04:00,20531.75,20670.9,20432.0,20671.4,5,1.4,0.12271031264704785,94.75,99.75,201.74,1008.7,1391.5000000000146,1385.3000000000145,target,1512.5,207.5
2024-10-30,2024-10-30 10:20:00-04:00,2024-10-30 14:00:00-04:00,2024-10-30 10:15:00-04:00,20679.75,20576.0,20543.0,20871.2,5,1.4,0.11757236509880994,126.5,136.75,275.74,1378.7,-1037.5,-1043.7,time,197.5,1215.0
2024-11-01,2024-11-01 10:15:00-04:00,2024-11-01 14:00:00-04:00,2024-11-01 10:10:00-04:00,20215.75,20157.25,20057.25,20437.65,5,1.4,0.1521974679326067,118.25,158.5,319.24,1596.2,-585.0,-591.2,time,715.0,665.0
2024-11-04,2024-11-04 10:20:00-05:00,2024-11-04 14:00:00-05:00,2024-11-04 10:15:00-05:00,20161.75,20148.25,20013.25,20369.65,5,1.4,0.14748353178744245,128.75,148.5,299.24,1496.2,-135.0,-141.2,time,650.0,1330.0
2024-11-05,2024-11-05 10:25:00-05:00,2024-11-05 14:00:00-05:00,2024-11-05 10:20:00-05:00,20306.0,20308.0,20147.0,20528.6,5,1.4,0.14302412630018416,152.5,159.0,320.24,1601.2,20.0,13.8,time,670.0,735.0
2024-11-06,2024-11-06 12:15:00-05:00,2024-11-06 14:00:00-05:00,2024-11-06 12:10:00-05:00,20813.25,20861.25,20643.5,21050.9,5,1.4,0.14328706319069467,163.25,169.75,341.74,1708.7,480.0,473.8,time,632.5,277.5
2024-11-07,2024-11-07 10:10:00-05:00,2024-11-07 14:00:00-05:00,2024-11-07 10:05:00-05:00,21116.25,21181.25,21003.75,21273.75,5,1.4,0.1709815551196172,107.0,112.5,227.24,1136.2,650.0,643.8,time,925.0,297.5
2024-11-08,2024-11-08 13:30:00-05:00,2024-11-08 14:00:00-05:00,2024-11-08 13:25:00-05:00,21233.25,21249.75,21176.25,21313.05,5,1.4,0.1776262517673407,55.75,57.0,116.24,581.1999999999999,165.0,158.8,time,332.5,32.5
2024-11-13,2024-11-13 12:15:00-05:00,2024-11-13 14:00:00-05:00,2024-11-13 12:10:00-05:00,21196.0,21257.25,21121.75,21299.95,5,1.4,0.16804688847218324,63.0,74.25,150.74,753.7,612.5,606.3,time,727.5,267.5
2024-11-18,2024-11-18 10:05:00-05:00,2024-11-18 11:20:00-05:00,2024-11-18 10:00:00-05:00,20587.5,20708.8,20500.5,20709.3,5,1.4,0.19209992456847855,71.0,87.0,176.24,881.2,1212.9999999999927,1206.7999999999927,target,1245.0,195.0
2024-11-19,2024-11-19 10:30:00-05:00,2024-11-19 13:35:00-05:00,2024-11-19 10:25:00-05:00,20602.75,20734.9,20508.0,20735.4,5,1.4,0.1934742253556696,79.5,94.75,191.74,958.7,1321.5000000000146,1315.3000000000145,target,1515.0,202.5
2024-11-28,2024-11-28 10:25:00-05:00,2024-11-28 18:00:00-05:00,2024-11-28 10:20:00-05:00,20900.25,20886.5,20873.75,20937.35,5,1.4,,22.5,26.5,55.24,276.2,-137.5,-143.7,time,92.5,252.5
2024-12-02,2024-12-02 10:05:00-05:00,2024-12-02 14:00:00-05:00,2024-12-02 10:00:00-05:00,21175.25,21212.0,21026.5,21383.5,5,1.4,0.18453175647643333,144.0,148.75,299.74,1498.7,367.5,361.3,time,842.5,342.5
2024-12-03,2024-12-03 10:05:00-05:00,2024-12-03 14:00:00-05:00,2024-12-03 10:00:00-05:00,21210.75,21231.75,21134.75,21317.15,5,1.4,0.17078621076203068,75.0,76.0,154.24,771.2,210.0,203.8,time,517.5,487.5
2024-12-04,2024-12-04 10:15:00-05:00,2024-12-04 14:00:00-05:00,2024-12-04 10:10:00-05:00,21445.0,21471.5,21388.25,21524.45,5,1.4,0.17071976879659156,53.75,56.75,115.74,578.6999999999999,265.0,258.8,time,515.0,295.0
2024-12-05,2024-12-05 12:15:00-05:00,2024-12-05 13:20:00-05:00,2024-12-05 12:10:00-05:00,21560.0,21497.25,21497.75,21647.15,5,1.4,0.17160704978486124,54.25,62.25,126.74,633.6999999999999,-627.5,-633.7,stop,77.5,787.5
2024-12-06,2024-12-06 10:15:00-05:00,2024-12-06 14:00:00-05:00,2024-12-06 10:10:00-05:00,21624.0,21658.0,21485.0,21818.6,5,1.4,0.1688391004124676,129.5,139.0,280.24,1401.2,340.0,333.8,time,455.0,512.5
2024-12-10,2024-12-10 10:10:00-05:00,2024-12-10 10:55:00-05:00,2024-12-10 10:05:00-05:00,21593.75,21504.75,21505.25,21717.65,5,1.4,0.13872797776927043,84.5,88.5,179.24,896.2,-890.0,-896.2,stop,130.0,972.5
2024-12-11,2024-12-11 10:10:00-05:00,2024-12-11 14:00:00-05:00,2024-12-11 10:05:00-05:00,21724.25,21792.25,21573.0,21936.0,5,1.4,0.1391708004092436,124.0,151.25,304.74,1523.7,680.0,673.8,time,872.5,505.0
2024-12-12,2024-12-12 10:30:00-05:00,2024-12-12 14:00:00-05:00,2024-12-12 10:25:00-05:00,21707.75,21696.5,21655.75,21780.55,5,1.4,0.15028163443372755,40.75,52.0,106.24,531.1999999999999,-112.5,-118.7,time,367.5,387.5
2024-12-16,2024-12-16 10:05:00-05:00,2024-12-16 13:20:00-05:00,2024-12-16 10:00:00-05:00,21989.75,22120.5,21896.0,22121.0,5,1.4,0.1538693504442192,76.5,93.75,189.74,948.7,1307.5,1301.3,target,1350.0,610.0
2024-12-17,2024-12-17 11:40:00-05:00,2024-12-17 14:00:00-05:00,2024-12-17 11:35:00-05:00,22075.0,22004.0,21975.75,22213.95,5,1.4,0.15706290045662696,86.75,99.25,200.74,1003.7,-710.0,-716.2,time,57.5,892.5
2024-12-18,2024-12-18 10:15:00-05:00,2024-12-18 14:00:00-05:00,2024-12-18 10:10:00-05:00,22013.25,21991.25,21913.25,22153.25,5,1.4,0.12849513591920372,89.25,100.0,202.24,1011.2,-220.0,-226.2,time,407.5,1052.5
2024-12-20,2024-12-20 10:15:00-05:00,2024-12-20 11:00:00-05:00,2024-12-20 10:10:00-05:00,21341.75,21595.35,21160.25,21595.85,5,1.4,0.20770758632141068,149.0,181.5,365.24,1826.2,2535.9999999999854,2529.7999999999856,target,2582.5,177.5
2024-12-23,2024-12-23 11:55:00-05:00,2024-12-23 14:00:00-05:00,2024-12-23 11:50:00-05:00,21681.25,21744.5,21552.5,21861.5,5,1.4,0.2097927874037796,123.0,128.75,259.74,1298.7,632.5,626.3,time,760.0,387.5
2024-12-26,2024-12-26 11:15:00-05:00,2024-12-26 14:00:00-05:00,2024-12-26 11:10:00-05:00,22012.5,22016.25,21870.5,22211.3,5,1.4,0.21010509894167864,138.0,142.0,286.24,1431.2,37.5,31.3,time,625.0,395.0
2024-12-30,2024-12-30 11:40:00-05:00,2024-12-30 14:00:00-05:00,2024-12-30 11:35:00-05:00,21432.25,21542.0,21282.0,21642.6,5,1.4,0.21951660655799585,135.0,150.25,302.74,1513.7,1097.5,1091.3,time,1372.5,190.0
