session_date,entry_time,exit_time,trigger_time,entry,exit,stop,target,qty,target_r,estimated_annual_vol,range_points,risk_points,planned_risk_per_contract,planned_risk_usd,gross_pnl,net_pnl,exit_reason,mfe_usd,mae_usd
2021-01-05,2021-01-05 10:05:00-05:00,2021-01-05 14:00:00-05:00,2021-01-05 10:00:00-05:00,12773.0,12752.0,12650.5,12822.0,5,0.4,,118.25,122.5,246.74,1233.7,-210.0,-216.2,time,92.5,847.5
2021-01-06,2021-01-06 10:15:00-05:00,2021-01-06 10:35:00-05:00,2021-01-06 10:10:00-05:00,12677.0,12726.85,12551.75,12727.1,5,0.4,,115.75,125.25,252.24,1261.2,498.50000000000364,492.30000000000365,target,577.5,80.0
2021-01-07,2021-01-07 10:05:00-05:00,2021-01-07 14:00:00-05:00,2021-01-07 10:00:00-05:00,12871.5,12913.0,12726.5,12929.5,5,0.4,,112.25,145.0,291.74,1458.7,415.0,408.8,time,492.5,127.5
2021-01-08,2021-01-08 12:15:00-05:00,2021-01-08 13:20:00-05:00,2021-01-08 12:10:00-05:00,13056.25,12985.5,12985.75,13084.45,5,0.4,,66.75,70.5,142.74,713.7,-707.5,-713.7,stop,92.5,1045.0
2021-01-11,2021-01-11 10:10:00-05:00,2021-01-11 14:00:00-05:00,2021-01-11 10:05:00-05:00,12980.5,12959.75,12892.25,13015.8,5,0.4,,82.75,88.25,178.24,891.2,-207.5,-213.7,time,325.0,492.5
2021-01-13,2021-01-13 10:40:00-05:00,2021-01-13 14:00:00-05:00,2021-01-13 10:35:00-05:00,12958.5,12978.25,12864.0,12996.3,5,0.4,,81.25,94.5,190.74,953.7,197.5,191.3,time,377.5,202.5
2021-01-14,2021-01-14 10:50:00-05:00,2021-01-14 11:55:00-05:00,2021-01-14 10:45:00-05:00,13021.25,12968.25,12968.5,13042.35,5,0.4,,46.5,52.75,107.24,536.1999999999999,-530.0,-536.2,stop,75.0,535.0
2021-01-19,2021-01-19 12:40:00-05:00,2021-01-19 13:00:00-05:00,2021-01-19 12:35:00-05:00,12931.25,12959.4,12860.25,12959.65,5,0.4,,70.25,71.0,143.74,718.7,281.49999999999636,275.2999999999964,target,315.0,77.5
2021-01-20,2021-01-20 10:10:00-05:00,2021-01-20 10:30:00-05:00,2021-01-20 10:05:00-05:00,13206.5,13240.45,13121.0,13240.7,5,0.4,,74.25,85.5,172.74,863.7,339.5000000000073,333.3000000000073,target,365.0,12.5
2021-01-21,2021-01-21 10:15:00-05:00,2021-01-21 14:00:00-05:00,2021-01-21 10:10:00-05:00,13364.75,13364.75,13283.0,13397.45,5,0.4,,60.75,81.75,165.24,826.2,0.0,-6.2,time,280.0,487.5
2021-01-26,2021-01-26 10:50:00-05:00,2021-01-26 14:00:00-05:00,2021-01-26 10:45:00-05:00,13514.25,13500.0,13426.5,13549.35,5,0.4,,82.75,87.75,177.24,886.2,-142.5,-148.7,time,187.5,590.0
2021-01-28,2021-01-28 10:20:00-05:00,2021-01-28 12:00:00-05:00,2021-01-28 10:15:00-05:00,13267.25,13322.6,13128.25,13322.85,5,0.4,,120.5,139.0,279.74,1398.7,553.5000000000036,547.3000000000036,target,632.5,632.5
2021-01-29,2021-01-29 10:25:00-05:00,2021-01-29 11:20:00-05:00,2021-01-29 10:20:00-05:00,13147.5,12998.0,12998.25,13207.2,5,0.4,,137.0,149.25,300.24,1501.2,-1495.0,-1501.2,stop,95.0,1587.5
2021-02-01,2021-02-01 10:45:00-05:00,2021-02-01 11:30:00-05:00,2021-02-01 10:40:00-05:00,13116.25,13174.4,12970.25,13174.65,5,0.4,,132.5,146.0,293.74,1468.7,581.4999999999964,575.2999999999963,target,595.0,750.0
2021-02-02,2021-02-02 10:20:00-05:00,2021-02-02 12:15:00-05:00,2021-02-02 10:15:00-05:00,13434.5,13470.05,13345.0,13470.3,5,0.4,,78.5,89.5,180.74,903.7,355.4999999999927,349.29999999999274,target,367.5,517.5
2021-02-04,2021-02-04 13:05:00-05:00,2021-02-04 14:00:00-05:00,2021-02-04 13:00:00-05:00,13487.0,13495.0,13412.0,13517.0,5,0.4,0.26149486700942104,68.25,75.0,151.74,758.7,80.0,73.8,time,175.0,55.0
2021-02-05,2021-02-05 12:20:00-05:00,2021-02-05 12:40:00-05:00,2021-02-05 12:15:00-05:00,13596.25,13620.1,13536.0,13620.35,5,0.4,0.25476100803130813,57.0,60.25,122.24,611.1999999999999,238.50000000000364,232.30000000000365,target,272.5,22.5
2021-02-08,2021-02-08 10:05:00-05:00,2021-02-08 10:05:00-05:00,2021-02-08 10:00:00-05:00,13675.0,13691.75,13632.5,13692.0,5,0.4,0.24217522741897923,41.5,42.5,86.74,433.7,167.5,161.3,target,175.0,45.0
2021-02-09,2021-02-09 10:10:00-05:00,2021-02-09 14:00:00-05:00,2021-02-09 10:05:00-05:00,13713.75,13671.5,13645.0,13741.25,5,0.4,0.2386635133261671,63.5,68.75,139.24,696.2,-422.5,-428.7,time,215.0,517.5
2021-02-12,2021-02-12 10:15:00-05:00,2021-02-12 10:50:00-05:00,2021-02-12 10:10:00-05:00,13707.25,13731.5,13646.0,13731.75,5,0.4,0.2294171849755282,59.75,61.25,124.24,621.1999999999999,242.5,236.3,target,287.5,430.0
2021-02-15,2021-02-15 11:00:00-05:00,2021-02-15 12:40:00-05:00,2021-02-15 10:55:00-05:00,13863.0,13868.65,13848.25,13868.9,5,0.4,,14.0,14.75,31.24,156.2,56.49999999999636,50.29999999999636,target,130.0,92.5
2021-02-16,2021-02-16 10:40:00-05:00,2021-02-16 11:05:00-05:00,2021-02-16 10:35:00-05:00,13871.0,13811.25,13811.5,13894.8,5,0.4,0.22699088621966235,57.0,59.5,120.74,603.6999999999999,-597.5,-603.7,stop,25.0,697.5
2021-02-18,2021-02-18 13:25:00-05:00,2021-02-18 14:00:00-05:00,2021-02-18 13:20:00-05:00,13596.0,13600.25,13523.5,13625.0,5,0.4,0.22017306357726335,59.5,72.5,146.74,733.7,42.5,36.3,time,292.5,45.0
2021-02-23,2021-02-23 10:30:00-05:00,2021-02-23 14:00:00-05:00,2021-02-23 10:25:00-05:00,13025.25,13045.5,12757.5,13132.35,5,0.4,0.22802902269133407,258.75,267.75,537.24,2686.2,202.5,196.3,time,940.0,1405.0
2021-02-24,2021-02-24 11:15:00-05:00,2021-02-24 12:00:00-05:00,2021-02-24 11:10:00-05:00,13143.25,13199.6,13001.75,13199.85,5,0.4,0.22578433982493715,118.5,141.5,284.74,1423.7,563.5000000000036,557.3000000000036,target,700.0,17.5
2021-02-26,2021-02-26 12:10:00-05:00,2021-02-26 14:00:00-05:00,2021-02-26 12:05:00-05:00,13052.25,12955.25,12859.25,13129.45,5,0.4,0.2266301056614266,172.5,193.0,387.74,1938.7,-970.0,-976.2,time,375.0,1195.0
2021-03-01,2021-03-01 10:20:00-05:00,2021-03-01 10:40:00-05:00,2021-03-01 10:15:00-05:00,13132.0,13168.45,13040.25,13168.7,5,0.4,0.22601066471332387,75.5,91.75,185.24,926.2,364.5000000000073,358.3000000000073,target,402.5,55.0
2021-03-04,2021-03-04 11:45:00-05:00,2021-03-04 12:25:00-05:00,2021-03-04 11:40:00-05:00,12783.0,12568.5,12568.75,12868.7,5,0.4,0.23209353726778945,196.25,214.25,430.24,2151.2,-2145.0,-2151.2,stop,140.0,2220.0
2021-03-08,2021-03-08 10:35:00-05:00,2021-03-08 11:50:00-05:00,2021-03-08 10:30:00-05:00,12708.25,12526.25,12526.5,12780.95,5,0.4,0.2387482733147758,172.0,181.75,365.24,1826.2,-1820.0,-1826.2,stop,70.0,1882.5
2021-03-09,2021-03-09 10:05:00-05:00,2021-03-09 12:10:00-05:00,2021-03-09 10:00:00-05:00,12724.75,12779.6,12587.0,12779.85,5,0.4,0.2523524895150613,129.25,137.75,277.24,1386.2,548.5000000000036,542.3000000000036,target,585.0,410.0
2021-03-11,2021-03-11 10:50:00-05:00,2021-03-11 11:00:00-05:00,2021-03-11 10:45:00-05:00,13009.5,13040.35,12931.75,13040.6,5,0.4,0.29288343241495285,75.0,77.75,157.24,786.2,308.50000000000364,302.30000000000365,target,317.5,165.0
2021-03-12,2021-03-12 12:30:00-05:00,2021-03-12 14:00:00-05:00,2021-03-12 12:25:00-05:00,12903.25,12882.5,12798.0,12945.35,5,0.4,0.30607997286004,96.75,105.25,212.24,1061.2,-207.5,-213.7,time,230.0,487.5
2021-03-15,2021-03-15 10:15:00-04:00,2021-03-15 11:30:00-04:00,2021-03-15 10:10:00-04:00,12987.5,12896.25,12896.5,13023.9,5,0.4,0.30564509688746927,86.25,91.0,183.74,918.7,-912.5,-918.7,stop,12.5,920.0
2021-03-16,2021-03-16 10:05:00-04:00,2021-03-16 10:50:00-04:00,2021-03-16 10:00:00-04:00,13245.0,13285.85,13142.25,13286.1,5,0.4,0.3080150538433352,96.25,102.75,207.24,1036.2,408.50000000000364,402.30000000000365,target,507.5,117.5
2021-03-17,2021-03-17 10:20:00-04:00,2021-03-17 14:00:00-04:00,2021-03-17 10:15:00-04:00,13066.75,12995.0,12934.25,13119.75,5,0.4,0.30919839888707373,109.0,132.5,266.74,1333.7,-717.5,-723.7,time,482.5,1280.0
2021-03-19,2021-03-19 11:05:00-04:00,2021-03-19 13:45:00-04:00,2021-03-19 11:00:00-04:00,12841.5,12887.85,12725.0,12888.1,5,0.4,0.323327614582031,112.0,116.5,234.74,1173.7,463.50000000000364,457.30000000000365,target,497.5,837.5
2021-03-22,2021-03-22 10:35:00-04:00,2021-03-22 10:50:00-04:00,2021-03-22 10:30:00-04:00,13026.0,13065.05,12927.75,13065.3,5,0.4,0.32383165258679175,93.25,98.25,198.24,991.2,390.4999999999927,384.29999999999274,target,395.0,140.0
2021-03-23,2021-03-23 10:15:00-04:00,2021-03-23 11:05:00-04:00,2021-03-23 10:10:00-04:00,13122.75,13151.4,13050.5,13151.65,5,0.4,0.31977839715249806,69.0,72.25,146.24,731.2,286.49999999999636,280.2999999999964,target,402.5,717.5
2021-03-25,2021-03-25 10:05:00-04:00,2021-03-25 10:45:00-04:00,2021-03-25 10:00:00-04:00,12823.0,12688.0,12688.25,12876.9,5,0.4,0.32317465001852974,114.75,134.75,271.24,1356.2,-1350.0,-1356.2,stop,140.0,1487.5
2021-03-26,2021-03-26 10:05:00-04:00,2021-03-26 14:00:00-04:00,2021-03-26 10:00:00-04:00,12850.5,12798.75,12754.0,12889.1,5,0.4,0.30171072738198584,76.0,96.5,194.74,973.7,-517.5,-523.7,time,217.5,925.0
2021-03-29,2021-03-29 13:05:00-04:00,2021-03-29 14:00:00-04:00,2021-03-29 13:00:00-04:00,12986.5,12953.5,12852.5,13040.1,5,0.4,0.30472278637508277,125.0,134.0,269.74,1348.7,-330.0,-336.2,time,162.5,520.0
2021-03-30,2021-03-30 11:35:00-04:00,2021-03-30 14:00:00-04:00,2021-03-30 11:30:00-04:00,12895.25,12851.5,12805.25,12931.25,5,0.4,0.2840958595496869,82.75,90.0,181.74,908.7,-437.5,-443.7,time,210.0,700.0
2021-03-31,2021-03-31 10:05:00-04:00,2021-03-31 10:40:00-04:00,2021-03-31 10:00:00-04:00,13067.5,13113.05,12953.0,13113.3,5,0.4,0.2784346687992326,102.75,114.5,230.74,1153.7,455.4999999999927,449.29999999999274,target,560.0,27.5
2021-04-01,2021-04-01 10:10:00-04:00,2021-04-01 14:00:00-04:00,2021-04-01 10:05:00-04:00,13306.25,13281.5,13241.5,13332.15,5,0.4,0.263113545431011,60.25,64.75,131.24,656.2,-247.5,-253.7,time,152.5,462.5
2021-04-05,2021-04-05 10:10:00-04:00,2021-04-05 10:30:00-04:00,2021-04-05 10:05:00-04:00,13490.75,13523.1,13409.25,13523.35,5,0.4,0.26016829262236574,76.25,81.5,164.74,823.7,323.50000000000364,317.30000000000365,target,350.0,52.5
2021-04-06,2021-04-06 10:05:00-04:00,2021-04-06 11:10:00-04:00,2021-04-06 10:00:00-04:00,13605.0,13631.25,13538.75,13631.5,5,0.4,0.26370560585597236,58.75,66.25,134.24,671.2,262.5,256.3,target,332.5,410.0
2021-04-07,2021-04-07 10:05:00-04:00,2021-04-07 11:05:00-04:00,2021-04-07 10:00:00-04:00,13593.0,13624.75,13513.0,13625.0,5,0.4,0.2371484938912809,71.5,80.0,161.74,808.7,317.5,311.3,target,370.0,87.5
2021-04-09,2021-04-09 10:05:00-04:00,2021-04-09 11:50:00-04:00,2021-04-09 10:00:00-04:00,13732.5,13761.95,13658.25,13762.2,5,0.4,0.20319973402553643,69.75,74.25,150.24,751.2,294.5000000000073,288.3000000000073,target,322.5,377.5
2021-04-12,2021-04-12 12:35:00-04:00,2021-04-12 14:00:00-04:00,2021-04-12 12:30:00-04:00,13814.0,13782.5,13742.5,13842.6,5,0.4,0.19198889198675578,67.0,71.5,144.74,723.7,-315.0,-321.2,time,147.5,362.5
2021-04-15,2021-04-15 10:30:00-04:00,2021-04-15 13:30:00-04:00,2021-04-15 10:25:00-04:00,13989.25,14015.4,13923.25,14015.65,5,0.4,0.194910842642622,54.5,66.0,133.74,668.7,261.49999999999636,255.29999999999637,target,327.5,460.0
2021-04-21,2021-04-21 10:30:00-04:00,2021-04-21 11:30:00-04:00,2021-04-21 10:25:00-04:00,13816.0,13862.05,13700.25,13862.3,5,0.4,0.16752289970211742,104.5,115.75,233.24,1166.2,460.4999999999927,454.29999999999274,target,507.5,477.5
2021-04-22,2021-04-22 10:35:00-04:00,2021-04-22 13:10:00-04:00,2021-04-22 10:30:00-04:00,13931.0,13855.0,13855.25,13961.3,5,0.4,0.16818447306005826,56.75,75.75,153.24,766.2,-760.0,-766.2,stop,130.0,1070.0
2021-04-23,2021-04-23 10:05:00-04:00,2021-04-23 10:35:00-04:00,2021-04-23 10:00:00-04:00,13838.0,13862.65,13775.75,13862.9,5,0.4,0.1590605595196717,58.5,62.25,126.24,631.1999999999999,246.49999999999636,240.29999999999637,target,252.5,130.0
2021-04-26,2021-04-26 10:10:00-04:00,2021-04-26 10:50:00-04:00,2021-04-26 10:05:00-04:00,13952.5,13972.35,13902.25,13972.6,5,0.4,0.1615989315179521,48.5,50.25,102.24,511.2,198.50000000000364,192.30000000000365,target,252.5,87.5
2021-04-30,2021-04-30 10:25:00-04:00,2021-04-30 10:35:00-04:00,2021-04-30 10:20:00-04:00,13923.5,13956.55,13840.25,13956.8,5,0.4,0.1537471791925383,68.0,83.25,168.24,841.2,330.4999999999927,324.29999999999274,target,335.0,87.5
2021-05-03,2021-05-03 10:15:00-04:00,2021-05-03 10:50:00-04:00,2021-05-03 10:10:00-04:00,13929.75,13850.75,13851.0,13961.25,5,0.4,0.14897782902406803,65.25,78.75,159.24,796.2,-790.0,-796.2,stop,177.5,905.0
2021-05-06,2021-05-06 11:35:00-04:00,2021-05-06 11:50:00-04:00,2021-05-06 11:30:00-04:00,13523.75,13563.3,13424.25,13563.55,5,0.4,0.15298619935422067,84.75,99.5,200.74,1003.7,395.4999999999927,389.29999999999274,target,402.5,45.0
2021-05-07,2021-05-07 10:10:00-04:00,2021-05-07 10:20:00-04:00,2021-05-07 10:05:00-04:00,13764.5,13805.35,13661.75,13805.6,5,0.4,0.1511587960931989,92.75,102.75,207.24,1036.2,408.50000000000364,402.30000000000365,target,460.0,22.5
2021-05-11,2021-05-11 11:20:00-04:00,2021-05-11 13:25:00-04:00,2021-05-11 11:15:00-04:00,13272.25,13347.4,13083.75,13347.65,5,0.4,0.17935730890380042,188.0,188.5,378.74,1893.7,751.4999999999964,745.2999999999963,target,867.5,245.0
2021-05-13,2021-05-13 10:05:00-04:00,2021-05-13 11:40:00-04:00,2021-05-13 10:00:00-04:00,13189.25,13085.75,13086.0,13230.55,5,0.4,0.18925164110393555,82.75,103.25,208.24,1041.2,-1035.0,-1041.2,stop,357.5,1255.0
2021-05-14,2021-05-14 10:15:00-04:00,2021-05-14 10:45:00-04:00,2021-05-14 10:10:00-04:00,13287.0,13318.25,13208.25,13318.5,5,0.4,0.18151476475727188,60.75,78.75,159.24,796.2,312.5,306.3,target,330.0,120.0
2021-05-18,2021-05-18 10:30:00-04:00,2021-05-18 14:00:00-04:00,2021-05-18 10:25:00-04:00,13382.75,13331.0,13300.25,13415.75,5,0.4,0.20577062709522903,61.5,82.5,166.74,833.7,-517.5,-523.7,time,137.5,645.0
2021-05-19,2021-05-19 10:30:00-04:00,2021-05-19 11:20:00-04:00,2021-05-19 10:25:00-04:00,13092.0,13140.75,12969.5,13141.0,5,0.4,0.2043192969410075,108.0,122.5,246.74,1233.7,487.5,481.3,target,575.0,480.0
2021-05-20,2021-05-20 10:05:00-04:00,2021-05-20 11:25:00-04:00,2021-05-20 10:00:00-04:00,13406.5,13456.25,13281.5,13456.5,5,0.4,0.1987924179674949,117.0,125.0,251.74,1258.7,497.5,491.3,target,652.5,97.5
2021-05-24,2021-05-24 10:05:00-04:00,2021-05-24 10:15:00-04:00,2021-05-24 10:00:00-04:00,13590.0,13628.55,13493.0,13628.8,5,0.4,0.20564573112373635,90.5,97.0,195.74,978.7,385.4999999999927,379.29999999999274,target,415.0,57.5
2021-05-26,2021-05-26 11:10:00-04:00,2021-05-26 14:00:00-04:00,2021-05-26 11:05:00-04:00,13711.75,13686.25,13661.75,13731.75,5,0.4,0.21317426551316263,47.0,50.0,101.74,508.7,-255.0,-261.2,time,132.5,360.0
2021-05-27,2021-05-27 10:20:00-04:00,2021-05-27 14:00:00-04:00,2021-05-27 10:15:00-04:00,13699.25,13686.5,13643.75,13721.45,5,0.4,0.21360215538056776,51.5,55.5,112.74,563.6999999999999,-127.5,-133.7,time,215.0,277.5
2021-05-28,2021-05-28 11:45:00-04:00,2021-05-28 14:00:00-04:00,2021-05-28 11:40:00-04:00,13745.5,13716.25,13695.75,13765.4,5,0.4,0.21278867144508867,44.0,49.75,101.24,506.2,-292.5,-298.7,time,177.5,395.0
2021-06-03,2021-06-03 11:00:00-04:00,2021-06-03 14:00:00-04:00,2021-06-03 10:55:00-04:00,13579.25,13566.0,13462.25,13626.05,5,0.4,0.19937865473122654,108.5,117.0,235.74,1178.7,-132.5,-138.7,time,305.0,527.5
2021-06-04,2021-06-04 10:05:00-04:00,2021-06-04 14:00:00-04:00,2021-06-04 10:00:00-04:00,13733.0,13774.5,13605.5,13784.0,5,0.4,0.20344106327034528,99.5,127.5,256.74,1283.7,415.0,408.8,time,460.0,122.5
2021-06-14,2021-06-14 12:05:00-04:00,2021-06-14 14:00:00-04:00,2021-06-14 12:00:00-04:00,14041.25,14059.0,13957.0,14074.95,5,0.4,0.15511500323012628,81.0,84.25,170.24,851.2,177.5,171.3,time,232.5,82.5
2021-06-16,2021-06-16 10:15:00-04:00,2021-06-16 11:05:00-04:00,2021-06-16 10:10:00-04:00,14089.5,14042.25,14042.5,14108.3,5,0.4,0.1357881400952648,45.0,47.0,95.74,478.7,-472.5,-478.7,stop,60.0,485.0
2021-06-17,2021-06-17 10:05:00-04:00,2021-06-17 10:25:00-04:00,2021-06-17 10:00:00-04:00,14040.75,14084.0,13932.0,14084.25,5,0.4,0.13345781977414384,101.75,108.75,219.24,1096.2,432.5,426.3,target,552.5,250.0
2021-06-21,2021-06-21 10:40:00-04:00,2021-06-21 11:05:00-04:00,2021-06-21 10:35:00-04:00,14081.75,14130.7,13958.75,14130.95,5,0.4,0.12823823574966964,113.5,123.0,247.74,1238.7,489.5000000000073,483.3000000000073,target,510.0,22.5
2021-06-22,2021-06-22 11:10:00-04:00,2021-06-22 12:20:00-04:00,2021-06-22 11:05:00-04:00,14187.75,14219.7,14107.25,14219.95,5,0.4,0.1258931586291146,69.5,80.5,162.74,813.7,319.5000000000073,313.3000000000073,target,355.0,7.5
2021-06-24,2021-06-24 10:10:00-04:00,2021-06-24 10:30:00-04:00,2021-06-24 10:05:00-04:00,14387.25,14404.3,14344.0,14404.55,5,0.4,0.11794799564293258,42.25,43.25,88.24,441.2,170.49999999999272,164.29999999999274,target,202.5,45.0
2021-06-28,2021-06-28 10:10:00-04:00,2021-06-28 14:00:00-04:00,2021-06-28 10:05:00-04:00,14467.5,14463.0,14391.0,14498.1,5,0.4,0.11774031519069397,67.5,76.5,154.74,773.7,-45.0,-51.2,time,275.0,125.0
2021-06-29,2021-06-29 12:20:00-04:00,2021-06-29 14:00:00-04:00,2021-06-29 12:15:00-04:00,14533.75,14551.0,14470.0,14559.25,5,0.4,0.1218053294785945,59.5,63.75,129.24,646.2,172.5,166.3,time,207.5,37.5
2021-07-02,2021-07-02 11:55:00-04:00,2021-07-02 13:00:00-04:00,2021-07-02 11:50:00-04:00,14670.5,14690.75,14619.25,14691.0,5,0.4,0.10940763140586308,46.0,51.25,104.24,521.1999999999999,202.5,196.3,target,227.5,150.0
2021-07-06,2021-07-06 10:10:00-04:00,2021-07-06 10:30:00-04:00,2021-07-06 10:05:00-04:00,14786.25,14738.5,14738.75,14805.25,5,0.4,0.09951619086870642,35.0,47.5,96.74,483.7,-477.5,-483.7,stop,35.0,610.0
2021-07-08,2021-07-08 10:30:00-04:00,2021-07-08 11:50:00-04:00,2021-07-08 10:25:00-04:00,14644.75,14686.4,14540.0,14686.65,5,0.4,0.09903736516094892,101.75,104.75,211.24,1056.2,416.49999999999636,410.2999999999964,target,420.0,790.0
2021-07-09,2021-07-09 10:25:00-04:00,2021-07-09 10:50:00-04:00,2021-07-09 10:20:00-04:00,14728.25,14752.0,14668.25,14752.25,5,0.4,0.10384266236808616,56.75,60.0,121.74,608.6999999999999,237.5,231.3,target,440.0,247.5
2021-07-13,2021-07-13 10:05:00-04:00,2021-07-13 10:30:00-04:00,2021-07-13 10:00:00-04:00,14927.5,14961.45,14842.0,14961.7,5,0.4,0.10050023003034211,77.0,85.5,172.74,863.7,339.5000000000073,333.3000000000073,target,380.0,130.0
2021-07-14,2021-07-14 10:05:00-04:00,2021-07-14 11:25:00-04:00,2021-07-14 10:00:00-04:00,14992.5,14934.5,14934.75,15015.6,5,0.4,0.09901854329141808,56.5,57.75,117.24,586.1999999999999,-580.0,-586.2,stop,22.5,847.5
2021-07-20,2021-07-20 10:25:00-04:00,2021-07-20 10:45:00-04:00,2021-07-20 10:20:00-04:00,14608.5,14644.95,14516.75,14645.2,5,0.4,0.09443348710160712,84.5,91.75,185.24,926.2,364.5000000000073,358.3000000000073,target,387.5,272.5
2021-07-21,2021-07-21 10:25:00-04:00,2021-07-21 14:00:00-04:00,2021-07-21 10:20:00-04:00,14761.5,14779.0,14692.0,14789.3,5,0.4,0.09699916820503779,65.5,69.5,140.74,703.7,175.0,168.8,time,277.5,262.5
2021-07-22,2021-07-22 10:30:00-04:00,2021-07-22 14:00:00-04:00,2021-07-22 10:25:00-04:00,14904.75,14905.5,14839.75,14930.75,5,0.4,0.09658170949858022,55.0,65.0,131.74,658.7,7.5,1.2999999999999998,time,185.0,542.5
2021-07-23,2021-07-23 10:20:00-04:00,2021-07-23 11:00:00-04:00,2021-07-23 10:15:00-04:00,14997.75,15022.9,14934.25,15023.15,5,0.4,0.09834890048451028,60.0,63.5,128.74,643.7,251.49999999999636,245.29999999999637,target,255.0,140.0
2021-07-26,2021-07-26 10:05:00-04:00,2021-07-26 14:00:00-04:00,2021-07-26 10:00:00-04:00,15112.75,15105.0,15040.25,15141.75,5,0.4,0.10118207820043215,61.0,72.5,146.74,733.7,-77.5,-83.7,time,215.0,305.0
2021-07-28,2021-07-28 10:20:00-04:00,2021-07-28 14:00:00-04:00,2021-07-28 10:15:00-04:00,15054.25,14972.75,14901.5,15115.35,5,0.4,0.11095652041817838,121.0,152.75,307.24,1536.2,-815.0,-821.2,time,205.0,1325.0
2021-07-30,2021-07-30 10:05:00-04:00,2021-07-30 14:00:00-04:00,2021-07-30 10:00:00-04:00,14977.0,14964.5,14866.0,15021.4,5,0.4,0.1109695094214339,86.75,111.0,223.74,1118.7,-125.0,-131.2,time,22.5,667.5
2021-08-02,2021-08-02 11:25:00-04:00,2021-08-02 14:00:00-04:00,2021-08-02 11:20:00-04:00,15045.75,14985.5,14936.0,15089.65,5,0.4,0.1112741429155427,108.25,109.75,221.24,1106.2,-602.5,-608.7,time,55.0,845.0
2021-08-03,2021-08-03 12:00:00-04:00,2021-08-03 14:00:00-04:00,2021-08-03 11:55:00-04:00,15011.0,15019.5,14902.75,15054.3,5,0.4,0.10539853717683753,106.0,108.25,218.24,1091.2,85.0,78.8,time,257.5,312.5
2021-08-04,2021-08-04 13:05:00-04:00,2021-08-04 13:20:00-04:00,2021-08-04 13:00:00-04:00,15075.25,15097.7,15018.5,15097.95,5,0.4,0.10607400060771707,50.75,56.75,115.24,576.1999999999999,224.50000000000728,218.3000000000073,target,277.5,7.5
2021-08-05,2021-08-05 10:20:00-04:00,2021-08-05 11:00:00-04:00,2021-08-05 10:15:00-04:00,15131.0,15154.05,15072.75,15154.3,5,0.4,0.10606652412642327,56.0,58.25,118.24,591.1999999999999,230.49999999999272,224.29999999999274,target,350.0,280.0
2021-08-12,2021-08-12 10:20:00-04:00,2021-08-12 10:30:00-04:00,2021-08-12 10:15:00-04:00,15008.25,15032.8,14946.25,15033.05,5,0.4,0.10632111089126535,59.0,62.0,125.74,628.6999999999999,245.49999999999272,239.29999999999274,target,262.5,42.5
2021-08-13,2021-08-13 10:20:00-04:00,2021-08-13 14:00:00-04:00,2021-08-13 10:15:00-04:00,15133.75,15115.5,15068.0,15160.05,5,0.4,0.1022028766067988,40.25,65.75,133.24,666.2,-182.5,-188.7,time,77.5,415.0
2021-08-17,2021-08-17 10:45:00-04:00,2021-08-17 11:55:00-04:00,2021-08-17 10:40:00-04:00,15050.0,14954.5,14954.75,15088.1,5,0.4,0.09201239052834219,87.75,95.25,192.24,961.2,-955.0,-961.2,stop,77.5,1122.5
2021-08-19,2021-08-19 10:10:00-04:00,2021-08-19 10:15:00-04:00,2021-08-19 10:05:00-04:00,14846.75,14879.8,14763.5,14880.05,5,0.4,0.09844442433015023,72.25,83.25,168.24,841.2,330.4999999999927,324.29999999999274,target,395.0,80.0
2021-08-20,2021-08-20 10:05:00-04:00,2021-08-20 14:00:00-04:00,2021-08-20 10:00:00-04:00,15059.5,15053.75,14959.25,15099.6,5,0.4,0.09687826201985328,86.25,100.25,202.24,1011.2,-57.5,-63.7,time,385.0,577.5
2021-08-23,2021-08-23 10:05:00-04:00,2021-08-23 10:50:00-04:00,2021-08-23 10:00:00-04:00,15230.25,15272.2,15124.75,15272.45,5,0.4,0.09738528329217602,84.25,105.5,212.74,1063.7,419.5000000000073,413.3000000000073,target,427.5,80.0
2021-08-24,2021-08-24 10:10:00-04:00,2021-08-24 14:00:00-04:00,2021-08-24 10:05:00-04:00,15361.25,15347.25,15312.75,15380.65,5,0.4,0.1117355155999504,40.75,48.5,98.74,493.7,-140.0,-146.2,time,190.0,310.0
2021-08-27,2021-08-27 10:05:00-04:00,2021-08-27 10:10:00-04:00,2021-08-27 10:00:00-04:00,15361.75,15392.5,15284.25,15392.75,5,0.4,0.09939144268174115,48.0,77.5,156.74,783.7,307.5,301.3,target,365.0,205.0
2021-08-30,2021-08-30 10:05:00-04:00,2021-08-30 10:30:00-04:00,2021-08-30 10:00:00-04:00,15545.5,15581.35,15455.25,15581.6,5,0.4,0.1037038266557274,74.75,90.25,182.24,911.2,358.50000000000364,352.30000000000365,target,405.0,80.0
2021-09-03,2021-09-03 10:05:00-04:00,2021-09-03 14:00:00-04:00,2021-09-03 10:00:00-04:00,15661.5,15656.5,15554.5,15704.3,5,0.4,0.10806001969793394,90.5,107.0,215.74,1078.7,-50.0,-56.2,time,72.5,570.0
2021-09-06,2021-09-06 10:05:00-04:00,2021-09-06 18:00:00-04:00,2021-09-06 10:00:00-04:00,15706.25,15700.75,15686.5,15714.15,5,0.4,,16.5,19.75,41.24,206.20000000000002,-55.0,-61.2,time,12.5,127.5
2021-09-07,2021-09-07 10:55:00-04:00,2021-09-07 12:45:00-04:00,2021-09-07 10:50:00-04:00,15673.5,15697.25,15613.5,15697.5,5,0.4,0.10586407977833473,55.5,60.0,121.74,608.6999999999999,237.5,231.3,target,280.0,412.5
2021-09-15,2021-09-15 13:00:00-04:00,2021-09-15 14:00:00-04:00,2021-09-15 12:55:00-04:00,15439.5,15452.5,15331.0,15482.9,5,0.4,0.10984106738888379,102.25,108.5,218.74,1093.7,130.0,123.8,time,285.0,50.0
2021-09-22,2021-09-22 10:05:00-04:00,2021-09-22 10:25:00-04:00,2021-09-22 10:00:00-04:00,15094.0,15125.45,15014.75,15125.7,5,0.4,0.111625182733402,63.5,79.25,160.24,801.2,314.5000000000073,308.3000000000073,target,377.5,105.0
2021-09-23,2021-09-23 10:05:00-04:00,2021-09-23 14:00:00-04:00,2021-09-23 10:00:00-04:00,15319.0,15344.75,15182.0,15373.8,5,0.4,0.11846702237260263,114.75,137.0,275.74,1378.7,257.5,251.3,time,277.5,532.5
2021-09-24,2021-09-24 10:05:00-04:00,2021-09-24 12:40:00-04:00,2021-09-24 10:00:00-04:00,15257.25,15284.0,15189.75,15284.25,5,0.4,0.12312645331994883,62.75,67.5,136.74,683.7,267.5,261.3,target,312.5,522.5
2021-09-27,2021-09-27 11:05:00-04:00,2021-09-27 14:00:00-04:00,2021-09-27 11:00:00-04:00,15221.5,15199.75,15084.0,15276.5,5,0.4,0.12137033478284692,130.75,137.5,276.74,1383.7,-217.5,-223.7,time,15.0,1015.0
2021-10-01,2021-10-01 13:50:00-04:00,2021-10-01 14:00:00-04:00,2021-10-01 13:45:00-04:00,14740.5,14717.75,14606.75,14794.0,5,0.4,0.1409549149596632,128.5,133.75,269.24,1346.2,-227.5,-233.7,time,12.5,285.0
2021-10-05,2021-10-05 10:05:00-04:00,2021-10-05 10:40:00-04:00,2021-10-05 10:00:00-04:00,14606.5,14650.25,14496.5,14650.5,5,0.4,0.154591242434425,101.0,110.0,221.74,1108.7,437.5,431.3,target,445.0,135.0
2021-10-06,2021-10-06 10:25:00-04:00,2021-10-06 14:00:00-04:00,2021-10-06 10:20:00-04:00,14658.5,14691.5,14511.25,14717.4,5,0.4,0.1642088839172823,127.75,147.25,296.24,1481.2,330.0,323.8,time,510.0,910.0
2021-10-07,2021-10-07 10:05:00-04:00,2021-10-07 14:00:00-04:00,2021-10-07 10:00:00-04:00,14971.25,14962.25,14859.25,15016.05,5,0.4,0.16754817901735625,96.75,112.0,225.74,1128.7,-90.0,-96.2,time,300.0,345.0
2021-10-11,2021-10-11 10:05:00-04:00,2021-10-11 14:00:00-04:00,2021-10-11 10:00:00-04:00,14868.0,14782.25,14721.5,14926.6,5,0.4,0.17274303334535784,139.25,146.5,294.74,1473.7,-857.5,-863.7,time,287.5,1100.0
2021-10-14,2021-10-14 10:05:00-04:00,2021-10-14 11:40:00-04:00,2021-10-14 10:00:00-04:00,14973.5,15006.45,14890.5,15006.7,5,0.4,0.1783367438581522,67.0,83.0,167.74,838.7,329.5000000000073,323.3000000000073,target,332.5,80.0
2021-10-15,2021-10-15 11:00:00-04:00,2021-10-15 14:00:00-04:00,2021-10-15 10:55:00-04:00,15110.75,15099.0,15049.25,15135.35,5,0.4,0.19210791493607574,50.75,61.5,124.74,623.6999999999999,-117.5,-123.7,time,102.5,522.5
2021-10-18,2021-10-18 10:10:00-04:00,2021-10-18 11:05:00-04:00,2021-10-18 10:05:00-04:00,15153.5,15193.95,15051.75,15194.2,5,0.4,0.18965751387426297,96.0,101.75,205.24,1026.2,404.5000000000073,398.3000000000073,target,415.0,277.5
2021-10-19,2021-10-19 10:30:00-04:00,2021-10-19 11:00:00-04:00,2021-10-19 10:25:00-04:00,15359.5,15382.15,15302.25,15382.4,5,0.4,0.17869056676890657,55.75,57.25,116.24,581.1999999999999,226.49999999999636,220.29999999999637,target,232.5,317.5
2021-10-20,2021-10-20 10:35:00-04:00,2021-10-20 11:00:00-04:00,2021-10-20 10:30:00-04:00,15445.25,15396.5,15396.75,15464.65,5,0.4,0.18075005677624725,44.25,48.5,98.74,493.7,-487.5,-493.7,stop,2.5,620.0
2021-10-21,2021-10-21 10:10:00-04:00,2021-10-21 10:25:00-04:00,2021-10-21 10:05:00-04:00,15399.75,15425.7,15334.25,15425.95,5,0.4,0.17836195256832016,60.0,65.5,132.74,663.7,259.5000000000073,253.3000000000073,target,285.0,112.5
2021-10-22,2021-10-22 10:30:00-04:00,2021-10-22 11:15:00-04:00,2021-10-22 10:25:00-04:00,15463.0,15385.25,15385.5,15494.0,5,0.4,0.17709143591920906,72.75,77.5,156.74,783.7,-777.5,-783.7,stop,7.5,1150.0
2021-10-25,2021-10-25 12:00:00-04:00,2021-10-25 12:35:00-04:00,2021-10-25 11:55:00-04:00,15436.75,15482.3,15322.25,15482.55,5,0.4,0.18014509409797588,110.25,114.5,230.74,1153.7,455.4999999999927,449.29999999999274,target,590.0,27.5
2021-10-26,2021-10-26 10:15:00-04:00,2021-10-26 12:00:00-04:00,2021-10-26 10:10:00-04:00,15674.75,15580.0,15580.25,15712.55,5,0.4,0.1803335478074642,78.0,94.5,190.74,953.7,-947.5,-953.7,stop,262.5,1052.5
2021-10-27,2021-10-27 10:55:00-04:00,2021-10-27 12:40:00-04:00,2021-10-27 10:50:00-04:00,15649.25,15685.4,15558.25,15685.65,5,0.4,0.1483963353259152,87.5,91.0,183.74,918.7,361.49999999999636,355.2999999999964,target,402.5,365.0
2021-10-28,2021-10-28 10:30:00-04:00,2021-10-28 10:45:00-04:00,2021-10-28 10:25:00-04:00,15699.25,15724.4,15635.75,15724.65,5,0.4,0.14785269649744337,57.5,63.5,128.74,643.7,251.49999999999636,245.29999999999637,target,480.0,37.5
2021-10-29,2021-10-29 11:10:00-04:00,2021-10-29 11:55:00-04:00,2021-10-29 11:05:00-04:00,15708.25,15744.9,15616.0,15745.15,5,0.4,0.14614654991618942,83.5,92.25,186.24,931.2,366.49999999999636,360.2999999999964,target,385.0,7.5
2021-11-02,2021-11-02 11:45:00-04:00,2021-11-02 14:00:00-04:00,2021-11-02 11:40:00-04:00,15972.0,15937.75,15864.25,16015.1,5,0.4,0.11795400144353008,104.0,107.75,217.24,1086.2,-342.5,-348.7,time,82.5,597.5
2021-11-04,2021-11-04 10:05:00-04:00,2021-11-04 10:15:00-04:00,2021-11-04 10:00:00-04:00,16253.75,16292.2,16157.0,16292.45,5,0.4,0.1165471426215189,95.0,96.75,195.24,976.2,384.5000000000073,378.3000000000073,target,402.5,97.5
2021-11-10,2021-11-10 10:05:00-05:00,2021-11-10 13:15:00-05:00,2021-11-10 10:00:00-05:00,16182.75,16041.25,16041.5,16239.25,5,0.4,0.10707400633570412,138.25,141.25,284.24,1421.2,-1415.0,-1421.2,stop,367.5,1550.0
2021-11-12,2021-11-12 10:50:00-05:00,2021-11-12 11:00:00-05:00,2021-11-12 10:45:00-05:00,16087.25,16121.2,16001.75,16121.45,5,0.4,0.11536772543662256,76.25,85.5,172.74,863.7,339.5000000000073,333.3000000000073,target,472.5,47.5
2021-11-16,2021-11-16 11:05:00-05:00,2021-11-16 11:15:00-05:00,2021-11-16 11:00:00-05:00,16255.5,16297.85,16149.0,16298.1,5,0.4,0.11519601840395083,103.0,106.5,214.74,1073.7,423.50000000000364,417.30000000000365,target,450.0,100.0
2021-11-17,2021-11-17 10:40:00-05:00,2021-11-17 11:45:00-05:00,2021-11-17 10:35:00-05:00,16345.0,16374.85,16269.75,16375.1,5,0.4,0.11406938449810596,52.75,75.25,152.24,761.2,298.50000000000364,292.30000000000365,target,307.5,210.0
2021-11-18,2021-11-18 11:35:00-05:00,2021-11-18 11:45:00-05:00,2021-11-18 11:30:00-05:00,16430.5,16461.05,16353.5,16461.3,5,0.4,0.11168234929795769,68.25,77.0,155.74,778.7,305.4999999999927,299.29999999999274,target,485.0,92.5
2021-11-19,2021-11-19 11:40:00-05:00,2021-11-19 14:00:00-05:00,2021-11-19 11:35:00-05:00,16618.25,16580.75,16516.25,16659.05,5,0.4,0.11469262855143128,100.5,102.0,205.74,1028.7,-375.0,-381.2,time,100.0,845.0
2021-11-22,2021-11-22 10:05:00-05:00,2021-11-22 11:10:00-05:00,2021-11-22 10:00:00-05:00,16744.75,16638.0,16638.25,16787.35,5,0.4,0.10573856461217261,101.25,106.5,214.74,1073.7,-1067.5,-1073.7,stop,227.5,1072.5
2021-11-24,2021-11-24 10:05:00-05:00,2021-11-24 11:10:00-05:00,2021-11-24 10:00:00-05:00,16225.75,16275.0,16102.0,16275.25,5,0.4,0.11998511638747643,106.0,123.75,249.24,1246.2,492.5,486.3,target,495.0,687.5
2021-11-29,2021-11-29 11:35:00-05:00,2021-11-29 12:00:00-05:00,2021-11-29 11:30:00-05:00,16317.5,16361.05,16208.0,16361.3,5,0.4,0.12020149523330041,98.5,109.5,220.74,1103.7,435.4999999999927,429.29999999999274,target,510.0,57.5
2021-11-30,2021-11-30 10:05:00-05:00,2021-11-30 10:45:00-05:00,2021-11-30 10:00:00-05:00,16422.25,16318.5,16318.75,16463.65,5,0.4,0.11878098161648748,100.25,103.5,208.74,1043.7,-1037.5,-1043.7,stop,342.5,1612.5
2021-12-01,2021-12-01 10:10:00-05:00,2021-12-01 11:10:00-05:00,2021-12-01 10:05:00-05:00,16371.75,16411.9,16270.75,16412.15,5,0.4,0.12437257317932252,83.25,101.0,203.74,1018.7,401.50000000001455,395.30000000001456,target,435.0,960.0
2021-12-02,2021-12-02 10:05:00-05:00,2021-12-02 10:40:00-05:00,2021-12-02 10:00:00-05:00,16018.75,15786.75,15787.0,16111.45,5,0.4,0.14975105277041253,217.0,231.75,465.24,2326.2,-2320.0,-2326.2,stop,12.5,2467.5
2021-12-06,2021-12-06 10:20:00-05:00,2021-12-06 13:25:00-05:00,2021-12-06 10:15:00-05:00,15763.25,15844.6,15559.25,15844.85,5,0.4,0.1562404460473179,201.5,204.0,409.74,2048.7,813.5000000000036,807.3000000000036,target,1137.5,1072.5
2021-12-07,2021-12-07 10:10:00-05:00,2021-12-07 10:45:00-05:00,2021-12-07 10:05:00-05:00,16245.5,16295.85,16119.0,16296.1,5,0.4,0.15057315091835075,109.5,126.5,254.74,1273.7,503.50000000000364,497.30000000000365,target,590.0,142.5
2021-12-08,2021-12-08 13:45:00-05:00,2021-12-08 14:00:00-05:00,2021-12-08 13:40:00-05:00,16368.75,16356.0,16251.5,16415.65,5,0.4,0.19099865425615012,105.5,117.25,236.24,1181.2,-127.5,-133.7,time,102.5,210.0
2021-12-17,2021-12-17 10:50:00-05:00,2021-12-17 14:00:00-05:00,2021-12-17 10:45:00-05:00,15882.0,15900.75,15656.75,15972.1,5,0.4,0.23372398538057998,186.25,225.25,452.24,2261.2,187.5,181.3,time,747.5,1407.5
2021-12-21,2021-12-21 12:15:00-05:00,2021-12-21 13:20:00-05:00,2021-12-21 12:10:00-05:00,15813.25,15873.0,15663.25,15873.25,5,0.4,0.23110986489577232,135.5,150.0,301.74,1508.7,597.5,591.3,target,727.5,105.0
2021-12-22,2021-12-22 10:40:00-05:00,2021-12-22 11:15:00-05:00,2021-12-22 10:35:00-05:00,16066.0,16118.65,15933.75,16118.9,5,0.4,0.2441982632297019,110.75,132.25,266.24,1331.2,526.4999999999964,520.2999999999963,target,575.0,137.5
2021-12-23,2021-12-23 10:15:00-05:00,2021-12-23 10:55:00-05:00,2021-12-23 10:10:00-05:00,16258.75,16291.4,16176.5,16291.65,5,0.4,0.2467303902485786,65.75,82.25,166.24,831.2,326.49999999999636,320.2999999999964,target,360.0,135.0
2021-12-27,2021-12-27 10:05:00-05:00,2021-12-27 10:25:00-05:00,2021-12-27 10:00:00-05:00,16457.75,16502.8,16344.5,16503.05,5,0.4,0.2475094009178366,103.75,113.25,228.24,1141.2,450.4999999999927,444.29999999999274,target,487.5,65.0
2021-12-30,2021-12-30 10:10:00-05:00,2021-12-30 14:00:00-05:00,2021-12-30 10:05:00-05:00,16538.0,16534.0,16449.5,16573.4,5,0.4,0.25120008134512656,68.5,88.5,178.74,893.7,-40.0,-46.2,time,295.0,337.5
2022-01-06,2022-01-06 11:15:00-05:00,2022-01-06 14:00:00-05:00,2022-01-06 11:10:00-05:00,15861.0,15822.5,15672.0,15936.6,5,0.4,0.2342634641865515,178.5,189.0,379.74,1898.7,-385.0,-391.2,time,347.5,915.0
2022-01-10,2022-01-10 13:55:00-05:00,2022-01-10 14:00:00-05:00,2022-01-10 13:50:00-05:00,15418.25,15409.0,15240.75,15489.25,5,0.4,0.23111554521463365,174.25,177.5,356.74,1783.7,-92.5,-98.7,time,345.0,265.0
2022-01-11,2022-01-11 10:05:00-05:00,2022-01-11 11:10:00-05:00,2022-01-11 10:00:00-05:00,15621.0,15679.35,15474.5,15679.6,5,0.4,0.22612530448535825,119.5,146.5,294.74,1473.7,583.5000000000036,577.3000000000036,target,865.0,1167.5
2022-01-12,2022-01-12 10:15:00-05:00,2022-01-12 10:40:00-05:00,2022-01-12 10:10:00-05:00,16003.5,15884.25,15884.5,16051.1,5,0.4,0.22884275775052915,108.0,119.0,239.74,1198.7,-1192.5,-1198.7,stop,27.5,1455.0
2022-01-18,2022-01-18 10:10:00-05:00,2022-01-18 11:30:00-05:00,2022-01-18 10:05:00-05:00,15408.25,15272.25,15272.5,15462.55,5,0.4,0.21305836169865341,101.75,135.75,273.24,1366.2,-1360.0,-1366.2,stop,267.5,1537.5
2022-01-20,2022-01-20 10:35:00-05:00,2022-01-20 14:00:00-05:00,2022-01-20 10:30:00-05:00,15302.75,15179.0,15160.5,15359.65,5,0.4,0.22966898278963313,125.0,142.25,286.24,1431.2,-1237.5,-1243.7,time,377.5,1302.5
2022-01-21,2022-01-21 11:25:00-05:00,2022-01-21 12:20:00-05:00,2022-01-21 11:20:00-05:00,14844.5,14630.5,14630.75,14930.0,5,0.4,0.21917349445315584,188.0,213.75,429.24,2146.2,-2140.0,-2146.2,stop,75.0,2217.5
2022-01-26,2022-01-26 10:05:00-05:00,2022-01-26 10:40:00-05:00,2022-01-26 10:00:00-05:00,14505.25,14349.75,14350.0,14567.35,5,0.4,0.21363827178340034,149.75,155.25,312.24,1561.2,-1555.0,-1561.2,stop,92.5,1680.0
2022-01-27,2022-01-27 10:15:00-05:00,2022-01-27 10:30:00-05:00,2022-01-27 10:10:00-05:00,14401.25,14231.5,14231.75,14469.05,5,0.4,0.21687092427125643,164.0,169.5,340.74,1703.7,-1697.5,-1703.7,stop,52.5,1937.5
2022-01-28,2022-01-28 10:55:00-05:00,2022-01-28 11:15:00-05:00,2022-01-28 10:50:00-05:00,14109.75,14206.6,13867.0,14206.85,5,0.4,0.21637122384471333,235.25,242.75,487.24,2436.2,968.5000000000036,962.3000000000036,target,1387.5,267.5
2022-01-31,2022-01-31 10:05:00-05:00,2022-01-31 11:50:00-05:00,2022-01-31 10:00:00-05:00,14650.0,14743.25,14416.25,14743.5,5,0.4,0.2603707969875256,217.75,233.75,469.24,2346.2,932.5,926.3,target,1232.5,102.5
2022-02-03,2022-02-03 10:30:00-05:00,2022-02-03 11:55:00-05:00,2022-02-03 10:25:00-05:00,14822.5,14677.0,14677.25,14880.6,5,0.4,0.29064735255617336,122.0,145.25,292.24,1461.2,-1455.0,-1461.2,stop,205.0,1587.5
2022-02-04,2022-02-04 10:05:00-05:00,2022-02-04 13:00:00-05:00,2022-02-04 10:00:00-05:00,14610.0,14680.55,14433.0,14680.8,5,0.4,0.28605268350184887,173.75,177.0,355.74,1778.7,705.4999999999927,699.2999999999927,target,932.5,1680.0
2022-02-08,2022-02-08 10:50:00-05:00,2022-02-08 11:00:00-05:00,2022-02-08 10:45:00-05:00,14592.75,14629.2,14501.0,14629.45,5,0.4,0.284448082375508,87.25,91.75,185.24,926.2,364.5000000000073,358.3000000000073,target,552.5,115.0
2022-02-09,2022-02-09 11:05:00-05:00,2022-02-09 14:00:00-05:00,2022-02-09 11:00:00-05:00,14964.0,14982.25,14863.75,15004.1,5,0.4,0.2882404839749103,87.75,100.25,202.24,1011.2,182.5,176.3,time,350.0,545.0
2022-02-10,2022-02-10 10:05:00-05:00,2022-02-10 13:35:00-05:00,2022-02-10 10:00:00-05:00,14958.25,14735.0,14735.25,15047.45,5,0.4,0.29255161279192365,198.5,223.0,447.74,2238.7,-2232.5,-2238.7,stop,707.5,2297.5
2022-02-14,2022-02-14 11:20:00-05:00,2022-02-14 13:50:00-05:00,2022-02-14 11:15:00-05:00,14338.0,14182.0,14182.25,14400.3,5,0.4,0.30600892762179066,153.75,155.75,313.24,1566.2,-1560.0,-1566.2,stop,560.0,1737.5
2022-02-15,2022-02-15 10:45:00-05:00,2022-02-15 12:45:00-05:00,2022-02-15 10:40:00-05:00,14540.25,14444.75,14445.0,14578.35,5,0.4,0.30439131835599265,77.25,95.25,192.24,961.2,-955.0,-961.2,stop,237.5,1122.5
2022-02-22,2022-02-22 10:30:00-05:00,2022-02-22 11:50:00-05:00,2022-02-22 10:25:00-05:00,14105.5,13861.75,13862.0,14202.9,5,0.4,0.30923173813308447,233.75,243.5,488.74,2443.7,-2437.5,-2443.7,stop,32.5,2585.0
2022-02-24,2022-02-24 10:15:00-05:00,2022-02-24 11:10:00-05:00,2022-02-24 10:10:00-05:00,13378.5,13506.15,13058.75,13506.4,5,0.4,0.31086392562425313,305.25,319.75,641.24,3206.2,1276.4999999999964,1270.2999999999963,target,1487.5,705.0
2022-02-25,2022-02-25 10:45:00-05:00,2022-02-25 11:10:00-05:00,2022-02-25 10:40:00-05:00,14038.75,14110.3,13859.25,14110.55,5,0.4,0.3313219923897642,155.5,179.5,360.74,1803.7,715.4999999999927,709.2999999999927,target,727.5,182.5
2022-02-28,2022-02-28 10:40:00-05:00,2022-02-28 11:15:00-05:00,2022-02-28 10:35:00-05:00,14181.0,14242.35,14027.0,14242.6,5,0.4,0.3337500631038597,120.75,154.0,309.74,1548.7,613.5000000000036,607.3000000000036,target,642.5,115.0
2022-03-02,2022-03-02 11:10:00-05:00,2022-03-02 11:30:00-05:00,2022-03-02 11:05:00-05:00,14159.0,14218.05,14010.75,14218.3,5,0.4,0.29394386442480497,119.0,148.25,298.24,1491.2,590.4999999999927,584.2999999999927,target,640.0,232.5
2022-03-08,2022-03-08 12:15:00-05:00,2022-03-08 12:30:00-05:00,2022-03-08 12:10:00-05:00,13458.75,13553.4,13221.5,13553.65,5,0.4,0.3152435577764517,152.25,237.25,476.24,2381.2,946.4999999999964,940.2999999999963,target,1027.5,230.0
2022-03-09,2022-03-09 10:25:00-05:00,2022-03-09 12:30:00-05:00,2022-03-09 10:20:00-05:00,13641.0,13698.55,13496.5,13698.8,5,0.4,0.3152330245985902,124.75,144.5,290.74,1453.7,575.4999999999927,569.2999999999927,target,662.5,605.0
2022-03-10,2022-03-10 10:20:00-05:00,2022-03-10 10:30:00-05:00,2022-03-10 10:15:00-05:00,13605.5,13487.0,13487.25,13652.8,5,0.4,0.3460653350707332,107.25,118.25,238.24,1191.2,-1185.0,-1191.2,stop,2.5,1390.0
2022-03-14,2022-03-14 10:15:00-04:00,2022-03-14 11:40:00-04:00,2022-03-14 10:10:00-04:00,13373.25,13204.75,13205.0,13440.55,5,0.4,0.333765388770126,136.0,168.25,338.24,1691.2,-1685.0,-1691.2,stop,197.5,1870.0
2022-03-15,2022-03-15 10:05:00-04:00,2022-03-15 10:30:00-04:00,2022-03-15 10:00:00-04:00,13220.5,13272.05,13091.0,13272.3,5,0.4,0.3221423027402338,122.25,129.5,260.74,1303.7,515.4999999999927,509.29999999999274,target,795.0,565.0
2022-03-16,2022-03-16 10:15:00-04:00,2022-03-16 10:15:00-04:00,2022-03-16 10:10:00-04:00,13750.75,13806.0,13612.0,13806.25,5,0.4,0.34203535307389377,135.5,138.75,279.24,1396.2,552.5,546.3,target,825.0,22.5
2022-03-17,2022-03-17 10:05:00-04:00,2022-03-17 13:40:00-04:00,2022-03-17 10:00:00-04:00,13991.25,14059.9,13819.0,14060.15,5,0.4,0.3588064411942714,163.25,172.25,346.24,1731.2,686.4999999999964,680.2999999999963,target,760.0,1490.0
2022-03-18,2022-03-18 10:05:00-04:00,2022-03-18 11:05:00-04:00,2022-03-18 10:00:00-04:00,14179.75,14253.3,13995.25,14253.55,5,0.4,0.3624186864158584,157.25,184.5,370.74,1853.7,735.4999999999927,729.2999999999927,target,770.0,412.5
2022-03-22,2022-03-22 10:05:00-04:00,2022-03-22 10:30:00-04:00,2022-03-22 10:00:00-04:00,14531.0,14593.35,14374.5,14593.6,5,0.4,0.35324469973296724,114.5,156.5,314.74,1573.7,623.5000000000036,617.3000000000036,target,857.5,125.0
2022-03-23,2022-03-23 10:15:00-04:00,2022-03-23 10:30:00-04:00,2022-03-23 10:10:00-04:00,14563.5,14604.35,14460.75,14604.6,5,0.4,0.35701803001018967,85.75,102.75,207.24,1036.2,408.50000000000364,402.30000000000365,target,415.0,115.0
2022-03-24,2022-03-24 11:15:00-04:00,2022-03-24 11:25:00-04:00,2022-03-24 11:10:00-04:00,14563.5,14601.05,14469.0,14601.3,5,0.4,0.3433766529465918,82.5,94.5,190.74,953.7,375.4999999999927,369.29999999999274,target,667.5,132.5
2022-03-25,2022-03-25 10:45:00-04:00,2022-03-25 11:00:00-04:00,2022-03-25 10:40:00-04:00,14792.5,14707.75,14708.0,14826.3,5,0.4,0.33572828164197394,80.5,84.5,170.74,853.7,-847.5,-853.7,stop,150.0,915.0
2022-03-30,2022-03-30 10:15:00-04:00,2022-03-30 11:00:00-04:00,2022-03-30 10:10:00-04:00,15219.5,15141.25,15141.5,15250.7,5,0.4,0.3323246609226873,67.5,78.0,157.74,788.7,-782.5,-788.7,stop,155.0,857.5
2022-04-04,2022-04-04 10:40:00-04:00,2022-04-04 14:00:00-04:00,2022-04-04 10:35:00-04:00,15062.0,15119.0,14884.0,15133.2,5,0.4,0.3268510706533147,167.5,178.0,357.74,1788.7,570.0,563.8,time,690.0,337.5
2022-04-08,2022-04-08 11:05:00-04:00,2022-04-08 14:00:00-04:00,2022-04-08 11:00:00-04:00,14477.75,14391.25,14312.25,14543.95,5,0.4,0.29228685132945686,164.5,165.5,332.74,1663.7,-865.0,-871.2,time,202.5,1032.5
2022-04-13,2022-04-13 10:20:00-04:00,2022-04-13 11:10:00-04:00,2022-04-13 10:15:00-04:00,14081.5,14145.25,13921.5,14145.5,5,0.4,0.28012974464685353,151.75,160.0,321.74,1608.7,637.5,631.3,target,670.0,392.5
2022-04-18,2022-04-18 10:15:00-04:00,2022-04-18 10:20:00-04:00,2022-04-18 10:10:00-04:00,13945.75,13993.0,13827.0,13993.25,5,0.4,0.2684143762262917,105.75,118.75,239.24,1196.2,472.5,466.3,target,525.0,150.0
2022-04-19,2022-04-19 10:05:00-04:00,2022-04-19 10:30:00-04:00,2022-04-19 10:00:00-04:00,14023.0,14098.45,13833.75,14098.7,5,0.4,0.25745356672888803,184.0,189.25,380.24,1901.2,754.5000000000073,748.3000000000072,target,775.0,105.0
2022-04-25,2022-04-25 10:30:00-04:00,2022-04-25 10:35:00-04:00,2022-04-25 10:25:00-04:00,13392.75,13455.4,13235.5,13455.65,5,0.4,0.2543972917822264,130.5,157.25,316.24,1581.2,626.4999999999964,620.2999999999963,target,737.5,35.0
2022-04-28,2022-04-28 12:40:00-04:00,2022-04-28 12:45:00-04:00,2022-04-28 12:35:00-04:00,13292.0,13370.35,13095.5,13370.6,5,0.4,0.27460722665936527,185.0,196.5,394.74,1973.7,783.5000000000036,777.3000000000036,target,800.0,5.0
2022-05-02,2022-05-02 10:30:00-04:00,2022-05-02 13:45:00-04:00,2022-05-02 10:25:00-04:00,12983.0,12742.25,12742.5,13079.2,5,0.4,0.3151992137025149,231.25,240.5,482.74,2413.7,-2407.5,-2413.7,stop,612.5,2422.5
2022-05-03,2022-05-03 10:05:00-04:00,2022-05-03 14:00:00-04:00,2022-05-03 10:00:00-04:00,13139.75,13137.5,12968.0,13208.45,5,0.4,0.32416295983399557,146.25,171.75,345.24,1726.2,-22.5,-28.7,time,442.5,1630.0
2022-05-04,2022-05-04 13:05:00-04:00,2022-05-04 13:55:00-04:00,2022-05-04 13:00:00-04:00,13121.0,13162.35,13017.0,13162.6,5,0.4,0.3113633211903188,97.25,104.0,209.74,1048.7,413.50000000000364,407.30000000000365,target,515.0,532.5
2022-05-06,2022-05-06 10:50:00-04:00,2022-05-06 11:20:00-04:00,2022-05-06 10:45:00-04:00,12807.0,12921.85,12519.25,12922.1,5,0.4,0.3606152963428307,273.25,287.75,577.24,2886.2,1148.5000000000036,1142.3000000000036,target,1222.5,522.5
2022-05-12,2022-05-12 10:10:00-04:00,2022-05-12 10:20:00-04:00,2022-05-12 10:05:00-04:00,11910.0,11996.65,11692.75,11996.9,5,0.4,0.3787681850415592,215.0,217.25,436.24,2181.2,866.4999999999964,860.2999999999963,target,1365.0,125.0
2022-05-13,2022-05-13 10:05:00-04:00,2022-05-13 12:00:00-04:00,2022-05-13 10:00:00-04:00,12288.0,12377.05,12064.75,12377.3,5,0.4,0.3650480700187833,214.25,223.25,448.24,2241.2,890.4999999999927,884.2999999999927,target,975.0,300.0
2022-05-16,2022-05-16 10:30:00-04:00,2022-05-16 10:55:00-04:00,2022-05-16 10:25:00-04:00,12366.5,12214.75,12215.0,12427.1,5,0.4,0.3925447396930754,143.5,151.5,304.74,1523.7,-1517.5,-1523.7,stop,67.5,1602.5
2022-05-19,2022-05-19 11:25:00-04:00,2022-05-19 11:40:00-04:00,2022-05-19 11:20:00-04:00,11979.25,12052.5,11795.5,12052.75,5,0.4,0.4317665327954751,183.25,183.75,369.24,1846.2,732.5,726.3,target,977.5,487.5
2022-05-23,2022-05-23 11:35:00-04:00,2022-05-23 14:00:00-04:00,2022-05-23 11:30:00-04:00,12001.25,12002.5,11818.25,12074.45,5,0.4,0.4210711793076383,159.0,183.0,367.74,1838.7,12.5,6.3,time,507.5,845.0
2022-05-25,2022-05-25 10:30:00-04:00,2022-05-25 14:00:00-04:00,2022-05-25 10:25:00-04:00,11889.75,11852.0,11708.0,11962.45,5,0.4,0.4026190103016817,149.75,181.75,365.24,1826.2,-377.5,-383.7,time,397.5,1012.5
2022-05-26,2022-05-26 10:15:00-04:00,2022-05-26 12:10:00-04:00,2022-05-26 10:10:00-04:00,12161.75,12266.6,11899.0,12266.85,5,0.4,0.40555082520163466,227.25,262.75,527.24,2636.2,1048.5000000000036,1042.3000000000036,target,1085.0,352.5
2022-05-27,2022-05-27 10:05:00-04:00,2022-05-27 10:35:00-04:00,2022-05-27 10:00:00-04:00,12533.25,12585.6,12401.75,12585.85,5,0.4,0.40572584338119533,130.5,131.5,264.74,1323.7,523.5000000000036,517.3000000000036,target,602.5,182.5
2022-05-30,2022-05-30 10:50:00-04:00,2022-05-30 11:30:00-04:00,2022-05-30 10:45:00-04:00,12792.25,12810.5,12746.0,12810.75,5,0.4,,30.75,46.25,94.24,471.2,182.5,176.3,target,227.5,217.5
2022-05-31,2022-05-31 11:55:00-04:00,2022-05-31 14:00:00-04:00,2022-05-31 11:50:00-04:00,12698.0,12757.75,12520.25,12769.1,5,0.4,0.4104264757591247,168.5,177.75,357.24,1786.2,597.5,591.3,time,695.0,392.5
2022-06-02,2022-06-02 10:15:00-04:00,2022-06-02 11:15:00-04:00,2022-06-02 10:10:00-04:00,12618.0,12688.05,12442.25,12688.3,5,0.4,0.4065864295375023,128.25,175.75,353.24,1766.2,700.4999999999927,694.2999999999927,target,727.5,1205.0
2022-06-06,2022-06-06 10:05:00-04:00,2022-06-06 11:15:00-04:00,2022-06-06 10:00:00-04:00,12789.5,12673.0,12673.25,12836.0,5,0.4,0.3793334722451687,112.0,116.25,234.24,1171.2,-1165.0,-1171.2,stop,210.0,1530.0
2022-06-07,2022-06-07 10:30:00-04:00,2022-06-07 10:35:00-04:00,2022-06-07 10:25:00-04:00,12591.25,12662.7,12412.0,12662.95,5,0.4,0.3742135361507571,169.75,179.25,360.24,1801.2,714.5000000000073,708.3000000000072,target,780.0,85.0
2022-06-09,2022-06-09 10:40:00-04:00,2022-06-09 13:40:00-04:00,2022-06-09 10:35:00-04:00,12660.0,12506.0,12506.25,12721.5,5,0.4,0.3543565637332334,148.5,153.75,309.24,1546.2,-1540.0,-1546.2,stop,40.0,1570.0
2022-06-15,2022-06-15 10:10:00-04:00,2022-06-15 13:55:00-04:00,2022-06-15 10:05:00-04:00,11556.25,11594.7,11459.5,11594.95,5,0.4,0.38215641315420484,89.25,96.75,195.24,976.2,384.5000000000073,378.3000000000073,target,417.5,925.0
2022-06-17,2022-06-17 13:10:00-04:00,2022-06-17 14:00:00-04:00,2022-06-17 13:05:00-04:00,11364.75,11342.75,11184.75,11436.75,5,0.4,0.3709202673108206,163.75,180.0,361.74,1808.7,-220.0,-226.2,time,315.0,562.5
2022-06-20,2022-06-20 10:20:00-04:00,2022-06-20 11:25:00-04:00,2022-06-20 10:15:00-04:00,11377.5,11395.05,11333.0,11395.3,5,0.4,,43.0,44.5,90.74,453.7,175.49999999999272,169.29999999999274,target,197.5,87.5
2022-06-21,2022-06-21 10:05:00-04:00,2022-06-21 14:00:00-04:00,2022-06-21 10:00:00-04:00,11646.75,11603.0,11475.75,11715.15,5,0.4,0.3751198186285846,155.0,171.0,343.74,1718.7,-437.5,-443.7,time,317.5,620.0
2022-06-22,2022-06-22 10:15:00-04:00,2022-06-22 10:20:00-04:00,2022-06-22 10:10:00-04:00,11629.75,11702.8,11446.5,11703.05,5,0.4,0.3851793488335065,172.5,183.25,368.24,1841.2,730.4999999999927,724.2999999999927,target,765.0,115.0
2022-06-23,2022-06-23 10:45:00-04:00,2022-06-23 14:00:00-04:00,2022-06-23 10:40:00-04:00,11702.25,11618.25,11543.0,11765.95,5,0.4,0.37930920367143683,140.75,159.25,320.24,1601.2,-840.0,-846.2,time,415.0,1552.5
2022-06-24,2022-06-24 10:05:00-04:00,2022-06-24 14:00:00-04:00,2022-06-24 10:00:00-04:00,12037.0,12007.0,11838.5,12116.4,5,0.4,0.3771164455324949,145.75,198.5,398.74,1993.7,-300.0,-306.2,time,457.5,677.5
2022-06-29,2022-06-29 10:05:00-04:00,2022-06-29 14:00:00-04:00,2022-06-29 10:00:00-04:00,11732.0,11690.75,11564.0,11799.2,5,0.4,0.3775541627993903,154.25,168.0,337.74,1688.7,-412.5,-418.7,time,170.0,1280.0
2022-06-30,2022-06-30 11:55:00-04:00,2022-06-30 12:30:00-04:00,2022-06-30 11:50:00-04:00,11592.5,11672.15,11392.75,11672.4,5,0.4,0.378015204145772,195.25,199.75,401.24,2006.2,796.4999999999964,790.2999999999963,target,927.5,527.5
2022-07-05,2022-07-05 10:15:00-04:00,2022-07-05 10:35:00-04:00,2022-07-05 10:10:00-04:00,11507.5,11554.75,11388.75,11555.0,5,0.4,0.3650077449679234,96.0,118.75,239.24,1196.2,472.5,466.3,target,885.0,440.0
2022-07-07,2022-07-07 10:55:00-04:00,2022-07-07 13:55:00-04:00,2022-07-07 10:50:00-04:00,12065.0,12123.45,11918.25,12123.7,5,0.4,0.3642842978790677,130.75,146.75,295.24,1476.2,584.5000000000073,578.3000000000072,target,617.5,377.5
2022-07-08,2022-07-08 10:30:00-04:00,2022-07-08 11:05:00-04:00,2022-07-08 10:25:00-04:00,12117.75,12173.2,11978.5,12173.45,5,0.4,0.37162940660256444,112.25,139.25,280.24,1401.2,554.5000000000073,548.3000000000072,target,680.0,65.0
2022-07-13,2022-07-13 10:35:00-04:00,2022-07-13 10:40:00-04:00,2022-07-13 10:30:00-04:00,11710.0,11784.75,11522.5,11785.0,5,0.4,0.34876730016112983,177.5,187.5,376.74,1883.7,747.5,741.3,target,940.0,142.5
2022-07-14,2022-07-14 11:45:00-04:00,2022-07-14 14:00:00-04:00,2022-07-14 11:40:00-04:00,11697.0,11726.5,11547.75,11756.7,5,0.4,0.30492028093377616,136.5,149.25,300.24,1501.2,295.0,288.8,time,480.0,760.0
2022-07-15,2022-07-15 11:15:00-04:00,2022-07-15 14:00:00-04:00,2022-07-15 11:10:00-04:00,11987.0,11980.25,11853.5,12040.4,5,0.4,0.3047982070068433,131.5,133.5,268.74,1343.7,-67.5,-73.7,time,130.0,580.0
2022-07-19,2022-07-19 10:30:00-04:00,2022-07-19 10:45:00-04:00,2022-07-19 10:25:00-04:00,12086.0,12123.15,11992.5,12123.4,5,0.4,0.2559799700405925,88.25,93.5,188.74,943.7,371.49999999999636,365.2999999999964,target,440.0,90.0
2022-07-20,2022-07-20 10:25:00-04:00,2022-07-20 10:30:00-04:00,2022-07-20 10:20:00-04:00,12358.5,12399.25,12256.0,12399.5,5,0.4,0.27399393482579165,95.0,102.5,206.74,1033.7,407.5,401.3,target,685.0,57.5
2022-07-21,2022-07-21 11:35:00-04:00,2022-07-21 12:05:00-04:00,2022-07-21 11:30:00-04:00,12536.75,12586.9,12410.75,12587.15,5,0.4,0.2685160900239621,106.75,126.0,253.74,1268.7,501.49999999999636,495.2999999999964,target,535.0,295.0
2022-07-27,2022-07-27 10:15:00-04:00,2022-07-27 12:25:00-04:00,2022-07-27 10:10:00-04:00,12416.25,12472.0,12276.25,12472.25,5,0.4,0.2643342077190426,124.75,140.0,281.74,1408.7,557.5,551.3,target,595.0,285.0
2022-07-28,2022-07-28 11:30:00-04:00,2022-07-28 14:00:00-04:00,2022-07-28 11:25:00-04:00,12665.75,12729.0,12454.25,12750.35,5,0.4,0.26963727072591304,200.0,211.5,424.74,2123.7,632.5,626.3,time,727.5,422.5
2022-07-29,2022-07-29 10:05:00-04:00,2022-07-29 14:00:00-04:00,2022-07-29 10:00:00-04:00,12895.75,12925.0,12744.25,12956.35,5,0.4,0.27405246319652893,141.25,151.5,304.74,1523.7,292.5,286.3,time,427.5,1095.0
2022-08-01,2022-08-01 10:10:00-04:00,2022-08-01 14:00:00-04:00,2022-08-01 10:05:00-04:00,13043.25,12933.0,12851.25,13120.05,5,0.4,0.2655627728987104,172.25,192.0,385.74,1928.7,-1102.5,-1108.7,time,652.5,1457.5
2022-08-02,2022-08-02 10:55:00-04:00,2022-08-02 12:20:00-04:00,2022-08-02 10:50:00-04:00,12998.0,13055.75,12853.0,13056.0,5,0.4,0.2661548509007575,103.75,145.0,291.74,1458.7,577.5,571.3,target,775.0,767.5
2022-08-03,2022-08-03 10:05:00-04:00,2022-08-03 11:35:00-04:00,2022-08-03 10:00:00-04:00,13146.0,13208.45,12989.25,13208.7,5,0.4,0.26494126163005977,139.0,156.75,315.24,1576.2,624.5000000000073,618.3000000000072,target,645.0,852.5
2022-08-05,2022-08-05 10:05:00-04:00,2022-08-05 10:10:00-04:00,2022-08-05 10:00:00-04:00,13228.25,13273.6,13114.25,13273.85,5,0.4,0.2696358483853614,97.0,114.0,229.74,1148.7,453.50000000000364,447.30000000000365,target,587.5,167.5
2022-08-10,2022-08-10 11:05:00-04:00,2022-08-10 14:00:00-04:00,2022-08-10 11:00:00-04:00,13368.75,13370.75,13268.25,13408.95,5,0.4,0.25833277507103697,86.75,100.5,202.74,1013.7,20.0,13.8,time,207.5,525.0
2022-08-11,2022-08-11 10:05:00-04:00,2022-08-11 10:10:00-04:00,2022-08-11 10:00:00-04:00,13527.25,13555.5,13456.0,13555.75,5,0.4,0.2671287547072017,57.5,71.25,144.24,721.2,282.5,276.3,target,305.0,15.0
2022-08-12,2022-08-12 10:20:00-04:00,2022-08-12 12:20:00-04:00,2022-08-12 10:15:00-04:00,13458.5,13498.05,13359.0,13498.3,5,0.4,0.2697276015947008,77.0,99.5,200.74,1003.7,395.4999999999927,389.29999999999274,target,400.0,732.5
2022-08-15,2022-08-15 11:45:00-04:00,2022-08-15 14:00:00-04:00,2022-08-15 11:40:00-04:00,13636.75,13661.0,13534.75,13677.55,5,0.4,0.2698476364510051,100.25,102.0,205.74,1028.7,242.5,236.3,time,407.5,10.0
2022-08-16,2022-08-16 11:55:00-04:00,2022-08-16 14:00:00-04:00,2022-08-16 11:50:00-04:00,13672.5,13698.25,13583.0,13708.3,5,0.4,0.2636218818718682,76.75,89.5,180.74,903.7,257.5,251.3,time,432.5,412.5
2022-08-18,2022-08-18 10:45:00-04:00,2022-08-18 11:10:00-04:00,2022-08-18 10:40:00-04:00,13507.0,13535.15,13436.0,13535.4,5,0.4,0.2519754421049927,66.5,71.0,143.74,718.7,281.49999999999636,275.2999999999964,target,290.0,205.0
2022-08-23,2022-08-23 10:10:00-04:00,2022-08-23 14:00:00-04:00,2022-08-23 10:05:00-04:00,12994.5,12919.75,12866.0,13045.9,5,0.4,0.2718375077444199,118.25,128.5,258.74,1293.7,-747.5,-753.7,time,245.0,1197.5
2022-08-24,2022-08-24 10:20:00-04:00,2022-08-24 11:15:00-04:00,2022-08-24 10:15:00-04:00,12941.5,12976.95,12852.25,12977.2,5,0.4,0.25808315005027344,62.25,89.25,180.24,901.2,354.5000000000073,348.3000000000073,target,497.5,340.0
2022-08-25,2022-08-25 10:05:00-04:00,2022-08-25 10:20:00-04:00,2022-08-25 10:00:00-04:00,13055.25,13092.3,12962.0,13092.55,5,0.4,0.2193343733608325,87.75,93.25,188.24,941.2,370.4999999999927,364.29999999999274,target,375.0,142.5
2022-08-26,2022-08-26 10:10:00-04:00,2022-08-26 10:20:00-04:00,2022-08-26 10:05:00-04:00,13177.75,13084.5,13084.75,13214.95,5,0.4,0.21767314330646753,76.5,93.0,187.74,938.7,-932.5,-938.7,stop,207.5,1530.0
2022-09-02,2022-09-02 10:35:00-04:00,2022-09-02 12:30:00-04:00,2022-09-02 10:30:00-04:00,12432.25,12291.0,12291.25,12488.65,5,0.4,0.24201266410547195,124.25,141.0,283.74,1418.7,-1412.5,-1418.7,stop,297.5,1572.5
2022-09-05,2022-09-05 10:35:00-04:00,2022-09-05 18:00:00-04:00,2022-09-05 10:30:00-04:00,12154.25,12134.75,12104.75,12174.05,5,0.4,,39.25,49.5,100.74,503.7,-195.0,-201.2,time,130.0,392.5
2022-09-07,2022-09-07 11:15:00-04:00,2022-09-07 13:00:00-04:00,2022-09-07 11:10:00-04:00,12140.75,12182.5,12035.75,12182.75,5,0.4,0.24370523175431102,92.0,105.0,211.74,1058.7,417.5,411.3,target,427.5,397.5
2022-09-08,2022-09-08 10:35:00-04:00,2022-09-08 10:55:00-04:00,2022-09-08 10:30:00-04:00,12275.25,12338.3,12117.0,12338.55,5,0.4,0.256928332691558,154.25,158.25,318.24,1591.2,630.4999999999927,624.2999999999927,target,665.0,130.0
2022-09-09,2022-09-09 10:05:00-04:00,2022-09-09 10:40:00-04:00,2022-09-09 10:00:00-04:00,12524.5,12567.75,12415.75,12568.0,5,0.4,0.23675919505163623,88.25,108.75,219.24,1096.2,432.5,426.3,target,450.0,372.5
2022-09-12,2022-09-12 10:10:00-04:00,2022-09-12 12:10:00-04:00,2022-09-12 10:05:00-04:00,12743.25,12640.75,12641.0,12784.15,5,0.4,0.2513100797307836,97.0,102.25,206.24,1031.2,-1025.0,-1031.2,stop,127.5,1057.5
2022-09-14,2022-09-14 10:55:00-04:00,2022-09-14 14:00:00-04:00,2022-09-14 10:50:00-04:00,12224.25,12148.0,12098.25,12274.65,5,0.4,0.3047721839248286,115.5,126.0,253.74,1268.7,-762.5,-768.7,time,285.0,947.5
2022-09-16,2022-09-16 10:35:00-04:00,2022-09-16 12:25:00-04:00,2022-09-16 10:30:00-04:00,11898.75,11781.5,11781.75,11945.55,5,0.4,0.31588959140723144,89.75,117.0,235.74,1178.7,-1172.5,-1178.7,stop,165.0,1207.5
2022-09-19,2022-09-19 10:40:00-04:00,2022-09-19 14:00:00-04:00,2022-09-19 10:35:00-04:00,11946.25,11918.0,11815.5,11998.55,5,0.4,0.31434452588960005,115.0,130.75,263.24,1316.2,-282.5,-288.7,time,325.0,980.0
2022-09-20,2022-09-20 10:55:00-04:00,2022-09-20 11:05:00-04:00,2022-09-20 10:50:00-04:00,11953.5,11980.05,11886.5,11980.3,5,0.4,0.31419949558256516,60.75,67.0,135.74,678.7,265.4999999999927,259.29999999999274,target,290.0,130.0
2022-09-21,2022-09-21 12:35:00-04:00,2022-09-21 13:55:00-04:00,2022-09-21 12:30:00-04:00,12004.75,12031.1,11938.25,12031.35,5,0.4,0.3048101128987726,59.25,66.5,134.74,673.7,263.50000000000364,257.30000000000365,target,612.5,397.5
2022-09-26,2022-09-26 10:20:00-04:00,2022-09-26 12:25:00-04:00,2022-09-26 10:15:00-04:00,11526.5,11342.25,11342.5,11600.1,5,0.4,0.30069417126482817,154.0,184.0,369.74,1848.7,-1842.5,-1848.7,stop,90.0,2082.5
2022-09-28,2022-09-28 10:25:00-04:00,2022-09-28 10:35:00-04:00,2022-09-28 10:20:00-04:00,11371.75,11413.8,11266.0,11414.05,5,0.4,0.2721025617537588,87.0,105.75,213.24,1066.2,420.4999999999927,414.29999999999274,target,512.5,125.0
2022-09-30,2022-09-30 10:35:00-04:00,2022-09-30 14:00:00-04:00,2022-09-30 10:30:00-04:00,11299.5,11160.5,11143.0,11362.1,5,0.4,0.29825293997017815,122.75,156.5,314.74,1573.7,-1390.0,-1396.2,time,575.0,1530.0
2022-10-03,2022-10-03 10:05:00-04:00,2022-10-03 10:25:00-04:00,2022-10-03 10:00:00-04:00,11157.5,11204.25,11040.0,11204.5,5,0.4,0.30063885828944575,92.25,117.5,236.74,1183.7,467.5,461.3,target,565.0,225.0
2022-10-04,2022-10-04 10:05:00-04:00,2022-10-04 14:00:00-04:00,2022-10-04 10:00:00-04:00,11650.0,11607.75,11514.25,11704.3,5,0.4,0.3162510157667395,104.75,135.75,273.24,1366.2,-422.5,-428.7,time,262.5,1260.0
2022-10-05,2022-10-05 12:50:00-04:00,2022-10-05 13:15:00-04:00,2022-10-05 12:45:00-04:00,11560.75,11599.1,11464.25,11599.35,5,0.4,0.3363582127039036,74.75,96.5,194.74,973.7,383.50000000000364,377.30000000000365,target,427.5,230.0
2022-10-11,2022-10-11 11:45:00-04:00,2022-10-11 12:45:00-04:00,2022-10-11 11:40:00-04:00,10972.0,11032.15,10821.0,11032.4,5,0.4,0.33033905705069927,123.5,151.0,303.74,1518.7,601.4999999999964,595.2999999999963,target,677.5,590.0
2022-10-13,2022-10-13 10:05:00-04:00,2022-10-13 10:55:00-04:00,2022-10-13 10:00:00-04:00,10638.5,10699.85,10484.5,10700.1,5,0.4,0.27012815336947016,145.25,154.0,309.74,1548.7,613.5000000000036,607.3000000000036,target,705.0,375.0
2022-10-17,2022-10-17 10:15:00-04:00,2022-10-17 14:00:00-04:00,2022-10-17 10:10:00-04:00,11127.5,11128.25,10999.0,11178.9,5,0.4,0.2992987102786564,118.5,128.5,258.74,1293.7,7.5,1.2999999999999998,time,180.0,1050.0
2022-10-19,2022-10-19 10:20:00-04:00,2022-10-19 10:20:00-04:00,2022-10-19 10:15:00-04:00,11224.25,11269.6,11110.25,11269.85,5,0.4,0.33224488664716784,103.0,114.0,229.74,1148.7,453.50000000000364,447.30000000000365,target,507.5,50.0
2022-10-20,2022-10-20 10:05:00-04:00,2022-10-20 10:15:00-04:00,2022-10-20 10:00:00-04:00,11245.5,11306.85,11091.5,11307.1,5,0.4,0.32563716461312775,137.75,154.0,309.74,1548.7,613.5000000000036,607.3000000000036,target,700.0,32.5
2022-10-21,2022-10-21 10:05:00-04:00,2022-10-21 12:00:00-04:00,2022-10-21 10:00:00-04:00,11165.0,11232.85,10994.75,11233.1,5,0.4,0.3249042254642279,161.0,170.25,342.24,1711.2,678.5000000000036,672.3000000000036,target,832.5,1140.0
2022-10-24,2022-10-24 12:20:00-04:00,2022-10-24 14:00:00-04:00,2022-10-24 12:15:00-04:00,11442.5,11395.0,11300.25,11499.4,5,0.4,0.3327644630380783,127.25,142.25,286.24,1431.2,-475.0,-481.2,time,117.5,692.5
2022-10-25,2022-10-25 11:10:00-04:00,2022-10-25 14:00:00-04:00,2022-10-25 11:05:00-04:00,11671.0,11647.0,11514.75,11733.5,5,0.4,0.33336243253576936,150.0,156.25,314.24,1571.2,-240.0,-246.2,time,350.0,560.0
2022-10-26,2022-10-26 10:10:00-04:00,2022-10-26 10:15:00-04:00,2022-10-26 10:05:00-04:00,11531.25,11570.3,11433.0,11570.55,5,0.4,0.3344976006186548,96.5,98.25,198.24,991.2,390.4999999999927,384.29999999999274,target,407.5,167.5
2022-10-28,2022-10-28 10:30:00-04:00,2022-10-28 10:45:00-04:00,2022-10-28 10:25:00-04:00,11381.0,11450.65,11206.25,11450.9,5,0.4,0.33580809487261626,158.0,174.75,351.24,1756.2,696.4999999999964,690.2999999999963,target,905.0,40.0
2022-11-03,2022-11-03 10:50:00-04:00,2022-11-03 14:00:00-04:00,2022-11-03 10:45:00-04:00,10873.75,10778.25,10723.0,10934.05,5,0.4,0.36784368495401587,125.25,150.75,303.24,1516.2,-955.0,-961.2,time,147.5,1220.0
2022-11-08,2022-11-08 10:20:00-05:00,2022-11-08 10:35:00-05:00,2022-11-08 10:15:00-05:00,11087.75,11120.0,11006.5,11120.25,5,0.4,0.3527533178247896,79.5,81.25,164.24,821.2,322.5,316.3,target,390.0,52.5
2022-11-10,2022-11-10 11:15:00-05:00,2022-11-10 14:00:00-05:00,2022-11-10 11:10:00-05:00,11455.25,11500.5,11269.0,11529.75,5,0.4,0.3578152805286632,185.75,186.25,374.24,1871.2,452.5,446.3,time,577.5,330.0
2022-11-11,2022-11-11 10:15:00-05:00,2022-11-11 10:45:00-05:00,2022-11-11 10:10:00-05:00,11712.5,11769.45,11569.5,11769.7,5,0.4,0.4353971038540276,122.0,143.0,287.74,1438.7,569.5000000000073,563.3000000000072,target,625.0,70.0
2022-11-14,2022-11-14 10:10:00-05:00,2022-11-14 11:45:00-05:00,2022-11-14 10:05:00-05:00,11789.0,11823.55,11702.0,11823.8,5,0.4,0.4203451674427508,83.5,87.0,175.74,878.7,345.4999999999927,339.29999999999274,target,382.5,605.0
2022-11-17,2022-11-17 10:20:00-05:00,2022-11-17 11:55:00-05:00,2022-11-17 10:15:00-05:00,11659.5,11705.65,11543.5,11705.9,5,0.4,0.4113643309268922,91.25,116.0,233.74,1168.7,461.49999999999636,455.2999999999964,target,515.0,615.0
2022-11-22,2022-11-22 10:50:00-05:00,2022-11-22 13:10:00-05:00,2022-11-22 10:45:00-05:00,11642.25,11687.9,11527.5,11688.15,5,0.4,0.4035368535723771,101.25,114.75,231.24,1156.2,456.49999999999636,450.2999999999964,target,467.5,262.5
2022-11-23,2022-11-23 10:15:00-05:00,2022-11-23 12:55:00-05:00,2022-11-23 10:10:00-05:00,11854.75,11744.5,11744.75,11898.75,5,0.4,0.4052226445333957,108.0,110.0,221.74,1108.7,-1102.5,-1108.7,stop,332.5,1130.0
2022-11-24,2022-11-24 11:00:00-05:00,2022-11-24 18:00:00-05:00,2022-11-24 10:55:00-05:00,11920.0,11912.0,11898.75,11928.5,5,0.4,,20.0,21.25,44.24,221.20000000000002,-80.0,-86.2,time,50.0,100.0
2022-11-30,2022-11-30 13:35:00-05:00,2022-11-30 13:35:00-05:00,2022-11-30 13:30:00-05:00,11609.75,11645.9,11518.75,11646.15,5,0.4,0.3586847220486722,63.0,91.0,183.74,918.7,361.49999999999636,355.2999999999964,target,990.0,15.0
2022-12-02,2022-12-02 10:15:00-05:00,2022-12-02 14:00:00-05:00,2022-12-02 10:10:00-05:00,11943.0,11936.25,11837.25,11985.3,5,0.4,0.3860389165319013,78.5,105.75,213.24,1066.2,-67.5,-73.7,time,367.5,642.5
2022-12-08,2022-12-08 10:05:00-05:00,2022-12-08 10:30:00-05:00,2022-12-08 10:00:00-05:00,11611.0,11664.35,11477.0,11664.6,5,0.4,0.36731319226828973,127.5,134.0,269.74,1348.7,533.5000000000036,527.3000000000036,target,537.5,35.0
2022-12-09,2022-12-09 10:40:00-05:00,2022-12-09 11:50:00-05:00,2022-12-09 10:35:00-05:00,11669.0,11716.35,11550.0,11716.6,5,0.4,0.36898906001199705,110.5,119.0,239.74,1198.7,473.50000000000364,467.30000000000365,target,485.0,402.5
2022-12-14,2022-12-14 10:05:00-05:00,2022-12-14 11:00:00-05:00,2022-12-14 10:00:00-05:00,12016.75,12051.2,11930.0,12051.45,5,0.4,0.2490458525818858,85.25,86.75,175.24,876.2,344.5000000000073,338.3000000000073,target,390.0,110.0
2022-12-20,2022-12-20 10:05:00-05:00,2022-12-20 10:30:00-05:00,2022-12-20 10:00:00-05:00,11179.0,11223.85,11066.25,11224.1,5,0.4,0.27056014168625914,111.25,112.75,227.24,1136.2,448.50000000000364,442.30000000000365,target,682.5,210.0
2022-12-21,2022-12-21 10:10:00-05:00,2022-12-21 10:35:00-05:00,2022-12-21 10:05:00-05:00,11289.5,11332.65,11181.0,11332.9,5,0.4,0.2705256988808685,92.5,108.5,218.74,1093.7,431.49999999999636,425.2999999999964,target,502.5,125.0
2022-12-23,2022-12-23 10:35:00-05:00,2022-12-23 14:00:00-05:00,2022-12-23 10:30:00-05:00,11071.0,11038.25,10922.25,11130.5,5,0.4,0.28135622123509235,128.5,148.75,299.24,1496.2,-327.5,-333.7,time,322.5,957.5
2022-12-29,2022-12-29 10:15:00-05:00,2022-12-29 11:30:00-05:00,2022-12-29 10:10:00-05:00,10987.75,11040.0,10856.5,11040.25,5,0.4,0.2746330834384436,120.75,131.25,264.24,1321.2,522.5,516.3,target,615.0,5.0
2022-12-30,2022-12-30 10:50:00-05:00,2022-12-30 14:00:00-05:00,2022-12-30 10:45:00-05:00,10966.5,10906.75,10855.5,11010.9,5,0.4,0.23241786335322037,92.25,111.0,223.74,1118.7,-597.5,-603.7,time,0.0,917.5
2023-01-04,2023-01-04 11:40:00-05:00,2023-01-04 14:00:00-05:00,2023-01-04 11:35:00-05:00,11057.75,11001.0,10954.25,11099.15,5,0.4,0.23332008015364208,92.5,103.5,208.74,1043.7,-567.5,-573.7,time,102.5,1175.0
2023-01-06,2023-01-06 10:40:00-05:00,2023-01-06 11:50:00-05:00,2023-01-06 10:35:00-05:00,10954.75,11029.8,10766.5,11030.05,5,0.4,0.22761172970190727,178.5,188.25,378.24,1891.2,750.4999999999927,744.2999999999927,target,887.5,177.5
2023-01-09,2023-01-09 10:05:00-05:00,2023-01-09 11:10:00-05:00,2023-01-09 10:00:00-05:00,11323.5,11374.85,11194.5,11375.1,5,0.4,0.24797937717398702,117.25,129.0,259.74,1298.7,513.5000000000036,507.30000000000365,target,552.5,435.0
2023-01-10,2023-01-10 10:15:00-05:00,2023-01-10 10:40:00-05:00,2023-01-10 10:10:00-05:00,11256.5,11137.5,11137.75,11304.0,5,0.4,0.24494718817416863,108.5,118.75,239.24,1196.2,-1190.0,-1196.2,stop,267.5,1310.0
2023-01-11,2023-01-11 10:25:00-05:00,2023-01-11 12:15:00-05:00,2023-01-11 10:20:00-05:00,11372.0,11404.25,11290.75,11404.5,5,0.4,0.24722407158885604,73.25,81.25,164.24,821.2,322.5,316.3,target,415.0,587.5
2023-01-12,2023-01-12 12:20:00-05:00,2023-01-12 14:00:00-05:00,2023-01-12 12:15:00-05:00,11522.5,11565.0,11311.0,11607.1,5,0.4,0.25179029884052756,207.5,211.5,424.74,2123.7,425.0,418.8,time,527.5,705.0
2023-01-13,2023-01-13 10:10:00-05:00,2023-01-13 10:10:00-05:00,2023-01-13 10:05:00-05:00,11483.25,11512.9,11408.5,11513.15,5,0.4,0.24890552340884398,69.25,74.75,151.24,756.2,296.49999999999636,290.2999999999964,target,317.5,17.5
2023-01-17,2023-01-17 10:05:00-05:00,2023-01-17 14:00:00-05:00,2023-01-17 10:00:00-05:00,11663.0,11645.0,11549.25,11708.5,5,0.4,0.24957423017858155,77.75,113.75,229.24,1146.2,-180.0,-186.2,time,220.0,1080.0
2023-01-18,2023-01-18 10:05:00-05:00,2023-01-18 10:35:00-05:00,2023-01-18 10:00:00-05:00,11739.25,11672.0,11672.25,11766.05,5,0.4,0.21922260958970827,54.75,67.0,135.74,678.7,-672.5,-678.7,stop,202.5,882.5
2023-01-20,2023-01-20 10:10:00-05:00,2023-01-20 11:10:00-05:00,2023-01-20 10:05:00-05:00,11475.25,11511.9,11383.0,11512.15,5,0.4,0.21575795193490105,90.0,92.25,186.24,931.2,366.49999999999636,360.2999999999964,target,407.5,245.0
2023-01-23,2023-01-23 10:20:00-05:00,2023-01-23 11:00:00-05:00,2023-01-23 10:15:00-05:00,11827.0,11888.85,11671.75,11889.1,5,0.4,0.22921900924163918,149.75,155.25,312.24,1561.2,618.5000000000036,612.3000000000036,target,892.5,87.5
2023-01-25,2023-01-25 11:20:00-05:00,2023-01-25 11:50:00-05:00,2023-01-25 11:15:00-05:00,11729.75,11772.5,11622.25,11772.75,5,0.4,0.21194821179841863,101.5,107.5,216.74,1083.7,427.5,421.3,target,530.0,175.0
2023-01-27,2023-01-27 10:05:00-05:00,2023-01-27 11:40:00-05:00,2023-01-27 10:00:00-05:00,12155.75,12201.1,12041.75,12201.35,5,0.4,0.2108023261727798,105.25,114.0,229.74,1148.7,453.50000000000364,447.30000000000365,target,465.0,632.5
2023-01-30,2023-01-30 10:05:00-05:00,2023-01-30 10:20:00-05:00,2023-01-30 10:00:00-05:00,12136.0,12059.0,12059.25,12166.7,5,0.4,0.19912210056545937,72.25,76.75,155.24,776.2,-770.0,-776.2,stop,75.0,800.0
2023-01-31,2023-01-31 10:30:00-05:00,2023-01-31 11:35:00-05:00,2023-01-31 10:25:00-05:00,12059.5,12095.35,11969.25,12095.6,5,0.4,0.20603829861319528,86.0,90.25,182.24,911.2,358.50000000000364,352.30000000000365,target,362.5,135.0
2023-02-02,2023-02-02 10:35:00-05:00,2023-02-02 12:35:00-05:00,2023-02-02 10:30:00-05:00,12790.5,12838.85,12669.0,12839.1,5,0.4,0.20862964436466774,78.5,121.5,244.74,1223.7,483.50000000000364,477.30000000000365,target,507.5,192.5
2023-02-03,2023-02-03 10:15:00-05:00,2023-02-03 10:35:00-05:00,2023-02-03 10:10:00-05:00,12756.0,12834.85,12558.25,12835.1,5,0.4,0.23204665234250985,196.25,197.75,397.24,1986.2,788.5000000000036,782.3000000000036,target,897.5,152.5
2023-02-06,2023-02-06 10:05:00-05:00,2023-02-06 10:20:00-05:00,2023-02-06 10:00:00-05:00,12572.0,12501.75,12502.0,12600.0,5,0.4,0.2349881905219509,67.5,70.0,141.74,708.7,-702.5,-708.7,stop,202.5,867.5
2023-02-07,2023-02-07 11:15:00-05:00,2023-02-07 11:30:00-05:00,2023-02-07 11:10:00-05:00,12555.5,12582.05,12488.5,12582.3,5,0.4,0.23276363594789645,65.25,67.0,135.74,678.7,265.4999999999927,259.29999999999274,target,392.5,125.0
2023-02-10,2023-02-10 10:20:00-05:00,2023-02-10 10:50:00-05:00,2023-02-10 10:15:00-05:00,12397.0,12311.5,12311.75,12431.1,5,0.4,0.2500362372895247,82.25,85.25,172.24,861.2,-855.0,-861.2,stop,247.5,895.0
2023-02-13,2023-02-13 10:50:00-05:00,2023-02-13 11:40:00-05:00,2023-02-13 10:45:00-05:00,12486.0,12539.35,12352.0,12539.6,5,0.4,0.2536132096817449,113.5,134.0,269.74,1348.7,533.5000000000036,527.3000000000036,target,585.0,35.0
2023-02-14,2023-02-14 10:05:00-05:00,2023-02-14 14:00:00-05:00,2023-02-14 10:00:00-05:00,12631.25,12583.5,12390.5,12727.55,5,0.4,0.2571928357492794,210.5,240.75,483.24,2416.2,-477.5,-483.7,time,420.0,2137.5
2023-02-15,2023-02-15 11:30:00-05:00,2023-02-15 11:45:00-05:00,2023-02-15 11:25:00-05:00,12632.75,12668.1,12543.75,12668.35,5,0.4,0.25723877967889197,87.75,89.0,179.74,898.7,353.50000000000364,347.30000000000365,target,397.5,270.0
2023-02-16,2023-02-16 10:25:00-05:00,2023-02-16 10:35:00-05:00,2023-02-16 10:20:00-05:00,12605.0,12648.15,12496.5,12648.4,5,0.4,0.24925271820118297,95.25,108.5,218.74,1093.7,431.49999999999636,425.2999999999964,target,435.0,112.5
2023-02-27,2023-02-27 10:05:00-05:00,2023-02-27 10:05:00-05:00,2023-02-27 10:00:00-05:00,12156.25,12175.9,12106.5,12176.15,5,0.4,0.26007762850264654,45.0,49.75,101.24,506.2,196.49999999999636,190.29999999999637,target,332.5,12.5
2023-02-28,2023-02-28 10:05:00-05:00,2023-02-28 12:50:00-05:00,2023-02-28 10:00:00-05:00,12113.75,12142.5,12041.25,12142.75,5,0.4,0.25838404075743426,71.5,72.5,146.74,733.7,287.5,281.3,target,342.5,680.0
2023-03-02,2023-03-02 10:05:00-05:00,2023-03-02 13:35:00-05:00,2023-03-02 10:00:00-05:00,11923.75,11954.5,11846.25,11954.75,5,0.4,0.24598963344577932,65.25,77.5,156.74,783.7,307.5,301.3,target,565.0,515.0
2023-03-03,2023-03-03 10:25:00-05:00,2023-03-03 12:50:00-05:00,2023-03-03 10:20:00-05:00,12207.25,12245.5,12111.0,12245.75,5,0.4,0.23400155674108258,88.75,96.25,194.24,971.2,382.5,376.3,target,460.0,367.5
2023-03-06,2023-03-06 10:15:00-05:00,2023-03-06 10:15:00-05:00,2023-03-06 10:10:00-05:00,12409.25,12433.8,12347.25,12434.05,5,0.4,0.20877199901280533,49.75,62.0,125.74,628.6999999999999,245.49999999999272,239.29999999999274,target,292.5,52.5
2023-03-08,2023-03-08 10:35:00-05:00,2023-03-08 11:45:00-05:00,2023-03-08 10:30:00-05:00,12217.25,12241.9,12155.0,12242.15,5,0.4,0.2029245492270684,61.0,62.25,126.24,631.1999999999999,246.49999999999636,240.29999999999637,target,347.5,552.5
2023-03-09,2023-03-09 10:05:00-05:00,2023-03-09 12:45:00-05:00,2023-03-09 10:00:00-05:00,12342.25,12230.0,12230.25,12387.05,5,0.4,0.19076748105846586,109.0,112.0,225.74,1128.7,-1122.5,-1128.7,stop,115.0,1262.5
2023-03-10,2023-03-10 11:30:00-05:00,2023-03-10 13:25:00-05:00,2023-03-10 11:25:00-05:00,12045.25,11865.5,11865.75,12117.05,5,0.4,0.1932000832164006,161.75,179.5,360.74,1803.7,-1797.5,-1803.7,stop,342.5,2062.5
2023-03-13,2023-03-13 10:35:00-04:00,2023-03-13 11:10:00-04:00,2023-03-13 10:30:00-04:00,11929.75,12019.4,11705.0,12019.65,5,0.4,0.19585278280414886,216.5,224.75,451.24,2256.2,896.4999999999964,890.2999999999963,target,952.5,870.0
2023-03-14,2023-03-14 10:25:00-04:00,2023-03-14 11:15:00-04:00,2023-03-14 10:20:00-04:00,12163.5,12200.55,12070.25,12200.8,5,0.4,0.197337921195756,89.75,93.25,188.24,941.2,370.4999999999927,364.29999999999274,target,407.5,72.5
2023-03-15,2023-03-15 11:50:00-04:00,2023-03-15 12:55:00-04:00,2023-03-15 11:45:00-04:00,12299.25,12193.5,12193.75,12341.45,5,0.4,0.2047532560840876,80.75,105.5,212.74,1063.7,-1057.5,-1063.7,stop,20.0,1172.5
2023-03-16,2023-03-16 10:45:00-04:00,2023-03-16 10:45:00-04:00,2023-03-16 10:40:00-04:00,12444.25,12496.1,12314.0,12496.35,5,0.4,0.21387115435954254,104.25,130.25,262.24,1311.2,518.5000000000036,512.3000000000036,target,542.5,35.0
2023-03-17,2023-03-17 10:05:00-04:00,2023-03-17 10:25:00-04:00,2023-03-17 10:00:00-04:00,12793.25,12690.75,12691.0,12834.15,5,0.4,0.2295298489633213,72.75,102.25,206.24,1031.2,-1025.0,-1031.2,stop,40.0,1225.0
2023-03-20,2023-03-20 10:50:00-04:00,2023-03-20 11:25:00-04:00,2023-03-20 10:45:00-04:00,12635.25,12677.4,12529.25,12677.65,5,0.4,0.21746208215168636,103.75,106.0,213.74,1068.7,421.49999999999636,415.2999999999964,target,595.0,202.5
2023-03-22,2023-03-22 10:25:00-04:00,2023-03-22 10:25:00-04:00,2023-03-22 10:20:00-04:00,12901.25,12921.1,12851.0,12921.35,5,0.4,0.20109107604324575,44.75,50.25,102.24,511.2,198.50000000000364,192.30000000000365,target,367.5,20.0
2023-03-23,2023-03-23 10:10:00-04:00,2023-03-23 10:15:00-04:00,2023-03-23 10:05:00-04:00,12912.5,12938.45,12847.0,12938.7,5,0.4,0.20939030663927347,49.0,65.5,132.74,663.7,259.5000000000073,253.3000000000073,target,325.0,22.5
2023-03-29,2023-03-29 10:05:00-04:00,2023-03-29 10:30:00-04:00,2023-03-29 10:00:00-04:00,12928.5,12881.0,12881.25,12947.4,5,0.4,0.2024537236657623,46.0,47.25,96.24,481.2,-475.0,-481.2,stop,32.5,510.0
2023-03-30,2023-03-30 10:30:00-04:00,2023-03-30 13:30:00-04:00,2023-03-30 10:25:00-04:00,13093.5,13036.75,13037.0,13116.1,5,0.4,0.2041261339640775,44.25,56.5,114.74,573.6999999999999,-567.5,-573.7,stop,185.0,610.0
2023-03-31,2023-03-31 10:35:00-04:00,2023-03-31 11:50:00-04:00,2023-03-31 10:30:00-04:00,13168.25,13204.1,13078.0,13204.35,5,0.4,0.20437500026997293,77.75,90.25,182.24,911.2,358.50000000000364,352.30000000000365,target,425.0,40.0
2023-04-03,2023-04-03 10:25:00-04:00,2023-04-03 10:50:00-04:00,2023-04-03 10:20:00-04:00,13264.25,13197.5,13197.75,13290.85,5,0.4,0.1999443420457565,64.0,66.5,134.74,673.7,-667.5,-673.7,stop,27.5,830.0
2023-04-04,2023-04-04 10:05:00-04:00,2023-04-04 11:05:00-04:00,2023-04-04 10:00:00-04:00,13303.0,13229.75,13230.0,13332.2,5,0.4,0.2008288313740473,66.25,73.0,147.74,738.7,-732.5,-738.7,stop,237.5,747.5
2023-04-06,2023-04-06 10:10:00-04:00,2023-04-06 11:05:00-04:00,2023-04-06 10:05:00-04:00,13026.5,13055.85,12952.5,13056.1,5,0.4,0.2015050163935806,61.0,74.0,149.74,748.7,293.50000000000364,287.30000000000365,target,415.0,190.0
2023-04-10,2023-04-10 11:10:00-04:00,2023-04-10 11:40:00-04:00,2023-04-10 11:05:00-04:00,13052.75,13086.6,12967.5,13086.85,5,0.4,0.1845936863969328,83.0,85.25,172.24,861.2,338.50000000000364,332.30000000000365,target,355.0,17.5
2023-04-13,2023-04-13 10:10:00-04:00,2023-04-13 10:15:00-04:00,2023-04-13 10:05:00-04:00,13096.25,13126.6,13019.75,13126.85,5,0.4,0.17409337626539728,60.75,76.5,154.74,773.7,303.50000000000364,297.30000000000365,target,425.0,65.0
2023-04-19,2023-04-19 10:40:00-04:00,2023-04-19 11:00:00-04:00,2023-04-19 10:35:00-04:00,13136.0,13158.85,13078.25,13159.1,5,0.4,0.15654338077624533,54.25,57.75,117.24,586.1999999999999,228.50000000000364,222.30000000000365,target,247.5,120.0
2023-04-20,2023-04-20 10:10:00-04:00,2023-04-20 12:55:00-04:00,2023-04-20 10:05:00-04:00,13137.5,13173.95,13045.75,13174.2,5,0.4,0.14961539135651156,79.25,91.75,185.24,926.2,364.5000000000073,358.3000000000073,target,385.0,457.5
2023-04-21,2023-04-21 11:35:00-04:00,2023-04-21 14:00:00-04:00,2023-04-21 11:30:00-04:00,13078.5,13100.5,12994.5,13112.1,5,0.4,0.14196818361298247,79.5,84.0,169.74,848.7,220.0,213.8,time,390.0,295.0
2023-04-26,2023-04-26 11:10:00-04:00,2023-04-26 12:00:00-04:00,2023-04-26 11:05:00-04:00,12970.0,12998.15,12899.0,12998.4,5,0.4,0.14057914926991,66.0,71.0,143.74,718.7,281.49999999999636,275.2999999999964,target,332.5,40.0
2023-04-27,2023-04-27 10:15:00-04:00,2023-04-27 10:35:00-04:00,2023-04-27 10:10:00-04:00,13077.5,13102.95,13013.25,13103.2,5,0.4,0.1396011984909211,49.0,64.25,130.24,651.2,254.50000000000728,248.3000000000073,target,322.5,85.0
2023-04-28,2023-04-28 10:15:00-04:00,2023-04-28 14:00:00-04:00,2023-04-28 10:10:00-04:00,13266.0,13276.75,13172.5,13303.4,5,0.4,0.17241785052471806,71.5,93.5,188.74,943.7,107.5,101.3,time,287.5,822.5
2023-05-01,2023-05-01 12:35:00-04:00,2023-05-01 13:10:00-04:00,2023-05-01 12:30:00-04:00,13334.5,13353.65,13286.0,13353.9,5,0.4,0.16959626697850433,42.0,48.5,98.74,493.7,191.49999999999636,185.29999999999637,target,205.0,85.0
2023-05-04,2023-05-04 11:10:00-04:00,2023-05-04 13:15:00-04:00,2023-05-04 11:05:00-04:00,13089.75,13114.7,13026.75,13114.95,5,0.4,0.1641002817593795,59.75,63.0,127.74,638.6999999999999,249.50000000000728,243.3000000000073,target,282.5,592.5
2023-05-05,2023-05-05 10:05:00-04:00,2023-05-05 10:10:00-04:00,2023-05-05 10:00:00-04:00,13200.0,13230.05,13124.25,13230.3,5,0.4,0.15973172861836468,68.75,75.75,153.24,766.2,300.4999999999927,294.29999999999274,target,327.5,47.5
2023-05-08,2023-05-08 11:55:00-04:00,2023-05-08 13:30:00-04:00,2023-05-08 11:50:00-04:00,13321.0,13344.75,13261.0,13345.0,5,0.4,0.1747978235750193,49.25,60.0,121.74,608.6999999999999,237.5,231.3,target,277.5,137.5
2023-05-10,2023-05-10 10:10:00-04:00,2023-05-10 10:45:00-04:00,2023-05-10 10:05:00-04:00,13424.0,13321.25,13321.5,13465.0,5,0.4,0.1742046164228439,96.25,102.5,206.74,1033.7,-1027.5,-1033.7,stop,100.0,1075.0
2023-05-11,2023-05-11 11:30:00-04:00,2023-05-11 12:45:00-04:00,2023-05-11 11:25:00-04:00,13434.75,13459.5,13372.25,13459.75,5,0.4,0.17392898196384615,61.25,62.5,126.74,633.6999999999999,247.5,241.3,target,250.0,175.0
2023-05-15,2023-05-15 11:25:00-04:00,2023-05-15 13:00:00-04:00,2023-05-15 11:20:00-04:00,13432.0,13455.05,13373.75,13455.3,5,0.4,0.1630711189466606,54.5,58.25,118.24,591.1999999999999,230.49999999999272,224.29999999999274,target,247.5,140.0
2023-05-16,2023-05-16 11:00:00-04:00,2023-05-16 12:40:00-04:00,2023-05-16 10:55:00-04:00,13519.25,13552.9,13434.5,13553.15,5,0.4,0.1641917260034885,81.25,84.75,171.24,856.2,336.49999999999636,330.2999999999964,target,350.0,182.5
2023-05-17,2023-05-17 11:40:00-04:00,2023-05-17 12:35:00-04:00,2023-05-17 11:35:00-04:00,13540.75,13566.8,13475.0,13567.05,5,0.4,0.1636647236389351,65.0,65.75,133.24,666.2,260.4999999999927,254.29999999999274,target,367.5,35.0
2023-05-18,2023-05-18 10:10:00-04:00,2023-05-18 10:20:00-04:00,2023-05-18 10:05:00-04:00,13731.5,13762.75,13652.75,13763.0,5,0.4,0.16770774432908608,65.75,78.75,159.24,796.2,312.5,306.3,target,375.0,62.5
2023-05-25,2023-05-25 11:15:00-04:00,2023-05-25 14:00:00-04:00,2023-05-25 11:10:00-04:00,13976.5,13990.75,13851.25,14026.6,5,0.4,0.1794892809673464,114.75,125.25,252.24,1261.2,142.5,136.3,time,550.0,552.5
2023-05-26,2023-05-26 10:05:00-04:00,2023-05-26 10:20:00-04:00,2023-05-26 10:00:00-04:00,14133.5,14180.75,14014.75,14181.0,5,0.4,0.16140675943614233,109.5,118.75,239.24,1196.2,472.5,466.3,target,505.0,72.5
2023-05-29,2023-05-29 10:25:00-04:00,2023-05-29 10:30:00-04:00,2023-05-29 10:20:00-04:00,14379.75,14384.3,14367.75,14384.55,5,0.4,,11.0,12.0,25.74,128.7,45.499999999992724,39.29999999999272,target,62.5,2.5
2023-06-01,2023-06-01 10:05:00-04:00,2023-06-01 10:40:00-04:00,2023-06-01 10:00:00-04:00,14323.5,14351.85,14252.0,14352.1,5,0.4,0.1796150238654277,70.5,71.5,144.74,723.7,283.50000000000364,277.30000000000365,target,395.0,507.5
2023-06-05,2023-06-05 10:55:00-04:00,2023-06-05 13:00:00-04:00,2023-06-05 10:50:00-04:00,14657.25,14692.8,14567.75,14693.05,5,0.4,0.17386579622882345,84.0,89.5,180.74,903.7,355.4999999999927,349.29999999999274,target,380.0,132.5
2023-06-06,2023-06-06 10:25:00-04:00,2023-06-06 11:55:00-04:00,2023-06-06 10:20:00-04:00,14578.75,14608.0,14505.0,14608.25,5,0.4,0.16513560995516469,56.75,73.75,149.24,746.2,292.5,286.3,target,370.0,387.5
2023-06-08,2023-06-08 10:15:00-04:00,2023-06-08 10:40:00-04:00,2023-06-08 10:10:00-04:00,14406.5,14437.65,14328.0,14437.9,5,0.4,0.18138117708880333,69.0,78.5,158.74,793.7,311.49999999999636,305.2999999999964,target,357.5,152.5
2023-06-09,2023-06-09 10:15:00-04:00,2023-06-09 11:25:00-04:00,2023-06-09 10:10:00-04:00,14670.5,14556.25,14556.5,14716.1,5,0.4,0.18135655339675552,112.25,114.0,229.74,1148.7,-1142.5,-1148.7,stop,175.0,1235.0
2023-06-12,2023-06-12 10:50:00-04:00,2023-06-12 11:35:00-04:00,2023-06-12 10:45:00-04:00,14642.0,14658.15,14601.0,14658.4,5,0.4,0.18117172227728964,36.5,41.0,83.74,418.7,161.49999999999636,155.29999999999637,target,212.5,395.0
2023-06-14,2023-06-14 10:05:00-04:00,2023-06-14 10:15:00-04:00,2023-06-14 10:00:00-04:00,15127.5,15157.05,15053.0,15157.3,5,0.4,0.18361031076272352,71.0,74.5,150.74,753.7,295.4999999999927,289.29999999999274,target,312.5,47.5
2023-06-15,2023-06-15 10:10:00-04:00,2023-06-15 11:35:00-04:00,2023-06-15 10:05:00-04:00,15250.75,15305.1,15114.25,15305.35,5,0.4,0.19088529042675575,108.75,136.5,274.74,1373.7,543.5000000000036,537.3000000000036,target,722.5,355.0
2023-06-22,2023-06-22 10:15:00-04:00,2023-06-22 14:00:00-04:00,2023-06-22 10:10:00-04:00,15132.75,15153.5,14964.0,15200.25,5,0.4,0.19856412602488036,132.5,168.75,339.24,1696.2,207.5,201.3,time,480.0,767.5
2023-06-23,2023-06-23 12:20:00-04:00,2023-06-23 13:20:00-04:00,2023-06-23 12:15:00-04:00,15103.25,15150.4,14984.75,15150.65,5,0.4,0.1892514170920892,103.0,118.5,238.74,1193.7,471.49999999999636,465.2999999999964,target,522.5,107.5
2023-06-26,2023-06-26 10:15:00-04:00,2023-06-26 11:05:00-04:00,2023-06-26 10:10:00-04:00,15140.75,15024.0,15024.25,15187.35,5,0.4,0.192864185455896,115.25,116.5,234.74,1173.7,-1167.5,-1173.7,stop,115.0,1247.5
2023-06-27,2023-06-27 11:30:00-04:00,2023-06-27 12:00:00-04:00,2023-06-27 11:25:00-04:00,14982.75,15016.4,14898.0,15016.65,5,0.4,0.18948310678979122,72.75,84.75,171.24,856.2,336.49999999999636,330.2999999999964,target,350.0,87.5
2023-06-28,2023-06-28 10:20:00-04:00,2023-06-28 10:30:00-04:00,2023-06-28 10:15:00-04:00,15113.75,15148.8,15025.5,15149.05,5,0.4,0.1746151849446841,82.5,88.25,178.24,891.2,350.4999999999927,344.29999999999274,target,587.5,132.5
2023-06-30,2023-06-30 10:15:00-04:00,2023-06-30 10:20:00-04:00,2023-06-30 10:10:00-04:00,15336.75,15375.9,15238.25,15376.15,5,0.4,0.17203265793474737,92.5,98.5,198.74,993.7,391.49999999999636,385.2999999999964,target,397.5,2.5
2023-07-05,2023-07-05 10:20:00-04:00,2023-07-05 14:00:00-04:00,2023-07-05 10:15:00-04:00,15407.0,15370.75,15292.5,15452.8,5,0.4,0.1728577839896466,103.5,114.5,230.74,1153.7,-362.5,-368.7,time,247.5,685.0
2023-07-06,2023-07-06 13:00:00-04:00,2023-07-06 14:00:00-04:00,2023-07-06 12:55:00-04:00,15215.5,15237.75,15129.5,15249.9,5,0.4,0.1722064191351957,84.5,86.0,173.74,868.7,222.5,216.3,time,242.5,240.0
2023-07-07,2023-07-07 12:00:00-04:00,2023-07-07 12:30:00-04:00,2023-07-07 11:55:00-04:00,15281.0,15317.75,15188.5,15318.0,5,0.4,0.17626155101430377,87.25,92.5,186.74,933.7,367.5,361.3,target,417.5,12.5
2023-07-11,2023-07-11 12:00:00-04:00,2023-07-11 14:00:00-04:00,2023-07-11 11:55:00-04:00,15236.0,15203.25,15141.5,15273.8,5,0.4,0.1600412556194072,92.25,94.5,190.74,953.7,-327.5,-333.7,time,140.0,607.5
2023-07-12,2023-07-12 10:10:00-04:00,2023-07-12 11:35:00-04:00,2023-07-12 10:05:00-04:00,15487.5,15407.75,15408.0,15519.3,5,0.4,0.15699336999713917,61.75,79.5,160.74,803.7,-797.5,-803.7,stop,202.5,810.0
2023-07-13,2023-07-13 12:00:00-04:00,2023-07-13 13:25:00-04:00,2023-07-13 11:55:00-04:00,15631.25,15662.6,15552.25,15662.85,5,0.4,0.1613022929662288,69.5,79.0,159.74,798.7,313.50000000000364,307.30000000000365,target,377.5,65.0
2023-07-14,2023-07-14 10:10:00-04:00,2023-07-14 10:15:00-04:00,2023-07-14 10:05:00-04:00,15812.5,15848.85,15721.0,15849.1,5,0.4,0.16055148301002262,90.75,91.5,184.74,923.7,363.50000000000364,357.30000000000365,target,405.0,2.5
2023-07-17,2023-07-17 11:35:00-04:00,2023-07-17 13:45:00-04:00,2023-07-17 11:30:00-04:00,15784.75,15814.9,15708.75,15815.15,5,0.4,0.1601267420017271,72.75,76.0,153.74,768.7,301.49999999999636,295.2999999999964,target,327.5,245.0
2023-07-18,2023-07-18 11:45:00-04:00,2023-07-18 11:45:00-04:00,2023-07-18 11:40:00-04:00,15831.75,15870.8,15733.5,15871.05,5,0.4,0.14702859979240485,82.5,98.25,198.24,991.2,390.4999999999927,384.29999999999274,target,475.0,5.0
2023-07-19,2023-07-19 11:15:00-04:00,2023-07-19 12:20:00-04:00,2023-07-19 11:10:00-04:00,16041.75,15977.75,15978.0,16067.25,5,0.4,0.14565887579676917,60.25,63.75,129.24,646.2,-640.0,-646.2,stop,207.5,660.0
2023-07-25,2023-07-25 11:40:00-04:00,2023-07-25 13:20:00-04:00,2023-07-25 11:35:00-04:00,15672.5,15705.95,15588.25,15706.2,5,0.4,0.1559918451287291,81.25,84.25,170.24,851.2,334.5000000000073,328.3000000000073,target,350.0,185.0
2023-07-28,2023-07-28 10:05:00-04:00,2023-07-28 11:20:00-04:00,2023-07-28 10:00:00-04:00,15824.75,15868.2,15715.5,15868.45,5,0.4,0.13437210135834968,103.75,109.25,220.24,1101.2,434.5000000000073,428.3000000000073,target,445.0,432.5
2023-08-01,2023-08-01 10:40:00-04:00,2023-08-01 10:50:00-04:00,2023-08-01 10:35:00-04:00,15811.25,15829.5,15765.0,15829.75,5,0.4,0.14174202051887416,44.0,46.25,94.24,471.2,182.5,176.3,target,257.5,100.0
2023-08-03,2023-08-03 11:20:00-04:00,2023-08-03 12:50:00-04:00,2023-08-03 11:15:00-04:00,15473.25,15521.9,15351.0,15522.15,5,0.4,0.16028777306297312,107.0,122.25,246.24,1231.2,486.49999999999636,480.2999999999964,target,505.0,315.0
2023-08-04,2023-08-04 12:30:00-04:00,2023-08-04 14:00:00-04:00,2023-08-04 12:25:00-04:00,15591.5,15524.5,15440.0,15652.1,5,0.4,0.1571542175872485,144.0,151.5,304.74,1523.7,-670.0,-676.2,time,187.5,1262.5
2023-08-10,2023-08-10 10:05:00-04:00,2023-08-10 11:20:00-04:00,2023-08-10 10:00:00-04:00,15430.25,15273.0,15273.25,15493.05,5,0.4,0.16282086027081327,152.25,157.0,315.74,1578.7,-1572.5,-1578.7,stop,82.5,1692.5
2023-08-11,2023-08-11 10:15:00-04:00,2023-08-11 10:20:00-04:00,2023-08-11 10:10:00-04:00,15132.0,15163.75,15052.0,15164.0,5,0.4,0.15068681581297125,64.75,80.0,161.74,808.7,317.5,311.3,target,422.5,30.0
2023-08-14,2023-08-14 10:05:00-04:00,2023-08-14 10:25:00-04:00,2023-08-14 10:00:00-04:00,15130.5,15167.95,15036.25,15168.2,5,0.4,0.15121032262165152,89.75,94.25,190.24,951.2,374.5000000000073,368.3000000000073,target,425.0,167.5
2023-08-16,2023-08-16 10:20:00-04:00,2023-08-16 11:50:00-04:00,2023-08-16 10:15:00-04:00,15135.75,15050.5,15050.75,15169.75,5,0.4,0.1529585913601935,77.0,85.0,171.74,858.7,-852.5,-858.7,stop,87.5,897.5
2023-08-18,2023-08-18 11:05:00-04:00,2023-08-18 11:55:00-04:00,2023-08-18 11:00:00-04:00,14705.75,14738.7,14622.75,14738.95,5,0.4,0.14220486900623566,74.25,83.0,167.74,838.7,329.5000000000073,323.3000000000073,target,362.5,575.0
2023-08-21,2023-08-21 10:05:00-04:00,2023-08-21 11:10:00-04:00,2023-08-21 10:00:00-04:00,14916.0,14805.25,14805.5,14960.2,5,0.4,0.14237399227854336,108.0,110.5,222.74,1113.7,-1107.5,-1113.7,stop,162.5,1110.0
2023-08-23,2023-08-23 10:10:00-04:00,2023-08-23 10:40:00-04:00,2023-08-23 10:05:00-04:00,15106.25,15148.8,14999.25,15149.05,5,0.4,0.15226599594469956,106.25,107.0,215.74,1078.7,425.4999999999927,419.29999999999274,target,577.5,90.0
2023-08-25,2023-08-25 10:15:00-04:00,2023-08-25 10:15:00-04:00,2023-08-25 10:10:00-04:00,14999.25,15041.9,14892.0,15042.15,5,0.4,0.18397034138294174,63.25,107.25,216.24,1081.2,426.49999999999636,420.2999999999964,target,497.5,462.5
2023-08-29,2023-08-29 10:05:00-04:00,2023-08-29 10:25:00-04:00,2023-08-29 10:00:00-04:00,15229.75,15296.5,15062.25,15296.75,5,0.4,0.1792015021926143,113.0,167.5,336.74,1683.7,667.5,661.3,target,677.5,107.5
2023-08-30,2023-08-30 10:10:00-04:00,2023-08-30 10:25:00-04:00,2023-08-30 10:05:00-04:00,15478.75,15386.25,15386.5,15515.65,5,0.4,0.19791188413792313,90.5,92.25,186.24,931.2,-925.0,-931.2,stop,287.5,1045.0
2023-08-31,2023-08-31 10:15:00-04:00,2023-08-31 14:00:00-04:00,2023-08-31 10:10:00-04:00,15582.25,15557.5,15488.75,15619.65,5,0.4,0.18266283928309313,79.25,93.5,188.74,943.7,-247.5,-253.7,time,245.0,885.0
2023-09-05,2023-09-05 10:25:00-04:00,2023-09-05 10:50:00-04:00,2023-09-05 10:20:00-04:00,15511.0,15536.85,15445.75,15537.1,5,0.4,0.17996415680113628,60.75,65.25,132.24,661.2,258.50000000000364,252.30000000000365,target,295.0,340.0
2023-09-07,2023-09-07 10:45:00-04:00,2023-09-07 14:00:00-04:00,2023-09-07 10:40:00-04:00,15270.5,15279.5,15157.5,15315.7,5,0.4,0.17752663236873725,83.25,113.0,227.74,1138.7,90.0,83.8,time,225.0,732.5
2023-09-08,2023-09-08 10:20:00-04:00,2023-09-08 14:00:00-04:00,2023-09-08 10:15:00-04:00,15374.5,15326.5,15270.5,15416.1,5,0.4,0.17605774927105167,101.0,104.0,209.74,1048.7,-480.0,-486.2,time,160.0,870.0
2023-09-11,2023-09-11 13:40:00-04:00,2023-09-11 14:00:00-04:00,2023-09-11 13:35:00-04:00,15453.75,15468.0,15352.0,15494.45,5,0.4,0.17622004364115482,96.25,101.75,205.24,1026.2,142.5,136.3,time,177.5,75.0
2023-09-13,2023-09-13 11:05:00-04:00,2023-09-13 13:40:00-04:00,2023-09-13 11:00:00-04:00,15581.25,15616.1,15493.5,15616.35,5,0.4,0.18049215460532533,68.25,87.75,177.24,886.2,348.50000000000364,342.30000000000365,target,372.5,435.0
2023-09-14,2023-09-14 10:45:00-04:00,2023-09-14 11:05:00-04:00,2023-09-14 10:40:00-04:00,15645.5,15688.95,15536.25,15689.2,5,0.4,0.18473571499456712,102.5,109.25,220.24,1101.2,434.5000000000073,428.3000000000073,target,440.0,7.5
2023-09-18,2023-09-18 11:35:00-04:00,2023-09-18 14:00:00-04:00,2023-09-18 11:30:00-04:00,15435.25,15436.25,15343.25,15472.05,5,0.4,0.18912455527811628,91.75,92.0,185.74,928.7,10.0,3.8,time,255.0,112.5
2023-09-19,2023-09-19 13:55:00-04:00,2023-09-19 14:00:00-04:00,2023-09-19 13:50:00-04:00,15378.0,15373.25,15303.0,15408.0,5,0.4,0.18882734654410013,70.25,75.0,151.74,758.7,-47.5,-53.7,time,60.0,102.5
2023-09-22,2023-09-22 10:25:00-04:00,2023-09-22 10:30:00-04:00,2023-09-22 10:20:00-04:00,14955.75,14982.6,14888.0,14982.85,5,0.4,0.1954864690062433,62.75,67.75,137.24,686.2,268.50000000000364,262.30000000000365,target,380.0,212.5
2023-09-25,2023-09-25 11:20:00-04:00,2023-09-25 14:00:00-04:00,2023-09-25 11:15:00-04:00,14914.0,14903.25,14782.5,14966.6,5,0.4,0.17678396906611146,114.0,131.5,264.74,1323.7,-107.5,-113.7,time,220.0,497.5
2023-09-28,2023-09-28 10:05:00-04:00,2023-09-28 11:20:00-04:00,2023-09-28 10:00:00-04:00,14771.25,14817.0,14656.25,14817.25,5,0.4,0.1601422217567605,91.0,115.0,231.74,1158.7,457.5,451.3,target,470.0,920.0
2023-09-29,2023-09-29 10:05:00-04:00,2023-09-29 10:20:00-04:00,2023-09-29 10:00:00-04:00,15051.5,14976.5,14976.75,15081.4,5,0.4,0.1617082917086466,67.25,74.75,151.24,756.2,-750.0,-756.2,stop,12.5,775.0
2023-10-02,2023-10-02 10:05:00-04:00,2023-10-02 11:20:00-04:00,2023-10-02 10:00:00-04:00,14982.5,15036.35,14847.25,15036.6,5,0.4,0.16121595233770566,113.75,135.25,272.24,1361.2,538.5000000000036,532.3000000000036,target,637.5,765.0
2023-10-04,2023-10-04 11:20:00-04:00,2023-10-04 11:55:00-04:00,2023-10-04 11:15:00-04:00,14845.25,14883.9,14748.0,14884.15,5,0.4,0.17429808955508638,86.5,97.25,196.24,981.2,386.49999999999636,380.2999999999964,target,522.5,212.5
2023-10-06,2023-10-06 10:25:00-04:00,2023-10-06 10:30:00-04:00,2023-10-06 10:20:00-04:00,14824.0,14872.55,14702.0,14872.8,5,0.4,0.17853714393225972,98.75,122.0,245.74,1228.7,485.4999999999927,479.29999999999274,target,617.5,57.5
2023-10-09,2023-10-09 12:20:00-04:00,2023-10-09 13:30:00-04:00,2023-10-09 12:15:00-04:00,15074.5,15124.35,14949.25,15124.6,5,0.4,0.19057050177815132,113.25,125.25,252.24,1261.2,498.50000000000364,492.30000000000365,target,567.5,280.0
2023-10-10,2023-10-10 10:05:00-04:00,2023-10-10 10:30:00-04:00,2023-10-10 10:00:00-04:00,15264.0,15297.35,15180.0,15297.6,5,0.4,0.18646854436669807,61.75,84.0,169.74,848.7,333.50000000000364,327.30000000000365,target,502.5,265.0
2023-10-12,2023-10-12 10:10:00-04:00,2023-10-12 10:10:00-04:00,2023-10-12 10:05:00-04:00,15423.0,15445.75,15365.5,15446.0,5,0.4,0.174761608148079,51.0,57.5,116.74,583.6999999999999,227.5,221.3,target,367.5,17.5
2023-10-16,2023-10-16 10:20:00-04:00,2023-10-16 10:30:00-04:00,2023-10-16 10:15:00-04:00,15264.0,15301.85,15168.75,15302.1,5,0.4,0.16640941772355733,91.25,95.25,192.24,961.2,378.50000000000364,372.30000000000365,target,612.5,50.0
2023-10-17,2023-10-17 10:15:00-04:00,2023-10-17 10:20:00-04:00,2023-10-17 10:10:00-04:00,15158.75,15202.0,15050.0,15202.25,5,0.4,0.17242407133255128,92.0,108.75,219.24,1096.2,432.5,426.3,target,455.0,27.5
2023-10-18,2023-10-18 10:20:00-04:00,2023-10-18 10:35:00-04:00,2023-10-18 10:15:00-04:00,15200.5,15121.25,15121.5,15232.1,5,0.4,0.17267757282155366,77.5,79.0,159.74,798.7,-792.5,-798.7,stop,235.0,960.0
2023-10-19,2023-10-19 12:25:00-04:00,2023-10-19 12:30:00-04:00,2023-10-19 12:20:00-04:00,15115.25,15020.75,15021.0,15152.95,5,0.4,0.16917680709674154,88.25,94.25,190.24,951.2,-945.0,-951.2,stop,27.5,1597.5
2023-10-23,2023-10-23 10:15:00-04:00,2023-10-23 11:05:00-04:00,2023-10-23 10:10:00-04:00,14657.5,14714.55,14514.25,14714.8,5,0.4,0.1683834015505865,128.5,143.25,288.24,1441.2,570.4999999999927,564.2999999999927,target,582.5,237.5
2023-10-24,2023-10-24 10:30:00-04:00,2023-10-24 12:20:00-04:00,2023-10-24 10:25:00-04:00,14848.25,14758.75,14759.0,14883.95,5,0.4,0.16871894173934462,78.25,89.25,180.24,901.2,-895.0,-901.2,stop,295.0,927.5
2023-10-27,2023-10-27 11:10:00-04:00,2023-10-27 11:15:00-04:00,2023-10-27 11:05:00-04:00,14358.75,14385.6,14291.0,14385.85,5,0.4,0.19001988064973557,65.25,67.75,137.24,686.2,268.50000000000364,262.30000000000365,target,462.5,112.5
2023-10-31,2023-10-31 12:50:00-04:00,2023-10-31 14:00:00-04:00,2023-10-31 12:45:00-04:00,14435.25,14477.25,14311.25,14484.85,5,0.4,0.19170423769807668,117.75,124.0,249.74,1248.7,420.0,413.8,time,527.5,222.5
2023-11-01,2023-11-01 10:25:00-04:00,2023-11-01 14:00:00-04:00,2023-11-01 10:20:00-04:00,14631.0,14605.5,14515.25,14677.3,5,0.4,0.1834090571537951,66.25,115.75,233.24,1166.2,-255.0,-261.2,time,185.0,687.5
2023-11-02,2023-11-02 10:55:00-04:00,2023-11-02 13:15:00-04:00,2023-11-02 10:50:00-04:00,14955.25,14976.8,14900.75,14977.05,5,0.4,0.19132631519177418,51.75,54.5,110.74,553.6999999999999,215.49999999999272,209.29999999999274,target,270.0,327.5
2023-11-03,2023-11-03 11:50:00-04:00,2023-11-03 12:25:00-04:00,2023-11-03 11:45:00-04:00,15143.5,15184.55,15040.25,15184.8,5,0.4,0.2005758235473101,99.75,103.25,208.24,1041.2,410.4999999999927,404.29999999999274,target,485.0,77.5
2023-11-07,2023-11-07 10:05:00-05:00,2023-11-07 10:25:00-05:00,2023-11-07 10:00:00-05:00,15309.25,15342.9,15224.5,15343.15,5,0.4,0.19503593607056485,78.75,84.75,171.24,856.2,336.49999999999636,330.2999999999964,target,350.0,362.5
2023-11-09,2023-11-09 11:50:00-05:00,2023-11-09 13:00:00-05:00,2023-11-09 11:45:00-05:00,15429.75,15365.5,15365.75,15455.35,5,0.4,0.19525477996013302,57.25,64.0,129.74,648.7,-642.5,-648.7,stop,235.0,1087.5
2023-11-10,2023-11-10 11:05:00-05:00,2023-11-10 11:10:00-05:00,2023-11-10 11:00:00-05:00,15404.25,15443.5,15305.5,15443.75,5,0.4,0.1962886970626492,83.5,98.75,199.24,996.2,392.5,386.3,target,402.5,10.0
2023-11-13,2023-11-13 10:55:00-05:00,2023-11-13 11:40:00-05:00,2023-11-13 10:50:00-05:00,15543.25,15574.2,15465.25,15574.45,5,0.4,0.20414052401092253,73.75,78.0,157.74,788.7,309.5000000000073,303.3000000000073,target,375.0,137.5
2023-11-14,2023-11-14 10:05:00-05:00,2023-11-14 14:00:00-05:00,2023-11-14 10:00:00-05:00,15884.5,15852.25,15790.0,15922.3,5,0.4,0.20088724716491793,77.75,94.5,190.74,953.7,-322.5,-328.7,time,182.5,512.5
2023-11-17,2023-11-17 12:05:00-05:00,2023-11-17 13:10:00-05:00,2023-11-17 12:00:00-05:00,15883.5,15904.05,15831.5,15904.3,5,0.4,0.19804042191435453,49.25,52.0,105.74,528.6999999999999,205.49999999999272,199.29999999999274,target,302.5,200.0
2023-11-20,2023-11-20 11:00:00-05:00,2023-11-20 13:00:00-05:00,2023-11-20 10:55:00-05:00,15999.75,16041.5,15894.75,16041.75,5,0.4,0.1889874600575742,102.25,105.0,211.74,1058.7,417.5,411.3,target,550.0,5.0
2023-11-23,2023-11-23 11:00:00-05:00,2023-11-23 18:00:00-05:00,2023-11-23 10:55:00-05:00,16073.5,16062.25,16053.25,16081.6,5,0.4,,16.25,20.25,42.24,211.20000000000002,-112.5,-118.7,time,27.5,150.0
2023-11-27,2023-11-27 10:10:00-05:00,2023-11-27 12:55:00-05:00,2023-11-27 10:05:00-05:00,16044.25,16073.6,15970.25,16073.85,5,0.4,0.16527885390941968,67.0,74.0,149.74,748.7,293.50000000000364,287.30000000000365,target,312.5,450.0
2023-11-28,2023-11-28 10:40:00-05:00,2023-11-28 10:40:00-05:00,2023-11-28 10:35:00-05:00,16010.75,16031.5,15958.25,16031.75,5,0.4,0.14375637726175003,49.0,52.5,106.74,533.6999999999999,207.5,201.3,target,370.0,10.0
2023-12-01,2023-12-01 11:15:00-05:00,2023-12-01 11:50:00-05:00,2023-12-01 11:10:00-05:00,15976.75,16017.0,15875.5,16017.25,5,0.4,0.1491406178387344,68.0,101.25,204.24,1021.2,402.5,396.3,target,412.5,465.0
2023-12-05,2023-12-05 10:05:00-05:00,2023-12-05 14:00:00-05:00,2023-12-05 10:00:00-05:00,15925.75,15872.75,15783.25,15982.75,5,0.4,0.14106466339931462,80.75,142.5,286.74,1433.7,-530.0,-536.2,time,360.0,982.5
2023-12-07,2023-12-07 10:25:00-05:00,2023-12-07 12:15:00-05:00,2023-12-07 10:20:00-05:00,15993.75,16035.8,15888.0,16036.05,5,0.4,0.13981900152865562,94.0,105.75,213.24,1066.2,420.4999999999927,414.29999999999274,target,532.5,630.0
2023-12-08,2023-12-08 10:05:00-05:00,2023-12-08 10:05:00-05:00,2023-12-08 10:00:00-05:00,16045.0,16084.05,15946.75,16084.3,5,0.4,0.14285754044104415,79.5,98.25,198.24,991.2,390.4999999999927,384.29999999999274,target,397.5,170.0
2023-12-11,2023-12-11 10:10:00-05:00,2023-12-11 13:00:00-05:00,2023-12-11 10:05:00-05:00,16168.25,16207.9,16068.5,16208.15,5,0.4,0.14283334759726762,95.5,99.75,201.24,1006.2,396.49999999999636,390.2999999999964,target,530.0,467.5
2023-12-12,2023-12-12 10:05:00-05:00,2023-12-12 10:55:00-05:00,2023-12-12 10:00:00-05:00,16257.5,16286.25,16185.0,16286.5,5,0.4,0.13971013217467537,70.75,72.5,146.74,733.7,287.5,281.3,target,307.5,107.5
2023-12-15,2023-12-15 10:20:00-05:00,2023-12-15 10:50:00-05:00,2023-12-15 10:15:00-05:00,16848.25,16875.2,16780.25,16875.45,5,0.4,0.10829539580551648,66.75,68.0,137.74,688.7,269.5000000000073,263.3000000000073,target,285.0,130.0
2023-12-18,2023-12-18 10:05:00-05:00,2023-12-18 12:05:00-05:00,2023-12-18 10:00:00-05:00,16896.25,16921.7,16832.0,16921.95,5,0.4,0.10758227863309561,51.0,64.25,130.24,651.2,254.50000000000728,248.3000000000073,target,260.0,405.0
2023-12-19,2023-12-19 10:35:00-05:00,2023-12-19 14:00:00-05:00,2023-12-19 10:30:00-05:00,16997.75,16993.5,16944.5,17019.05,5,0.4,0.10785232285053883,50.75,53.25,108.24,541.1999999999999,-42.5,-48.7,time,150.0,327.5
2023-12-20,2023-12-20 10:05:00-05:00,2023-12-20 10:20:00-05:00,2023-12-20 10:00:00-05:00,17026.5,17048.55,16970.75,17048.8,5,0.4,0.10761884306555503,53.5,55.75,113.24,566.1999999999999,220.49999999999272,214.29999999999274,target,272.5,10.0
2023-12-26,2023-12-26 10:40:00-05:00,2023-12-26 14:00:00-05:00,2023-12-26 10:35:00-05:00,17057.75,17049.0,17005.25,17078.75,5,0.4,0.1182449724339711,46.75,52.5,106.74,533.6999999999999,-87.5,-93.7,time,62.5,350.0
2024-01-04,2024-01-04 10:10:00-05:00,2024-01-04 11:00:00-05:00,2024-01-04 10:05:00-05:00,16513.75,16541.8,16443.0,16542.05,5,0.4,0.13882818617396706,57.0,70.75,143.24,716.2,280.4999999999927,274.29999999999274,target,292.5,177.5
2024-01-05,2024-01-05 10:05:00-05:00,2024-01-05 13:15:00-05:00,2024-01-05 10:00:00-05:00,16540.5,16437.0,16437.25,16581.8,5,0.4,0.1409421490927836,58.25,103.25,208.24,1041.2,-1035.0,-1041.2,stop,365.0,1102.5
2024-01-08,2024-01-08 10:05:00-05:00,2024-01-08 12:05:00-05:00,2024-01-08 10:00:00-05:00,16641.25,16695.4,16505.25,16695.65,5,0.4,0.137821894909607,128.25,136.0,273.74,1368.7,541.5000000000146,535.3000000000145,target,557.5,182.5
2024-01-09,2024-01-09 10:10:00-05:00,2024-01-09 10:15:00-05:00,2024-01-09 10:05:00-05:00,16720.75,16744.5,16660.75,16744.75,5,0.4,0.14758792983092828,53.75,60.0,121.74,608.6999999999999,237.5,231.3,target,260.0,12.5
2024-01-10,2024-01-10 10:45:00-05:00,2024-01-10 13:00:00-05:00,2024-01-10 10:40:00-05:00,16885.5,16914.15,16813.25,16914.4,5,0.4,0.14745204171173487,60.75,72.25,146.24,731.2,286.50000000001455,280.30000000001456,target,447.5,310.0
2024-01-15,2024-01-15 10:50:00-05:00,2024-01-15 18:00:00-05:00,2024-01-15 10:45:00-05:00,16968.5,16965.75,16936.0,16981.5,5,0.4,,31.5,32.5,66.74,333.7,-27.5,-33.7,time,115.0,142.5
2024-01-16,2024-01-16 10:20:00-05:00,2024-01-16 10:40:00-05:00,2024-01-16 10:15:00-05:00,16965.0,17008.75,16855.0,17009.0,5,0.4,0.14009424331863302,91.0,110.0,221.74,1108.7,437.5,431.3,target,570.0,30.0
2024-01-18,2024-01-18 10:40:00-05:00,2024-01-18 11:20:00-05:00,2024-01-18 10:35:00-05:00,17059.5,17084.85,16995.5,17085.1,5,0.4,0.13621664360852603,59.25,64.0,129.74,648.7,253.49999999998545,247.29999999998546,target,277.5,332.5
2024-01-19,2024-01-19 10:05:00-05:00,2024-01-19 10:55:00-05:00,2024-01-19 10:00:00-05:00,17217.5,17237.75,17166.25,17238.0,5,0.4,0.14400393665589198,48.5,51.25,104.24,521.1999999999999,202.5,196.3,target,237.5,487.5
2024-01-23,2024-01-23 13:00:00-05:00,2024-01-23 14:00:00-05:00,2024-01-23 12:55:00-05:00,17490.0,17481.75,17409.25,17522.3,5,0.4,0.1497015333442758,79.0,80.75,163.24,816.2,-82.5,-88.7,time,30.0,300.0
2024-01-24,2024-01-24 10:20:00-05:00,2024-01-24 10:35:00-05:00,2024-01-24 10:15:00-05:00,17703.25,17729.4,17637.25,17729.65,5,0.4,0.14721858139897645,58.25,66.0,133.74,668.7,261.50000000001455,255.30000000001456,target,410.0,85.0
2024-01-25,2024-01-25 10:30:00-05:00,2024-01-25 12:30:00-05:00,2024-01-25 10:25:00-05:00,17730.5,17660.25,17660.5,17758.5,5,0.4,0.14736169863564472,67.5,70.0,141.74,708.7,-702.5,-708.7,stop,215.0,815.0
2024-01-26,2024-01-26 10:30:00-05:00,2024-01-26 10:35:00-05:00,2024-01-26 10:25:00-05:00,17581.0,17607.05,17515.25,17607.3,5,0.4,0.1464005757650963,56.25,65.75,133.24,666.2,260.4999999999927,254.29999999999274,target,277.5,27.5
2024-01-29,2024-01-29 12:25:00-05:00,2024-01-29 14:00:00-05:00,2024-01-29 12:20:00-05:00,17599.5,17587.75,17529.75,17627.4,5,0.4,0.148487968413332,55.0,69.75,141.24,706.2,-117.5,-123.7,time,102.5,215.0
2024-02-01,2024-02-01 10:10:00-05:00,2024-02-01 10:55:00-05:00,2024-02-01 10:05:00-05:00,17352.75,17284.75,17285.0,17379.85,5,0.4,0.1528414720797102,52.5,67.75,137.24,686.2,-680.0,-686.2,stop,185.0,805.0
2024-02-02,2024-02-02 10:45:00-05:00,2024-02-02 12:25:00-05:00,2024-02-02 10:40:00-05:00,17654.0,17729.05,17465.75,17729.3,5,0.4,0.1480250034839325,158.25,188.25,378.24,1891.2,750.4999999999927,744.2999999999927,target,972.5,480.0
2024-02-07,2024-02-07 10:15:00-05:00,2024-02-07 10:25:00-05:00,2024-02-07 10:10:00-05:00,17807.5,17842.95,17718.25,17843.2,5,0.4,0.13959154109245728,59.75,89.25,180.24,901.2,354.5000000000073,348.3000000000073,target,602.5,50.0
2024-02-08,2024-02-08 10:05:00-05:00,2024-02-08 10:45:00-05:00,2024-02-08 10:00:00-05:00,17852.75,17870.6,17807.5,17870.85,5,0.4,0.14265697651467468,45.0,45.25,92.24,461.2,178.49999999998545,172.29999999998546,target,260.0,292.5
2024-02-09,2024-02-09 10:20:00-05:00,2024-02-09 10:35:00-05:00,2024-02-09 10:15:00-05:00,17954.75,17986.3,17875.25,17986.55,5,0.4,0.14211897497330173,69.0,79.5,160.74,803.7,315.4999999999927,309.29999999999274,target,380.0,35.0
2024-02-12,2024-02-12 10:45:00-05:00,2024-02-12 10:50:00-05:00,2024-02-12 10:40:00-05:00,18060.0,18080.85,18007.25,18081.1,5,0.4,0.14409753690725355,43.75,52.75,107.24,536.1999999999999,208.49999999998545,202.29999999998546,target,222.5,27.5
2024-02-13,2024-02-13 10:25:00-05:00,2024-02-13 10:30:00-05:00,2024-02-13 10:20:00-05:00,17705.0,17752.15,17586.5,17752.4,5,0.4,0.14607999822092638,97.5,118.5,238.74,1193.7,471.50000000001455,465.30000000001456,target,520.0,7.5
2024-02-14,2024-02-14 10:20:00-05:00,2024-02-14 11:00:00-05:00,2024-02-14 10:15:00-05:00,17826.0,17742.75,17743.0,17859.2,5,0.4,0.15938939966124144,75.75,83.0,167.74,838.7,-832.5,-838.7,stop,210.0,1210.0
2024-02-15,2024-02-15 13:20:00-05:00,2024-02-15 14:00:00-05:00,2024-02-15 13:15:00-05:00,17916.5,17911.25,17810.5,17958.9,5,0.4,0.15906203853364517,92.5,106.0,213.74,1068.7,-52.5,-58.7,time,162.5,210.0
2024-02-21,2024-02-21 10:05:00-05:00,2024-02-21 12:10:00-05:00,2024-02-21 10:00:00-05:00,17522.75,17448.25,17448.5,17552.45,5,0.4,0.14752218998617048,63.0,74.25,150.24,751.2,-745.0,-751.2,stop,2.5,855.0
2024-02-22,2024-02-22 11:20:00-05:00,2024-02-22 12:55:00-05:00,2024-02-22 11:15:00-05:00,17971.25,18013.9,17864.0,18014.15,5,0.4,0.14720073979200293,106.25,107.25,216.24,1081.2,426.50000000001455,420.30000000001456,target,477.5,362.5
2024-02-26,2024-02-26 11:55:00-05:00,2024-02-26 14:00:00-05:00,2024-02-26 11:50:00-05:00,18055.75,18014.0,17966.0,18091.65,5,0.4,0.17752584952252057,84.75,89.75,181.24,906.2,-417.5,-423.7,time,40.0,755.0
2024-02-27,2024-02-27 10:20:00-05:00,2024-02-27 12:50:00-05:00,2024-02-27 10:15:00-05:00,18028.5,17937.75,17938.0,18064.7,5,0.4,0.1758723147763351,88.75,90.5,182.74,913.7,-907.5,-913.7,stop,40.0,917.5
2024-02-28,2024-02-28 11:05:00-05:00,2024-02-28 14:00:00-05:00,2024-02-28 11:00:00-05:00,17951.25,17949.0,17876.25,17981.25,5,0.4,0.17302917263887513,70.25,75.0,151.74,758.7,-22.5,-28.7,time,237.5,575.0
2024-03-01,2024-03-01 10:10:00-05:00,2024-03-01 11:00:00-05:00,2024-03-01 10:05:00-05:00,18173.0,18204.55,18093.5,18204.8,5,0.4,0.1612858367304354,51.0,79.5,160.74,803.7,315.4999999999927,309.29999999999274,target,455.0,287.5
2024-03-06,2024-03-06 12:05:00-05:00,2024-03-06 12:30:00-05:00,2024-03-06 12:00:00-05:00,18132.0,18169.85,18036.75,18170.1,5,0.4,0.17163833852968083,89.5,95.25,192.24,961.2,378.49999999998545,372.29999999998546,target,422.5,77.5
2024-03-07,2024-03-07 10:25:00-05:00,2024-03-07 10:45:00-05:00,2024-03-07 10:20:00-05:00,18227.0,18269.95,18119.0,18270.2,5,0.4,0.17169242002221766,106.25,108.0,217.74,1088.7,429.5000000000073,423.3000000000073,target,552.5,85.0
2024-03-08,2024-03-08 10:05:00-05:00,2024-03-08 11:05:00-05:00,2024-03-08 10:00:00-05:00,18396.5,18287.75,18288.0,18439.9,5,0.4,0.17505707603477683,102.0,108.5,218.74,1093.7,-1087.5,-1093.7,stop,397.5,1315.0
2024-03-11,2024-03-11 10:55:00-04:00,2024-03-11 14:00:00-04:00,2024-03-11 10:50:00-04:00,18008.5,17975.0,17898.0,18052.7,5,0.4,0.18134147984276935,103.75,110.5,222.74,1113.7,-335.0,-341.2,time,145.0,897.5
2024-03-12,2024-03-12 10:25:00-04:00,2024-03-12 10:45:00-04:00,2024-03-12 10:20:00-04:00,18109.75,18181.5,17929.75,18181.75,5,0.4,0.17937511629988834,163.0,180.0,361.74,1808.7,717.5,711.3,target,757.5,77.5
2024-03-18,2024-03-18 10:30:00-04:00,2024-03-18 11:50:00-04:00,2024-03-18 10:25:00-04:00,18372.75,18277.25,18277.5,18410.85,5,0.4,0.179560641114228,84.0,95.25,192.24,961.2,-955.0,-961.2,stop,72.5,962.5
2024-03-19,2024-03-19 11:50:00-04:00,2024-03-19 12:20:00-04:00,2024-03-19 11:45:00-04:00,18153.75,18193.7,18053.25,18193.95,5,0.4,0.17571421896567654,99.5,100.5,202.74,1013.7,399.5000000000073,393.3000000000073,target,482.5,212.5
2024-03-22,2024-03-22 10:05:00-04:00,2024-03-22 12:50:00-04:00,2024-03-22 10:00:00-04:00,18557.75,18580.5,18500.25,18580.75,5,0.4,0.14887561393807452,47.25,57.5,116.74,583.6999999999999,227.5,221.3,target,242.5,560.0
2024-03-25,2024-03-25 10:10:00-04:00,2024-03-25 10:20:00-04:00,2024-03-25 10:05:00-04:00,18497.25,18529.9,18415.0,18530.15,5,0.4,0.1480654388379061,72.25,82.25,166.24,831.2,326.50000000001455,320.30000000001456,target,450.0,5.0
2024-03-26,2024-03-26 10:05:00-04:00,2024-03-26 10:25:00-04:00,2024-03-26 10:00:00-04:00,18606.75,18549.75,18550.0,18629.45,5,0.4,0.14873892978901324,44.75,56.75,115.24,576.1999999999999,-570.0,-576.2,stop,10.0,595.0
2024-04-02,2024-04-02 13:05:00-04:00,2024-04-02 14:00:00-04:00,2024-04-02 13:00:00-04:00,18294.25,18277.5,18223.5,18322.55,5,0.4,0.1357257788950126,68.75,70.75,143.24,716.2,-167.5,-173.7,time,62.5,245.0
2024-04-03,2024-04-03 10:05:00-04:00,2024-04-03 10:20:00-04:00,2024-04-03 10:00:00-04:00,18352.5,18397.65,18239.0,18397.9,5,0.4,0.1386672343611549,46.0,113.5,228.74,1143.7,451.50000000001455,445.30000000001456,target,542.5,240.0
2024-04-05,2024-04-05 10:15:00-04:00,2024-04-05 10:55:00-04:00,2024-04-05 10:10:00-04:00,18239.75,18294.4,18102.5,18294.65,5,0.4,0.1369367016984665,125.75,137.25,276.24,1381.2,546.5000000000146,540.3000000000145,target,715.0,582.5
2024-04-08,2024-04-08 10:30:00-04:00,2024-04-08 14:00:00-04:00,2024-04-08 10:25:00-04:00,18340.0,18307.25,18237.75,18380.9,5,0.4,0.13181502155024635,99.25,102.25,206.24,1031.2,-327.5,-333.7,time,375.0,877.5
2024-04-10,2024-04-10 10:40:00-04:00,2024-04-10 14:00:00-04:00,2024-04-10 10:35:00-04:00,18221.5,18166.5,18107.25,18267.2,5,0.4,0.12254337959496328,101.0,114.25,230.24,1151.2,-550.0,-556.2,time,30.0,1075.0
2024-04-11,2024-04-11 11:55:00-04:00,2024-04-11 11:55:00-04:00,2024-04-11 11:50:00-04:00,18278.75,18301.0,18222.5,18301.25,5,0.4,0.12179728327228097,51.75,56.25,114.24,571.1999999999999,222.5,216.3,target,437.5,20.0
2024-04-16,2024-04-16 10:15:00-04:00,2024-04-16 13:30:00-04:00,2024-04-16 10:10:00-04:00,17912.75,17821.75,17822.0,17949.05,5,0.4,0.15464895777069643,88.75,90.75,183.24,916.2,-910.0,-916.2,stop,247.5,947.5
2024-04-18,2024-04-18 10:40:00-04:00,2024-04-18 11:15:00-04:00,2024-04-18 10:35:00-04:00,17682.75,17735.2,17551.0,17735.45,5,0.4,0.15534939999629446,127.75,131.75,265.24,1326.2,524.5000000000073,518.3000000000072,target,592.5,50.0
2024-04-22,2024-04-22 13:30:00-04:00,2024-04-22 13:45:00-04:00,2024-04-22 13:25:00-04:00,17344.5,17376.45,17264.0,17376.7,5,0.4,0.15848666704124875,67.5,80.5,162.74,813.7,319.5000000000073,313.3000000000073,target,377.5,30.0
2024-04-23,2024-04-23 10:25:00-04:00,2024-04-23 10:30:00-04:00,2024-04-23 10:20:00-04:00,17529.75,17576.0,17413.5,17576.25,5,0.4,0.16438212144059258,114.25,116.25,234.24,1171.2,462.5,456.3,target,690.0,72.5
2024-04-25,2024-04-25 10:15:00-04:00,2024-04-25 12:20:00-04:00,2024-04-25 10:10:00-04:00,17410.5,17451.25,17308.0,17451.5,5,0.4,0.18185320628904747,73.75,102.5,206.74,1033.7,407.5,401.3,target,510.0,690.0
2024-04-26,2024-04-26 10:05:00-04:00,2024-04-26 11:00:00-04:00,2024-04-26 10:00:00-04:00,17808.5,17864.35,17668.25,17864.6,5,0.4,0.18356479824765642,134.5,140.25,282.24,1411.2,558.4999999999854,552.2999999999854,target,775.0,400.0
2024-05-02,2024-05-02 13:30:00-04:00,2024-05-02 14:00:00-04:00,2024-05-02 13:25:00-04:00,17604.5,17594.75,17483.0,17653.1,5,0.4,0.19222810465121865,119.5,121.5,244.74,1223.7,-97.5,-103.7,time,120.0,295.0
2024-05-06,2024-05-06 11:45:00-04:00,2024-05-06 14:00:00-04:00,2024-05-06 11:40:00-04:00,18111.5,18128.0,18042.5,18139.1,5,0.4,0.2003561294673439,67.75,69.0,139.74,698.7,165.0,158.8,time,275.0,442.5
2024-05-07,2024-05-07 11:00:00-04:00,2024-05-07 13:55:00-04:00,2024-05-07 10:55:00-04:00,18250.5,18187.75,18188.0,18275.5,5,0.4,0.20375849613062758,48.25,62.5,126.74,633.6999999999999,-627.5,-633.7,stop,172.5,672.5
2024-05-08,2024-05-08 10:25:00-04:00,2024-05-08 10:45:00-04:00,2024-05-08 10:20:00-04:00,18194.5,18240.45,18079.0,18240.7,5,0.4,0.20284698664071094,95.75,115.5,232.74,1163.7,459.5000000000073,453.3000000000073,target,477.5,17.5
2024-05-09,2024-05-09 10:40:00-04:00,2024-05-09 14:00:00-04:00,2024-05-09 10:35:00-04:00,18204.0,18205.75,18108.0,18242.4,5,0.4,0.19779289546697068,96.0,96.0,193.74,968.7,17.5,11.3,time,335.0,340.0
2024-05-14,2024-05-14 10:25:00-04:00,2024-05-14 14:00:00-04:00,2024-05-14 10:20:00-04:00,18344.0,18331.0,18265.25,18375.5,5,0.4,0.16512950970795587,61.75,78.75,159.24,796.2,-130.0,-136.2,time,275.0,607.5
2024-05-15,2024-05-15 10:25:00-04:00,2024-05-15 10:45:00-04:00,2024-05-15 10:20:00-04:00,18536.25,18571.6,18447.25,18571.85,5,0.4,0.1662256632385871,84.5,89.0,179.74,898.7,353.49999999998545,347.29999999998546,target,362.5,125.0
2024-05-16,2024-05-16 10:25:00-04:00,2024-05-16 10:50:00-04:00,2024-05-16 10:20:00-04:00,18718.5,18736.85,18672.0,18737.1,5,0.4,0.16370893202261466,44.5,46.5,94.74,473.7,183.49999999998545,177.29999999998546,target,187.5,92.5
2024-05-17,2024-05-17 10:35:00-04:00,2024-05-17 12:45:00-04:00,2024-05-17 10:30:00-04:00,18675.25,18620.25,18620.5,18697.15,5,0.4,0.1603431124480657,47.0,54.75,111.24,556.1999999999999,-550.0,-556.2,stop,17.5,675.0
2024-05-20,2024-05-20 10:45:00-04:00,2024-05-20 14:00:00-04:00,2024-05-20 10:40:00-04:00,18756.0,18745.25,18635.25,18804.3,5,0.4,0.13401554717330835,119.0,120.75,243.24,1216.2,-107.5,-113.7,time,385.0,275.0
2024-05-21,2024-05-21 10:05:00-04:00,2024-05-21 10:30:00-04:00,2024-05-21 10:00:00-04:00,18723.75,18741.8,18678.0,18742.05,5,0.4,0.13340974048622553,41.75,45.75,93.24,466.2,180.49999999999272,174.29999999999274,target,210.0,237.5
2024-05-22,2024-05-22 11:15:00-04:00,2024-05-22 13:35:00-04:00,2024-05-22 11:10:00-04:00,18834.5,18788.75,18789.0,18852.7,5,0.4,0.12263440613222032,41.5,45.5,92.74,463.7,-457.5,-463.7,stop,40.0,672.5
2024-05-24,2024-05-24 10:15:00-04:00,2024-05-24 10:15:00-04:00,2024-05-24 10:10:00-04:00,18791.0,18814.45,18731.75,18814.7,5,0.4,0.12722436517350982,55.75,59.25,120.24,601.1999999999999,234.50000000000728,228.3000000000073,target,257.5,7.5
2024-05-27,2024-05-27 11:05:00-04:00,2024-05-27 11:20:00-04:00,2024-05-27 11:00:00-04:00,18913.5,18927.75,18877.25,18928.0,5,0.4,,34.0,36.25,74.24,371.2,142.5,136.3,target,147.5,22.5
2024-05-28,2024-05-28 13:35:00-04:00,2024-05-28 14:00:00-04:00,2024-05-28 13:30:00-04:00,18937.25,18902.25,18838.75,18976.65,5,0.4,0.129951168108809,98.25,98.5,198.74,993.7,-350.0,-356.2,time,85.0,457.5
2024-05-29,2024-05-29 10:25:00-04:00,2024-05-29 14:00:00-04:00,2024-05-29 10:20:00-04:00,18856.75,18859.25,18761.0,18895.05,5,0.4,0.13000094833638057,88.75,95.75,193.24,966.2,25.0,18.8,time,232.5,405.0
2024-06-05,2024-06-05 10:25:00-04:00,2024-06-05 10:30:00-04:00,2024-06-05 10:20:00-04:00,18876.25,18901.1,18813.5,18901.35,5,0.4,0.09172382167401662,46.5,62.75,127.24,636.1999999999999,248.49999999998545,242.29999999998546,target,562.5,20.0
2024-06-07,2024-06-07 10:40:00-04:00,2024-06-07 10:45:00-04:00,2024-06-07 10:35:00-04:00,19073.5,19105.75,18992.25,19106.0,5,0.4,0.11115950665159043,72.0,81.25,164.24,821.2,322.5,316.3,target,437.5,10.0
2024-06-10,2024-06-10 10:30:00-04:00,2024-06-10 10:55:00-04:00,2024-06-10 10:25:00-04:00,19035.5,19058.45,18977.5,19058.7,5,0.4,0.1118158811585508,46.0,58.0,117.74,588.6999999999999,229.50000000000728,223.3000000000073,target,340.0,132.5
2024-06-11,2024-06-11 10:40:00-04:00,2024-06-11 10:50:00-04:00,2024-06-11 10:35:00-04:00,19092.5,19131.35,18994.75,19131.6,5,0.4,0.11187933215778226,92.75,97.75,197.24,986.2,388.49999999998545,382.29999999998546,target,420.0,50.0
2024-06-12,2024-06-12 10:15:00-04:00,2024-06-12 14:00:00-04:00,2024-06-12 10:10:00-04:00,19509.5,19514.75,19374.5,19563.5,5,0.4,0.1133561128014804,130.25,135.0,271.74,1358.7,52.5,46.3,time,370.0,625.0
2024-06-14,2024-06-14 13:15:00-04:00,2024-06-14 14:00:00-04:00,2024-06-14 13:10:00-04:00,19652.0,19657.25,19557.0,19690.0,5,0.4,0.11106760842689041,90.0,95.0,191.74,958.7,52.5,46.3,time,242.5,135.0
2024-06-17,2024-06-17 11:00:00-04:00,2024-06-17 11:05:00-04:00,2024-06-17 10:55:00-04:00,19714.0,19743.25,19640.25,19743.5,5,0.4,0.11036745170912501,69.5,73.75,149.24,746.2,292.5,286.3,target,360.0,2.5
2024-06-18,2024-06-18 13:50:00-04:00,2024-06-18 14:00:00-04:00,2024-06-18 13:45:00-04:00,19949.75,19927.0,19889.5,19973.85,5,0.4,0.1129165491911638,54.25,60.25,122.24,611.1999999999999,-227.5,-233.7,time,32.5,647.5
2024-06-21,2024-06-21 11:20:00-04:00,2024-06-21 14:00:00-04:00,2024-06-21 11:15:00-04:00,20033.5,19961.0,19914.0,20081.3,5,0.4,0.1124001790181323,113.75,119.5,240.74,1203.7,-725.0,-731.2,time,395.0,862.5
2024-06-24,2024-06-24 10:05:00-04:00,2024-06-24 10:40:00-04:00,2024-06-24 10:00:00-04:00,19975.75,19866.5,19866.75,20019.35,5,0.4,0.11403144483984051,98.5,109.0,219.74,1098.7,-1092.5,-1098.7,stop,197.5,1167.5
2024-06-25,2024-06-25 10:05:00-04:00,2024-06-25 11:05:00-04:00,2024-06-25 10:00:00-04:00,19874.75,19907.5,19792.25,19907.75,5,0.4,0.12156284645737267,60.25,82.5,166.74,833.7,327.5,321.3,target,335.0,215.0
2024-06-26,2024-06-26 10:10:00-04:00,2024-06-26 11:10:00-04:00,2024-06-26 10:05:00-04:00,20002.5,19918.25,19918.5,20036.1,5,0.4,0.12250566697886234,81.25,84.0,169.74,848.7,-842.5,-848.7,stop,215.0,905.0
2024-06-27,2024-06-27 10:15:00-04:00,2024-06-27 11:25:00-04:00,2024-06-27 10:10:00-04:00,20111.0,19989.5,19989.75,20159.5,5,0.4,0.12265405184717139,111.5,121.25,244.24,1221.2,-1215.0,-1221.2,stop,55.0,1325.0
2024-06-28,2024-06-28 10:05:00-04:00,2024-06-28 12:15:00-04:00,2024-06-28 10:00:00-04:00,20220.0,20038.75,20039.0,20292.4,5,0.4,0.11587477806168743,110.0,181.0,363.74,1818.7,-1812.5,-1818.7,stop,532.5,1982.5
2024-07-01,2024-07-01 12:10:00-04:00,2024-07-01 14:00:00-04:00,2024-07-01 12:05:00-04:00,20004.5,19999.5,19841.25,20069.8,5,0.4,0.11006979370289395,144.5,163.25,328.24,1641.2,-50.0,-56.2,time,220.0,270.0
2024-07-02,2024-07-02 10:55:00-04:00,2024-07-02 13:10:00-04:00,2024-07-02 10:50:00-04:00,20113.75,20168.4,19976.5,20168.65,5,0.4,0.10972385937273028,120.0,137.25,276.24,1381.2,546.5000000000146,540.3000000000145,target,677.5,487.5
2024-07-03,2024-07-03 10:20:00-04:00,2024-07-03 10:45:00-04:00,2024-07-03 10:15:00-04:00,20284.5,20311.65,20216.0,20311.9,5,0.4,,68.0,68.5,138.74,693.7,271.50000000001455,265.30000000001456,target,332.5,405.0
2024-07-05,2024-07-05 10:05:00-04:00,2024-07-05 11:30:00-04:00,2024-07-05 10:00:00-04:00,20529.5,20569.85,20428.0,20570.1,5,0.4,0.11122804381068438,88.5,101.5,204.74,1023.7,403.49999999998545,397.29999999998546,target,450.0,672.5
2024-07-08,2024-07-08 11:25:00-04:00,2024-07-08 14:00:00-04:00,2024-07-08 11:20:00-04:00,20658.5,20653.5,20600.75,20681.6,5,0.4,0.12140370868912131,53.25,57.75,117.24,586.1999999999999,-50.0,-56.2,time,127.5,495.0
2024-07-10,2024-07-10 10:10:00-04:00,2024-07-10 11:00:00-04:00,2024-07-10 10:05:00-04:00,20785.5,20721.25,20721.5,20811.1,5,0.4,0.10874938931332431,56.75,64.0,129.74,648.7,-642.5,-648.7,stop,102.5,825.0
2024-07-12,2024-07-12 10:05:00-04:00,2024-07-12 10:35:00-04:00,2024-07-12 10:00:00-04:00,20557.25,20609.8,20425.25,20610.05,5,0.4,0.14365200768514694,124.25,132.0,265.74,1328.7,525.4999999999927,519.2999999999927,target,667.5,352.5
2024-07-15,2024-07-15 10:10:00-04:00,2024-07-15 10:30:00-04:00,2024-07-15 10:05:00-04:00,20668.5,20703.05,20581.5,20703.3,5,0.4,0.1430008724856795,84.0,87.0,175.74,878.7,345.4999999999927,339.29999999999274,target,377.5,190.0
2024-07-23,2024-07-23 11:15:00-04:00,2024-07-23 12:55:00-04:00,2024-07-23 11:10:00-04:00,20052.75,19933.0,19933.25,20100.55,5,0.4,0.18413747357923066,100.5,119.5,240.74,1203.7,-1197.5,-1203.7,stop,322.5,1260.0
2024-07-25,2024-07-25 11:15:00-04:00,2024-07-25 12:20:00-04:00,2024-07-25 11:10:00-04:00,19246.75,19338.6,19016.5,19338.85,5,0.4,0.226924377489478,210.0,230.25,462.24,2311.2,918.4999999999854,912.2999999999854,target,1095.0,1042.5
2024-07-26,2024-07-26 11:50:00-04:00,2024-07-26 12:25:00-04:00,2024-07-26 11:45:00-04:00,19190.0,19241.55,19060.5,19241.8,5,0.4,0.2257277143052378,105.5,129.5,260.74,1303.7,515.4999999999927,509.29999999999274,target,590.0,270.0
2024-07-31,2024-07-31 10:10:00-04:00,2024-07-31 11:30:00-04:00,2024-07-31 10:05:00-04:00,19444.75,19498.2,19310.5,19498.45,5,0.4,0.2413002486534268,101.5,134.25,270.24,1351.2,534.5000000000073,528.3000000000072,target,712.5,335.0
2024-08-05,2024-08-05 10:05:00-04:00,2024-08-05 12:25:00-04:00,2024-08-05 10:00:00-04:00,18042.5,18255.55,17509.25,18255.8,5,0.4,0.299126658897355,444.75,533.25,1068.24,5341.2,2130.4999999999927,2124.299999999993,target,2467.5,1922.5
2024-08-06,2024-08-06 10:05:00-04:00,2024-08-06 10:45:00-04:00,2024-08-06 10:00:00-04:00,18181.25,18269.0,17961.25,18269.25,5,0.4,0.3057037485845793,212.5,220.0,441.74,2208.7,877.5,871.3,target,1585.0,540.0
2024-08-08,2024-08-08 10:05:00-04:00,2024-08-08 10:25:00-04:00,2024-08-08 10:00:00-04:00,18276.0,18360.25,18064.75,18360.5,5,0.4,0.30032293565879287,179.25,211.25,424.24,2121.2,842.5,836.3,target,1140.0,457.5
2024-08-09,2024-08-09 10:15:00-04:00,2024-08-09 13:15:00-04:00,2024-08-09 10:10:00-04:00,18547.0,18596.35,18423.0,18596.6,5,0.4,0.3264176185555829,105.75,124.0,249.74,1248.7,493.49999999998545,487.29999999998546,target,800.0,1107.5
2024-08-12,2024-08-12 10:20:00-04:00,2024-08-12 10:35:00-04:00,2024-08-12 10:15:00-04:00,18674.0,18733.75,18524.0,18734.0,5,0.4,0.3260453975100533,148.75,150.0,301.74,1508.7,597.5,591.3,target,660.0,22.5
2024-08-13,2024-08-13 10:50:00-04:00,2024-08-13 12:05:00-04:00,2024-08-13 10:45:00-04:00,18946.75,18998.9,18815.75,18999.15,5,0.4,0.3252002342377729,97.5,131.0,263.74,1318.7,521.5000000000146,515.3000000000145,target,552.5,175.0
2024-08-14,2024-08-14 11:55:00-04:00,2024-08-14 14:00:00-04:00,2024-08-14 11:50:00-04:00,19176.0,19071.75,19011.0,19242.0,5,0.4,0.3431948147825121,164.0,165.0,331.74,1658.7,-1042.5,-1048.7,time,277.5,1575.0
2024-08-15,2024-08-15 10:25:00-04:00,2024-08-15 10:45:00-04:00,2024-08-15 10:20:00-04:00,19464.25,19515.2,19336.25,19515.45,5,0.4,0.33021262609171864,125.5,128.0,257.74,1288.7,509.5000000000073,503.3000000000073,target,512.5,37.5
2024-08-16,2024-08-16 10:10:00-04:00,2024-08-16 10:15:00-04:00,2024-08-16 10:05:00-04:00,19546.75,19580.2,19462.5,19580.45,5,0.4,0.34198747809338315,72.25,84.25,170.24,851.2,334.5000000000073,328.3000000000073,target,390.0,55.0
2024-08-19,2024-08-19 10:55:00-04:00,2024-08-19 12:50:00-04:00,2024-08-19 10:50:00-04:00,19654.0,19697.35,19545.0,19697.6,5,0.4,0.3405149243244248,79.5,109.0,219.74,1098.7,433.49999999998545,427.29999999998546,target,455.0,347.5
2024-08-21,2024-08-21 10:05:00-04:00,2024-08-21 10:35:00-04:00,2024-08-21 10:00:00-04:00,19900.0,19934.45,19813.25,19934.7,5,0.4,0.33915527945317886,71.25,86.75,175.24,876.2,344.5000000000073,338.3000000000073,target,440.0,657.5
2024-08-23,2024-08-23 10:05:00-04:00,2024-08-23 10:25:00-04:00,2024-08-23 10:00:00-04:00,19846.0,19901.55,19706.5,19901.8,5,0.4,0.30815886522353264,58.0,139.5,280.74,1403.7,555.4999999999927,549.2999999999927,target,572.5,760.0
2024-08-27,2024-08-27 10:15:00-04:00,2024-08-27 10:25:00-04:00,2024-08-27 10:10:00-04:00,19572.25,19624.2,19441.75,19624.45,5,0.4,0.3103238872117481,129.0,130.5,262.74,1313.7,519.5000000000073,513.3000000000072,target,620.0,195.0
2024-08-29,2024-08-29 10:50:00-04:00,2024-08-29 14:00:00-04:00,2024-08-29 10:45:00-04:00,19681.0,19633.25,19478.0,19762.2,5,0.4,0.2610486932939762,173.5,203.0,407.74,2038.7,-477.5,-483.7,time,110.0,1055.0
2024-08-30,2024-08-30 10:05:00-04:00,2024-08-30 10:55:00-04:00,2024-08-30 10:00:00-04:00,19605.25,19512.75,19513.0,19642.15,5,0.4,0.235615368032103,90.0,92.25,186.24,931.2,-925.0,-931.2,stop,52.5,1387.5
2024-09-02,2024-09-02 10:40:00-04:00,2024-09-02 11:05:00-04:00,2024-09-02 10:35:00-04:00,19651.5,19666.25,19614.0,19666.5,5,0.4,,31.25,37.5,76.74,383.7,147.5,141.3,target,165.0,42.5
2024-09-04,2024-09-04 10:30:00-04:00,2024-09-04 10:35:00-04:00,2024-09-04 10:25:00-04:00,18992.75,19045.6,18860.0,19045.85,5,0.4,0.23059371017004338,131.0,132.75,267.24,1336.2,528.4999999999854,522.2999999999854,target,600.0,162.5
2024-09-05,2024-09-05 10:05:00-04:00,2024-09-05 11:25:00-04:00,2024-09-05 10:00:00-04:00,19085.0,18884.5,18884.75,19165.1,5,0.4,0.23165823470038452,177.25,200.25,402.24,2011.2,-2005.0,-2011.2,stop,652.5,2217.5
2024-09-09,2024-09-09 10:15:00-04:00,2024-09-09 10:30:00-04:00,2024-09-09 10:10:00-04:00,18698.5,18604.75,18605.0,18735.9,5,0.4,0.22682184349539908,92.5,93.5,188.74,943.7,-937.5,-943.7,stop,27.5,1325.0
2024-09-11,2024-09-11 12:30:00-04:00,2024-09-11 13:05:00-04:00,2024-09-11 12:25:00-04:00,18914.25,18970.4,18773.25,18970.65,5,0.4,0.23301666174047628,133.25,141.0,283.74,1418.7,561.5000000000146,555.3000000000145,target,672.5,430.0
2024-09-12,2024-09-12 10:15:00-04:00,2024-09-12 10:30:00-04:00,2024-09-12 10:10:00-04:00,19311.5,19361.75,19185.25,19362.0,5,0.4,0.2254291699691717,104.25,126.25,254.24,1271.2,502.5,496.3,target,545.0,177.5
2024-09-13,2024-09-13 10:10:00-04:00,2024-09-13 12:00:00-04:00,2024-09-13 10:05:00-04:00,19507.5,19551.85,19396.0,19552.1,5,0.4,0.22861570889809613,107.0,111.5,224.74,1123.7,443.49999999998545,437.29999999998546,target,532.5,945.0
2024-09-17,2024-09-17 10:50:00-04:00,2024-09-17 12:15:00-04:00,2024-09-17 10:45:00-04:00,19604.25,19475.0,19475.25,19655.85,5,0.4,0.21325288474227252,118.5,129.0,259.74,1298.7,-1292.5,-1298.7,stop,20.0,1337.5
2024-09-19,2024-09-19 10:20:00-04:00,2024-09-19 10:25:00-04:00,2024-09-19 10:15:00-04:00,20085.75,20134.5,19963.25,20134.75,5,0.4,0.21105688001541517,110.0,122.5,246.74,1233.7,487.5,481.3,target,505.0,137.5
2024-09-23,2024-09-23 10:55:00-04:00,2024-09-23 13:00:00-04:00,2024-09-23 10:50:00-04:00,20109.75,20031.5,20031.75,20140.95,5,0.4,0.22004617704175836,74.25,78.0,157.74,788.7,-782.5,-788.7,stop,162.5,912.5
2024-09-24,2024-09-24 11:50:00-04:00,2024-09-24 11:50:00-04:00,2024-09-24 11:45:00-04:00,20163.75,20196.3,20081.75,20196.55,5,0.4,0.21817650569084515,72.25,82.0,165.74,828.7,325.4999999999927,319.29999999999274,target,442.5,22.5
2024-09-25,2024-09-25 10:10:00-04:00,2024-09-25 13:00:00-04:00,2024-09-25 10:05:00-04:00,20245.5,20138.0,20138.25,20288.4,5,0.4,0.21429333478226792,95.5,107.25,216.24,1081.2,-1075.0,-1081.2,stop,272.5,1100.0
2024-10-02,2024-10-02 10:20:00-04:00,2024-10-02 11:15:00-04:00,2024-10-02 10:15:00-04:00,19997.5,20062.85,19833.5,20063.1,5,0.4,0.17999686536952475,133.5,164.0,329.74,1648.7,653.4999999999854,647.2999999999854,target,920.0,515.0
2024-10-03,2024-10-03 10:05:00-04:00,2024-10-03 13:00:00-04:00,2024-10-03 10:00:00-04:00,20091.0,19894.25,19894.5,20169.6,5,0.4,0.17865046636370904,153.5,196.5,394.74,1973.7,-1967.5,-1973.7,stop,240.0,2120.0
2024-10-07,2024-10-07 10:20:00-04:00,2024-10-07 14:00:00-04:00,2024-10-07 10:15:00-04:00,20169.0,20148.5,20088.75,20201.1,5,0.4,0.1358194248441396,75.0,80.25,162.24,811.2,-205.0,-211.2,time,187.5,675.0
2024-10-08,2024-10-08 10:05:00-04:00,2024-10-08 10:40:00-04:00,2024-10-08 10:00:00-04:00,20188.0,20235.15,20069.5,20235.4,5,0.4,0.1424080733063599,89.5,118.5,238.74,1193.7,471.50000000001455,465.30000000001456,target,682.5,325.0
2024-10-09,2024-10-09 10:15:00-04:00,2024-10-09 10:20:00-04:00,2024-10-09 10:10:00-04:00,20300.5,20325.15,20238.25,20325.4,5,0.4,0.14539754545539907,61.0,62.25,126.24,631.1999999999999,246.50000000001455,240.30000000001456,target,360.0,67.5
2024-10-10,2024-10-10 10:15:00-04:00,2024-10-10 11:35:00-04:00,2024-10-10 10:10:00-04:00,20402.25,20442.4,20301.25,20442.65,5,0.4,0.1325646405484038,88.75,101.0,203.74,1018.7,401.50000000001455,395.30000000001456,target,480.0,420.0
2024-10-11,2024-10-11 10:10:00-04:00,2024-10-11 10:20:00-04:00,2024-10-11 10:05:00-04:00,20414.0,20454.05,20313.25,20454.3,5,0.4,0.1295621239730464,57.75,100.75,203.24,1016.2,400.4999999999927,394.29999999999274,target,420.0,47.5
2024-10-18,2024-10-18 10:10:00-04:00,2024-10-18 14:00:00-04:00,2024-10-18 10:05:00-04:00,20514.25,20485.25,20433.0,20546.75,5,0.4,0.11323597185361159,78.25,81.25,164.24,821.2,-290.0,-296.2,time,177.5,720.0
2024-10-21,2024-10-21 10:10:00-04:00,2024-10-21 10:40:00-04:00,2024-10-21 10:05:00-04:00,20527.75,20422.75,20423.0,20569.65,5,0.4,0.11379862620832606,79.75,104.75,211.24,1056.2,-1050.0,-1056.2,stop,265.0,1122.5
2024-10-22,2024-10-22 10:10:00-04:00,2024-10-22 13:35:00-04:00,2024-10-22 10:05:00-04:00,20491.25,20540.0,20368.75,20540.25,5,0.4,0.11371604938514182,110.75,122.5,246.74,1233.7,487.5,481.3,target,515.0,660.0
2024-10-24,2024-10-24 13:45:00-04:00,2024-10-24 14:00:00-04:00,2024-10-24 13:40:00-04:00,20381.5,20345.0,20296.0,20415.7,5,0.4,0.12383245464917955,80.75,85.5,172.74,863.7,-365.0,-371.2,time,20.0,537.5
2024-10-25,2024-10-25 10:05:00-04:00,2024-10-25 13:40:00-04:00,2024-10-25 10:00:00-04:00,20679.0,20489.75,20490.0,20754.6,5,0.4,0.1245020688213073,167.75,189.0,379.74,1898.7,-1892.5,-1898.7,stop,285.0,1960.0
2024-10-29,2024-10-29 10:05:00-04:00,2024-10-29 10:20:00-04:00,2024-10-29 10:00:00-04:00,20531.5,20571.05,20432.0,20571.3,5,0.4,0.12271031264704785,94.75,99.5,200.74,1003.7,395.4999999999927,389.29999999999274,target,590.0,205.0
2024-10-30,2024-10-30 10:20:00-04:00,2024-10-30 14:00:00-04:00,2024-10-30 10:15:00-04:00,20679.5,20576.25,20543.0,20734.1,5,0.4,0.11757236509880994,126.5,136.5,274.74,1373.7,-1032.5,-1038.7,time,200.0,1212.5
2024-11-01,2024-11-01 10:15:00-04:00,2024-11-01 11:25:00-04:00,2024-11-01 10:10:00-04:00,20215.5,20278.55,20057.25,20278.8,5,0.4,0.1521974679326067,118.25,158.25,318.24,1591.2,630.4999999999927,624.2999999999927,target,717.5,587.5
2024-11-04,2024-11-04 10:20:00-05:00,2024-11-04 11:10:00-05:00,2024-11-04 10:15:00-05:00,20161.5,20220.55,20013.25,20220.8,5,0.4,0.14748353178744245,128.75,148.25,298.24,1491.2,590.4999999999927,584.2999999999927,target,652.5,72.5
2024-11-05,2024-11-05 10:25:00-05:00,2024-11-05 12:15:00-05:00,2024-11-05 10:20:00-05:00,20305.75,20369.0,20147.0,20369.25,5,0.4,0.14302412630018416,152.5,158.75,319.24,1596.2,632.5,626.3,target,672.5,732.5
2024-11-06,2024-11-06 12:15:00-05:00,2024-11-06 14:00:00-05:00,2024-11-06 12:10:00-05:00,20813.0,20861.5,20643.5,20880.8,5,0.4,0.14328706319069467,163.25,169.5,340.74,1703.7,485.0,478.8,time,635.0,275.0
2024-11-07,2024-11-07 10:10:00-05:00,2024-11-07 10:55:00-05:00,2024-11-07 10:05:00-05:00,21116.0,21160.65,21003.75,21160.9,5,0.4,0.1709815551196172,107.0,112.25,226.24,1131.2,446.50000000001455,440.30000000001456,target,507.5,295.0
2024-11-08,2024-11-08 13:30:00-05:00,2024-11-08 13:35:00-05:00,2024-11-08 13:25:00-05:00,21233.0,21255.45,21176.25,21255.7,5,0.4,0.1776262517673407,55.75,56.75,115.24,576.1999999999999,224.50000000000728,218.3000000000073,target,335.0,30.0
2024-11-13,2024-11-13 12:15:00-05:00,2024-11-13 12:55:00-05:00,2024-11-13 12:10:00-05:00,21195.75,21225.1,21121.75,21225.35,5,0.4,0.16804688847218324,63.0,74.0,149.74,748.7,293.49999999998545,287.29999999998546,target,362.5,265.0
2024-11-18,2024-11-18 10:05:00-05:00,2024-11-18 10:20:00-05:00,2024-11-18 10:00:00-05:00,20587.25,20621.7,20500.5,20621.95,5,0.4,0.19209992456847855,71.0,86.75,175.24,876.2,344.5000000000073,338.3000000000073,target,375.0,192.5
2024-11-19,2024-11-19 10:30:00-05:00,2024-11-19 10:45:00-05:00,2024-11-19 10:25:00-05:00,20602.5,20640.05,20508.0,20640.3,5,0.4,0.1934742253556696,79.5,94.5,190.74,953.7,375.4999999999927,369.29999999999274,target,410.0,200.0
2024-11-28,2024-11-28 10:25:00-05:00,2024-11-28 18:00:00-05:00,2024-11-28 10:20:00-05:00,20900.0,20886.75,20873.75,20910.5,5,0.4,,22.5,26.25,54.24,271.2,-132.5,-138.7,time,95.0,250.0
2024-11-29,2024-11-29 10:10:00-05:00,2024-11-29 11:50:00-05:00,2024-11-29 10:05:00-05:00,20947.75,21004.3,20805.75,21004.55,5,0.4,,113.25,142.0,285.74,1428.7,565.4999999999927,559.2999999999927,target,590.0,122.5
2024-12-02,2024-12-02 10:05:00-05:00,2024-12-02 11:40:00-05:00,2024-12-02 10:00:00-05:00,21175.0,21234.15,21026.5,21234.4,5,0.4,0.18453175647643333,144.0,148.5,298.74,1493.7,591.5000000000146,585.3000000000145,target,595.0,340.0
2024-12-03,2024-12-03 10:05:00-05:00,2024-12-03 11:25:00-05:00,2024-12-03 10:00:00-05:00,21210.5,21240.55,21134.75,21240.8,5,0.4,0.17078621076203068,75.0,75.75,153.24,766.2,300.4999999999927,294.29999999999274,target,412.5,485.0
2024-12-04,2024-12-04 10:15:00-05:00,2024-12-04 10:30:00-05:00,2024-12-04 10:10:00-05:00,21444.75,21467.1,21388.25,21467.35,5,0.4,0.17071976879659156,53.75,56.5,114.74,573.6999999999999,223.49999999998545,217.29999999998546,target,330.0,292.5
2024-12-05,2024-12-05 12:15:00-05:00,2024-12-05 13:20:00-05:00,2024-12-05 12:10:00-05:00,21559.75,21497.5,21497.75,21584.55,5,0.4,0.17160704978486124,54.25,62.0,125.74,628.6999999999999,-622.5,-628.7,stop,80.0,785.0
2024-12-06,2024-12-06 10:15:00-05:00,2024-12-06 14:00:00-05:00,2024-12-06 10:10:00-05:00,21623.75,21658.25,21485.0,21679.25,5,0.4,0.1688391004124676,129.5,138.75,279.24,1396.2,345.0,338.8,time,457.5,510.0
2024-12-10,2024-12-10 10:10:00-05:00,2024-12-10 10:55:00-05:00,2024-12-10 10:05:00-05:00,21593.5,21505.0,21505.25,21628.8,5,0.4,0.13872797776927043,84.5,88.25,178.24,891.2,-885.0,-891.2,stop,132.5,970.0
2024-12-11,2024-12-11 10:10:00-05:00,2024-12-11 12:05:00-05:00,2024-12-11 10:05:00-05:00,21724.0,21784.15,21573.0,21784.4,5,0.4,0.1391708004092436,124.0,151.0,303.74,1518.7,601.5000000000146,595.3000000000145,target,617.5,502.5
2024-12-12,2024-12-12 10:30:00-05:00,2024-12-12 10:55:00-05:00,2024-12-12 10:25:00-05:00,21707.5,21727.95,21655.75,21728.2,5,0.4,0.15028163443372755,40.75,51.75,105.24,526.1999999999999,204.50000000000728,198.3000000000073,target,212.5,182.5
2024-12-16,2024-12-16 10:05:00-05:00,2024-12-16 11:05:00-05:00,2024-12-16 10:00:00-05:00,21989.5,22026.65,21896.0,22026.9,5,0.4,0.1538693504442192,76.5,93.5,188.74,943.7,371.50000000001455,365.30000000001456,target,470.0,607.5
2024-12-17,2024-12-17 11:40:00-05:00,2024-12-17 14:00:00-05:00,2024-12-17 11:35:00-05:00,22074.75,22004.25,21975.75,22114.35,5,0.4,0.15706290045662696,86.75,99.0,199.74,998.7,-705.0,-711.2,time,60.0,890.0
2024-12-18,2024-12-18 10:15:00-05:00,2024-12-18 10:45:00-05:00,2024-12-18 10:10:00-05:00,22013.0,22052.65,21913.25,22052.9,5,0.4,0.12849513591920372,89.25,99.75,201.24,1006.2,396.50000000001455,390.30000000001456,target,410.0,207.5
2024-12-20,2024-12-20 10:15:00-05:00,2024-12-20 10:25:00-05:00,2024-12-20 10:10:00-05:00,21341.5,21413.75,21160.25,21414.0,5,0.4,0.20770758632141068,149.0,181.25,364.24,1821.2,722.5,716.3,target,1200.0,175.0
2024-12-23,2024-12-23 11:55:00-05:00,2024-12-23 13:10:00-05:00,2024-12-23 11:50:00-05:00,21681.0,21732.15,21552.5,21732.4,5,0.4,0.2097927874037796,123.0,128.5,258.74,1293.7,511.50000000001455,505.30000000001456,target,540.0,385.0
2024-12-24,2024-12-24 10:05:00-05:00,2024-12-24 11:15:00-05:00,2024-12-24 10:00:00-05:00,21928.25,21979.7,21799.0,21979.95,5,0.4,,108.75,129.25,260.24,1301.2,514.5000000000073,508.3000000000073,target,567.5,312.5
2024-12-26,2024-12-26 11:15:00-05:00,2024-12-26 12:15:00-05:00,2024-12-26 11:10:00-05:00,22012.25,22068.7,21870.5,22068.95,5,0.4,0.21010509894167864,138.0,141.75,285.24,1426.2,564.5000000000073,558.3000000000072,target,627.5,370.0
2024-12-30,2024-12-30 11:40:00-05:00,2024-12-30 12:10:00-05:00,2024-12-30 11:35:00-05:00,21432.0,21491.75,21282.0,21492.0,5,0.4,0.21951660655799585,135.0,150.0,301.74,1508.7,597.5,591.3,target,630.0,187.5
