Trade #,Type,Date/Time,Signal,Price USD,Position size (qty),Position size (value),Net P&L USD,Net P&L %,Run-up USD,Run-up %,Drawdown USD,Drawdown %,Cumulative P&L USD,Cumulative P&L %
1,Entry long,2021-01-05 10:05:00-05:00,ORB close above 30m high,12773.0,5,127730.0,,,,,,,,
1,Exit long,2021-01-05 14:00:00-05:00,time,12752.0,5,127730.0,-216.2,-0.1693,92.5,0.0724,847.5,0.6635,-216.2,-0.2162
2,Entry long,2021-01-06 10:15:00-05:00,ORB close above 30m high,12677.0,5,126770.0,,,,,,,,
2,Exit long,2021-01-06 10:50:00-05:00,target,12751.9,5,126770.0,742.8,0.5859,905.0,0.7139,80.0,0.0631,526.6,0.5266
3,Entry long,2021-01-07 10:05:00-05:00,ORB close above 30m high,12871.5,5,128715.0,,,,,,,,
3,Exit long,2021-01-07 14:00:00-05:00,time,12913.0,5,128715.0,408.8,0.3176,492.5,0.3826,127.5,0.0991,935.4,0.9354
4,Entry long,2021-01-08 12:15:00-05:00,ORB close above 30m high,13056.25,5,130562.5,,,,,,,,
4,Exit long,2021-01-08 13:20:00-05:00,stop,12985.5,5,130562.5,-713.7,-0.5466,92.5,0.0708,1045.0,0.8004,221.7,0.2217
5,Entry long,2021-01-11 10:10:00-05:00,ORB close above 30m high,12980.5,5,129805.0,,,,,,,,
5,Exit long,2021-01-11 14:00:00-05:00,time,12959.75,5,129805.0,-213.7,-0.1646,325.0,0.2504,492.5,0.3794,8.0,0.008
6,Entry long,2021-01-13 10:40:00-05:00,ORB close above 30m high,12958.5,5,129585.0,,,,,,,,
6,Exit long,2021-01-13 14:00:00-05:00,time,12978.25,5,129585.0,191.3,0.1476,377.5,0.2913,202.5,0.1563,199.3,0.1993
7,Entry long,2021-01-14 10:50:00-05:00,ORB close above 30m high,13021.25,5,130212.5,,,,,,,,
7,Exit long,2021-01-14 11:55:00-05:00,stop,12968.25,5,130212.5,-536.2,-0.4118,75.0,0.0576,535.0,0.4109,-336.9,-0.3369
8,Entry long,2021-01-19 12:40:00-05:00,ORB close above 30m high,12931.25,5,129312.5,,,,,,,,
8,Exit long,2021-01-19 13:35:00-05:00,target,12973.6,5,129312.5,417.3,0.3227,477.5,0.3693,77.5,0.0599,80.4,0.0804
9,Entry long,2021-01-20 10:10:00-05:00,ORB close above 30m high,13206.5,5,132065.0,,,,,,,,
9,Exit long,2021-01-20 12:00:00-05:00,target,13257.55,5,132065.0,504.3,0.3819,532.5,0.4032,12.5,0.0095,584.7,0.5847
10,Entry long,2021-01-21 10:15:00-05:00,ORB close above 30m high,13364.75,5,133647.5,,,,,,,,
10,Exit long,2021-01-21 14:00:00-05:00,time,13364.75,5,133647.5,-6.2,-0.0046,280.0,0.2095,487.5,0.3648,578.5,0.5785
11,Entry long,2021-01-26 10:50:00-05:00,ORB close above 30m high,13514.25,5,135142.5,,,,,,,,
11,Exit long,2021-01-26 14:00:00-05:00,time,13500.0,5,135142.5,-148.7,-0.11,187.5,0.1387,590.0,0.4366,429.8,0.4298
12,Entry long,2021-01-28 10:20:00-05:00,ORB close above 30m high,13267.25,5,132672.5,,,,,,,,
12,Exit long,2021-01-28 12:20:00-05:00,target,13350.4,5,132672.5,825.3,0.6221,957.5,0.7217,632.5,0.4767,1255.1,1.2551
13,Entry long,2021-01-29 10:25:00-05:00,ORB close above 30m high,13147.5,5,131475.0,,,,,,,,
13,Exit long,2021-01-29 11:20:00-05:00,stop,12998.0,5,131475.0,-1501.2,-1.1418,95.0,0.0723,1587.5,1.2075,-246.1,-0.2461
14,Entry long,2021-02-01 10:45:00-05:00,ORB close above 30m high,13116.25,5,131162.5,,,,,,,,
14,Exit long,2021-02-01 12:00:00-05:00,target,13203.6,5,131162.5,867.3,0.6612,927.5,0.7071,750.0,0.5718,621.2,0.6212
15,Entry long,2021-02-02 10:20:00-05:00,ORB close above 30m high,13434.5,5,134345.0,,,,,,,,
15,Exit long,2021-02-02 14:00:00-05:00,time,13471.5,5,134345.0,363.8,0.2708,510.0,0.3796,517.5,0.3852,985.0,0.985
16,Entry long,2021-02-04 13:05:00-05:00,ORB close above 30m high,13487.0,5,134870.0,,,,,,,,
16,Exit long,2021-02-04 14:00:00-05:00,time,13495.0,5,134870.0,73.8,0.0547,175.0,0.1298,55.0,0.0408,1058.8,1.0588
17,Entry long,2021-02-05 12:20:00-05:00,ORB close above 30m high,13596.25,5,135962.5,,,,,,,,
17,Exit long,2021-02-05 13:15:00-05:00,target,13632.15,5,135962.5,352.8,0.2595,422.5,0.3107,22.5,0.0165,1411.6,1.4116
18,Entry long,2021-02-08 10:05:00-05:00,ORB close above 30m high,13675.0,5,136750.0,,,,,,,,
18,Exit long,2021-02-08 11:25:00-05:00,stop,13632.25,5,136750.0,-433.7,-0.3171,175.0,0.128,437.5,0.3199,977.9,0.9779
19,Entry long,2021-02-09 10:10:00-05:00,ORB close above 30m high,13713.75,5,137137.5,,,,,,,,
19,Exit long,2021-02-09 14:00:00-05:00,time,13671.5,5,137137.5,-428.7,-0.3126,215.0,0.1568,517.5,0.3774,549.2,0.5492
20,Entry long,2021-02-12 10:15:00-05:00,ORB close above 30m high,13707.25,5,137072.5,,,,,,,,
20,Exit long,2021-02-12 11:25:00-05:00,target,13743.75,5,137072.5,358.8,0.2618,390.0,0.2845,430.0,0.3137,908.0,0.908
21,Entry long,2021-02-15 11:00:00-05:00,ORB close above 30m high,13863.0,5,138630.0,,,,,,,,
21,Exit long,2021-02-15 12:40:00-05:00,target,13871.6,5,138630.0,79.8,0.0576,130.0,0.0938,92.5,0.0667,987.8,0.9878
22,Entry long,2021-02-16 10:40:00-05:00,ORB close above 30m high,13871.0,5,138710.0,,,,,,,,
22,Exit long,2021-02-16 11:05:00-05:00,stop,13811.25,5,138710.0,-603.7,-0.4352,25.0,0.018,697.5,0.5028,384.1,0.3841
23,Entry long,2021-02-18 13:25:00-05:00,ORB close above 30m high,13596.0,5,135960.0,,,,,,,,
23,Exit long,2021-02-18 14:00:00-05:00,time,13600.25,5,135960.0,36.3,0.0267,292.5,0.2151,45.0,0.0331,420.4,0.4204
24,Entry long,2021-02-23 10:30:00-05:00,ORB close above 30m high,13025.25,5,130252.5,,,,,,,,
24,Exit long,2021-02-23 14:00:00-05:00,time,13045.5,5,130252.5,196.3,0.1507,940.0,0.7217,1405.0,1.0787,616.7,0.6167
25,Entry long,2021-02-24 11:15:00-05:00,ORB close above 30m high,13143.25,5,131432.5,,,,,,,,
25,Exit long,2021-02-24 12:25:00-05:00,target,13227.9,5,131432.5,840.3,0.6393,882.5,0.6714,17.5,0.0133,1457.0,1.457
26,Entry long,2021-02-26 12:10:00-05:00,ORB close above 30m high,13052.25,5,130522.5,,,,,,,,
26,Exit long,2021-02-26 14:00:00-05:00,time,12955.25,5,130522.5,-976.2,-0.7479,375.0,0.2873,1195.0,0.9156,480.8,0.4808
27,Entry long,2021-03-01 10:20:00-05:00,ORB close above 30m high,13132.0,5,131320.0,,,,,,,,
27,Exit long,2021-03-01 10:55:00-05:00,target,13186.8,5,131320.0,541.8,0.4126,595.0,0.4531,55.0,0.0419,1022.6,1.0226
28,Entry long,2021-03-04 11:45:00-05:00,ORB close above 30m high,12783.0,5,127830.0,,,,,,,,
28,Exit long,2021-03-04 12:25:00-05:00,stop,12568.5,5,127830.0,-2151.2,-1.6829,140.0,0.1095,2220.0,1.7367,-1128.6,-1.1286
29,Entry long,2021-03-08 10:35:00-05:00,ORB close above 30m high,12708.25,5,127082.5,,,,,,,,
29,Exit long,2021-03-08 11:50:00-05:00,stop,12526.25,5,127082.5,-1826.2,-1.437,70.0,0.0551,1882.5,1.4813,-2954.8,-2.9548
30,Entry long,2021-03-09 10:05:00-05:00,ORB close above 30m high,12724.75,5,127247.5,,,,,,,,
30,Exit long,2021-03-09 13:00:00-05:00,target,12807.15,5,127247.5,817.8,0.6427,985.0,0.7741,410.0,0.3222,-2137.0,-2.137
31,Entry long,2021-03-11 10:50:00-05:00,ORB close above 30m high,13009.5,5,130095.0,,,,,,,,
31,Exit long,2021-03-11 11:20:00-05:00,target,13055.9,5,130095.0,457.8,0.3519,520.0,0.3997,165.0,0.1268,-1679.2,-1.6792
32,Entry long,2021-03-12 12:30:00-05:00,ORB close above 30m high,12903.25,5,129032.5,,,,,,,,
32,Exit long,2021-03-12 14:00:00-05:00,time,12882.5,5,129032.5,-213.7,-0.1656,230.0,0.1782,487.5,0.3778,-1892.9,-1.8929
33,Entry long,2021-03-15 10:15:00-04:00,ORB close above 30m high,12987.5,5,129875.0,,,,,,,,
33,Exit long,2021-03-15 11:30:00-04:00,stop,12896.25,5,129875.0,-918.7,-0.7074,12.5,0.0096,920.0,0.7084,-2811.6,-2.8116
34,Entry long,2021-03-16 10:05:00-04:00,ORB close above 30m high,13245.0,5,132450.0,,,,,,,,
34,Exit long,2021-03-16 14:00:00-04:00,time,13189.75,5,132450.0,-558.7,-0.4218,517.5,0.3907,740.0,0.5587,-3370.3,-3.3703
35,Entry long,2021-03-17 10:20:00-04:00,ORB close above 30m high,13066.75,5,130667.5,,,,,,,,
35,Exit long,2021-03-17 14:00:00-04:00,time,12995.0,5,130667.5,-723.7,-0.5538,482.5,0.3693,1280.0,0.9796,-4094.0,-4.094
36,Entry long,2021-03-19 11:05:00-04:00,ORB close above 30m high,12841.5,5,128415.0,,,,,,,,
36,Exit long,2021-03-19 14:00:00-04:00,time,12869.25,5,128415.0,271.3,0.2113,497.5,0.3874,837.5,0.6522,-3822.7,-3.8227
37,Entry long,2021-03-22 10:35:00-04:00,ORB close above 30m high,13026.0,5,130260.0,,,,,,,,
37,Exit long,2021-03-22 11:20:00-04:00,target,13084.7,5,130260.0,580.8,0.4459,592.5,0.4549,140.0,0.1075,-3241.9,-3.2419
38,Entry long,2021-03-23 10:15:00-04:00,ORB close above 30m high,13122.75,5,131227.5,,,,,,,,
38,Exit long,2021-03-23 11:15:00-04:00,target,13165.85,5,131227.5,424.8,0.3237,492.5,0.3753,717.5,0.5468,-2817.1,-2.8171
39,Entry long,2021-03-25 10:05:00-04:00,ORB close above 30m high,12823.0,5,128230.0,,,,,,,,
39,Exit long,2021-03-25 10:45:00-04:00,stop,12688.0,5,128230.0,-1356.2,-1.0576,140.0,0.1092,1487.5,1.16,-4173.3,-4.1733
40,Entry long,2021-03-26 10:05:00-04:00,ORB close above 30m high,12850.5,5,128505.0,,,,,,,,
40,Exit long,2021-03-26 14:00:00-04:00,time,12798.75,5,128505.0,-523.7,-0.4075,217.5,0.1693,925.0,0.7198,-4697.0,-4.697
41,Entry long,2021-03-29 13:05:00-04:00,ORB close above 30m high,12986.5,5,129865.0,,,,,,,,
41,Exit long,2021-03-29 14:00:00-04:00,time,12953.5,5,129865.0,-336.2,-0.2589,162.5,0.1251,520.0,0.4004,-5033.2,-5.0332
42,Entry long,2021-03-30 11:35:00-04:00,ORB close above 30m high,12895.25,5,128952.5,,,,,,,,
42,Exit long,2021-03-30 14:00:00-04:00,time,12851.5,5,128952.5,-443.7,-0.3441,210.0,0.1629,700.0,0.5428,-5476.9,-5.4769
43,Entry long,2021-03-31 10:05:00-04:00,ORB close above 30m high,13067.5,5,130675.0,,,,,,,,
43,Exit long,2021-03-31 12:15:00-04:00,target,13135.95,5,130675.0,678.3,0.5191,700.0,0.5357,27.5,0.021,-4798.6,-4.7986
44,Entry long,2021-04-01 10:10:00-04:00,ORB close above 30m high,13306.25,5,133062.5,,,,,,,,
44,Exit long,2021-04-01 14:00:00-04:00,time,13281.5,5,133062.5,-253.7,-0.1907,152.5,0.1146,462.5,0.3476,-5052.3,-5.0523
45,Entry long,2021-04-05 10:10:00-04:00,ORB close above 30m high,13490.75,5,134907.5,,,,,,,,
45,Exit long,2021-04-05 11:30:00-04:00,target,13539.4,5,134907.5,480.3,0.356,557.5,0.4132,52.5,0.0389,-4572.0,-4.572
46,Entry long,2021-04-06 10:05:00-04:00,ORB close above 30m high,13605.0,5,136050.0,,,,,,,,
46,Exit long,2021-04-06 11:15:00-04:00,target,13644.5,5,136050.0,388.8,0.2858,415.0,0.305,410.0,0.3014,-4183.2,-4.1832
47,Entry long,2021-04-07 10:05:00-04:00,ORB close above 30m high,13593.0,5,135930.0,,,,,,,,
47,Exit long,2021-04-07 14:00:00-04:00,time,13598.25,5,135930.0,46.3,0.0341,380.0,0.2796,332.5,0.2446,-4136.9,-4.1369
48,Entry long,2021-04-09 10:05:00-04:00,ORB close above 30m high,13732.5,5,137325.0,,,,,,,,
48,Exit long,2021-04-09 12:05:00-04:00,target,13776.8,5,137325.0,436.8,0.3181,457.5,0.3332,377.5,0.2749,-3700.1,-3.7001
49,Entry long,2021-04-12 12:35:00-04:00,ORB close above 30m high,13814.0,5,138140.0,,,,,,,,
49,Exit long,2021-04-12 14:00:00-04:00,time,13782.5,5,138140.0,-321.2,-0.2325,147.5,0.1068,362.5,0.2624,-4021.3,-4.0213
50,Entry long,2021-04-15 10:30:00-04:00,ORB close above 30m high,13989.25,5,139892.5,,,,,,,,
50,Exit long,2021-04-15 14:00:00-04:00,time,14013.75,5,139892.5,238.8,0.1707,327.5,0.2341,460.0,0.3288,-3782.5,-3.7825
51,Entry long,2021-04-21 10:30:00-04:00,ORB close above 30m high,13816.0,5,138160.0,,,,,,,,
51,Exit long,2021-04-21 14:00:00-04:00,time,13859.25,5,138160.0,426.3,0.3086,607.5,0.4397,477.5,0.3456,-3356.2,-3.3562
52,Entry long,2021-04-22 10:35:00-04:00,ORB close above 30m high,13931.0,5,139310.0,,,,,,,,
52,Exit long,2021-04-22 13:10:00-04:00,stop,13855.0,5,139310.0,-766.2,-0.55,130.0,0.0933,1070.0,0.7681,-4122.4,-4.1224
53,Entry long,2021-04-23 10:05:00-04:00,ORB close above 30m high,13838.0,5,138380.0,,,,,,,,
53,Exit long,2021-04-23 11:00:00-04:00,target,13875.1,5,138380.0,364.8,0.2636,385.0,0.2782,130.0,0.0939,-3757.6,-3.7576
54,Entry long,2021-04-26 10:10:00-04:00,ORB close above 30m high,13952.5,5,139525.0,,,,,,,,
54,Exit long,2021-04-26 11:10:00-04:00,target,13982.4,5,139525.0,292.8,0.2099,357.5,0.2562,87.5,0.0627,-3464.8,-3.4648
55,Entry long,2021-04-30 10:25:00-04:00,ORB close above 30m high,13923.5,5,139235.0,,,,,,,,
55,Exit long,2021-04-30 13:50:00-04:00,stop,13840.0,5,139235.0,-841.2,-0.6042,335.0,0.2406,895.0,0.6428,-4306.0,-4.306
56,Entry long,2021-05-03 10:15:00-04:00,ORB close above 30m high,13929.75,5,139297.5,,,,,,,,
56,Exit long,2021-05-03 10:50:00-04:00,stop,13850.75,5,139297.5,-796.2,-0.5716,177.5,0.1274,905.0,0.6497,-5102.2,-5.1022
57,Entry long,2021-05-06 11:35:00-04:00,ORB close above 30m high,13523.75,5,135237.5,,,,,,,,
57,Exit long,2021-05-06 12:30:00-04:00,target,13583.2,5,135237.5,588.3,0.435,675.0,0.4991,45.0,0.0333,-4513.9,-4.5139
58,Entry long,2021-05-07 10:10:00-04:00,ORB close above 30m high,13764.5,5,137645.0,,,,,,,,
58,Exit long,2021-05-07 14:00:00-04:00,time,13681.0,5,137645.0,-841.2,-0.6111,460.0,0.3342,1025.0,0.7447,-5355.1,-5.3551
59,Entry long,2021-05-11 11:20:00-04:00,ORB close above 30m high,13272.25,5,132722.5,,,,,,,,
59,Exit long,2021-05-11 14:00:00-04:00,time,13335.0,5,132722.5,621.3,0.4681,975.0,0.7346,245.0,0.1846,-4733.8,-4.7338
60,Entry long,2021-05-13 10:05:00-04:00,ORB close above 30m high,13189.25,5,131892.5,,,,,,,,
60,Exit long,2021-05-13 11:40:00-04:00,stop,13085.75,5,131892.5,-1041.2,-0.7894,357.5,0.2711,1255.0,0.9515,-5775.0,-5.775
61,Entry long,2021-05-14 10:15:00-04:00,ORB close above 30m high,13287.0,5,132870.0,,,,,,,,
61,Exit long,2021-05-14 11:15:00-04:00,target,13334.0,5,132870.0,463.8,0.3491,545.0,0.4102,120.0,0.0903,-5311.2,-5.3112
62,Entry long,2021-05-18 10:30:00-04:00,ORB close above 30m high,13382.75,5,133827.5,,,,,,,,
62,Exit long,2021-05-18 14:00:00-04:00,time,13331.0,5,133827.5,-523.7,-0.3913,137.5,0.1027,645.0,0.482,-5834.9,-5.8349
63,Entry long,2021-05-19 10:30:00-04:00,ORB close above 30m high,13092.0,5,130920.0,,,,,,,,
63,Exit long,2021-05-19 12:20:00-04:00,target,13165.25,5,130920.0,726.3,0.5548,785.0,0.5996,480.0,0.3666,-5108.6,-5.1086
64,Entry long,2021-05-20 10:05:00-04:00,ORB close above 30m high,13406.5,5,134065.0,,,,,,,,
64,Exit long,2021-05-20 11:40:00-04:00,target,13481.25,5,134065.0,741.3,0.5529,862.5,0.6433,97.5,0.0727,-4367.3,-4.3673
65,Entry long,2021-05-24 10:05:00-04:00,ORB close above 30m high,13590.0,5,135900.0,,,,,,,,
65,Exit long,2021-05-24 10:40:00-04:00,target,13647.95,5,135900.0,573.3,0.4219,587.5,0.4323,57.5,0.0423,-3794.0,-3.794
66,Entry long,2021-05-26 11:10:00-04:00,ORB close above 30m high,13711.75,5,137117.5,,,,,,,,
66,Exit long,2021-05-26 14:00:00-04:00,time,13686.25,5,137117.5,-261.2,-0.1905,132.5,0.0966,360.0,0.2625,-4055.2,-4.0552
67,Entry long,2021-05-27 10:20:00-04:00,ORB close above 30m high,13699.25,5,136992.5,,,,,,,,
67,Exit long,2021-05-27 14:00:00-04:00,time,13686.5,5,136992.5,-133.7,-0.0976,215.0,0.1569,277.5,0.2026,-4188.9,-4.1889
68,Entry long,2021-05-28 11:45:00-04:00,ORB close above 30m high,13745.5,5,137455.0,,,,,,,,
68,Exit long,2021-05-28 14:00:00-04:00,time,13716.25,5,137455.0,-298.7,-0.2173,177.5,0.1291,395.0,0.2874,-4487.6,-4.4876
69,Entry long,2021-06-03 11:00:00-04:00,ORB close above 30m high,13579.25,5,135792.5,,,,,,,,
69,Exit long,2021-06-03 14:00:00-04:00,time,13566.0,5,135792.5,-138.7,-0.1021,305.0,0.2246,527.5,0.3885,-4626.3,-4.6263
70,Entry long,2021-06-04 10:05:00-04:00,ORB close above 30m high,13733.0,5,137330.0,,,,,,,,
70,Exit long,2021-06-04 14:00:00-04:00,time,13774.5,5,137330.0,408.8,0.2977,460.0,0.335,122.5,0.0892,-4217.5,-4.2175
71,Entry long,2021-06-14 12:05:00-04:00,ORB close above 30m high,14041.25,5,140412.5,,,,,,,,
71,Exit long,2021-06-14 14:00:00-04:00,time,14059.0,5,140412.5,171.3,0.122,232.5,0.1656,82.5,0.0588,-4046.2,-4.0462
72,Entry long,2021-06-16 10:15:00-04:00,ORB close above 30m high,14089.5,5,140895.0,,,,,,,,
72,Exit long,2021-06-16 11:05:00-04:00,stop,14042.25,5,140895.0,-478.7,-0.3398,60.0,0.0426,485.0,0.3442,-4524.9,-4.5249
73,Entry long,2021-06-17 10:05:00-04:00,ORB close above 30m high,14040.75,5,140407.5,,,,,,,,
73,Exit long,2021-06-17 10:30:00-04:00,target,14105.75,5,140407.5,643.8,0.4585,747.5,0.5324,250.0,0.1781,-3881.1,-3.8811
74,Entry long,2021-06-21 10:40:00-04:00,ORB close above 30m high,14081.75,5,140817.5,,,,,,,,
74,Exit long,2021-06-21 14:00:00-04:00,time,14133.5,5,140817.5,511.3,0.3631,622.5,0.4421,22.5,0.016,-3369.8,-3.3698
75,Entry long,2021-06-22 11:10:00-04:00,ORB close above 30m high,14187.75,5,141877.5,,,,,,,,
75,Exit long,2021-06-22 14:00:00-04:00,time,14221.25,5,141877.5,328.8,0.2317,452.5,0.3189,7.5,0.0053,-3041.0,-3.041
76,Entry long,2021-06-24 10:10:00-04:00,ORB close above 30m high,14387.25,5,143872.5,,,,,,,,
76,Exit long,2021-06-24 12:10:00-04:00,target,14412.95,5,143872.5,250.8,0.1743,347.5,0.2415,85.0,0.0591,-2790.2,-2.7902
77,Entry long,2021-06-28 10:10:00-04:00,ORB close above 30m high,14467.5,5,144675.0,,,,,,,,
77,Exit long,2021-06-28 14:00:00-04:00,time,14463.0,5,144675.0,-51.2,-0.0354,275.0,0.1901,125.0,0.0864,-2841.4,-2.8414
78,Entry long,2021-06-29 12:20:00-04:00,ORB close above 30m high,14533.75,5,145337.5,,,,,,,,
78,Exit long,2021-06-29 14:00:00-04:00,time,14551.0,5,145337.5,166.3,0.1144,207.5,0.1428,37.5,0.0258,-2675.1,-2.6751
79,Entry long,2021-07-02 11:55:00-04:00,ORB close above 30m high,14670.5,5,146705.0,,,,,,,,
79,Exit long,2021-07-02 14:00:00-04:00,time,14690.25,5,146705.0,191.3,0.1304,235.0,0.1602,150.0,0.1022,-2483.8,-2.4838
80,Entry long,2021-07-06 10:10:00-04:00,ORB close above 30m high,14786.25,5,147862.5,,,,,,,,
80,Exit long,2021-07-06 10:30:00-04:00,stop,14738.5,5,147862.5,-483.7,-0.3271,35.0,0.0237,610.0,0.4125,-2967.5,-2.9675
81,Entry long,2021-07-08 10:30:00-04:00,ORB close above 30m high,14644.75,5,146447.5,,,,,,,,
81,Exit long,2021-07-08 12:30:00-04:00,target,14707.35,5,146447.5,619.8,0.4232,712.5,0.4865,790.0,0.5394,-2347.7,-2.3477
82,Entry long,2021-07-09 10:25:00-04:00,ORB close above 30m high,14728.25,5,147282.5,,,,,,,,
82,Exit long,2021-07-09 10:50:00-04:00,target,14764.0,5,147282.5,351.3,0.2385,440.0,0.2987,247.5,0.168,-1996.4,-1.9964
83,Entry long,2021-07-13 10:05:00-04:00,ORB close above 30m high,14927.5,5,149275.0,,,,,,,,
83,Exit long,2021-07-13 11:20:00-04:00,target,14978.55,5,149275.0,504.3,0.3378,645.0,0.4321,130.0,0.0871,-1492.1,-1.4921
84,Entry long,2021-07-14 10:05:00-04:00,ORB close above 30m high,14992.5,5,149925.0,,,,,,,,
84,Exit long,2021-07-14 11:25:00-04:00,stop,14934.5,5,149925.0,-586.2,-0.391,22.5,0.015,847.5,0.5653,-2078.3,-2.0783
85,Entry long,2021-07-20 10:25:00-04:00,ORB close above 30m high,14608.5,5,146085.0,,,,,,,,
85,Exit long,2021-07-20 11:05:00-04:00,target,14663.3,5,146085.0,541.8,0.3709,575.0,0.3936,272.5,0.1865,-1536.5,-1.5365
86,Entry long,2021-07-21 10:25:00-04:00,ORB close above 30m high,14761.5,5,147615.0,,,,,,,,
86,Exit long,2021-07-21 14:00:00-04:00,time,14779.0,5,147615.0,168.8,0.1144,277.5,0.188,262.5,0.1778,-1367.7,-1.3677
87,Entry long,2021-07-22 10:30:00-04:00,ORB close above 30m high,14904.75,5,149047.5,,,,,,,,
87,Exit long,2021-07-22 14:00:00-04:00,time,14905.5,5,149047.5,1.3,0.0009,185.0,0.1241,542.5,0.364,-1366.4,-1.3664
88,Entry long,2021-07-23 10:20:00-04:00,ORB close above 30m high,14997.75,5,149977.5,,,,,,,,
88,Exit long,2021-07-23 11:15:00-04:00,target,15035.6,5,149977.5,372.3,0.2482,470.0,0.3134,140.0,0.0933,-994.1,-0.9941
89,Entry long,2021-07-26 10:05:00-04:00,ORB close above 30m high,15112.75,5,151127.5,,,,,,,,
89,Exit long,2021-07-26 14:00:00-04:00,time,15105.0,5,151127.5,-83.7,-0.0554,215.0,0.1423,305.0,0.2018,-1077.8,-1.0778
90,Entry long,2021-07-28 10:20:00-04:00,ORB close above 30m high,15054.25,5,150542.5,,,,,,,,
90,Exit long,2021-07-28 14:00:00-04:00,time,14972.75,5,150542.5,-821.2,-0.5455,205.0,0.1362,1325.0,0.8802,-1899.0,-1.899
91,Entry long,2021-07-30 10:05:00-04:00,ORB close above 30m high,14977.0,5,149770.0,,,,,,,,
91,Exit long,2021-07-30 14:00:00-04:00,time,14964.5,5,149770.0,-131.2,-0.0876,22.5,0.015,667.5,0.4457,-2030.2,-2.0302
92,Entry long,2021-08-02 11:25:00-04:00,ORB close above 30m high,15045.75,5,150457.5,,,,,,,,
92,Exit long,2021-08-02 14:00:00-04:00,time,14985.5,5,150457.5,-608.7,-0.4046,55.0,0.0366,845.0,0.5616,-2638.9,-2.6389
93,Entry long,2021-08-03 12:00:00-04:00,ORB close above 30m high,15011.0,5,150110.0,,,,,,,,
93,Exit long,2021-08-03 14:00:00-04:00,time,15019.5,5,150110.0,78.8,0.0525,257.5,0.1715,312.5,0.2082,-2560.1,-2.5601
94,Entry long,2021-08-04 13:05:00-04:00,ORB close above 30m high,15075.25,5,150752.5,,,,,,,,
94,Exit long,2021-08-04 14:00:00-04:00,time,15074.75,5,150752.5,-11.2,-0.0074,277.5,0.1841,55.0,0.0365,-2571.3,-2.5713
95,Entry long,2021-08-05 10:20:00-04:00,ORB close above 30m high,15131.0,5,151310.0,,,,,,,,
95,Exit long,2021-08-05 11:00:00-04:00,target,15165.7,5,151310.0,340.8,0.2252,350.0,0.2313,280.0,0.1851,-2230.5,-2.2305
96,Entry long,2021-08-12 10:20:00-04:00,ORB close above 30m high,15008.25,5,150082.5,,,,,,,,
96,Exit long,2021-08-12 10:50:00-04:00,target,15045.2,5,150082.5,363.3,0.2421,450.0,0.2998,42.5,0.0283,-1867.2,-1.8672
97,Entry long,2021-08-13 10:20:00-04:00,ORB close above 30m high,15133.75,5,151337.5,,,,,,,,
97,Exit long,2021-08-13 14:00:00-04:00,time,15115.5,5,151337.5,-188.7,-0.1247,77.5,0.0512,415.0,0.2742,-2055.9,-2.0559
98,Entry long,2021-08-17 10:45:00-04:00,ORB close above 30m high,15050.0,5,150500.0,,,,,,,,
98,Exit long,2021-08-17 11:55:00-04:00,stop,14954.5,5,150500.0,-961.2,-0.6387,77.5,0.0515,1122.5,0.7458,-3017.1,-3.0171
99,Entry long,2021-08-19 10:10:00-04:00,ORB close above 30m high,14846.75,5,148467.5,,,,,,,,
99,Exit long,2021-08-19 10:55:00-04:00,target,14896.45,5,148467.5,490.8,0.3306,527.5,0.3553,232.5,0.1566,-2526.3,-2.5263
100,Entry long,2021-08-20 10:05:00-04:00,ORB close above 30m high,15059.5,5,150595.0,,,,,,,,
100,Exit long,2021-08-20 14:00:00-04:00,time,15053.75,5,150595.0,-63.7,-0.0423,385.0,0.2557,577.5,0.3835,-2590.0,-2.59
101,Entry long,2021-08-23 10:05:00-04:00,ORB close above 30m high,15230.25,5,152302.5,,,,,,,,
101,Exit long,2021-08-23 11:35:00-04:00,target,15293.3,5,152302.5,624.3,0.4099,647.5,0.4251,80.0,0.0525,-1965.7,-1.9657
102,Entry long,2021-08-24 10:10:00-04:00,ORB close above 30m high,15361.25,5,153612.5,,,,,,,,
102,Exit long,2021-08-24 14:00:00-04:00,time,15347.25,5,153612.5,-146.2,-0.0952,190.0,0.1237,310.0,0.2018,-2111.9,-2.1119
103,Entry long,2021-08-27 10:05:00-04:00,ORB close above 30m high,15361.75,5,153617.5,,,,,,,,
103,Exit long,2021-08-27 10:15:00-04:00,target,15408.0,5,153617.5,456.3,0.297,622.5,0.4052,205.0,0.1334,-1655.6,-1.6556
104,Entry long,2021-08-30 10:05:00-04:00,ORB close above 30m high,15545.5,5,155455.0,,,,,,,,
104,Exit long,2021-08-30 13:30:00-04:00,target,15599.4,5,155455.0,532.8,0.3427,565.0,0.3634,80.0,0.0515,-1122.8,-1.1228
105,Entry long,2021-09-03 10:05:00-04:00,ORB close above 30m high,15661.5,5,156615.0,,,,,,,,
105,Exit long,2021-09-03 14:00:00-04:00,time,15656.5,5,156615.0,-56.2,-0.0359,72.5,0.0463,570.0,0.3639,-1179.0,-1.179
106,Entry long,2021-09-06 10:05:00-04:00,ORB close above 30m high,15706.25,5,157062.5,,,,,,,,
106,Exit long,2021-09-06 18:00:00-04:00,time,15700.75,5,157062.5,-61.2,-0.039,12.5,0.008,127.5,0.0812,-1240.2,-1.2402
107,Entry long,2021-09-07 10:55:00-04:00,ORB close above 30m high,15673.5,5,156735.0,,,,,,,,
107,Exit long,2021-09-07 14:00:00-04:00,time,15691.75,5,156735.0,176.3,0.1125,280.0,0.1786,412.5,0.2632,-1063.9,-1.0639
108,Entry long,2021-09-15 13:00:00-04:00,ORB close above 30m high,15439.5,5,154395.0,,,,,,,,
108,Exit long,2021-09-15 14:00:00-04:00,time,15452.5,5,154395.0,123.8,0.0802,285.0,0.1846,50.0,0.0324,-940.1,-0.9401
109,Entry long,2021-09-22 10:05:00-04:00,ORB close above 30m high,15094.0,5,150940.0,,,,,,,,
109,Exit long,2021-09-22 11:00:00-04:00,target,15141.3,5,150940.0,466.8,0.3093,490.0,0.3246,105.0,0.0696,-473.3,-0.4733
110,Entry long,2021-09-23 10:05:00-04:00,ORB close above 30m high,15319.0,5,153190.0,,,,,,,,
110,Exit long,2021-09-23 14:00:00-04:00,time,15344.75,5,153190.0,251.3,0.164,277.5,0.1811,532.5,0.3476,-222.0,-0.222
111,Entry long,2021-09-24 10:05:00-04:00,ORB close above 30m high,15257.25,5,152572.5,,,,,,,,
111,Exit long,2021-09-24 14:00:00-04:00,time,15261.25,5,152572.5,33.8,0.0222,387.5,0.254,522.5,0.3425,-188.2,-0.1882
112,Entry long,2021-09-27 11:05:00-04:00,ORB close above 30m high,15221.5,5,152215.0,,,,,,,,
112,Exit long,2021-09-27 14:00:00-04:00,time,15199.75,5,152215.0,-223.7,-0.147,15.0,0.0099,1015.0,0.6668,-411.9,-0.4119
113,Entry long,2021-10-01 13:50:00-04:00,ORB close above 30m high,14740.5,5,147405.0,,,,,,,,
113,Exit long,2021-10-01 14:00:00-04:00,time,14717.75,5,147405.0,-233.7,-0.1585,12.5,0.0085,285.0,0.1933,-645.6,-0.6456
114,Entry long,2021-10-05 10:05:00-04:00,ORB close above 30m high,14606.5,5,146065.0,,,,,,,,
114,Exit long,2021-10-05 10:50:00-04:00,target,14672.25,5,146065.0,651.3,0.4459,682.5,0.4673,135.0,0.0924,5.7,0.0057
115,Entry long,2021-10-06 10:25:00-04:00,ORB close above 30m high,14658.5,5,146585.0,,,,,,,,
115,Exit long,2021-10-06 14:00:00-04:00,time,14691.5,5,146585.0,323.8,0.2209,510.0,0.3479,910.0,0.6208,329.5,0.3295
116,Entry long,2021-10-07 10:05:00-04:00,ORB close above 30m high,14971.25,5,149712.5,,,,,,,,
116,Exit long,2021-10-07 14:00:00-04:00,time,14962.25,5,149712.5,-96.2,-0.0643,300.0,0.2004,345.0,0.2304,233.3,0.2333
117,Entry long,2021-10-11 10:05:00-04:00,ORB close above 30m high,14868.0,5,148680.0,,,,,,,,
117,Exit long,2021-10-11 14:00:00-04:00,time,14782.25,5,148680.0,-863.7,-0.5809,287.5,0.1934,1100.0,0.7398,-630.4,-0.6304
118,Entry long,2021-10-14 10:05:00-04:00,ORB close above 30m high,14973.5,5,149735.0,,,,,,,,
118,Exit long,2021-10-14 12:05:00-04:00,target,15023.05,5,149735.0,489.3,0.3268,545.0,0.364,80.0,0.0534,-141.1,-0.1411
119,Entry long,2021-10-15 11:00:00-04:00,ORB close above 30m high,15110.75,5,151107.5,,,,,,,,
119,Exit long,2021-10-15 14:00:00-04:00,time,15099.0,5,151107.5,-123.7,-0.0819,102.5,0.0678,522.5,0.3458,-264.8,-0.2648
120,Entry long,2021-10-18 10:10:00-04:00,ORB close above 30m high,15153.5,5,151535.0,,,,,,,,
120,Exit long,2021-10-18 11:50:00-04:00,target,15214.3,5,151535.0,601.8,0.3971,635.0,0.419,277.5,0.1831,337.0,0.337
121,Entry long,2021-10-19 10:30:00-04:00,ORB close above 30m high,15359.5,5,153595.0,,,,,,,,
121,Exit long,2021-10-19 12:55:00-04:00,target,15393.6,5,153595.0,334.8,0.218,355.0,0.2311,317.5,0.2067,671.8,0.6718
122,Entry long,2021-10-20 10:35:00-04:00,ORB close above 30m high,15445.25,5,154452.5,,,,,,,,
122,Exit long,2021-10-20 11:00:00-04:00,stop,15396.5,5,154452.5,-493.7,-0.3196,2.5,0.0016,620.0,0.4014,178.1,0.1781
123,Entry long,2021-10-21 10:10:00-04:00,ORB close above 30m high,15399.75,5,153997.5,,,,,,,,
123,Exit long,2021-10-21 10:45:00-04:00,target,15438.8,5,153997.5,384.3,0.2495,412.5,0.2679,112.5,0.0731,562.4,0.5624
124,Entry long,2021-10-22 10:30:00-04:00,ORB close above 30m high,15463.0,5,154630.0,,,,,,,,
124,Exit long,2021-10-22 11:15:00-04:00,stop,15385.25,5,154630.0,-783.7,-0.5068,7.5,0.0049,1150.0,0.7437,-221.3,-0.2213
125,Entry long,2021-10-25 12:00:00-04:00,ORB close above 30m high,15436.75,5,154367.5,,,,,,,,
125,Exit long,2021-10-25 13:10:00-04:00,target,15505.2,5,154367.5,678.3,0.4394,700.0,0.4535,27.5,0.0178,457.0,0.457
126,Entry long,2021-10-26 10:15:00-04:00,ORB close above 30m high,15674.75,5,156747.5,,,,,,,,
126,Exit long,2021-10-26 12:00:00-04:00,stop,15580.0,5,156747.5,-953.7,-0.6084,262.5,0.1675,1052.5,0.6715,-496.7,-0.4967
127,Entry long,2021-10-27 10:55:00-04:00,ORB close above 30m high,15649.25,5,156492.5,,,,,,,,
127,Exit long,2021-10-27 13:20:00-04:00,target,15703.6,5,156492.5,537.3,0.3433,590.0,0.377,365.0,0.2332,40.6,0.0406
128,Entry long,2021-10-28 10:30:00-04:00,ORB close above 30m high,15699.25,5,156992.5,,,,,,,,
128,Exit long,2021-10-28 10:45:00-04:00,target,15737.1,5,156992.5,372.3,0.2371,480.0,0.3057,37.5,0.0239,412.9,0.4129
129,Entry long,2021-10-29 11:10:00-04:00,ORB close above 30m high,15708.25,5,157082.5,,,,,,,,
129,Exit long,2021-10-29 12:10:00-04:00,target,15763.35,5,157082.5,544.8,0.3468,570.0,0.3629,7.5,0.0048,957.7,0.9577
130,Entry long,2021-11-02 11:45:00-04:00,ORB close above 30m high,15972.0,5,159720.0,,,,,,,,
130,Exit long,2021-11-02 14:00:00-04:00,time,15937.75,5,159720.0,-348.7,-0.2183,82.5,0.0517,597.5,0.3741,609.0,0.609
131,Entry long,2021-11-04 10:05:00-04:00,ORB close above 30m high,16253.75,5,162537.5,,,,,,,,
131,Exit long,2021-11-04 10:30:00-04:00,target,16311.55,5,162537.5,571.8,0.3518,645.0,0.3968,97.5,0.06,1180.8,1.1808
132,Entry long,2021-11-10 10:05:00-05:00,ORB close above 30m high,16182.75,5,161827.5,,,,,,,,
132,Exit long,2021-11-10 13:15:00-05:00,stop,16041.25,5,161827.5,-1421.2,-0.8782,367.5,0.2271,1550.0,0.9578,-240.4,-0.2404
133,Entry long,2021-11-12 10:50:00-05:00,ORB close above 30m high,16087.25,5,160872.5,,,,,,,,
133,Exit long,2021-11-12 11:05:00-05:00,target,16138.3,5,160872.5,504.3,0.3135,595.0,0.3699,47.5,0.0295,263.9,0.2639
134,Entry long,2021-11-16 11:05:00-05:00,ORB close above 30m high,16255.5,5,162555.0,,,,,,,,
134,Exit long,2021-11-16 14:00:00-05:00,time,16311.75,5,162555.0,556.3,0.3422,677.5,0.4168,100.0,0.0615,820.2,0.8202
135,Entry long,2021-11-17 10:40:00-05:00,ORB close above 30m high,16345.0,5,163450.0,,,,,,,,
135,Exit long,2021-11-17 11:55:00-05:00,target,16389.9,5,163450.0,442.8,0.2709,457.5,0.2799,210.0,0.1285,1263.0,1.263
136,Entry long,2021-11-18 11:35:00-05:00,ORB close above 30m high,16430.5,5,164305.0,,,,,,,,
136,Exit long,2021-11-18 11:45:00-05:00,target,16476.45,5,164305.0,453.3,0.2759,485.0,0.2952,92.5,0.0563,1716.3,1.7163
137,Entry long,2021-11-19 11:40:00-05:00,ORB close above 30m high,16618.25,5,166182.5,,,,,,,,
137,Exit long,2021-11-19 14:00:00-05:00,time,16580.75,5,166182.5,-381.2,-0.2294,100.0,0.0602,845.0,0.5085,1335.1,1.3351
138,Entry long,2021-11-22 10:05:00-05:00,ORB close above 30m high,16744.75,5,167447.5,,,,,,,,
138,Exit long,2021-11-22 11:10:00-05:00,stop,16638.0,5,167447.5,-1073.7,-0.6412,227.5,0.1359,1072.5,0.6405,261.4,0.2614
139,Entry long,2021-11-24 10:05:00-05:00,ORB close above 30m high,16225.75,5,162257.5,,,,,,,,
139,Exit long,2021-11-24 11:20:00-05:00,target,16299.75,5,162257.5,733.8,0.4522,950.0,0.5855,687.5,0.4237,995.2,0.9952
140,Entry long,2021-11-29 11:35:00-05:00,ORB close above 30m high,16317.5,5,163175.0,,,,,,,,
140,Exit long,2021-11-29 12:15:00-05:00,target,16382.95,5,163175.0,648.3,0.3973,657.5,0.4029,57.5,0.0352,1643.5,1.6435
141,Entry long,2021-11-30 10:05:00-05:00,ORB close above 30m high,16422.25,5,164222.5,,,,,,,,
141,Exit long,2021-11-30 10:45:00-05:00,stop,16318.5,5,164222.5,-1043.7,-0.6355,342.5,0.2086,1612.5,0.9819,599.8,0.5998
142,Entry long,2021-12-01 10:10:00-05:00,ORB close above 30m high,16371.75,5,163717.5,,,,,,,,
142,Exit long,2021-12-01 12:55:00-05:00,stop,16270.5,5,163717.5,-1018.7,-0.6222,560.0,0.3421,1380.0,0.8429,-418.9,-0.4189
143,Entry long,2021-12-02 10:05:00-05:00,ORB close above 30m high,16018.75,5,160187.5,,,,,,,,
143,Exit long,2021-12-02 10:40:00-05:00,stop,15786.75,5,160187.5,-2326.2,-1.4522,12.5,0.0078,2467.5,1.5404,-2745.1,-2.7451
144,Entry long,2021-12-06 10:20:00-05:00,ORB close above 30m high,15763.25,5,157632.5,,,,,,,,
144,Exit long,2021-12-06 14:00:00-05:00,time,15871.25,5,157632.5,1073.8,0.6812,1310.0,0.831,1072.5,0.6804,-1671.3,-1.6713
145,Entry long,2021-12-07 10:10:00-05:00,ORB close above 30m high,16245.5,5,162455.0,,,,,,,,
145,Exit long,2021-12-07 12:35:00-05:00,target,16321.15,5,162455.0,750.3,0.4619,782.5,0.4817,142.5,0.0877,-921.0,-0.921
146,Entry long,2021-12-08 13:45:00-05:00,ORB close above 30m high,16368.75,5,163687.5,,,,,,,,
146,Exit long,2021-12-08 14:00:00-05:00,time,16356.0,5,163687.5,-133.7,-0.0817,102.5,0.0626,210.0,0.1283,-1054.7,-1.0547
147,Entry long,2021-12-17 10:50:00-05:00,ORB close above 30m high,15882.0,5,158820.0,,,,,,,,
147,Exit long,2021-12-17 14:00:00-05:00,time,15900.75,5,158820.0,181.3,0.1142,747.5,0.4707,1407.5,0.8862,-873.4,-0.8734
148,Entry long,2021-12-21 12:15:00-05:00,ORB close above 30m high,15813.25,5,158132.5,,,,,,,,
148,Exit long,2021-12-21 13:35:00-05:00,target,15903.0,5,158132.5,891.3,0.5636,1002.5,0.634,105.0,0.0664,17.9,0.0179
149,Entry long,2021-12-22 10:40:00-05:00,ORB close above 30m high,16066.0,5,160660.0,,,,,,,,
149,Exit long,2021-12-22 14:00:00-05:00,time,16065.75,5,160660.0,-8.7,-0.0054,747.5,0.4653,252.5,0.1572,9.2,0.0092
150,Entry long,2021-12-23 10:15:00-05:00,ORB close above 30m high,16258.75,5,162587.5,,,,,,,,
150,Exit long,2021-12-23 11:10:00-05:00,target,16307.85,5,162587.5,484.8,0.2982,562.5,0.346,135.0,0.083,494.0,0.494
151,Entry long,2021-12-27 10:05:00-05:00,ORB close above 30m high,16457.75,5,164577.5,,,,,,,,
151,Exit long,2021-12-27 10:35:00-05:00,target,16525.45,5,164577.5,670.8,0.4076,685.0,0.4162,65.0,0.0395,1164.8,1.1648
152,Entry long,2021-12-30 10:10:00-05:00,ORB close above 30m high,16538.0,5,165380.0,,,,,,,,
152,Exit long,2021-12-30 14:00:00-05:00,time,16534.0,5,165380.0,-46.2,-0.0279,295.0,0.1784,337.5,0.2041,1118.6,1.1186
153,Entry long,2022-01-06 11:15:00-05:00,ORB close above 30m high,15861.0,5,158610.0,,,,,,,,
153,Exit long,2022-01-06 14:00:00-05:00,time,15822.5,5,158610.0,-391.2,-0.2466,347.5,0.2191,915.0,0.5769,727.4,0.7274
154,Entry long,2022-01-10 13:55:00-05:00,ORB close above 30m high,15418.25,5,154182.5,,,,,,,,
154,Exit long,2022-01-10 14:00:00-05:00,time,15409.0,5,154182.5,-98.7,-0.064,345.0,0.2238,265.0,0.1719,628.7,0.6287
155,Entry long,2022-01-11 10:05:00-05:00,ORB close above 30m high,15621.0,5,156210.0,,,,,,,,
155,Exit long,2022-01-11 11:15:00-05:00,target,15708.65,5,156210.0,870.3,0.5571,1330.0,0.8514,1167.5,0.7474,1499.0,1.499
156,Entry long,2022-01-12 10:15:00-05:00,ORB close above 30m high,16003.5,5,160035.0,,,,,,,,
156,Exit long,2022-01-12 10:40:00-05:00,stop,15884.25,5,160035.0,-1198.7,-0.749,27.5,0.0172,1455.0,0.9092,300.3,0.3003
157,Entry long,2022-01-18 10:10:00-05:00,ORB close above 30m high,15408.25,5,154082.5,,,,,,,,
157,Exit long,2022-01-18 11:30:00-05:00,stop,15272.25,5,154082.5,-1366.2,-0.8867,267.5,0.1736,1537.5,0.9978,-1065.9,-1.0659
158,Entry long,2022-01-20 10:35:00-05:00,ORB close above 30m high,15302.75,5,153027.5,,,,,,,,
158,Exit long,2022-01-20 14:00:00-05:00,time,15179.0,5,153027.5,-1243.7,-0.8127,377.5,0.2467,1302.5,0.8512,-2309.6,-2.3096
159,Entry long,2022-01-21 11:25:00-05:00,ORB close above 30m high,14844.5,5,148445.0,,,,,,,,
159,Exit long,2022-01-21 12:20:00-05:00,stop,14630.5,5,148445.0,-2146.2,-1.4458,75.0,0.0505,2217.5,1.4938,-4455.8,-4.4558
160,Entry long,2022-01-26 10:05:00-05:00,ORB close above 30m high,14505.25,5,145052.5,,,,,,,,
160,Exit long,2022-01-26 10:40:00-05:00,stop,14349.75,5,145052.5,-1561.2,-1.0763,92.5,0.0638,1680.0,1.1582,-6017.0,-6.017
161,Entry long,2022-01-27 10:15:00-05:00,ORB close above 30m high,14401.25,5,144012.5,,,,,,,,
161,Exit long,2022-01-27 10:30:00-05:00,stop,14231.5,5,144012.5,-1703.7,-1.183,52.5,0.0365,1937.5,1.3454,-7720.7,-7.7207
162,Entry long,2022-01-28 10:55:00-05:00,ORB close above 30m high,14109.75,5,141097.5,,,,,,,,
162,Exit long,2022-01-28 11:25:00-05:00,target,14255.15,5,141097.5,1447.8,1.0261,1480.0,1.0489,267.5,0.1896,-6272.9,-6.2729
163,Entry long,2022-01-31 10:05:00-05:00,ORB close above 30m high,14650.0,5,146500.0,,,,,,,,
163,Exit long,2022-01-31 14:00:00-05:00,time,14774.75,5,146500.0,1241.3,0.8473,1370.0,0.9352,102.5,0.07,-5031.6,-5.0316
164,Entry long,2022-02-03 10:30:00-05:00,ORB close above 30m high,14822.5,5,148225.0,,,,,,,,
164,Exit long,2022-02-03 11:55:00-05:00,stop,14677.0,5,148225.0,-1461.2,-0.9858,205.0,0.1383,1587.5,1.071,-6492.8,-6.4928
165,Entry long,2022-02-04 10:05:00-05:00,ORB close above 30m high,14610.0,5,146100.0,,,,,,,,
165,Exit long,2022-02-04 13:20:00-05:00,target,14715.95,5,146100.0,1053.3,0.7209,1212.5,0.8299,1680.0,1.1499,-5439.5,-5.4395
166,Entry long,2022-02-08 10:50:00-05:00,ORB close above 30m high,14592.75,5,145927.5,,,,,,,,
166,Exit long,2022-02-08 11:00:00-05:00,target,14647.55,5,145927.5,541.8,0.3713,552.5,0.3786,115.0,0.0788,-4897.7,-4.8977
167,Entry long,2022-02-09 11:05:00-05:00,ORB close above 30m high,14964.0,5,149640.0,,,,,,,,
167,Exit long,2022-02-09 14:00:00-05:00,time,14982.25,5,149640.0,176.3,0.1178,350.0,0.2339,545.0,0.3642,-4721.4,-4.7214
168,Entry long,2022-02-10 10:05:00-05:00,ORB close above 30m high,14958.25,5,149582.5,,,,,,,,
168,Exit long,2022-02-10 13:35:00-05:00,stop,14735.0,5,149582.5,-2238.7,-1.4966,707.5,0.473,2297.5,1.5359,-6960.1,-6.9601
169,Entry long,2022-02-14 11:20:00-05:00,ORB close above 30m high,14338.0,5,143380.0,,,,,,,,
169,Exit long,2022-02-14 13:50:00-05:00,stop,14182.0,5,143380.0,-1566.2,-1.0923,560.0,0.3906,1737.5,1.2118,-8526.3,-8.5263
170,Entry long,2022-02-15 10:45:00-05:00,ORB close above 30m high,14540.25,5,145402.5,,,,,,,,
170,Exit long,2022-02-15 12:45:00-05:00,stop,14444.75,5,145402.5,-961.2,-0.6611,237.5,0.1633,1122.5,0.772,-9487.5,-9.4875
171,Entry long,2022-02-22 10:30:00-05:00,ORB close above 30m high,14105.5,5,141055.0,,,,,,,,
171,Exit long,2022-02-22 11:50:00-05:00,stop,13861.75,5,141055.0,-2443.7,-1.7324,32.5,0.023,2585.0,1.8326,-11931.2,-11.9312
172,Entry long,2022-02-24 10:15:00-05:00,ORB close above 30m high,13378.5,5,133785.0,,,,,,,,
172,Exit long,2022-02-24 13:35:00-05:00,target,13570.1,5,133785.0,1909.8,1.4275,2182.5,1.6313,705.0,0.527,-10021.4,-10.0214
173,Entry long,2022-02-25 10:45:00-05:00,ORB close above 30m high,14038.75,5,140387.5,,,,,,,,
173,Exit long,2022-02-25 11:50:00-05:00,target,14146.2,5,140387.5,1068.3,0.761,1105.0,0.7871,182.5,0.13,-8953.1,-8.9531
174,Entry long,2022-02-28 10:40:00-05:00,ORB close above 30m high,14181.0,5,141810.0,,,,,,,,
174,Exit long,2022-02-28 11:25:00-05:00,target,14273.15,5,141810.0,915.3,0.6454,965.0,0.6805,115.0,0.0811,-8037.8,-8.0378
175,Entry long,2022-03-02 11:10:00-05:00,ORB close above 30m high,14159.0,5,141590.0,,,,,,,,
175,Exit long,2022-03-02 13:10:00-05:00,target,14247.7,5,141590.0,880.8,0.6221,1012.5,0.7151,232.5,0.1642,-7157.0,-7.157
176,Entry long,2022-03-08 12:15:00-05:00,ORB close above 30m high,13458.75,5,134587.5,,,,,,,,
176,Exit long,2022-03-08 12:45:00-05:00,target,13600.85,5,134587.5,1414.8,1.0512,1605.0,1.1925,230.0,0.1709,-5742.2,-5.7422
177,Entry long,2022-03-09 10:25:00-05:00,ORB close above 30m high,13641.0,5,136410.0,,,,,,,,
177,Exit long,2022-03-09 12:35:00-05:00,target,13727.45,5,136410.0,858.3,0.6292,1090.0,0.7991,605.0,0.4435,-4883.9,-4.8839
178,Entry long,2022-03-10 10:20:00-05:00,ORB close above 30m high,13605.5,5,136055.0,,,,,,,,
178,Exit long,2022-03-10 10:30:00-05:00,stop,13487.0,5,136055.0,-1191.2,-0.8755,2.5,0.0018,1390.0,1.0216,-6075.1,-6.0751
179,Entry long,2022-03-14 10:15:00-04:00,ORB close above 30m high,13373.25,5,133732.5,,,,,,,,
179,Exit long,2022-03-14 11:40:00-04:00,stop,13204.75,5,133732.5,-1691.2,-1.2646,197.5,0.1477,1870.0,1.3983,-7766.3,-7.7663
180,Entry long,2022-03-15 10:05:00-04:00,ORB close above 30m high,13220.5,5,132205.0,,,,,,,,
180,Exit long,2022-03-15 10:30:00-04:00,target,13297.95,5,132205.0,768.3,0.5811,795.0,0.6013,565.0,0.4274,-6998.0,-6.998
181,Entry long,2022-03-16 10:15:00-04:00,ORB close above 30m high,13750.75,5,137507.5,,,,,,,,
181,Exit long,2022-03-16 10:25:00-04:00,target,13833.75,5,137507.5,823.8,0.5991,855.0,0.6218,22.5,0.0164,-6174.2,-6.1742
182,Entry long,2022-03-17 10:05:00-04:00,ORB close above 30m high,13991.25,5,139912.5,,,,,,,,
182,Exit long,2022-03-17 14:00:00-04:00,time,14070.0,5,139912.5,781.3,0.5584,1007.5,0.7201,1490.0,1.065,-5392.9,-5.3929
183,Entry long,2022-03-18 10:05:00-04:00,ORB close above 30m high,14179.75,5,141797.5,,,,,,,,
183,Exit long,2022-03-18 12:35:00-04:00,target,14290.2,5,141797.5,1098.3,0.7746,1170.0,0.8251,412.5,0.2909,-4294.6,-4.2946
184,Entry long,2022-03-22 10:05:00-04:00,ORB close above 30m high,14531.0,5,145310.0,,,,,,,,
184,Exit long,2022-03-22 10:40:00-04:00,target,14624.65,5,145310.0,930.3,0.6402,1017.5,0.7002,125.0,0.086,-3364.3,-3.3643
185,Entry long,2022-03-23 10:15:00-04:00,ORB close above 30m high,14563.5,5,145635.0,,,,,,,,
185,Exit long,2022-03-23 11:20:00-04:00,target,14624.9,5,145635.0,607.8,0.4173,775.0,0.5322,357.5,0.2455,-2756.5,-2.7565
186,Entry long,2022-03-24 11:15:00-04:00,ORB close above 30m high,14563.5,5,145635.0,,,,,,,,
186,Exit long,2022-03-24 11:25:00-04:00,target,14619.95,5,145635.0,558.3,0.3834,667.5,0.4583,132.5,0.091,-2198.2,-2.1982
187,Entry long,2022-03-25 10:45:00-04:00,ORB close above 30m high,14792.5,5,147925.0,,,,,,,,
187,Exit long,2022-03-25 11:00:00-04:00,stop,14707.75,5,147925.0,-853.7,-0.5771,150.0,0.1014,915.0,0.6186,-3051.9,-3.0519
188,Entry long,2022-03-30 10:15:00-04:00,ORB close above 30m high,15219.5,5,152195.0,,,,,,,,
188,Exit long,2022-03-30 11:00:00-04:00,stop,15141.25,5,152195.0,-788.7,-0.5182,155.0,0.1018,857.5,0.5634,-3840.6,-3.8406
189,Entry long,2022-04-04 10:40:00-04:00,ORB close above 30m high,15062.0,5,150620.0,,,,,,,,
189,Exit long,2022-04-04 14:00:00-04:00,time,15119.0,5,150620.0,563.8,0.3743,690.0,0.4581,337.5,0.2241,-3276.8,-3.2768
190,Entry long,2022-04-08 11:05:00-04:00,ORB close above 30m high,14477.75,5,144777.5,,,,,,,,
190,Exit long,2022-04-08 14:00:00-04:00,time,14391.25,5,144777.5,-871.2,-0.6018,202.5,0.1399,1032.5,0.7132,-4148.0,-4.148
191,Entry long,2022-04-13 10:20:00-04:00,ORB close above 30m high,14081.5,5,140815.0,,,,,,,,
191,Exit long,2022-04-13 12:20:00-04:00,target,14177.25,5,140815.0,951.3,0.6756,960.0,0.6817,392.5,0.2787,-3196.7,-3.1967
192,Entry long,2022-04-18 10:15:00-04:00,ORB close above 30m high,13945.75,5,139457.5,,,,,,,,
192,Exit long,2022-04-18 12:10:00-04:00,stop,13826.75,5,139457.5,-1196.2,-0.8578,565.0,0.4051,1305.0,0.9358,-4392.9,-4.3929
193,Entry long,2022-04-19 10:05:00-04:00,ORB close above 30m high,14023.0,5,140230.0,,,,,,,,
193,Exit long,2022-04-19 10:40:00-04:00,target,14136.3,5,140230.0,1126.8,0.8035,1207.5,0.8611,105.0,0.0749,-3266.1,-3.2661
194,Entry long,2022-04-25 10:30:00-04:00,ORB close above 30m high,13392.75,5,133927.5,,,,,,,,
194,Exit long,2022-04-25 14:00:00-04:00,time,13351.75,5,133927.5,-416.2,-0.3108,737.5,0.5507,1522.5,1.1368,-3682.3,-3.6823
195,Entry long,2022-04-28 12:40:00-04:00,ORB close above 30m high,13292.0,5,132920.0,,,,,,,,
195,Exit long,2022-04-28 13:10:00-04:00,target,13409.65,5,132920.0,1170.3,0.8805,1337.5,1.0062,5.0,0.0038,-2512.0,-2.512
196,Entry long,2022-05-02 10:30:00-04:00,ORB close above 30m high,12983.0,5,129830.0,,,,,,,,
196,Exit long,2022-05-02 13:45:00-04:00,stop,12742.25,5,129830.0,-2413.7,-1.8591,612.5,0.4718,2422.5,1.8659,-4925.7,-4.9257
197,Entry long,2022-05-03 10:05:00-04:00,ORB close above 30m high,13139.75,5,131397.5,,,,,,,,
197,Exit long,2022-05-03 14:00:00-04:00,time,13137.5,5,131397.5,-28.7,-0.0218,442.5,0.3368,1630.0,1.2405,-4954.4,-4.9544
198,Entry long,2022-05-04 13:05:00-04:00,ORB close above 30m high,13121.0,5,131210.0,,,,,,,,
198,Exit long,2022-05-04 14:00:00-04:00,time,13141.75,5,131210.0,201.3,0.1534,1105.0,0.8422,717.5,0.5468,-4753.1,-4.7531
199,Entry long,2022-05-06 10:50:00-04:00,ORB close above 30m high,12807.0,5,128070.0,,,,,,,,
199,Exit long,2022-05-06 14:00:00-04:00,time,12685.0,5,128070.0,-1226.2,-0.9574,1222.5,0.9546,1395.0,1.0892,-5979.3,-5.9793
200,Entry long,2022-05-12 10:10:00-04:00,ORB close above 30m high,11910.0,5,119100.0,,,,,,,,
200,Exit long,2022-05-12 10:20:00-04:00,target,12040.1,5,119100.0,1294.8,1.0872,1365.0,1.1461,125.0,0.105,-4684.5,-4.6845
201,Entry long,2022-05-13 10:05:00-04:00,ORB close above 30m high,12288.0,5,122880.0,,,,,,,,
201,Exit long,2022-05-13 12:10:00-04:00,target,12421.7,5,122880.0,1330.8,1.083,1425.0,1.1597,300.0,0.2441,-3353.7,-3.3537
202,Entry long,2022-05-16 10:30:00-04:00,ORB close above 30m high,12366.5,5,123665.0,,,,,,,,
202,Exit long,2022-05-16 10:55:00-04:00,stop,12214.75,5,123665.0,-1523.7,-1.2321,67.5,0.0546,1602.5,1.2958,-4877.4,-4.8774
203,Entry long,2022-05-19 11:25:00-04:00,ORB close above 30m high,11979.25,5,119792.5,,,,,,,,
203,Exit long,2022-05-19 14:00:00-04:00,time,11974.75,5,119792.5,-51.2,-0.0427,977.5,0.816,1282.5,1.0706,-4928.6,-4.9286
204,Entry long,2022-05-23 11:35:00-04:00,ORB close above 30m high,12001.25,5,120012.5,,,,,,,,
204,Exit long,2022-05-23 14:00:00-04:00,time,12002.5,5,120012.5,6.3,0.0052,507.5,0.4229,845.0,0.7041,-4922.3,-4.9223
205,Entry long,2022-05-25 10:30:00-04:00,ORB close above 30m high,11889.75,5,118897.5,,,,,,,,
205,Exit long,2022-05-25 14:00:00-04:00,time,11852.0,5,118897.5,-383.7,-0.3227,397.5,0.3343,1012.5,0.8516,-5306.0,-5.306
206,Entry long,2022-05-26 10:15:00-04:00,ORB close above 30m high,12161.75,5,121617.5,,,,,,,,
206,Exit long,2022-05-26 12:55:00-04:00,target,12319.15,5,121617.5,1567.8,1.2891,1585.0,1.3033,352.5,0.2898,-3738.2,-3.7382
207,Entry long,2022-05-27 10:05:00-04:00,ORB close above 30m high,12533.25,5,125332.5,,,,,,,,
207,Exit long,2022-05-27 12:10:00-04:00,target,12611.9,5,125332.5,780.3,0.6226,790.0,0.6303,255.0,0.2035,-2957.9,-2.9579
208,Entry long,2022-05-30 10:50:00-04:00,ORB close above 30m high,12792.25,5,127922.5,,,,,,,,
208,Exit long,2022-05-30 12:25:00-04:00,target,12819.75,5,127922.5,268.8,0.2101,337.5,0.2638,217.5,0.17,-2689.1,-2.6891
209,Entry long,2022-05-31 11:55:00-04:00,ORB close above 30m high,12698.0,5,126980.0,,,,,,,,
209,Exit long,2022-05-31 14:00:00-04:00,time,12757.75,5,126980.0,591.3,0.4657,695.0,0.5473,392.5,0.3091,-2097.8,-2.0978
210,Entry long,2022-06-02 10:15:00-04:00,ORB close above 30m high,12618.0,5,126180.0,,,,,,,,
210,Exit long,2022-06-02 11:50:00-04:00,target,12723.2,5,126180.0,1045.8,0.8288,1135.0,0.8995,1205.0,0.955,-1052.0,-1.052
211,Entry long,2022-06-06 10:05:00-04:00,ORB close above 30m high,12789.5,5,127895.0,,,,,,,,
211,Exit long,2022-06-06 11:15:00-04:00,stop,12673.0,5,127895.0,-1171.2,-0.9158,210.0,0.1642,1530.0,1.1963,-2223.2,-2.2232
212,Entry long,2022-06-07 10:30:00-04:00,ORB close above 30m high,12591.25,5,125912.5,,,,,,,,
212,Exit long,2022-06-07 10:45:00-04:00,target,12698.55,5,125912.5,1066.8,0.8473,1147.5,0.9113,85.0,0.0675,-1156.4,-1.1564
213,Entry long,2022-06-09 10:40:00-04:00,ORB close above 30m high,12660.0,5,126600.0,,,,,,,,
213,Exit long,2022-06-09 13:40:00-04:00,stop,12506.0,5,126600.0,-1546.2,-1.2213,40.0,0.0316,1570.0,1.2401,-2702.6,-2.7026
214,Entry long,2022-06-15 10:10:00-04:00,ORB close above 30m high,11556.25,5,115562.5,,,,,,,,
214,Exit long,2022-06-15 14:00:00-04:00,time,11573.25,5,115562.5,163.8,0.1417,875.0,0.7572,1115.0,0.9648,-2538.8,-2.5388
215,Entry long,2022-06-17 13:10:00-04:00,ORB close above 30m high,11364.75,5,113647.5,,,,,,,,
215,Exit long,2022-06-17 14:00:00-04:00,time,11342.75,5,113647.5,-226.2,-0.199,315.0,0.2772,562.5,0.495,-2765.0,-2.765
216,Entry long,2022-06-20 10:20:00-04:00,ORB close above 30m high,11377.5,5,113775.0,,,,,,,,
216,Exit long,2022-06-20 11:45:00-04:00,target,11403.95,5,113775.0,258.3,0.227,325.0,0.2857,87.5,0.0769,-2506.7,-2.5067
217,Entry long,2022-06-21 10:05:00-04:00,ORB close above 30m high,11646.75,5,116467.5,,,,,,,,
217,Exit long,2022-06-21 14:00:00-04:00,time,11603.0,5,116467.5,-443.7,-0.381,317.5,0.2726,620.0,0.5323,-2950.4,-2.9504
218,Entry long,2022-06-22 10:15:00-04:00,ORB close above 30m high,11629.75,5,116297.5,,,,,,,,
218,Exit long,2022-06-22 10:35:00-04:00,target,11739.45,5,116297.5,1090.8,0.9379,1167.5,1.0039,115.0,0.0989,-1859.6,-1.8596
219,Entry long,2022-06-23 10:45:00-04:00,ORB close above 30m high,11702.25,5,117022.5,,,,,,,,
219,Exit long,2022-06-23 14:00:00-04:00,time,11618.25,5,117022.5,-846.2,-0.7231,415.0,0.3546,1552.5,1.3267,-2705.8,-2.7058
220,Entry long,2022-06-24 10:05:00-04:00,ORB close above 30m high,12037.0,5,120370.0,,,,,,,,
220,Exit long,2022-06-24 14:00:00-04:00,time,12007.0,5,120370.0,-306.2,-0.2544,457.5,0.3801,677.5,0.5628,-3012.0,-3.012
221,Entry long,2022-06-29 10:05:00-04:00,ORB close above 30m high,11732.0,5,117320.0,,,,,,,,
221,Exit long,2022-06-29 14:00:00-04:00,time,11690.75,5,117320.0,-418.7,-0.3569,170.0,0.1449,1280.0,1.091,-3430.7,-3.4307
222,Entry long,2022-06-30 11:55:00-04:00,ORB close above 30m high,11592.5,5,115925.0,,,,,,,,
222,Exit long,2022-06-30 14:00:00-04:00,time,11644.0,5,115925.0,508.8,0.4389,927.5,0.8001,527.5,0.455,-2921.9,-2.9219
223,Entry long,2022-07-05 10:15:00-04:00,ORB close above 30m high,11507.5,5,115075.0,,,,,,,,
223,Exit long,2022-07-05 10:35:00-04:00,target,11578.5,5,115075.0,703.8,0.6116,885.0,0.7691,440.0,0.3824,-2218.1,-2.2181
224,Entry long,2022-07-07 10:55:00-04:00,ORB close above 30m high,12065.0,5,120650.0,,,,,,,,
224,Exit long,2022-07-07 14:00:00-04:00,time,12125.5,5,120650.0,598.8,0.4963,680.0,0.5636,377.5,0.3129,-1619.3,-1.6193
225,Entry long,2022-07-08 10:30:00-04:00,ORB close above 30m high,12117.75,5,121177.5,,,,,,,,
225,Exit long,2022-07-08 11:25:00-04:00,target,12201.05,5,121177.5,826.8,0.6823,932.5,0.7695,65.0,0.0536,-792.5,-0.7925
226,Entry long,2022-07-13 10:35:00-04:00,ORB close above 30m high,11710.0,5,117100.0,,,,,,,,
226,Exit long,2022-07-13 10:50:00-04:00,target,11822.25,5,117100.0,1116.3,0.9533,1222.5,1.044,142.5,0.1217,323.8,0.3238
227,Entry long,2022-07-14 11:45:00-04:00,ORB close above 30m high,11697.0,5,116970.0,,,,,,,,
227,Exit long,2022-07-14 14:00:00-04:00,time,11726.5,5,116970.0,288.8,0.2469,480.0,0.4104,760.0,0.6497,612.6,0.6126
228,Entry long,2022-07-15 11:15:00-04:00,ORB close above 30m high,11987.0,5,119870.0,,,,,,,,
228,Exit long,2022-07-15 14:00:00-04:00,time,11980.25,5,119870.0,-73.7,-0.0615,130.0,0.1085,580.0,0.4839,538.9,0.5389
229,Entry long,2022-07-19 10:30:00-04:00,ORB close above 30m high,12086.0,5,120860.0,,,,,,,,
229,Exit long,2022-07-19 10:50:00-04:00,target,12141.85,5,120860.0,552.3,0.457,597.5,0.4944,90.0,0.0745,1091.2,1.0912
230,Entry long,2022-07-20 10:25:00-04:00,ORB close above 30m high,12358.5,5,123585.0,,,,,,,,
230,Exit long,2022-07-20 10:30:00-04:00,target,12419.75,5,123585.0,606.3,0.4906,685.0,0.5543,57.5,0.0465,1697.5,1.6975
231,Entry long,2022-07-21 11:35:00-04:00,ORB close above 30m high,12536.75,5,125367.5,,,,,,,,
231,Exit long,2022-07-21 12:30:00-04:00,target,12612.1,5,125367.5,747.3,0.5961,842.5,0.672,295.0,0.2353,2444.8,2.4448
232,Entry long,2022-07-27 10:15:00-04:00,ORB close above 30m high,12416.25,5,124162.5,,,,,,,,
232,Exit long,2022-07-27 14:00:00-04:00,time,12436.75,5,124162.5,198.8,0.1601,727.5,0.5859,285.0,0.2295,2643.6,2.6436
233,Entry long,2022-07-28 11:30:00-04:00,ORB close above 30m high,12665.75,5,126657.5,,,,,,,,
233,Exit long,2022-07-28 14:00:00-04:00,time,12729.0,5,126657.5,626.3,0.4945,727.5,0.5744,422.5,0.3336,3269.9,3.2699
234,Entry long,2022-07-29 10:05:00-04:00,ORB close above 30m high,12895.75,5,128957.5,,,,,,,,
234,Exit long,2022-07-29 14:00:00-04:00,time,12925.0,5,128957.5,286.3,0.222,427.5,0.3315,1095.0,0.8491,3556.2,3.5562
235,Entry long,2022-08-01 10:10:00-04:00,ORB close above 30m high,13043.25,5,130432.5,,,,,,,,
235,Exit long,2022-08-01 14:00:00-04:00,time,12933.0,5,130432.5,-1108.7,-0.85,652.5,0.5003,1457.5,1.1174,2447.5,2.4475
236,Entry long,2022-08-02 10:55:00-04:00,ORB close above 30m high,12998.0,5,129980.0,,,,,,,,
236,Exit long,2022-08-02 12:35:00-04:00,target,13084.75,5,129980.0,861.3,0.6626,885.0,0.6809,767.5,0.5905,3308.8,3.3088
237,Entry long,2022-08-03 10:05:00-04:00,ORB close above 30m high,13146.0,5,131460.0,,,,,,,,
237,Exit long,2022-08-03 12:30:00-04:00,target,13239.8,5,131460.0,931.8,0.7088,955.0,0.7265,852.5,0.6485,4240.6,4.2406
238,Entry long,2022-08-05 10:05:00-04:00,ORB close above 30m high,13228.25,5,132282.5,,,,,,,,
238,Exit long,2022-08-05 10:20:00-04:00,target,13296.4,5,132282.5,675.3,0.5105,817.5,0.618,167.5,0.1266,4915.9,4.9159
239,Entry long,2022-08-10 11:05:00-04:00,ORB close above 30m high,13368.75,5,133687.5,,,,,,,,
239,Exit long,2022-08-10 14:00:00-04:00,time,13370.75,5,133687.5,13.8,0.0103,207.5,0.1552,525.0,0.3927,4929.7,4.9297
240,Entry long,2022-08-11 10:05:00-04:00,ORB close above 30m high,13527.25,5,135272.5,,,,,,,,
240,Exit long,2022-08-11 10:15:00-04:00,target,13569.75,5,135272.5,418.8,0.3096,485.0,0.3585,15.0,0.0111,5348.5,5.3485
241,Entry long,2022-08-12 10:20:00-04:00,ORB close above 30m high,13458.5,5,134585.0,,,,,,,,
241,Exit long,2022-08-12 14:00:00-04:00,time,13504.25,5,134585.0,451.3,0.3353,540.0,0.4012,732.5,0.5443,5799.8,5.7998
242,Entry long,2022-08-15 11:45:00-04:00,ORB close above 30m high,13636.75,5,136367.5,,,,,,,,
242,Exit long,2022-08-15 14:00:00-04:00,time,13661.0,5,136367.5,236.3,0.1733,407.5,0.2988,10.0,0.0073,6036.1,6.0361
243,Entry long,2022-08-16 11:55:00-04:00,ORB close above 30m high,13672.5,5,136725.0,,,,,,,,
243,Exit long,2022-08-16 14:00:00-04:00,time,13698.25,5,136725.0,251.3,0.1838,432.5,0.3163,412.5,0.3017,6287.4,6.2874
244,Entry long,2022-08-18 10:45:00-04:00,ORB close above 30m high,13507.0,5,135070.0,,,,,,,,
244,Exit long,2022-08-18 11:20:00-04:00,target,13549.35,5,135070.0,417.3,0.309,462.5,0.3424,205.0,0.1518,6704.7,6.7047
245,Entry long,2022-08-23 10:10:00-04:00,ORB close above 30m high,12994.5,5,129945.0,,,,,,,,
245,Exit long,2022-08-23 14:00:00-04:00,time,12919.75,5,129945.0,-753.7,-0.58,245.0,0.1885,1197.5,0.9215,5951.0,5.951
246,Entry long,2022-08-24 10:20:00-04:00,ORB close above 30m high,12941.5,5,129415.0,,,,,,,,
246,Exit long,2022-08-24 11:45:00-04:00,target,12994.8,5,129415.0,526.8,0.4071,557.5,0.4308,340.0,0.2627,6477.8,6.4778
247,Entry long,2022-08-25 10:05:00-04:00,ORB close above 30m high,13055.25,5,130552.5,,,,,,,,
247,Exit long,2022-08-25 10:40:00-04:00,target,13110.95,5,130552.5,550.8,0.4219,630.0,0.4826,142.5,0.1092,7028.6,7.0286
248,Entry long,2022-08-26 10:10:00-04:00,ORB close above 30m high,13177.75,5,131777.5,,,,,,,,
248,Exit long,2022-08-26 10:20:00-04:00,stop,13084.5,5,131777.5,-938.7,-0.7123,207.5,0.1575,1530.0,1.161,6089.9,6.0899
249,Entry long,2022-09-02 10:35:00-04:00,ORB close above 30m high,12432.25,5,124322.5,,,,,,,,
249,Exit long,2022-09-02 12:30:00-04:00,stop,12291.0,5,124322.5,-1418.7,-1.1411,297.5,0.2393,1572.5,1.2649,4671.2,4.6712
250,Entry long,2022-09-05 10:35:00-04:00,ORB close above 30m high,12154.25,5,121542.5,,,,,,,,
250,Exit long,2022-09-05 18:00:00-04:00,time,12134.75,5,121542.5,-201.2,-0.1655,130.0,0.107,392.5,0.3229,4470.0,4.47
251,Entry long,2022-09-07 11:15:00-04:00,ORB close above 30m high,12140.75,5,121407.5,,,,,,,,
251,Exit long,2022-09-07 13:40:00-04:00,target,12203.5,5,121407.5,621.3,0.5117,722.5,0.5951,397.5,0.3274,5091.3,5.0913
252,Entry long,2022-09-08 10:35:00-04:00,ORB close above 30m high,12275.25,5,122752.5,,,,,,,,
252,Exit long,2022-09-08 11:05:00-04:00,target,12369.95,5,122752.5,940.8,0.7664,977.5,0.7963,130.0,0.1059,6032.1,6.0321
253,Entry long,2022-09-09 10:05:00-04:00,ORB close above 30m high,12524.5,5,125245.0,,,,,,,,
253,Exit long,2022-09-09 13:15:00-04:00,target,12589.5,5,125245.0,643.8,0.514,720.0,0.5749,372.5,0.2974,6675.9,6.6759
254,Entry long,2022-09-12 10:10:00-04:00,ORB close above 30m high,12743.25,5,127432.5,,,,,,,,
254,Exit long,2022-09-12 12:10:00-04:00,stop,12640.75,5,127432.5,-1031.2,-0.8092,127.5,0.1001,1057.5,0.8299,5644.7,5.6447
255,Entry long,2022-09-14 10:55:00-04:00,ORB close above 30m high,12224.25,5,122242.5,,,,,,,,
255,Exit long,2022-09-14 14:00:00-04:00,time,12148.0,5,122242.5,-768.7,-0.6288,285.0,0.2331,947.5,0.7751,4876.0,4.876
256,Entry long,2022-09-16 10:35:00-04:00,ORB close above 30m high,11898.75,5,118987.5,,,,,,,,
256,Exit long,2022-09-16 12:25:00-04:00,stop,11781.5,5,118987.5,-1178.7,-0.9906,165.0,0.1387,1207.5,1.0148,3697.3,3.6973
257,Entry long,2022-09-19 10:40:00-04:00,ORB close above 30m high,11946.25,5,119462.5,,,,,,,,
257,Exit long,2022-09-19 14:00:00-04:00,time,11918.0,5,119462.5,-288.7,-0.2417,325.0,0.2721,980.0,0.8203,3408.6,3.4086
258,Entry long,2022-09-20 10:55:00-04:00,ORB close above 30m high,11953.5,5,119535.0,,,,,,,,
258,Exit long,2022-09-20 11:50:00-04:00,target,11993.45,5,119535.0,393.3,0.329,527.5,0.4413,130.0,0.1088,3801.9,3.8019
259,Entry long,2022-09-21 12:35:00-04:00,ORB close above 30m high,12004.75,5,120047.5,,,,,,,,
259,Exit long,2022-09-21 13:55:00-04:00,target,12044.4,5,120047.5,390.3,0.3251,612.5,0.5102,397.5,0.3311,4192.2,4.1922
260,Entry long,2022-09-26 10:20:00-04:00,ORB close above 30m high,11526.5,5,115265.0,,,,,,,,
260,Exit long,2022-09-26 12:25:00-04:00,stop,11342.25,5,115265.0,-1848.7,-1.6039,90.0,0.0781,2082.5,1.8067,2343.5,2.3435
261,Entry long,2022-09-28 10:25:00-04:00,ORB close above 30m high,11371.75,5,113717.5,,,,,,,,
261,Exit long,2022-09-28 11:20:00-04:00,target,11434.95,5,113717.5,625.8,0.5503,912.5,0.8024,125.0,0.1099,2969.3,2.9693
262,Entry long,2022-09-30 10:35:00-04:00,ORB close above 30m high,11299.5,5,112995.0,,,,,,,,
262,Exit long,2022-09-30 14:00:00-04:00,time,11160.5,5,112995.0,-1396.2,-1.2356,575.0,0.5089,1530.0,1.354,1573.1,1.5731
263,Entry long,2022-10-03 10:05:00-04:00,ORB close above 30m high,11157.5,5,111575.0,,,,,,,,
263,Exit long,2022-10-03 10:45:00-04:00,target,11227.75,5,111575.0,696.3,0.6241,730.0,0.6543,225.0,0.2017,2269.4,2.2694
264,Entry long,2022-10-04 10:05:00-04:00,ORB close above 30m high,11650.0,5,116500.0,,,,,,,,
264,Exit long,2022-10-04 14:00:00-04:00,time,11607.75,5,116500.0,-428.7,-0.368,262.5,0.2253,1260.0,1.0815,1840.7,1.8407
265,Entry long,2022-10-05 12:50:00-04:00,ORB close above 30m high,11560.75,5,115607.5,,,,,,,,
265,Exit long,2022-10-05 13:20:00-04:00,target,11618.4,5,115607.5,570.3,0.4933,652.5,0.5644,230.0,0.1989,2411.0,2.411
266,Entry long,2022-10-11 11:45:00-04:00,ORB close above 30m high,10972.0,5,109720.0,,,,,,,,
266,Exit long,2022-10-11 14:00:00-04:00,time,10974.0,5,109720.0,13.8,0.0126,677.5,0.6175,590.0,0.5377,2424.8,2.4248
267,Entry long,2022-10-13 10:05:00-04:00,ORB close above 30m high,10638.5,5,106385.0,,,,,,,,
267,Exit long,2022-10-13 11:05:00-04:00,target,10730.65,5,106385.0,915.3,0.8604,1400.0,1.316,375.0,0.3525,3340.1,3.3401
268,Entry long,2022-10-17 10:15:00-04:00,ORB close above 30m high,11127.5,5,111275.0,,,,,,,,
268,Exit long,2022-10-17 14:00:00-04:00,time,11128.25,5,111275.0,1.3,0.0012,180.0,0.1618,1050.0,0.9436,3341.4,3.3414
269,Entry long,2022-10-19 10:20:00-04:00,ORB close above 30m high,11224.25,5,112242.5,,,,,,,,
269,Exit long,2022-10-19 12:45:00-04:00,stop,11110.0,5,112242.5,-1148.7,-1.0234,602.5,0.5368,1150.0,1.0246,2192.7,2.1927
270,Entry long,2022-10-20 10:05:00-04:00,ORB close above 30m high,11245.5,5,112455.0,,,,,,,,
270,Exit long,2022-10-20 13:45:00-04:00,stop,11091.25,5,112455.0,-1548.7,-1.3772,835.0,0.7425,1600.0,1.4228,644.0,0.644
271,Entry long,2022-10-21 10:05:00-04:00,ORB close above 30m high,11165.0,5,111650.0,,,,,,,,
271,Exit long,2022-10-21 13:30:00-04:00,target,11266.9,5,111650.0,1012.8,0.9071,1032.5,0.9248,1140.0,1.021,1656.8,1.6568
272,Entry long,2022-10-24 12:20:00-04:00,ORB close above 30m high,11442.5,5,114425.0,,,,,,,,
272,Exit long,2022-10-24 14:00:00-04:00,time,11395.0,5,114425.0,-481.2,-0.4205,117.5,0.1027,692.5,0.6052,1175.6,1.1756
273,Entry long,2022-10-25 11:10:00-04:00,ORB close above 30m high,11671.0,5,116710.0,,,,,,,,
273,Exit long,2022-10-25 14:00:00-04:00,time,11647.0,5,116710.0,-246.2,-0.211,350.0,0.2999,560.0,0.4798,929.4,0.9294
274,Entry long,2022-10-26 10:10:00-04:00,ORB close above 30m high,11531.25,5,115312.5,,,,,,,,
274,Exit long,2022-10-26 10:35:00-04:00,target,11589.95,5,115312.5,580.8,0.5037,845.0,0.7328,167.5,0.1453,1510.2,1.5102
275,Entry long,2022-10-28 10:30:00-04:00,ORB close above 30m high,11381.0,5,113810.0,,,,,,,,
275,Exit long,2022-10-28 11:10:00-04:00,target,11485.6,5,113810.0,1039.8,0.9136,1160.0,1.0192,40.0,0.0351,2550.0,2.55
276,Entry long,2022-11-03 10:50:00-04:00,ORB close above 30m high,10873.75,5,108737.5,,,,,,,,
276,Exit long,2022-11-03 14:00:00-04:00,time,10778.25,5,108737.5,-961.2,-0.884,147.5,0.1356,1220.0,1.122,1588.8,1.5888
277,Entry long,2022-11-08 10:20:00-05:00,ORB close above 30m high,11087.75,5,110877.5,,,,,,,,
277,Exit long,2022-11-08 10:50:00-05:00,target,11136.25,5,110877.5,478.8,0.4318,502.5,0.4532,52.5,0.0473,2067.6,2.0676
278,Entry long,2022-11-10 11:15:00-05:00,ORB close above 30m high,11455.25,5,114552.5,,,,,,,,
278,Exit long,2022-11-10 14:00:00-05:00,time,11500.5,5,114552.5,446.3,0.3896,577.5,0.5041,330.0,0.2881,2513.9,2.5139
279,Entry long,2022-11-11 10:15:00-05:00,ORB close above 30m high,11712.5,5,117125.0,,,,,,,,
279,Exit long,2022-11-11 13:10:00-05:00,target,11798.05,5,117125.0,849.3,0.7251,947.5,0.809,737.5,0.6297,3363.2,3.3632
280,Entry long,2022-11-14 10:10:00-05:00,ORB close above 30m high,11789.0,5,117890.0,,,,,,,,
280,Exit long,2022-11-14 12:30:00-05:00,target,11840.95,5,117890.0,513.3,0.4354,527.5,0.4475,605.0,0.5132,3876.5,3.8765
281,Entry long,2022-11-17 10:20:00-05:00,ORB close above 30m high,11659.5,5,116595.0,,,,,,,,
281,Exit long,2022-11-17 12:50:00-05:00,target,11728.85,5,116595.0,687.3,0.5895,772.5,0.6625,615.0,0.5275,4563.8,4.5638
282,Entry long,2022-11-22 10:50:00-05:00,ORB close above 30m high,11642.25,5,116422.5,,,,,,,,
282,Exit long,2022-11-22 14:00:00-05:00,time,11698.25,5,116422.5,553.8,0.4757,647.5,0.5562,262.5,0.2255,5117.6,5.1176
283,Entry long,2022-11-23 10:15:00-05:00,ORB close above 30m high,11854.75,5,118547.5,,,,,,,,
283,Exit long,2022-11-23 12:55:00-05:00,stop,11744.5,5,118547.5,-1108.7,-0.9352,332.5,0.2805,1130.0,0.9532,4008.9,4.0089
284,Entry long,2022-11-24 11:00:00-05:00,ORB close above 30m high,11920.0,5,119200.0,,,,,,,,
284,Exit long,2022-11-24 18:00:00-05:00,time,11912.0,5,119200.0,-86.2,-0.0723,50.0,0.0419,100.0,0.0839,3922.7,3.9227
285,Entry long,2022-11-30 13:35:00-05:00,ORB close above 30m high,11609.75,5,116097.5,,,,,,,,
285,Exit long,2022-11-30 13:35:00-05:00,target,11664.1,5,116097.5,537.3,0.4628,990.0,0.8527,15.0,0.0129,4460.0,4.46
286,Entry long,2022-12-02 10:15:00-05:00,ORB close above 30m high,11943.0,5,119430.0,,,,,,,,
286,Exit long,2022-12-02 14:00:00-05:00,time,11936.25,5,119430.0,-73.7,-0.0617,367.5,0.3077,642.5,0.538,4386.3,4.3863
287,Entry long,2022-12-08 10:05:00-05:00,ORB close above 30m high,11611.0,5,116110.0,,,,,,,,
287,Exit long,2022-12-08 14:00:00-05:00,time,11649.0,5,116110.0,373.8,0.3219,745.0,0.6416,292.5,0.2519,4760.1,4.7601
288,Entry long,2022-12-09 10:40:00-05:00,ORB close above 30m high,11669.0,5,116690.0,,,,,,,,
288,Exit long,2022-12-09 14:00:00-05:00,time,11661.5,5,116690.0,-81.2,-0.0696,495.0,0.4242,402.5,0.3449,4678.9,4.6789
289,Entry long,2022-12-14 10:05:00-05:00,ORB close above 30m high,12016.75,5,120167.5,,,,,,,,
289,Exit long,2022-12-14 13:55:00-05:00,target,12068.55,5,120167.5,511.8,0.4259,527.5,0.439,410.0,0.3412,5190.7,5.1907
290,Entry long,2022-12-20 10:05:00-05:00,ORB close above 30m high,11179.0,5,111790.0,,,,,,,,
290,Exit long,2022-12-20 10:30:00-05:00,target,11246.4,5,111790.0,667.8,0.5974,682.5,0.6105,210.0,0.1879,5858.5,5.8585
291,Entry long,2022-12-21 10:10:00-05:00,ORB close above 30m high,11289.5,5,112895.0,,,,,,,,
291,Exit long,2022-12-21 11:00:00-05:00,target,11354.35,5,112895.0,642.3,0.5689,815.0,0.7219,125.0,0.1107,6500.8,6.5008
292,Entry long,2022-12-23 10:35:00-05:00,ORB close above 30m high,11071.0,5,110710.0,,,,,,,,
292,Exit long,2022-12-23 14:00:00-05:00,time,11038.25,5,110710.0,-333.7,-0.3014,322.5,0.2913,957.5,0.8649,6167.1,6.1671
293,Entry long,2022-12-29 10:15:00-05:00,ORB close above 30m high,10987.75,5,109877.5,,,,,,,,
293,Exit long,2022-12-29 11:50:00-05:00,target,11066.25,5,109877.5,778.8,0.7088,837.5,0.7622,5.0,0.0046,6945.9,6.9459
294,Entry long,2022-12-30 10:50:00-05:00,ORB close above 30m high,10966.5,5,109665.0,,,,,,,,
294,Exit long,2022-12-30 14:00:00-05:00,time,10906.75,5,109665.0,-603.7,-0.5505,0.0,0.0,917.5,0.8366,6342.2,6.3422
295,Entry long,2023-01-04 11:40:00-05:00,ORB close above 30m high,11057.75,5,110577.5,,,,,,,,
295,Exit long,2023-01-04 14:00:00-05:00,time,11001.0,5,110577.5,-573.7,-0.5188,102.5,0.0927,1175.0,1.0626,5768.5,5.7685
296,Entry long,2023-01-06 10:40:00-05:00,ORB close above 30m high,10954.75,5,109547.5,,,,,,,,
296,Exit long,2023-01-06 13:40:00-05:00,target,11067.45,5,109547.5,1120.8,1.0231,1197.5,1.0931,177.5,0.162,6889.3,6.8893
297,Entry long,2023-01-09 10:05:00-05:00,ORB close above 30m high,11323.5,5,113235.0,,,,,,,,
297,Exit long,2023-01-09 14:00:00-05:00,time,11282.5,5,113235.0,-416.2,-0.3676,620.0,0.5475,630.0,0.5564,6473.1,6.4731
298,Entry long,2023-01-10 10:15:00-05:00,ORB close above 30m high,11256.5,5,112565.0,,,,,,,,
298,Exit long,2023-01-10 10:40:00-05:00,stop,11137.5,5,112565.0,-1196.2,-1.0627,267.5,0.2376,1310.0,1.1638,5276.9,5.2769
299,Entry long,2023-01-11 10:25:00-05:00,ORB close above 30m high,11372.0,5,113720.0,,,,,,,,
299,Exit long,2023-01-11 13:00:00-05:00,target,11420.5,5,113720.0,478.8,0.421,502.5,0.4419,587.5,0.5166,5755.7,5.7557
300,Entry long,2023-01-12 12:20:00-05:00,ORB close above 30m high,11522.5,5,115225.0,,,,,,,,
300,Exit long,2023-01-12 14:00:00-05:00,time,11565.0,5,115225.0,418.8,0.3635,527.5,0.4578,705.0,0.6118,6174.5,6.1745
301,Entry long,2023-01-13 10:10:00-05:00,ORB close above 30m high,11483.25,5,114832.5,,,,,,,,
301,Exit long,2023-01-13 10:30:00-05:00,target,11527.85,5,114832.5,439.8,0.383,450.0,0.3919,17.5,0.0152,6614.3,6.6143
302,Entry long,2023-01-17 10:05:00-05:00,ORB close above 30m high,11663.0,5,116630.0,,,,,,,,
302,Exit long,2023-01-17 14:00:00-05:00,time,11645.0,5,116630.0,-186.2,-0.1597,220.0,0.1886,1080.0,0.926,6428.1,6.4281
303,Entry long,2023-01-18 10:05:00-05:00,ORB close above 30m high,11739.25,5,117392.5,,,,,,,,
303,Exit long,2023-01-18 10:35:00-05:00,stop,11672.0,5,117392.5,-678.7,-0.5781,202.5,0.1725,882.5,0.7518,5749.4,5.7494
304,Entry long,2023-01-20 10:10:00-05:00,ORB close above 30m high,11475.25,5,114752.5,,,,,,,,
304,Exit long,2023-01-20 11:25:00-05:00,target,11530.35,5,114752.5,544.8,0.4748,622.5,0.5425,245.0,0.2135,6294.2,6.2942
305,Entry long,2023-01-23 10:20:00-05:00,ORB close above 30m high,11827.0,5,118270.0,,,,,,,,
305,Exit long,2023-01-23 11:05:00-05:00,target,11919.9,5,118270.0,922.8,0.7802,1057.5,0.8941,87.5,0.074,7217.0,7.217
306,Entry long,2023-01-25 11:20:00-05:00,ORB close above 30m high,11729.75,5,117297.5,,,,,,,,
306,Exit long,2023-01-25 13:10:00-05:00,target,11794.0,5,117297.5,636.3,0.5425,662.5,0.5648,175.0,0.1492,7853.3,7.8533
307,Entry long,2023-01-27 10:05:00-05:00,ORB close above 30m high,12155.75,5,121557.5,,,,,,,,
307,Exit long,2023-01-27 12:15:00-05:00,target,12223.9,5,121557.5,675.3,0.5555,685.0,0.5635,632.5,0.5203,8528.6,8.5286
308,Entry long,2023-01-30 10:05:00-05:00,ORB close above 30m high,12136.0,5,121360.0,,,,,,,,
308,Exit long,2023-01-30 10:20:00-05:00,stop,12059.0,5,121360.0,-776.2,-0.6396,75.0,0.0618,800.0,0.6592,7752.4,7.7524
309,Entry long,2023-01-31 10:30:00-05:00,ORB close above 30m high,12059.5,5,120595.0,,,,,,,,
309,Exit long,2023-01-31 14:00:00-05:00,time,12094.75,5,120595.0,346.3,0.2872,427.5,0.3545,172.5,0.143,8098.7,8.0987
310,Entry long,2023-02-02 10:35:00-05:00,ORB close above 30m high,12790.5,5,127905.0,,,,,,,,
310,Exit long,2023-02-02 13:30:00-05:00,target,12863.15,5,127905.0,720.3,0.5632,885.0,0.6919,192.5,0.1505,8819.0,8.819
311,Entry long,2023-02-03 10:15:00-05:00,ORB close above 30m high,12756.0,5,127560.0,,,,,,,,
311,Exit long,2023-02-03 11:35:00-05:00,target,12874.4,5,127560.0,1177.8,0.9233,1217.5,0.9545,152.5,0.1196,9996.8,9.9968
312,Entry long,2023-02-06 10:05:00-05:00,ORB close above 30m high,12572.0,5,125720.0,,,,,,,,
312,Exit long,2023-02-06 10:20:00-05:00,stop,12501.75,5,125720.0,-708.7,-0.5637,202.5,0.1611,867.5,0.69,9288.1,9.2881
313,Entry long,2023-02-07 11:15:00-05:00,ORB close above 30m high,12555.5,5,125555.0,,,,,,,,
313,Exit long,2023-02-07 12:40:00-05:00,target,12595.45,5,125555.0,393.3,0.3132,725.0,0.5774,195.0,0.1553,9681.4,9.6814
314,Entry long,2023-02-10 10:20:00-05:00,ORB close above 30m high,12397.0,5,123970.0,,,,,,,,
314,Exit long,2023-02-10 10:50:00-05:00,stop,12311.5,5,123970.0,-861.2,-0.6947,247.5,0.1996,895.0,0.7219,8820.2,8.8202
315,Entry long,2023-02-13 10:50:00-05:00,ORB close above 30m high,12486.0,5,124860.0,,,,,,,,
315,Exit long,2023-02-13 13:30:00-05:00,target,12566.15,5,124860.0,795.3,0.637,807.5,0.6467,35.0,0.028,9615.5,9.6155
316,Entry long,2023-02-14 10:05:00-05:00,ORB close above 30m high,12631.25,5,126312.5,,,,,,,,
316,Exit long,2023-02-14 14:00:00-05:00,time,12583.5,5,126312.5,-483.7,-0.3829,420.0,0.3325,2137.5,1.6922,9131.8,9.1318
317,Entry long,2023-02-15 11:30:00-05:00,ORB close above 30m high,12632.75,5,126327.5,,,,,,,,
317,Exit long,2023-02-15 14:00:00-05:00,time,12682.0,5,126327.5,486.3,0.385,567.5,0.4492,270.0,0.2137,9618.1,9.6181
318,Entry long,2023-02-16 10:25:00-05:00,ORB close above 30m high,12605.0,5,126050.0,,,,,,,,
318,Exit long,2023-02-16 10:50:00-05:00,target,12669.85,5,126050.0,642.3,0.5096,655.0,0.5196,112.5,0.0893,10260.4,10.2604
319,Entry long,2023-02-27 10:05:00-05:00,ORB close above 30m high,12156.25,5,121562.5,,,,,,,,
319,Exit long,2023-02-27 10:05:00-05:00,target,12185.85,5,121562.5,289.8,0.2384,332.5,0.2735,12.5,0.0103,10550.2,10.5502
320,Entry long,2023-02-28 10:05:00-05:00,ORB close above 30m high,12113.75,5,121137.5,,,,,,,,
320,Exit long,2023-02-28 13:05:00-05:00,target,12157.0,5,121137.5,426.3,0.3519,472.5,0.3901,680.0,0.5613,10976.5,10.9765
321,Entry long,2023-03-02 10:05:00-05:00,ORB close above 30m high,11923.75,5,119237.5,,,,,,,,
321,Exit long,2023-03-02 13:35:00-05:00,target,11970.0,5,119237.5,456.3,0.3827,565.0,0.4738,515.0,0.4319,11432.8,11.4328
322,Entry long,2023-03-03 10:25:00-05:00,ORB close above 30m high,12207.25,5,122072.5,,,,,,,,
322,Exit long,2023-03-03 12:55:00-05:00,target,12264.75,5,122072.5,568.8,0.466,605.0,0.4956,367.5,0.3011,12001.6,12.0016
323,Entry long,2023-03-06 10:15:00-05:00,ORB close above 30m high,12409.25,5,124092.5,,,,,,,,
323,Exit long,2023-03-06 10:30:00-05:00,target,12446.2,5,124092.5,363.3,0.2928,385.0,0.3103,52.5,0.0423,12364.9,12.3649
324,Entry long,2023-03-08 10:35:00-05:00,ORB close above 30m high,12217.25,5,122172.5,,,,,,,,
324,Exit long,2023-03-08 13:25:00-05:00,stop,12154.75,5,122172.5,-631.2,-0.5166,372.5,0.3049,665.0,0.5443,11733.7,11.7337
325,Entry long,2023-03-09 10:05:00-05:00,ORB close above 30m high,12342.25,5,123422.5,,,,,,,,
325,Exit long,2023-03-09 12:45:00-05:00,stop,12230.0,5,123422.5,-1128.7,-0.9145,115.0,0.0932,1262.5,1.0229,10605.0,10.605
326,Entry long,2023-03-10 11:30:00-05:00,ORB close above 30m high,12045.25,5,120452.5,,,,,,,,
326,Exit long,2023-03-10 13:25:00-05:00,stop,11865.5,5,120452.5,-1803.7,-1.4974,342.5,0.2843,2062.5,1.7123,8801.3,8.8013
327,Entry long,2023-03-13 10:35:00-04:00,ORB close above 30m high,11929.75,5,119297.5,,,,,,,,
327,Exit long,2023-03-13 11:45:00-04:00,target,12064.35,5,119297.5,1339.8,1.1231,1352.5,1.1337,870.0,0.7293,10141.1,10.1411
328,Entry long,2023-03-14 10:25:00-04:00,ORB close above 30m high,12163.5,5,121635.0,,,,,,,,
328,Exit long,2023-03-14 11:30:00-04:00,target,12219.2,5,121635.0,550.8,0.4528,570.0,0.4686,72.5,0.0596,10691.9,10.6919
329,Entry long,2023-03-15 11:50:00-04:00,ORB close above 30m high,12299.25,5,122992.5,,,,,,,,
329,Exit long,2023-03-15 12:55:00-04:00,stop,12193.5,5,122992.5,-1063.7,-0.8648,20.0,0.0163,1172.5,0.9533,9628.2,9.6282
330,Entry long,2023-03-16 10:45:00-04:00,ORB close above 30m high,12444.25,5,124442.5,,,,,,,,
330,Exit long,2023-03-16 10:55:00-04:00,target,12522.15,5,124442.5,772.8,0.621,917.5,0.7373,35.0,0.0281,10401.0,10.401
331,Entry long,2023-03-17 10:05:00-04:00,ORB close above 30m high,12793.25,5,127932.5,,,,,,,,
331,Exit long,2023-03-17 10:25:00-04:00,stop,12690.75,5,127932.5,-1031.2,-0.8061,40.0,0.0313,1225.0,0.9575,9369.8,9.3698
332,Entry long,2023-03-20 10:50:00-04:00,ORB close above 30m high,12635.25,5,126352.5,,,,,,,,
332,Exit long,2023-03-20 14:00:00-04:00,time,12660.75,5,126352.5,248.8,0.1969,625.0,0.4946,697.5,0.552,9618.6,9.6186
333,Entry long,2023-03-22 10:25:00-04:00,ORB close above 30m high,12901.25,5,129012.5,,,,,,,,
333,Exit long,2023-03-22 10:25:00-04:00,target,12931.15,5,129012.5,292.8,0.227,367.5,0.2849,20.0,0.0155,9911.4,9.9114
334,Entry long,2023-03-23 10:10:00-04:00,ORB close above 30m high,12912.5,5,129125.0,,,,,,,,
334,Exit long,2023-03-23 10:25:00-04:00,target,12951.55,5,129125.0,384.3,0.2976,450.0,0.3485,22.5,0.0174,10295.7,10.2957
335,Entry long,2023-03-29 10:05:00-04:00,ORB close above 30m high,12928.5,5,129285.0,,,,,,,,
335,Exit long,2023-03-29 10:30:00-04:00,stop,12881.0,5,129285.0,-481.2,-0.3722,32.5,0.0251,510.0,0.3945,9814.5,9.8145
336,Entry long,2023-03-30 10:30:00-04:00,ORB close above 30m high,13093.5,5,130935.0,,,,,,,,
336,Exit long,2023-03-30 13:30:00-04:00,stop,13036.75,5,130935.0,-573.7,-0.4382,185.0,0.1413,610.0,0.4659,9240.8,9.2408
337,Entry long,2023-03-31 10:35:00-04:00,ORB close above 30m high,13168.25,5,131682.5,,,,,,,,
337,Exit long,2023-03-31 12:20:00-04:00,target,13222.15,5,131682.5,532.8,0.4046,557.5,0.4234,40.0,0.0304,9773.6,9.7736
338,Entry long,2023-04-03 10:25:00-04:00,ORB close above 30m high,13264.25,5,132642.5,,,,,,,,
338,Exit long,2023-04-03 10:50:00-04:00,stop,13197.5,5,132642.5,-673.7,-0.5079,27.5,0.0207,830.0,0.6257,9099.9,9.0999
339,Entry long,2023-04-04 10:05:00-04:00,ORB close above 30m high,13303.0,5,133030.0,,,,,,,,
339,Exit long,2023-04-04 11:05:00-04:00,stop,13229.75,5,133030.0,-738.7,-0.5553,237.5,0.1785,747.5,0.5619,8361.2,8.3612
340,Entry long,2023-04-06 10:10:00-04:00,ORB close above 30m high,13026.5,5,130265.0,,,,,,,,
340,Exit long,2023-04-06 11:15:00-04:00,target,13070.65,5,130265.0,435.3,0.3342,452.5,0.3474,190.0,0.1459,8796.5,8.7965
341,Entry long,2023-04-10 11:10:00-04:00,ORB close above 30m high,13052.75,5,130527.5,,,,,,,,
341,Exit long,2023-04-10 12:35:00-04:00,target,13103.65,5,130527.5,502.8,0.3852,545.0,0.4175,387.5,0.2969,9299.3,9.2993
342,Entry long,2023-04-13 10:10:00-04:00,ORB close above 30m high,13096.25,5,130962.5,,,,,,,,
342,Exit long,2023-04-13 11:55:00-04:00,target,13141.9,5,130962.5,450.3,0.3438,480.0,0.3665,65.0,0.0496,9749.6,9.7496
343,Entry long,2023-04-19 10:40:00-04:00,ORB close above 30m high,13136.0,5,131360.0,,,,,,,,
343,Exit long,2023-04-19 11:50:00-04:00,target,13170.4,5,131360.0,337.8,0.2572,360.0,0.2741,120.0,0.0914,10087.4,10.0874
344,Entry long,2023-04-20 10:10:00-04:00,ORB close above 30m high,13137.5,5,131375.0,,,,,,,,
344,Exit long,2023-04-20 13:10:00-04:00,target,13192.3,5,131375.0,541.8,0.4124,595.0,0.4529,457.5,0.3482,10629.2,10.6292
345,Entry long,2023-04-21 11:35:00-04:00,ORB close above 30m high,13078.5,5,130785.0,,,,,,,,
345,Exit long,2023-04-21 14:00:00-04:00,time,13100.5,5,130785.0,213.8,0.1635,390.0,0.2982,295.0,0.2256,10843.0,10.843
346,Entry long,2023-04-26 11:10:00-04:00,ORB close above 30m high,12970.0,5,129700.0,,,,,,,,
346,Exit long,2023-04-26 14:00:00-04:00,time,12921.5,5,129700.0,-491.2,-0.3787,425.0,0.3277,640.0,0.4934,10351.8,10.3518
347,Entry long,2023-04-27 10:15:00-04:00,ORB close above 30m high,13077.5,5,130775.0,,,,,,,,
347,Exit long,2023-04-27 10:40:00-04:00,target,13115.8,5,130775.0,376.8,0.2881,405.0,0.3097,85.0,0.065,10728.6,10.7286
348,Entry long,2023-04-28 10:15:00-04:00,ORB close above 30m high,13266.0,5,132660.0,,,,,,,,
348,Exit long,2023-04-28 14:00:00-04:00,time,13276.75,5,132660.0,101.3,0.0764,287.5,0.2167,822.5,0.62,10829.9,10.8299
349,Entry long,2023-05-01 12:35:00-04:00,ORB close above 30m high,13334.5,5,133345.0,,,,,,,,
349,Exit long,2023-05-01 14:00:00-04:00,time,13349.75,5,133345.0,146.3,0.1097,285.0,0.2137,85.0,0.0637,10976.2,10.9762
350,Entry long,2023-05-04 11:10:00-04:00,ORB close above 30m high,13089.75,5,130897.5,,,,,,,,
350,Exit long,2023-05-04 13:30:00-04:00,target,13127.3,5,130897.5,369.3,0.2821,402.5,0.3075,592.5,0.4526,11345.5,11.3455
351,Entry long,2023-05-05 10:05:00-04:00,ORB close above 30m high,13200.0,5,132000.0,,,,,,,,
351,Exit long,2023-05-05 10:30:00-04:00,target,13245.2,5,132000.0,445.8,0.3377,535.0,0.4053,47.5,0.036,11791.3,11.7913
352,Entry long,2023-05-08 11:55:00-04:00,ORB close above 30m high,13321.0,5,133210.0,,,,,,,,
352,Exit long,2023-05-08 14:00:00-04:00,time,13345.5,5,133210.0,238.8,0.1793,337.5,0.2534,137.5,0.1032,12030.1,12.0301
353,Entry long,2023-05-10 10:10:00-04:00,ORB close above 30m high,13424.0,5,134240.0,,,,,,,,
353,Exit long,2023-05-10 10:45:00-04:00,stop,13321.25,5,134240.0,-1033.7,-0.77,100.0,0.0745,1075.0,0.8008,10996.4,10.9964
354,Entry long,2023-05-11 11:30:00-04:00,ORB close above 30m high,13434.75,5,134347.5,,,,,,,,
354,Exit long,2023-05-11 14:00:00-04:00,time,13426.25,5,134347.5,-91.2,-0.0679,250.0,0.1861,412.5,0.307,10905.2,10.9052
355,Entry long,2023-05-15 11:25:00-04:00,ORB close above 30m high,13432.0,5,134320.0,,,,,,,,
355,Exit long,2023-05-15 13:10:00-04:00,target,13466.7,5,134320.0,340.8,0.2537,470.0,0.3499,140.0,0.1042,11246.0,11.246
356,Entry long,2023-05-16 11:00:00-04:00,ORB close above 30m high,13519.25,5,135192.5,,,,,,,,
356,Exit long,2023-05-16 14:00:00-04:00,time,13544.75,5,135192.5,248.8,0.184,350.0,0.2589,182.5,0.135,11494.8,11.4948
357,Entry long,2023-05-17 11:40:00-04:00,ORB close above 30m high,13540.75,5,135407.5,,,,,,,,
357,Exit long,2023-05-17 12:40:00-04:00,target,13579.95,5,135407.5,385.8,0.2849,457.5,0.3379,35.0,0.0258,11880.6,11.8806
358,Entry long,2023-05-18 10:10:00-04:00,ORB close above 30m high,13731.5,5,137315.0,,,,,,,,
358,Exit long,2023-05-18 10:30:00-04:00,target,13778.5,5,137315.0,463.8,0.3378,597.5,0.4351,62.5,0.0455,12344.4,12.3444
359,Entry long,2023-05-25 11:15:00-04:00,ORB close above 30m high,13976.5,5,139765.0,,,,,,,,
359,Exit long,2023-05-25 14:00:00-04:00,time,13990.75,5,139765.0,136.3,0.0975,550.0,0.3935,552.5,0.3953,12480.7,12.4807
360,Entry long,2023-05-26 10:05:00-04:00,ORB close above 30m high,14133.5,5,141335.0,,,,,,,,
360,Exit long,2023-05-26 10:30:00-04:00,target,14204.5,5,141335.0,703.8,0.498,807.5,0.5713,72.5,0.0513,13184.5,13.1845
361,Entry long,2023-05-29 10:25:00-04:00,ORB close above 30m high,14379.75,5,143797.5,,,,,,,,
361,Exit long,2023-05-29 10:45:00-04:00,target,14386.7,5,143797.5,63.3,0.044,82.5,0.0574,27.5,0.0191,13247.8,13.2478
362,Entry long,2023-06-01 10:05:00-04:00,ORB close above 30m high,14323.5,5,143235.0,,,,,,,,
362,Exit long,2023-06-01 10:45:00-04:00,target,14366.15,5,143235.0,420.3,0.2934,597.5,0.4171,507.5,0.3543,13668.1,13.6681
363,Entry long,2023-06-05 10:55:00-04:00,ORB close above 30m high,14657.25,5,146572.5,,,,,,,,
363,Exit long,2023-06-05 14:00:00-04:00,time,14632.5,5,146572.5,-253.7,-0.1731,380.0,0.2593,472.5,0.3224,13414.4,13.4144
364,Entry long,2023-06-06 10:25:00-04:00,ORB close above 30m high,14578.75,5,145787.5,,,,,,,,
364,Exit long,2023-06-06 12:00:00-04:00,target,14622.75,5,145787.5,433.8,0.2976,452.5,0.3104,387.5,0.2658,13848.2,13.8482
365,Entry long,2023-06-08 10:15:00-04:00,ORB close above 30m high,14406.5,5,144065.0,,,,,,,,
365,Exit long,2023-06-08 10:55:00-04:00,target,14453.35,5,144065.0,462.3,0.3209,532.5,0.3696,152.5,0.1059,14310.5,14.3105
366,Entry long,2023-06-09 10:15:00-04:00,ORB close above 30m high,14670.5,5,146705.0,,,,,,,,
366,Exit long,2023-06-09 11:25:00-04:00,stop,14556.25,5,146705.0,-1148.7,-0.783,175.0,0.1193,1235.0,0.8418,13161.8,13.1618
367,Entry long,2023-06-12 10:50:00-04:00,ORB close above 30m high,14642.0,5,146420.0,,,,,,,,
367,Exit long,2023-06-12 11:40:00-04:00,target,14666.35,5,146420.0,237.3,0.1621,285.0,0.1946,395.0,0.2698,13399.1,13.3991
368,Entry long,2023-06-14 10:05:00-04:00,ORB close above 30m high,15127.5,5,151275.0,,,,,,,,
368,Exit long,2023-06-14 10:20:00-04:00,target,15171.95,5,151275.0,438.3,0.2897,447.5,0.2958,47.5,0.0314,13837.4,13.8374
369,Entry long,2023-06-15 10:10:00-04:00,ORB close above 30m high,15250.75,5,152507.5,,,,,,,,
369,Exit long,2023-06-15 13:40:00-04:00,target,15332.4,5,152507.5,810.3,0.5313,830.0,0.5442,355.0,0.2328,14647.7,14.6477
370,Entry long,2023-06-22 10:15:00-04:00,ORB close above 30m high,15132.75,5,151327.5,,,,,,,,
370,Exit long,2023-06-22 14:00:00-04:00,time,15153.5,5,151327.5,201.3,0.133,480.0,0.3172,767.5,0.5072,14849.0,14.849
371,Entry long,2023-06-23 12:20:00-04:00,ORB close above 30m high,15103.25,5,151032.5,,,,,,,,
371,Exit long,2023-06-23 14:00:00-04:00,time,15126.0,5,151032.5,221.3,0.1465,522.5,0.346,107.5,0.0712,15070.3,15.0703
372,Entry long,2023-06-26 10:15:00-04:00,ORB close above 30m high,15140.75,5,151407.5,,,,,,,,
372,Exit long,2023-06-26 11:05:00-04:00,stop,15024.0,5,151407.5,-1173.7,-0.7752,115.0,0.076,1247.5,0.8239,13896.6,13.8966
373,Entry long,2023-06-27 11:30:00-04:00,ORB close above 30m high,14982.75,5,149827.5,,,,,,,,
373,Exit long,2023-06-27 12:30:00-04:00,target,15033.35,5,149827.5,499.8,0.3336,515.0,0.3437,87.5,0.0584,14396.4,14.3964
374,Entry long,2023-06-28 10:20:00-04:00,ORB close above 30m high,15113.75,5,151137.5,,,,,,,,
374,Exit long,2023-06-28 10:30:00-04:00,target,15166.45,5,151137.5,520.8,0.3446,587.5,0.3887,132.5,0.0877,14917.2,14.9172
375,Entry long,2023-06-30 10:15:00-04:00,ORB close above 30m high,15336.75,5,153367.5,,,,,,,,
375,Exit long,2023-06-30 14:00:00-04:00,time,15355.25,5,153367.5,178.8,0.1166,397.5,0.2592,542.5,0.3537,15096.0,15.096
376,Entry long,2023-07-05 10:20:00-04:00,ORB close above 30m high,15407.0,5,154070.0,,,,,,,,
376,Exit long,2023-07-05 14:00:00-04:00,time,15370.75,5,154070.0,-368.7,-0.2393,247.5,0.1606,685.0,0.4446,14727.3,14.7273
377,Entry long,2023-07-06 13:00:00-04:00,ORB close above 30m high,15215.5,5,152155.0,,,,,,,,
377,Exit long,2023-07-06 14:00:00-04:00,time,15237.75,5,152155.0,216.3,0.1422,242.5,0.1594,240.0,0.1577,14943.6,14.9436
378,Entry long,2023-07-07 12:00:00-04:00,ORB close above 30m high,15281.0,5,152810.0,,,,,,,,
378,Exit long,2023-07-07 12:35:00-04:00,target,15336.25,5,152810.0,546.3,0.3575,557.5,0.3648,12.5,0.0082,15489.9,15.4899
379,Entry long,2023-07-11 12:00:00-04:00,ORB close above 30m high,15236.0,5,152360.0,,,,,,,,
379,Exit long,2023-07-11 14:00:00-04:00,time,15203.25,5,152360.0,-333.7,-0.219,140.0,0.0919,607.5,0.3987,15156.2,15.1562
380,Entry long,2023-07-12 10:10:00-04:00,ORB close above 30m high,15487.5,5,154875.0,,,,,,,,
380,Exit long,2023-07-12 11:35:00-04:00,stop,15407.75,5,154875.0,-803.7,-0.5189,202.5,0.1308,810.0,0.523,14352.5,14.3525
381,Entry long,2023-07-13 12:00:00-04:00,ORB close above 30m high,15631.25,5,156312.5,,,,,,,,
381,Exit long,2023-07-13 14:00:00-04:00,time,15660.5,5,156312.5,286.3,0.1832,422.5,0.2703,65.0,0.0416,14638.8,14.6388
382,Entry long,2023-07-14 10:10:00-04:00,ORB close above 30m high,15812.5,5,158125.0,,,,,,,,
382,Exit long,2023-07-14 14:00:00-04:00,time,15740.5,5,158125.0,-726.2,-0.4593,450.0,0.2846,875.0,0.5534,13912.6,13.9126
383,Entry long,2023-07-17 11:35:00-04:00,ORB close above 30m high,15784.75,5,157847.5,,,,,,,,
383,Exit long,2023-07-17 14:00:00-04:00,time,15819.5,5,157847.5,341.3,0.2162,367.5,0.2328,245.0,0.1552,14253.9,14.2539
384,Entry long,2023-07-18 11:45:00-04:00,ORB close above 30m high,15831.75,5,158317.5,,,,,,,,
384,Exit long,2023-07-18 12:00:00-04:00,target,15890.45,5,158317.5,580.8,0.3669,612.5,0.3869,5.0,0.0032,14834.7,14.8347
385,Entry long,2023-07-19 11:15:00-04:00,ORB close above 30m high,16041.75,5,160417.5,,,,,,,,
385,Exit long,2023-07-19 12:20:00-04:00,stop,15977.75,5,160417.5,-646.2,-0.4028,207.5,0.1293,660.0,0.4114,14188.5,14.1885
386,Entry long,2023-07-25 11:40:00-04:00,ORB close above 30m high,15672.5,5,156725.0,,,,,,,,
386,Exit long,2023-07-25 14:00:00-04:00,time,15689.75,5,156725.0,166.3,0.1061,367.5,0.2345,185.0,0.118,14354.8,14.3548
387,Entry long,2023-07-28 10:05:00-04:00,ORB close above 30m high,15824.75,5,158247.5,,,,,,,,
387,Exit long,2023-07-28 11:50:00-04:00,target,15890.05,5,158247.5,646.8,0.4087,685.0,0.4329,432.5,0.2733,15001.6,15.0016
388,Entry long,2023-08-01 10:40:00-04:00,ORB close above 30m high,15811.25,5,158112.5,,,,,,,,
388,Exit long,2023-08-01 13:05:00-04:00,target,15838.75,5,158112.5,268.8,0.17,327.5,0.2071,332.5,0.2103,15270.4,15.2704
389,Entry long,2023-08-03 11:20:00-04:00,ORB close above 30m high,15473.25,5,154732.5,,,,,,,,
389,Exit long,2023-08-03 14:00:00-04:00,time,15452.5,5,154732.5,-213.7,-0.1381,505.0,0.3264,315.0,0.2036,15056.7,15.0567
390,Entry long,2023-08-04 12:30:00-04:00,ORB close above 30m high,15591.5,5,155915.0,,,,,,,,
390,Exit long,2023-08-04 14:00:00-04:00,time,15524.5,5,155915.0,-676.2,-0.4337,187.5,0.1203,1262.5,0.8097,14380.5,14.3805
391,Entry long,2023-08-10 10:05:00-04:00,ORB close above 30m high,15430.25,5,154302.5,,,,,,,,
391,Exit long,2023-08-10 11:20:00-04:00,stop,15273.0,5,154302.5,-1578.7,-1.0231,82.5,0.0535,1692.5,1.0969,12801.8,12.8018
392,Entry long,2023-08-11 10:15:00-04:00,ORB close above 30m high,15132.0,5,151320.0,,,,,,,,
392,Exit long,2023-08-11 11:30:00-04:00,stop,15051.75,5,151320.0,-808.7,-0.5344,422.5,0.2792,947.5,0.6262,11993.1,11.9931
393,Entry long,2023-08-14 10:05:00-04:00,ORB close above 30m high,15130.5,5,151305.0,,,,,,,,
393,Exit long,2023-08-14 10:35:00-04:00,target,15186.8,5,151305.0,556.8,0.368,770.0,0.5089,167.5,0.1107,12549.9,12.5499
394,Entry long,2023-08-16 10:20:00-04:00,ORB close above 30m high,15135.75,5,151357.5,,,,,,,,
394,Exit long,2023-08-16 11:50:00-04:00,stop,15050.5,5,151357.5,-858.7,-0.5673,87.5,0.0578,897.5,0.593,11691.2,11.6912
395,Entry long,2023-08-18 11:05:00-04:00,ORB close above 30m high,14705.75,5,147057.5,,,,,,,,
395,Exit long,2023-08-18 14:00:00-04:00,time,14729.75,5,147057.5,233.8,0.159,455.0,0.3094,575.0,0.391,11925.0,11.925
396,Entry long,2023-08-21 10:05:00-04:00,ORB close above 30m high,14916.0,5,149160.0,,,,,,,,
396,Exit long,2023-08-21 11:10:00-04:00,stop,14805.25,5,149160.0,-1113.7,-0.7466,162.5,0.1089,1110.0,0.7442,10811.3,10.8113
397,Entry long,2023-08-23 10:10:00-04:00,ORB close above 30m high,15106.25,5,151062.5,,,,,,,,
397,Exit long,2023-08-23 10:45:00-04:00,target,15170.2,5,151062.5,633.3,0.4192,702.5,0.465,90.0,0.0596,11444.6,11.4446
398,Entry long,2023-08-25 10:15:00-04:00,ORB close above 30m high,14999.25,5,149992.5,,,,,,,,
398,Exit long,2023-08-25 10:25:00-04:00,stop,14891.75,5,149992.5,-1081.2,-0.7208,497.5,0.3317,1292.5,0.8617,10363.4,10.3634
399,Entry long,2023-08-29 10:05:00-04:00,ORB close above 30m high,15229.75,5,152297.5,,,,,,,,
399,Exit long,2023-08-29 11:10:00-04:00,target,15330.0,5,152297.5,996.3,0.6542,1112.5,0.7305,107.5,0.0706,11359.7,11.3597
400,Entry long,2023-08-30 10:10:00-04:00,ORB close above 30m high,15478.75,5,154787.5,,,,,,,,
400,Exit long,2023-08-30 10:25:00-04:00,stop,15386.25,5,154787.5,-931.2,-0.6016,287.5,0.1857,1045.0,0.6751,10428.5,10.4285
401,Entry long,2023-08-31 10:15:00-04:00,ORB close above 30m high,15582.25,5,155822.5,,,,,,,,
401,Exit long,2023-08-31 14:00:00-04:00,time,15557.5,5,155822.5,-253.7,-0.1628,245.0,0.1572,885.0,0.568,10174.8,10.1748
402,Entry long,2023-09-05 10:25:00-04:00,ORB close above 30m high,15511.0,5,155110.0,,,,,,,,
402,Exit long,2023-09-05 11:00:00-04:00,target,15549.9,5,155110.0,382.8,0.2468,477.5,0.3078,340.0,0.2192,10557.6,10.5576
403,Entry long,2023-09-07 10:45:00-04:00,ORB close above 30m high,15270.5,5,152705.0,,,,,,,,
403,Exit long,2023-09-07 14:00:00-04:00,time,15279.5,5,152705.0,83.8,0.0549,225.0,0.1473,732.5,0.4797,10641.4,10.6414
404,Entry long,2023-09-08 10:20:00-04:00,ORB close above 30m high,15374.5,5,153745.0,,,,,,,,
404,Exit long,2023-09-08 14:00:00-04:00,time,15326.5,5,153745.0,-486.2,-0.3162,160.0,0.1041,870.0,0.5659,10155.2,10.1552
405,Entry long,2023-09-11 13:40:00-04:00,ORB close above 30m high,15453.75,5,154537.5,,,,,,,,
405,Exit long,2023-09-11 14:00:00-04:00,time,15468.0,5,154537.5,136.3,0.0882,177.5,0.1149,75.0,0.0485,10291.5,10.2915
406,Entry long,2023-09-13 11:05:00-04:00,ORB close above 30m high,15581.25,5,155812.5,,,,,,,,
406,Exit long,2023-09-13 14:00:00-04:00,time,15604.0,5,155812.5,221.3,0.142,387.5,0.2487,435.0,0.2792,10512.8,10.5128
407,Entry long,2023-09-14 10:45:00-04:00,ORB close above 30m high,15645.5,5,156455.0,,,,,,,,
407,Exit long,2023-09-14 14:00:00-04:00,time,15680.25,5,156455.0,341.3,0.2181,635.0,0.4059,185.0,0.1182,10854.1,10.8541
408,Entry long,2023-09-18 11:35:00-04:00,ORB close above 30m high,15435.25,5,154352.5,,,,,,,,
408,Exit long,2023-09-18 14:00:00-04:00,time,15436.25,5,154352.5,3.8,0.0025,255.0,0.1652,112.5,0.0729,10857.9,10.8579
409,Entry long,2023-09-19 13:55:00-04:00,ORB close above 30m high,15378.0,5,153780.0,,,,,,,,
409,Exit long,2023-09-19 14:00:00-04:00,time,15373.25,5,153780.0,-53.7,-0.0349,60.0,0.039,102.5,0.0667,10804.2,10.8042
410,Entry long,2023-09-22 10:25:00-04:00,ORB close above 30m high,14955.75,5,149557.5,,,,,,,,
410,Exit long,2023-09-22 10:35:00-04:00,target,14996.15,5,149557.5,397.8,0.266,475.0,0.3176,212.5,0.1421,11202.0,11.202
411,Entry long,2023-09-25 11:20:00-04:00,ORB close above 30m high,14914.0,5,149140.0,,,,,,,,
411,Exit long,2023-09-25 14:00:00-04:00,time,14903.25,5,149140.0,-113.7,-0.0762,220.0,0.1475,497.5,0.3336,11088.3,11.0883
412,Entry long,2023-09-28 10:05:00-04:00,ORB close above 30m high,14771.25,5,147712.5,,,,,,,,
412,Exit long,2023-09-28 11:30:00-04:00,target,14840.0,5,147712.5,681.3,0.4612,870.0,0.589,920.0,0.6228,11769.6,11.7696
413,Entry long,2023-09-29 10:05:00-04:00,ORB close above 30m high,15051.5,5,150515.0,,,,,,,,
413,Exit long,2023-09-29 10:20:00-04:00,stop,14976.5,5,150515.0,-756.2,-0.5024,12.5,0.0083,775.0,0.5149,11013.4,11.0134
414,Entry long,2023-10-02 10:05:00-04:00,ORB close above 30m high,14982.5,5,149825.0,,,,,,,,
414,Exit long,2023-10-02 14:00:00-04:00,time,14909.0,5,149825.0,-741.2,-0.4947,637.5,0.4255,1157.5,0.7726,10272.2,10.2722
415,Entry long,2023-10-04 11:20:00-04:00,ORB close above 30m high,14845.25,5,148452.5,,,,,,,,
415,Exit long,2023-10-04 14:00:00-04:00,time,14820.0,5,148452.5,-258.7,-0.1743,547.5,0.3688,370.0,0.2492,10013.5,10.0135
416,Entry long,2023-10-06 10:25:00-04:00,ORB close above 30m high,14824.0,5,148240.0,,,,,,,,
416,Exit long,2023-10-06 10:45:00-04:00,target,14896.95,5,148240.0,723.3,0.4879,770.0,0.5194,57.5,0.0388,10736.8,10.7368
417,Entry long,2023-10-09 12:20:00-04:00,ORB close above 30m high,15074.5,5,150745.0,,,,,,,,
417,Exit long,2023-10-09 13:40:00-04:00,target,15149.4,5,150745.0,742.8,0.4928,967.5,0.6418,280.0,0.1857,11479.6,11.4796
418,Entry long,2023-10-10 10:05:00-04:00,ORB close above 30m high,15264.0,5,152640.0,,,,,,,,
418,Exit long,2023-10-10 10:35:00-04:00,target,15314.15,5,152640.0,495.3,0.3245,577.5,0.3783,265.0,0.1736,11974.9,11.9749
419,Entry long,2023-10-12 10:10:00-04:00,ORB close above 30m high,15423.0,5,154230.0,,,,,,,,
419,Exit long,2023-10-12 10:10:00-04:00,target,15457.25,5,154230.0,336.3,0.2181,367.5,0.2383,17.5,0.0113,12311.2,12.3112
420,Entry long,2023-10-16 10:20:00-04:00,ORB close above 30m high,15264.0,5,152640.0,,,,,,,,
420,Exit long,2023-10-16 10:30:00-04:00,target,15320.9,5,152640.0,562.8,0.3687,612.5,0.4013,50.0,0.0328,12874.0,12.874
421,Entry long,2023-10-17 10:15:00-04:00,ORB close above 30m high,15158.75,5,151587.5,,,,,,,,
421,Exit long,2023-10-17 10:35:00-04:00,target,15223.75,5,151587.5,643.8,0.4247,785.0,0.5179,27.5,0.0181,13517.8,13.5178
422,Entry long,2023-10-18 10:20:00-04:00,ORB close above 30m high,15200.5,5,152005.0,,,,,,,,
422,Exit long,2023-10-18 10:35:00-04:00,stop,15121.25,5,152005.0,-798.7,-0.5254,235.0,0.1546,960.0,0.6316,12719.1,12.7191
423,Entry long,2023-10-19 12:25:00-04:00,ORB close above 30m high,15115.25,5,151152.5,,,,,,,,
423,Exit long,2023-10-19 12:30:00-04:00,stop,15020.75,5,151152.5,-951.2,-0.6293,27.5,0.0182,1597.5,1.0569,11767.9,11.7679
424,Entry long,2023-10-23 10:15:00-04:00,ORB close above 30m high,14657.5,5,146575.0,,,,,,,,
424,Exit long,2023-10-23 11:20:00-04:00,target,14743.2,5,146575.0,850.8,0.5805,915.0,0.6243,237.5,0.162,12618.7,12.6187
425,Entry long,2023-10-24 10:30:00-04:00,ORB close above 30m high,14848.25,5,148482.5,,,,,,,,
425,Exit long,2023-10-24 12:20:00-04:00,stop,14758.75,5,148482.5,-901.2,-0.6069,295.0,0.1987,927.5,0.6247,11717.5,11.7175
426,Entry long,2023-10-27 11:10:00-04:00,ORB close above 30m high,14358.75,5,143587.5,,,,,,,,
426,Exit long,2023-10-27 11:15:00-04:00,target,14399.15,5,143587.5,397.8,0.277,462.5,0.3221,112.5,0.0783,12115.3,12.1153
427,Entry long,2023-10-31 12:50:00-04:00,ORB close above 30m high,14435.25,5,144352.5,,,,,,,,
427,Exit long,2023-10-31 14:00:00-04:00,time,14477.25,5,144352.5,413.8,0.2867,527.5,0.3654,222.5,0.1541,12529.1,12.5291
428,Entry long,2023-11-01 10:25:00-04:00,ORB close above 30m high,14631.0,5,146310.0,,,,,,,,
428,Exit long,2023-11-01 14:00:00-04:00,time,14605.5,5,146310.0,-261.2,-0.1785,185.0,0.1264,687.5,0.4699,12267.9,12.2679
429,Entry long,2023-11-02 10:55:00-04:00,ORB close above 30m high,14955.25,5,149552.5,,,,,,,,
429,Exit long,2023-11-02 13:30:00-04:00,target,14987.7,5,149552.5,318.3,0.2128,342.5,0.229,327.5,0.219,12586.2,12.5862
430,Entry long,2023-11-03 11:50:00-04:00,ORB close above 30m high,15143.5,5,151435.0,,,,,,,,
430,Exit long,2023-11-03 14:00:00-04:00,time,15191.25,5,151435.0,471.3,0.3112,607.5,0.4012,77.5,0.0512,13057.5,13.0575
431,Entry long,2023-11-07 10:05:00-05:00,ORB close above 30m high,15309.25,5,153092.5,,,,,,,,
431,Exit long,2023-11-07 10:40:00-05:00,target,15359.85,5,153092.5,499.8,0.3265,565.0,0.3691,362.5,0.2368,13557.3,13.5573
432,Entry long,2023-11-09 11:50:00-05:00,ORB close above 30m high,15429.75,5,154297.5,,,,,,,,
432,Exit long,2023-11-09 13:00:00-05:00,stop,15365.5,5,154297.5,-648.7,-0.4204,235.0,0.1523,1087.5,0.7048,12908.6,12.9086
433,Entry long,2023-11-10 11:05:00-05:00,ORB close above 30m high,15404.25,5,154042.5,,,,,,,,
433,Exit long,2023-11-10 12:00:00-05:00,target,15463.25,5,154042.5,583.8,0.379,630.0,0.409,10.0,0.0065,13492.4,13.4924
434,Entry long,2023-11-13 10:55:00-05:00,ORB close above 30m high,15543.25,5,155432.5,,,,,,,,
434,Exit long,2023-11-13 14:00:00-05:00,time,15558.5,5,155432.5,146.3,0.0941,462.5,0.2976,137.5,0.0885,13638.7,13.6387
435,Entry long,2023-11-14 10:05:00-05:00,ORB close above 30m high,15884.5,5,158845.0,,,,,,,,
435,Exit long,2023-11-14 14:00:00-05:00,time,15852.25,5,158845.0,-328.7,-0.2069,182.5,0.1149,512.5,0.3226,13310.0,13.31
436,Entry long,2023-11-17 12:05:00-05:00,ORB close above 30m high,15883.5,5,158835.0,,,,,,,,
436,Exit long,2023-11-17 13:15:00-05:00,target,15914.45,5,158835.0,303.3,0.191,335.0,0.2109,200.0,0.1259,13613.3,13.6133
437,Entry long,2023-11-20 11:00:00-05:00,ORB close above 30m high,15999.75,5,159997.5,,,,,,,,
437,Exit long,2023-11-20 13:05:00-05:00,target,16062.5,5,159997.5,621.3,0.3883,685.0,0.4281,5.0,0.0031,14234.6,14.2346
438,Entry long,2023-11-23 11:00:00-05:00,ORB close above 30m high,16073.5,5,160735.0,,,,,,,,
438,Exit long,2023-11-23 18:00:00-05:00,time,16062.25,5,160735.0,-118.7,-0.0738,27.5,0.0171,150.0,0.0933,14115.9,14.1159
439,Entry long,2023-11-27 10:10:00-05:00,ORB close above 30m high,16044.25,5,160442.5,,,,,,,,
439,Exit long,2023-11-27 13:15:00-05:00,target,16088.4,5,160442.5,435.3,0.2713,447.5,0.2789,450.0,0.2805,14551.2,14.5512
440,Entry long,2023-11-28 10:40:00-05:00,ORB close above 30m high,16010.75,5,160107.5,,,,,,,,
440,Exit long,2023-11-28 10:40:00-05:00,target,16042.0,5,160107.5,306.3,0.1913,370.0,0.2311,10.0,0.0062,14857.5,14.8575
441,Entry long,2023-12-01 11:15:00-05:00,ORB close above 30m high,15976.75,5,159767.5,,,,,,,,
441,Exit long,2023-12-01 12:45:00-05:00,target,16037.25,5,159767.5,598.8,0.3748,665.0,0.4162,465.0,0.291,15456.3,15.4563
442,Entry long,2023-12-05 10:05:00-05:00,ORB close above 30m high,15925.75,5,159257.5,,,,,,,,
442,Exit long,2023-12-05 14:00:00-05:00,time,15872.75,5,159257.5,-536.2,-0.3367,360.0,0.226,982.5,0.6169,14920.1,14.9201
443,Entry long,2023-12-07 10:25:00-05:00,ORB close above 30m high,15993.75,5,159937.5,,,,,,,,
443,Exit long,2023-12-07 14:00:00-05:00,time,16033.5,5,159937.5,391.3,0.2447,625.0,0.3908,630.0,0.3939,15311.4,15.3114
444,Entry long,2023-12-08 10:05:00-05:00,ORB close above 30m high,16045.0,5,160450.0,,,,,,,,
444,Exit long,2023-12-08 10:15:00-05:00,target,16103.7,5,160450.0,580.8,0.362,650.0,0.4051,170.0,0.106,15892.2,15.8922
445,Entry long,2023-12-11 10:10:00-05:00,ORB close above 30m high,16168.25,5,161682.5,,,,,,,,
445,Exit long,2023-12-11 13:30:00-05:00,target,16227.85,5,161682.5,589.8,0.3648,615.0,0.3804,467.5,0.2891,16482.0,16.482
446,Entry long,2023-12-12 10:05:00-05:00,ORB close above 30m high,16257.5,5,162575.0,,,,,,,,
446,Exit long,2023-12-12 11:20:00-05:00,target,16300.75,5,162575.0,426.3,0.2622,482.5,0.2968,107.5,0.0661,16908.3,16.9083
447,Entry long,2023-12-15 10:20:00-05:00,ORB close above 30m high,16848.25,5,168482.5,,,,,,,,
447,Exit long,2023-12-15 13:40:00-05:00,stop,16780.0,5,168482.5,-688.7,-0.4088,390.0,0.2315,747.5,0.4437,16219.6,16.2196
448,Entry long,2023-12-18 10:05:00-05:00,ORB close above 30m high,16896.25,5,168962.5,,,,,,,,
448,Exit long,2023-12-18 12:15:00-05:00,target,16934.55,5,168962.5,376.8,0.223,420.0,0.2486,405.0,0.2397,16596.4,16.5964
449,Entry long,2023-12-19 10:35:00-05:00,ORB close above 30m high,16997.75,5,169977.5,,,,,,,,
449,Exit long,2023-12-19 14:00:00-05:00,time,16993.5,5,169977.5,-48.7,-0.0287,150.0,0.0882,327.5,0.1927,16547.7,16.5477
450,Entry long,2023-12-20 10:05:00-05:00,ORB close above 30m high,17026.5,5,170265.0,,,,,,,,
450,Exit long,2023-12-20 10:30:00-05:00,target,17059.7,5,170265.0,325.8,0.1913,470.0,0.276,10.0,0.0059,16873.5,16.8735
451,Entry long,2023-12-26 10:40:00-05:00,ORB close above 30m high,17057.75,5,170577.5,,,,,,,,
451,Exit long,2023-12-26 14:00:00-05:00,time,17049.0,5,170577.5,-93.7,-0.0549,62.5,0.0366,350.0,0.2052,16779.8,16.7798
452,Entry long,2024-01-04 10:10:00-05:00,ORB close above 30m high,16513.75,5,165137.5,,,,,,,,
452,Exit long,2024-01-04 11:10:00-05:00,target,16555.95,5,165137.5,415.8,0.2518,605.0,0.3664,177.5,0.1075,17195.6,17.1956
453,Entry long,2024-01-05 10:05:00-05:00,ORB close above 30m high,16540.5,5,165405.0,,,,,,,,
453,Exit long,2024-01-05 13:15:00-05:00,stop,16437.0,5,165405.0,-1041.2,-0.6295,365.0,0.2207,1102.5,0.6665,16154.4,16.1544
454,Entry long,2024-01-08 10:05:00-05:00,ORB close above 30m high,16641.25,5,166412.5,,,,,,,,
454,Exit long,2024-01-08 13:40:00-05:00,target,16722.6,5,166412.5,807.3,0.4851,837.5,0.5033,182.5,0.1097,16961.7,16.9617
455,Entry long,2024-01-09 10:10:00-05:00,ORB close above 30m high,16720.75,5,167207.5,,,,,,,,
455,Exit long,2024-01-09 11:00:00-05:00,target,16756.5,5,167207.5,351.3,0.2101,402.5,0.2407,90.0,0.0538,17313.0,17.313
456,Entry long,2024-01-10 10:45:00-05:00,ORB close above 30m high,16885.5,5,168855.0,,,,,,,,
456,Exit long,2024-01-10 13:00:00-05:00,target,16928.6,5,168855.0,424.8,0.2516,447.5,0.265,310.0,0.1836,17737.8,17.7378
457,Entry long,2024-01-15 10:50:00-05:00,ORB close above 30m high,16968.5,5,169685.0,,,,,,,,
457,Exit long,2024-01-15 18:00:00-05:00,time,16965.75,5,169685.0,-33.7,-0.0199,115.0,0.0678,142.5,0.084,17704.1,17.7041
458,Entry long,2024-01-16 10:20:00-05:00,ORB close above 30m high,16965.0,5,169650.0,,,,,,,,
458,Exit long,2024-01-16 10:50:00-05:00,target,17030.75,5,169650.0,651.3,0.3839,690.0,0.4067,30.0,0.0177,18355.4,18.3554
459,Entry long,2024-01-18 10:40:00-05:00,ORB close above 30m high,17059.5,5,170595.0,,,,,,,,
459,Exit long,2024-01-18 11:30:00-05:00,target,17097.65,5,170595.0,375.3,0.22,420.0,0.2462,332.5,0.1949,18730.7,18.7307
460,Entry long,2024-01-19 10:05:00-05:00,ORB close above 30m high,17217.5,5,172175.0,,,,,,,,
460,Exit long,2024-01-19 11:05:00-05:00,target,17248.0,5,172175.0,298.8,0.1735,345.0,0.2004,487.5,0.2831,19029.5,19.0295
461,Entry long,2024-01-23 13:00:00-05:00,ORB close above 30m high,17490.0,5,174900.0,,,,,,,,
461,Exit long,2024-01-23 14:00:00-05:00,time,17481.75,5,174900.0,-88.7,-0.0507,30.0,0.0172,300.0,0.1715,18940.8,18.9408
462,Entry long,2024-01-24 10:20:00-05:00,ORB close above 30m high,17703.25,5,177032.5,,,,,,,,
462,Exit long,2024-01-24 10:35:00-05:00,target,17742.6,5,177032.5,387.3,0.2188,410.0,0.2316,85.0,0.048,19328.1,19.3281
463,Entry long,2024-01-25 10:30:00-05:00,ORB close above 30m high,17730.5,5,177305.0,,,,,,,,
463,Exit long,2024-01-25 12:30:00-05:00,stop,17660.25,5,177305.0,-708.7,-0.3997,215.0,0.1213,815.0,0.4597,18619.4,18.6194
464,Entry long,2024-01-26 10:30:00-05:00,ORB close above 30m high,17581.0,5,175810.0,,,,,,,,
464,Exit long,2024-01-26 10:55:00-05:00,target,17620.2,5,175810.0,385.8,0.2194,457.5,0.2602,27.5,0.0156,19005.2,19.0052
465,Entry long,2024-01-29 12:25:00-05:00,ORB close above 30m high,17599.5,5,175995.0,,,,,,,,
465,Exit long,2024-01-29 14:00:00-05:00,time,17587.75,5,175995.0,-123.7,-0.0703,102.5,0.0582,215.0,0.1222,18881.5,18.8815
466,Entry long,2024-02-01 10:10:00-05:00,ORB close above 30m high,17352.75,5,173527.5,,,,,,,,
466,Exit long,2024-02-01 10:55:00-05:00,stop,17284.75,5,173527.5,-686.2,-0.3954,185.0,0.1066,805.0,0.4639,18195.3,18.1953
467,Entry long,2024-02-02 10:45:00-05:00,ORB close above 30m high,17654.0,5,176540.0,,,,,,,,
467,Exit long,2024-02-02 14:00:00-05:00,time,17729.0,5,176540.0,743.8,0.4213,1025.0,0.5806,480.0,0.2719,18939.1,18.9391
468,Entry long,2024-02-07 10:15:00-05:00,ORB close above 30m high,17807.5,5,178075.0,,,,,,,,
468,Exit long,2024-02-07 10:25:00-05:00,target,17860.8,5,178075.0,526.8,0.2958,602.5,0.3383,50.0,0.0281,19465.9,19.4659
469,Entry long,2024-02-08 10:05:00-05:00,ORB close above 30m high,17852.75,5,178527.5,,,,,,,,
469,Exit long,2024-02-08 10:50:00-05:00,target,17879.65,5,178527.5,262.8,0.1472,392.5,0.2199,292.5,0.1638,19728.7,19.7287
470,Entry long,2024-02-09 10:20:00-05:00,ORB close above 30m high,17954.75,5,179547.5,,,,,,,,
470,Exit long,2024-02-09 11:00:00-05:00,target,18002.2,5,179547.5,468.3,0.2608,482.5,0.2687,35.0,0.0195,20197.0,20.197
471,Entry long,2024-02-12 10:45:00-05:00,ORB close above 30m high,18060.0,5,180600.0,,,,,,,,
471,Exit long,2024-02-12 11:25:00-05:00,target,18091.4,5,180600.0,307.8,0.1704,372.5,0.2063,27.5,0.0152,20504.8,20.5048
472,Entry long,2024-02-13 10:25:00-05:00,ORB close above 30m high,17705.0,5,177050.0,,,,,,,,
472,Exit long,2024-02-13 10:35:00-05:00,target,17775.85,5,177050.0,702.3,0.3967,760.0,0.4293,7.5,0.0042,21207.1,21.2071
473,Entry long,2024-02-14 10:20:00-05:00,ORB close above 30m high,17826.0,5,178260.0,,,,,,,,
473,Exit long,2024-02-14 11:00:00-05:00,stop,17742.75,5,178260.0,-838.7,-0.4705,210.0,0.1178,1210.0,0.6788,20368.4,20.3684
474,Entry long,2024-02-15 13:20:00-05:00,ORB close above 30m high,17916.5,5,179165.0,,,,,,,,
474,Exit long,2024-02-15 14:00:00-05:00,time,17911.25,5,179165.0,-58.7,-0.0328,162.5,0.0907,210.0,0.1172,20309.7,20.3097
475,Entry long,2024-02-21 10:05:00-05:00,ORB close above 30m high,17522.75,5,175227.5,,,,,,,,
475,Exit long,2024-02-21 12:10:00-05:00,stop,17448.25,5,175227.5,-751.2,-0.4287,2.5,0.0014,855.0,0.4879,19558.5,19.5585
476,Entry long,2024-02-22 11:20:00-05:00,ORB close above 30m high,17971.25,5,179712.5,,,,,,,,
476,Exit long,2024-02-22 13:35:00-05:00,target,18035.35,5,179712.5,634.8,0.3532,667.5,0.3714,362.5,0.2017,20193.3,20.1933
477,Entry long,2024-02-26 11:55:00-05:00,ORB close above 30m high,18055.75,5,180557.5,,,,,,,,
477,Exit long,2024-02-26 14:00:00-05:00,time,18014.0,5,180557.5,-423.7,-0.2347,40.0,0.0222,755.0,0.4181,19769.6,19.7696
478,Entry long,2024-02-27 10:20:00-05:00,ORB close above 30m high,18028.5,5,180285.0,,,,,,,,
478,Exit long,2024-02-27 12:50:00-05:00,stop,17937.75,5,180285.0,-913.7,-0.5068,40.0,0.0222,917.5,0.5089,18855.9,18.8559
479,Entry long,2024-02-28 11:05:00-05:00,ORB close above 30m high,17951.25,5,179512.5,,,,,,,,
479,Exit long,2024-02-28 14:00:00-05:00,time,17949.0,5,179512.5,-28.7,-0.016,237.5,0.1323,575.0,0.3203,18827.2,18.8272
480,Entry long,2024-03-01 10:10:00-05:00,ORB close above 30m high,18173.0,5,181730.0,,,,,,,,
480,Exit long,2024-03-01 11:05:00-05:00,target,18220.45,5,181730.0,468.3,0.2577,622.5,0.3425,287.5,0.1582,19295.5,19.2955
481,Entry long,2024-03-06 12:05:00-05:00,ORB close above 30m high,18132.0,5,181320.0,,,,,,,,
481,Exit long,2024-03-06 13:50:00-05:00,stop,18036.5,5,181320.0,-961.2,-0.5301,422.5,0.233,1012.5,0.5584,18334.3,18.3343
482,Entry long,2024-03-07 10:25:00-05:00,ORB close above 30m high,18227.0,5,182270.0,,,,,,,,
482,Exit long,2024-03-07 11:25:00-05:00,target,18291.55,5,182270.0,639.3,0.3507,660.0,0.3621,85.0,0.0466,18973.6,18.9736
483,Entry long,2024-03-08 10:05:00-05:00,ORB close above 30m high,18396.5,5,183965.0,,,,,,,,
483,Exit long,2024-03-08 11:05:00-05:00,stop,18287.75,5,183965.0,-1093.7,-0.5945,397.5,0.2161,1315.0,0.7148,17879.9,17.8799
484,Entry long,2024-03-11 10:55:00-04:00,ORB close above 30m high,18008.5,5,180085.0,,,,,,,,
484,Exit long,2024-03-11 14:00:00-04:00,time,17975.0,5,180085.0,-341.2,-0.1895,145.0,0.0805,897.5,0.4984,17538.7,17.5387
485,Entry long,2024-03-12 10:25:00-04:00,ORB close above 30m high,18109.75,5,181097.5,,,,,,,,
485,Exit long,2024-03-12 14:00:00-04:00,time,18154.75,5,181097.5,443.8,0.2451,985.0,0.5439,330.0,0.1822,17982.5,17.9825
486,Entry long,2024-03-18 10:30:00-04:00,ORB close above 30m high,18372.75,5,183727.5,,,,,,,,
486,Exit long,2024-03-18 11:50:00-04:00,stop,18277.25,5,183727.5,-961.2,-0.5232,72.5,0.0395,962.5,0.5239,17021.3,17.0213
487,Entry long,2024-03-19 11:50:00-04:00,ORB close above 30m high,18153.75,5,181537.5,,,,,,,,
487,Exit long,2024-03-19 12:30:00-04:00,target,18213.8,5,181537.5,594.3,0.3274,645.0,0.3553,212.5,0.1171,17615.6,17.6156
488,Entry long,2024-03-22 10:05:00-04:00,ORB close above 30m high,18557.75,5,185577.5,,,,,,,,
488,Exit long,2024-03-22 13:05:00-04:00,target,18592.0,5,185577.5,336.3,0.1812,360.0,0.194,560.0,0.3018,17951.9,17.9519
489,Entry long,2024-03-25 10:10:00-04:00,ORB close above 30m high,18497.25,5,184972.5,,,,,,,,
489,Exit long,2024-03-25 11:40:00-04:00,target,18546.35,5,184972.5,484.8,0.2621,505.0,0.273,5.0,0.0027,18436.7,18.4367
490,Entry long,2024-03-26 10:05:00-04:00,ORB close above 30m high,18606.75,5,186067.5,,,,,,,,
490,Exit long,2024-03-26 10:25:00-04:00,stop,18549.75,5,186067.5,-576.2,-0.3097,10.0,0.0054,595.0,0.3198,17860.5,17.8605
491,Entry long,2024-04-02 13:05:00-04:00,ORB close above 30m high,18294.25,5,182942.5,,,,,,,,
491,Exit long,2024-04-02 14:00:00-04:00,time,18277.5,5,182942.5,-173.7,-0.0949,62.5,0.0342,245.0,0.1339,17686.8,17.6868
492,Entry long,2024-04-03 10:05:00-04:00,ORB close above 30m high,18352.5,5,183525.0,,,,,,,,
492,Exit long,2024-04-03 10:30:00-04:00,target,18420.35,5,183525.0,672.3,0.3663,740.0,0.4032,240.0,0.1308,18359.1,18.3591
493,Entry long,2024-04-05 10:15:00-04:00,ORB close above 30m high,18239.75,5,182397.5,,,,,,,,
493,Exit long,2024-04-05 11:00:00-04:00,target,18321.85,5,182397.5,814.8,0.4467,840.0,0.4605,582.5,0.3194,19173.9,19.1739
494,Entry long,2024-04-08 10:30:00-04:00,ORB close above 30m high,18340.0,5,183400.0,,,,,,,,
494,Exit long,2024-04-08 14:00:00-04:00,time,18307.25,5,183400.0,-333.7,-0.182,375.0,0.2045,877.5,0.4785,18840.2,18.8402
495,Entry long,2024-04-10 10:40:00-04:00,ORB close above 30m high,18221.5,5,182215.0,,,,,,,,
495,Exit long,2024-04-10 14:00:00-04:00,time,18166.5,5,182215.0,-556.2,-0.3052,30.0,0.0165,1075.0,0.59,18284.0,18.284
496,Entry long,2024-04-11 11:55:00-04:00,ORB close above 30m high,18278.75,5,182787.5,,,,,,,,
496,Exit long,2024-04-11 11:55:00-04:00,target,18312.25,5,182787.5,328.8,0.1799,437.5,0.2393,20.0,0.0109,18612.8,18.6128
497,Entry long,2024-04-16 10:15:00-04:00,ORB close above 30m high,17912.75,5,179127.5,,,,,,,,
497,Exit long,2024-04-16 13:30:00-04:00,stop,17821.75,5,179127.5,-916.2,-0.5115,247.5,0.1382,947.5,0.529,17696.6,17.6966
498,Entry long,2024-04-18 10:40:00-04:00,ORB close above 30m high,17682.75,5,176827.5,,,,,,,,
498,Exit long,2024-04-18 13:20:00-04:00,stop,17550.75,5,176827.5,-1326.2,-0.75,632.5,0.3577,1437.5,0.8129,16370.4,16.3704
499,Entry long,2024-04-22 13:30:00-04:00,ORB close above 30m high,17344.5,5,173445.0,,,,,,,,
499,Exit long,2024-04-22 13:50:00-04:00,target,17392.55,5,173445.0,474.3,0.2735,660.0,0.3805,30.0,0.0173,16844.7,16.8447
500,Entry long,2024-04-23 10:25:00-04:00,ORB close above 30m high,17529.75,5,175297.5,,,,,,,,
500,Exit long,2024-04-23 11:00:00-04:00,target,17599.25,5,175297.5,688.8,0.3929,710.0,0.405,72.5,0.0414,17533.5,17.5335
501,Entry long,2024-04-25 10:15:00-04:00,ORB close above 30m high,17410.5,5,174105.0,,,,,,,,
501,Exit long,2024-04-25 12:45:00-04:00,target,17471.75,5,174105.0,606.3,0.3482,647.5,0.3719,690.0,0.3963,18139.8,18.1398
502,Entry long,2024-04-26 10:05:00-04:00,ORB close above 30m high,17808.5,5,178085.0,,,,,,,,
502,Exit long,2024-04-26 13:15:00-04:00,target,17892.4,5,178085.0,832.8,0.4676,855.0,0.4801,400.0,0.2246,18972.6,18.9726
503,Entry long,2024-05-02 13:30:00-04:00,ORB close above 30m high,17604.5,5,176045.0,,,,,,,,
503,Exit long,2024-05-02 14:00:00-04:00,time,17594.75,5,176045.0,-103.7,-0.0589,120.0,0.0682,295.0,0.1676,18868.9,18.8689
504,Entry long,2024-05-06 11:45:00-04:00,ORB close above 30m high,18111.5,5,181115.0,,,,,,,,
504,Exit long,2024-05-06 14:00:00-04:00,time,18128.0,5,181115.0,158.8,0.0877,275.0,0.1518,442.5,0.2443,19027.7,19.0277
505,Entry long,2024-05-07 11:00:00-04:00,ORB close above 30m high,18250.5,5,182505.0,,,,,,,,
505,Exit long,2024-05-07 13:55:00-04:00,stop,18187.75,5,182505.0,-633.7,-0.3472,172.5,0.0945,672.5,0.3685,18394.0,18.394
506,Entry long,2024-05-08 10:25:00-04:00,ORB close above 30m high,18194.5,5,181945.0,,,,,,,,
506,Exit long,2024-05-08 14:00:00-04:00,time,18178.75,5,181945.0,-163.7,-0.09,477.5,0.2624,562.5,0.3092,18230.3,18.2303
507,Entry long,2024-05-09 10:40:00-04:00,ORB close above 30m high,18204.0,5,182040.0,,,,,,,,
507,Exit long,2024-05-09 14:00:00-04:00,time,18205.75,5,182040.0,11.3,0.0062,335.0,0.184,340.0,0.1868,18241.6,18.2416
508,Entry long,2024-05-14 10:25:00-04:00,ORB close above 30m high,18344.0,5,183440.0,,,,,,,,
508,Exit long,2024-05-14 14:00:00-04:00,time,18331.0,5,183440.0,-136.2,-0.0742,275.0,0.1499,607.5,0.3312,18105.4,18.1054
509,Entry long,2024-05-15 10:25:00-04:00,ORB close above 30m high,18536.25,5,185362.5,,,,,,,,
509,Exit long,2024-05-15 11:05:00-04:00,target,18589.4,5,185362.5,525.3,0.2834,605.0,0.3264,125.0,0.0674,18630.7,18.6307
510,Entry long,2024-05-16 10:25:00-04:00,ORB close above 30m high,18718.5,5,187185.0,,,,,,,,
510,Exit long,2024-05-16 10:55:00-04:00,target,18746.15,5,187185.0,270.3,0.1444,310.0,0.1656,92.5,0.0494,18901.0,18.901
511,Entry long,2024-05-17 10:35:00-04:00,ORB close above 30m high,18675.25,5,186752.5,,,,,,,,
511,Exit long,2024-05-17 12:45:00-04:00,stop,18620.25,5,186752.5,-556.2,-0.2978,17.5,0.0094,675.0,0.3614,18344.8,18.3448
512,Entry long,2024-05-20 10:45:00-04:00,ORB close above 30m high,18756.0,5,187560.0,,,,,,,,
512,Exit long,2024-05-20 14:00:00-04:00,time,18745.25,5,187560.0,-113.7,-0.0606,385.0,0.2053,275.0,0.1466,18231.1,18.2311
513,Entry long,2024-05-21 10:05:00-04:00,ORB close above 30m high,18723.75,5,187237.5,,,,,,,,
513,Exit long,2024-05-21 10:35:00-04:00,target,18750.95,5,187237.5,265.8,0.142,347.5,0.1856,237.5,0.1268,18496.9,18.4969
514,Entry long,2024-05-22 11:15:00-04:00,ORB close above 30m high,18834.5,5,188345.0,,,,,,,,
514,Exit long,2024-05-22 13:35:00-04:00,stop,18788.75,5,188345.0,-463.7,-0.2462,40.0,0.0212,672.5,0.3571,18033.2,18.0332
515,Entry long,2024-05-24 10:15:00-04:00,ORB close above 30m high,18791.0,5,187910.0,,,,,,,,
515,Exit long,2024-05-24 10:25:00-04:00,target,18826.3,5,187910.0,346.8,0.1846,470.0,0.2501,7.5,0.004,18380.0,18.38
516,Entry long,2024-05-27 11:05:00-04:00,ORB close above 30m high,18913.5,5,189135.0,,,,,,,,
516,Exit long,2024-05-27 11:45:00-04:00,target,18935.0,5,189135.0,208.8,0.1104,257.5,0.1361,22.5,0.0119,18588.8,18.5888
517,Entry long,2024-05-28 13:35:00-04:00,ORB close above 30m high,18937.25,5,189372.5,,,,,,,,
517,Exit long,2024-05-28 14:00:00-04:00,time,18902.25,5,189372.5,-356.2,-0.1881,85.0,0.0449,457.5,0.2416,18232.6,18.2326
518,Entry long,2024-05-29 10:25:00-04:00,ORB close above 30m high,18856.75,5,188567.5,,,,,,,,
518,Exit long,2024-05-29 14:00:00-04:00,time,18859.25,5,188567.5,18.8,0.01,232.5,0.1233,405.0,0.2148,18251.4,18.2514
519,Entry long,2024-06-05 10:25:00-04:00,ORB close above 30m high,18876.25,5,188762.5,,,,,,,,
519,Exit long,2024-06-05 10:30:00-04:00,target,18913.65,5,188762.5,367.8,0.1948,562.5,0.298,20.0,0.0106,18619.2,18.6192
520,Entry long,2024-06-07 10:40:00-04:00,ORB close above 30m high,19073.5,5,190735.0,,,,,,,,
520,Exit long,2024-06-07 12:30:00-04:00,target,19122.0,5,190735.0,478.8,0.251,540.0,0.2831,582.5,0.3054,19098.0,19.098
521,Entry long,2024-06-10 10:30:00-04:00,ORB close above 30m high,19035.5,5,190355.0,,,,,,,,
521,Exit long,2024-06-10 11:00:00-04:00,target,19070.05,5,190355.0,339.3,0.1782,392.5,0.2062,132.5,0.0696,19437.3,19.4373
522,Entry long,2024-06-11 10:40:00-04:00,ORB close above 30m high,19092.5,5,190925.0,,,,,,,,
522,Exit long,2024-06-11 13:50:00-04:00,target,19150.9,5,190925.0,577.8,0.3026,712.5,0.3732,295.0,0.1545,20015.1,20.0151
523,Entry long,2024-06-12 10:15:00-04:00,ORB close above 30m high,19509.5,5,195095.0,,,,,,,,
523,Exit long,2024-06-12 14:00:00-04:00,time,19514.75,5,195095.0,46.3,0.0237,370.0,0.1897,625.0,0.3204,20061.4,20.0614
524,Entry long,2024-06-14 13:15:00-04:00,ORB close above 30m high,19652.0,5,196520.0,,,,,,,,
524,Exit long,2024-06-14 14:00:00-04:00,time,19657.25,5,196520.0,46.3,0.0236,242.5,0.1234,135.0,0.0687,20107.7,20.1077
525,Entry long,2024-06-17 11:00:00-04:00,ORB close above 30m high,19714.0,5,197140.0,,,,,,,,
525,Exit long,2024-06-17 11:45:00-04:00,target,19758.0,5,197140.0,433.8,0.22,455.0,0.2308,2.5,0.0013,20541.5,20.5415
526,Entry long,2024-06-18 13:50:00-04:00,ORB close above 30m high,19949.75,5,199497.5,,,,,,,,
526,Exit long,2024-06-18 14:00:00-04:00,time,19927.0,5,199497.5,-233.7,-0.1171,32.5,0.0163,647.5,0.3246,20307.8,20.3078
527,Entry long,2024-06-21 11:20:00-04:00,ORB close above 30m high,20033.5,5,200335.0,,,,,,,,
527,Exit long,2024-06-21 14:00:00-04:00,time,19961.0,5,200335.0,-731.2,-0.365,395.0,0.1972,862.5,0.4305,19576.6,19.5766
528,Entry long,2024-06-24 10:05:00-04:00,ORB close above 30m high,19975.75,5,199757.5,,,,,,,,
528,Exit long,2024-06-24 10:40:00-04:00,stop,19866.5,5,199757.5,-1098.7,-0.55,197.5,0.0989,1167.5,0.5845,18477.9,18.4779
529,Entry long,2024-06-25 10:05:00-04:00,ORB close above 30m high,19874.75,5,198747.5,,,,,,,,
529,Exit long,2024-06-25 11:15:00-04:00,target,19924.0,5,198747.5,486.3,0.2447,690.0,0.3472,215.0,0.1082,18964.2,18.9642
530,Entry long,2024-06-26 10:10:00-04:00,ORB close above 30m high,20002.5,5,200025.0,,,,,,,,
530,Exit long,2024-06-26 11:10:00-04:00,stop,19918.25,5,200025.0,-848.7,-0.4243,215.0,0.1075,905.0,0.4524,18115.5,18.1155
531,Entry long,2024-06-27 10:15:00-04:00,ORB close above 30m high,20111.0,5,201110.0,,,,,,,,
531,Exit long,2024-06-27 11:25:00-04:00,stop,19989.5,5,201110.0,-1221.2,-0.6072,55.0,0.0273,1325.0,0.6588,16894.3,16.8943
532,Entry long,2024-06-28 10:05:00-04:00,ORB close above 30m high,20220.0,5,202200.0,,,,,,,,
532,Exit long,2024-06-28 12:15:00-04:00,stop,20038.75,5,202200.0,-1818.7,-0.8995,532.5,0.2634,1982.5,0.9805,15075.6,15.0756
533,Entry long,2024-07-01 12:10:00-04:00,ORB close above 30m high,20004.5,5,200045.0,,,,,,,,
533,Exit long,2024-07-01 14:00:00-04:00,time,19999.5,5,200045.0,-56.2,-0.0281,220.0,0.11,270.0,0.135,15019.4,15.0194
534,Entry long,2024-07-02 10:55:00-04:00,ORB close above 30m high,20113.75,5,201137.5,,,,,,,,
534,Exit long,2024-07-02 13:50:00-04:00,target,20195.85,5,201137.5,814.8,0.4051,897.5,0.4462,487.5,0.2424,15834.2,15.8342
535,Entry long,2024-07-03 10:20:00-04:00,ORB close above 30m high,20284.5,5,202845.0,,,,,,,,
535,Exit long,2024-07-03 11:05:00-04:00,target,20325.35,5,202845.0,402.3,0.1983,425.0,0.2095,405.0,0.1997,16236.5,16.2365
536,Entry long,2024-07-05 10:05:00-04:00,ORB close above 30m high,20529.5,5,205295.0,,,,,,,,
536,Exit long,2024-07-05 11:40:00-04:00,target,20590.15,5,205295.0,600.3,0.2924,632.5,0.3081,672.5,0.3276,16836.8,16.8368
537,Entry long,2024-07-08 11:25:00-04:00,ORB close above 30m high,20658.5,5,206585.0,,,,,,,,
537,Exit long,2024-07-08 14:00:00-04:00,time,20653.5,5,206585.0,-56.2,-0.0272,127.5,0.0617,495.0,0.2396,16780.6,16.7806
538,Entry long,2024-07-10 10:10:00-04:00,ORB close above 30m high,20785.5,5,207855.0,,,,,,,,
538,Exit long,2024-07-10 11:00:00-04:00,stop,20721.25,5,207855.0,-648.7,-0.3121,102.5,0.0493,825.0,0.3969,16131.9,16.1319
539,Entry long,2024-07-12 10:05:00-04:00,ORB close above 30m high,20557.25,5,205572.5,,,,,,,,
539,Exit long,2024-07-12 10:40:00-04:00,target,20636.2,5,205572.5,783.3,0.381,835.0,0.4062,352.5,0.1715,16915.2,16.9152
540,Entry long,2024-07-15 10:10:00-04:00,ORB close above 30m high,20668.5,5,206685.0,,,,,,,,
540,Exit long,2024-07-15 10:50:00-04:00,target,20720.45,5,206685.0,513.3,0.2483,617.5,0.2988,190.0,0.0919,17428.5,17.4285
541,Entry long,2024-07-23 11:15:00-04:00,ORB close above 30m high,20052.75,5,200527.5,,,,,,,,
541,Exit long,2024-07-23 12:55:00-04:00,stop,19933.0,5,200527.5,-1203.7,-0.6003,322.5,0.1608,1260.0,0.6283,16224.8,16.2248
542,Entry long,2024-07-25 11:15:00-04:00,ORB close above 30m high,19246.75,5,192467.5,,,,,,,,
542,Exit long,2024-07-25 13:00:00-04:00,target,19384.65,5,192467.5,1372.8,0.7133,1385.0,0.7196,1042.5,0.5416,17597.6,17.5976
543,Entry long,2024-07-26 11:50:00-04:00,ORB close above 30m high,19190.0,5,191900.0,,,,,,,,
543,Exit long,2024-07-26 12:40:00-04:00,target,19267.45,5,191900.0,768.3,0.4004,905.0,0.4716,270.0,0.1407,18365.9,18.3659
544,Entry long,2024-07-31 10:10:00-04:00,ORB close above 30m high,19444.75,5,194447.5,,,,,,,,
544,Exit long,2024-07-31 14:00:00-04:00,time,19427.5,5,194447.5,-178.7,-0.0919,712.5,0.3664,1005.0,0.5168,18187.2,18.1872
545,Entry long,2024-08-05 10:05:00-04:00,ORB close above 30m high,18042.5,5,180425.0,,,,,,,,
545,Exit long,2024-08-05 14:00:00-04:00,time,18078.25,5,180425.0,351.3,0.1947,2467.5,1.3676,1922.5,1.0655,18538.5,18.5385
546,Entry long,2024-08-06 10:05:00-04:00,ORB close above 30m high,18181.25,5,181812.5,,,,,,,,
546,Exit long,2024-08-06 10:45:00-04:00,target,18313.0,5,181812.5,1311.3,0.7212,1585.0,0.8718,540.0,0.297,19849.8,19.8498
547,Entry long,2024-08-08 10:05:00-04:00,ORB close above 30m high,18276.0,5,182760.0,,,,,,,,
547,Exit long,2024-08-08 10:35:00-04:00,target,18402.5,5,182760.0,1258.8,0.6888,1342.5,0.7346,457.5,0.2503,21108.6,21.1086
548,Entry long,2024-08-09 10:15:00-04:00,ORB close above 30m high,18547.0,5,185470.0,,,,,,,,
548,Exit long,2024-08-09 13:15:00-04:00,target,18621.15,5,185470.0,735.3,0.3965,800.0,0.4313,1107.5,0.5971,21843.9,21.8439
549,Entry long,2024-08-12 10:20:00-04:00,ORB close above 30m high,18674.0,5,186740.0,,,,,,,,
549,Exit long,2024-08-12 11:00:00-04:00,target,18763.75,5,186740.0,891.3,0.4773,915.0,0.49,22.5,0.012,22735.2,22.7352
550,Entry long,2024-08-13 10:50:00-04:00,ORB close above 30m high,18946.75,5,189467.5,,,,,,,,
550,Exit long,2024-08-13 12:20:00-04:00,target,19025.1,5,189467.5,777.3,0.4103,792.5,0.4183,175.0,0.0924,23512.5,23.5125
551,Entry long,2024-08-14 11:55:00-04:00,ORB close above 30m high,19176.0,5,191760.0,,,,,,,,
551,Exit long,2024-08-14 14:00:00-04:00,time,19071.75,5,191760.0,-1048.7,-0.5469,277.5,0.1447,1575.0,0.8213,22463.8,22.4638
552,Entry long,2024-08-15 10:25:00-04:00,ORB close above 30m high,19464.25,5,194642.5,,,,,,,,
552,Exit long,2024-08-15 11:40:00-04:00,target,19540.8,5,194642.5,759.3,0.3901,805.0,0.4136,37.5,0.0193,23223.1,23.2231
553,Entry long,2024-08-16 10:10:00-04:00,ORB close above 30m high,19546.75,5,195467.5,,,,,,,,
553,Exit long,2024-08-16 12:10:00-04:00,target,19597.05,5,195467.5,496.8,0.2542,635.0,0.3249,542.5,0.2775,23719.9,23.7199
554,Entry long,2024-08-19 10:55:00-04:00,ORB close above 30m high,19654.0,5,196540.0,,,,,,,,
554,Exit long,2024-08-19 13:55:00-04:00,target,19719.15,5,196540.0,645.3,0.3283,687.5,0.3498,347.5,0.1768,24365.2,24.3652
555,Entry long,2024-08-21 10:05:00-04:00,ORB close above 30m high,19900.0,5,199000.0,,,,,,,,
555,Exit long,2024-08-21 10:40:00-04:00,target,19951.8,5,199000.0,511.8,0.2572,820.0,0.4121,657.5,0.3304,24877.0,24.877
556,Entry long,2024-08-23 10:05:00-04:00,ORB close above 30m high,19846.0,5,198460.0,,,,,,,,
556,Exit long,2024-08-23 10:45:00-04:00,stop,19706.25,5,198460.0,-1403.7,-0.7073,572.5,0.2885,2047.5,1.0317,23473.3,23.4733
557,Entry long,2024-08-27 10:15:00-04:00,ORB close above 30m high,19572.25,5,195722.5,,,,,,,,
557,Exit long,2024-08-27 10:30:00-04:00,target,19650.3,5,195722.5,774.3,0.3956,907.5,0.4637,195.0,0.0996,24247.6,24.2476
558,Entry long,2024-08-29 10:50:00-04:00,ORB close above 30m high,19681.0,5,196810.0,,,,,,,,
558,Exit long,2024-08-29 14:00:00-04:00,time,19633.25,5,196810.0,-483.7,-0.2458,110.0,0.0559,1055.0,0.536,23763.9,23.7639
559,Entry long,2024-08-30 10:05:00-04:00,ORB close above 30m high,19605.25,5,196052.5,,,,,,,,
559,Exit long,2024-08-30 10:55:00-04:00,stop,19512.75,5,196052.5,-931.2,-0.475,52.5,0.0268,1387.5,0.7077,22832.7,22.8327
560,Entry long,2024-09-02 10:40:00-04:00,ORB close above 30m high,19651.5,5,196515.0,,,,,,,,
560,Exit long,2024-09-02 18:00:00-04:00,time,19646.5,5,196515.0,-56.2,-0.0286,300.0,0.1527,237.5,0.1209,22776.5,22.7765
561,Entry long,2024-09-04 10:30:00-04:00,ORB close above 30m high,18992.75,5,189927.5,,,,,,,,
561,Exit long,2024-09-04 10:55:00-04:00,target,19072.15,5,189927.5,787.8,0.4148,1032.5,0.5436,162.5,0.0856,23564.3,23.5643
562,Entry long,2024-09-05 10:05:00-04:00,ORB close above 30m high,19085.0,5,190850.0,,,,,,,,
562,Exit long,2024-09-05 11:25:00-04:00,stop,18884.5,5,190850.0,-2011.2,-1.0538,652.5,0.3419,2217.5,1.1619,21553.1,21.5531
563,Entry long,2024-09-09 10:15:00-04:00,ORB close above 30m high,18698.5,5,186985.0,,,,,,,,
563,Exit long,2024-09-09 10:30:00-04:00,stop,18604.75,5,186985.0,-943.7,-0.5047,27.5,0.0147,1325.0,0.7086,20609.4,20.6094
564,Entry long,2024-09-11 12:30:00-04:00,ORB close above 30m high,18914.25,5,189142.5,,,,,,,,
564,Exit long,2024-09-11 13:30:00-04:00,target,18998.6,5,189142.5,837.3,0.4427,872.5,0.4613,430.0,0.2273,21446.7,21.4467
565,Entry long,2024-09-12 10:15:00-04:00,ORB close above 30m high,19311.5,5,193115.0,,,,,,,,
565,Exit long,2024-09-12 11:10:00-04:00,target,19387.0,5,193115.0,748.8,0.3877,767.5,0.3974,562.5,0.2913,22195.5,22.1955
566,Entry long,2024-09-13 10:10:00-04:00,ORB close above 30m high,19507.5,5,195075.0,,,,,,,,
566,Exit long,2024-09-13 13:50:00-04:00,target,19574.15,5,195075.0,660.3,0.3385,695.0,0.3563,945.0,0.4844,22855.8,22.8558
567,Entry long,2024-09-17 10:50:00-04:00,ORB close above 30m high,19604.25,5,196042.5,,,,,,,,
567,Exit long,2024-09-17 12:15:00-04:00,stop,19475.0,5,196042.5,-1298.7,-0.6625,20.0,0.0102,1337.5,0.6823,21557.1,21.5571
568,Entry long,2024-09-19 10:20:00-04:00,ORB close above 30m high,20085.75,5,200857.5,,,,,,,,
568,Exit long,2024-09-19 12:25:00-04:00,target,20159.0,5,200857.5,726.3,0.3616,800.0,0.3983,367.5,0.183,22283.4,22.2834
569,Entry long,2024-09-23 10:55:00-04:00,ORB close above 30m high,20109.75,5,201097.5,,,,,,,,
569,Exit long,2024-09-23 13:00:00-04:00,stop,20031.5,5,201097.5,-788.7,-0.3922,162.5,0.0808,912.5,0.4538,21494.7,21.4947
570,Entry long,2024-09-24 11:50:00-04:00,ORB close above 30m high,20163.75,5,201637.5,,,,,,,,
570,Exit long,2024-09-24 11:55:00-04:00,target,20212.7,5,201637.5,483.3,0.2397,510.0,0.2529,22.5,0.0112,21978.0,21.978
571,Entry long,2024-09-25 10:10:00-04:00,ORB close above 30m high,20245.5,5,202455.0,,,,,,,,
571,Exit long,2024-09-25 13:00:00-04:00,stop,20138.0,5,202455.0,-1081.2,-0.534,272.5,0.1346,1100.0,0.5433,20896.8,20.8968
572,Entry long,2024-10-02 10:20:00-04:00,ORB close above 30m high,19997.5,5,199975.0,,,,,,,,
572,Exit long,2024-10-02 14:00:00-04:00,time,20044.5,5,199975.0,463.8,0.2319,920.0,0.4601,515.0,0.2575,21360.6,21.3606
573,Entry long,2024-10-03 10:05:00-04:00,ORB close above 30m high,20091.0,5,200910.0,,,,,,,,
573,Exit long,2024-10-03 13:00:00-04:00,stop,19894.25,5,200910.0,-1973.7,-0.9824,240.0,0.1195,2120.0,1.0552,19386.9,19.3869
574,Entry long,2024-10-07 10:20:00-04:00,ORB close above 30m high,20169.0,5,201690.0,,,,,,,,
574,Exit long,2024-10-07 14:00:00-04:00,time,20148.5,5,201690.0,-211.2,-0.1047,187.5,0.093,675.0,0.3347,19175.7,19.1757
575,Entry long,2024-10-08 10:05:00-04:00,ORB close above 30m high,20188.0,5,201880.0,,,,,,,,
575,Exit long,2024-10-08 10:45:00-04:00,target,20258.85,5,201880.0,702.3,0.3479,862.5,0.4272,325.0,0.161,19878.0,19.878
576,Entry long,2024-10-09 10:15:00-04:00,ORB close above 30m high,20300.5,5,203005.0,,,,,,,,
576,Exit long,2024-10-09 10:25:00-04:00,target,20337.6,5,203005.0,364.8,0.1797,545.0,0.2685,67.5,0.0333,20242.8,20.2428
577,Entry long,2024-10-10 10:15:00-04:00,ORB close above 30m high,20402.25,5,204022.5,,,,,,,,
577,Exit long,2024-10-10 11:55:00-04:00,target,20462.6,5,204022.5,597.3,0.2928,752.5,0.3688,420.0,0.2059,20840.1,20.8401
578,Entry long,2024-10-11 10:10:00-04:00,ORB close above 30m high,20414.0,5,204140.0,,,,,,,,
578,Exit long,2024-10-11 10:25:00-04:00,target,20474.2,5,204140.0,595.8,0.2919,670.0,0.3282,47.5,0.0233,21435.9,21.4359
579,Entry long,2024-10-18 10:10:00-04:00,ORB close above 30m high,20514.25,5,205142.5,,,,,,,,
579,Exit long,2024-10-18 14:00:00-04:00,time,20485.25,5,205142.5,-296.2,-0.1444,177.5,0.0865,720.0,0.351,21139.7,21.1397
580,Entry long,2024-10-21 10:10:00-04:00,ORB close above 30m high,20527.75,5,205277.5,,,,,,,,
580,Exit long,2024-10-21 10:40:00-04:00,stop,20422.75,5,205277.5,-1056.2,-0.5145,265.0,0.1291,1122.5,0.5468,20083.5,20.0835
581,Entry long,2024-10-22 10:10:00-04:00,ORB close above 30m high,20491.25,5,204912.5,,,,,,,,
581,Exit long,2024-10-22 13:50:00-04:00,target,20564.5,5,204912.5,726.3,0.3544,775.0,0.3782,660.0,0.3221,20809.8,20.8098
582,Entry long,2024-10-24 13:45:00-04:00,ORB close above 30m high,20381.5,5,203815.0,,,,,,,,
582,Exit long,2024-10-24 14:00:00-04:00,time,20345.0,5,203815.0,-371.2,-0.1821,20.0,0.0098,537.5,0.2637,20438.6,20.4386
583,Entry long,2024-10-25 10:05:00-04:00,ORB close above 30m high,20679.0,5,206790.0,,,,,,,,
583,Exit long,2024-10-25 13:40:00-04:00,stop,20489.75,5,206790.0,-1898.7,-0.9182,285.0,0.1378,1960.0,0.9478,18539.9,18.5399
584,Entry long,2024-10-29 10:05:00-04:00,ORB close above 30m high,20531.5,5,205315.0,,,,,,,,
584,Exit long,2024-10-29 10:25:00-04:00,target,20590.95,5,205315.0,588.3,0.2865,715.0,0.3482,205.0,0.0998,19128.2,19.1282
585,Entry long,2024-10-30 10:20:00-04:00,ORB close above 30m high,20679.5,5,206795.0,,,,,,,,
585,Exit long,2024-10-30 14:00:00-04:00,time,20576.25,5,206795.0,-1038.7,-0.5023,200.0,0.0967,1212.5,0.5863,18089.5,18.0895
586,Entry long,2024-11-01 10:15:00-04:00,ORB close above 30m high,20215.5,5,202155.0,,,,,,,,
586,Exit long,2024-11-01 14:00:00-04:00,time,20157.5,5,202155.0,-586.2,-0.29,717.5,0.3549,662.5,0.3277,17503.3,17.5033
587,Entry long,2024-11-04 10:20:00-05:00,ORB close above 30m high,20161.5,5,201615.0,,,,,,,,
587,Exit long,2024-11-04 14:00:00-05:00,time,20148.5,5,201615.0,-136.2,-0.0676,652.5,0.3236,1327.5,0.6584,17367.1,17.3671
588,Entry long,2024-11-05 10:25:00-05:00,ORB close above 30m high,20305.75,5,203057.5,,,,,,,,
588,Exit long,2024-11-05 14:00:00-05:00,time,20308.25,5,203057.5,18.8,0.0093,672.5,0.3312,732.5,0.3607,17385.9,17.3859
589,Entry long,2024-11-06 12:15:00-05:00,ORB close above 30m high,20813.0,5,208130.0,,,,,,,,
589,Exit long,2024-11-06 14:00:00-05:00,time,20861.5,5,208130.0,478.8,0.23,635.0,0.3051,275.0,0.1321,17864.7,17.8647
590,Entry long,2024-11-07 10:10:00-05:00,ORB close above 30m high,21116.0,5,211160.0,,,,,,,,
590,Exit long,2024-11-07 11:45:00-05:00,target,21183.1,5,211160.0,664.8,0.3148,685.0,0.3244,295.0,0.1397,18529.5,18.5295
591,Entry long,2024-11-08 13:30:00-05:00,ORB close above 30m high,21233.0,5,212330.0,,,,,,,,
591,Exit long,2024-11-08 14:00:00-05:00,time,21250.0,5,212330.0,163.8,0.0771,335.0,0.1578,30.0,0.0141,18693.3,18.6933
592,Entry long,2024-11-13 12:15:00-05:00,ORB close above 30m high,21195.75,5,211957.5,,,,,,,,
592,Exit long,2024-11-13 13:45:00-05:00,target,21239.9,5,211957.5,435.3,0.2054,655.0,0.309,265.0,0.125,19128.6,19.1286
593,Entry long,2024-11-18 10:05:00-05:00,ORB close above 30m high,20587.25,5,205872.5,,,,,,,,
593,Exit long,2024-11-18 10:25:00-05:00,target,20639.05,5,205872.5,511.8,0.2486,662.5,0.3218,192.5,0.0935,19640.4,19.6404
594,Entry long,2024-11-19 10:30:00-05:00,ORB close above 30m high,20602.5,5,206025.0,,,,,,,,
594,Exit long,2024-11-19 11:00:00-05:00,target,20658.95,5,206025.0,558.3,0.271,582.5,0.2827,200.0,0.0971,20198.7,20.1987
595,Entry long,2024-11-28 10:25:00-05:00,ORB close above 30m high,20900.0,5,209000.0,,,,,,,,
595,Exit long,2024-11-28 18:00:00-05:00,time,20886.75,5,209000.0,-138.7,-0.0664,95.0,0.0455,250.0,0.1196,20060.0,20.06
596,Entry long,2024-12-02 10:05:00-05:00,ORB close above 30m high,21175.0,5,211750.0,,,,,,,,
596,Exit long,2024-12-02 14:00:00-05:00,time,21212.25,5,211750.0,366.3,0.173,845.0,0.3991,340.0,0.1606,20426.3,20.4263
597,Entry long,2024-12-03 10:05:00-05:00,ORB close above 30m high,21210.5,5,212105.0,,,,,,,,
597,Exit long,2024-12-03 11:30:00-05:00,target,21255.7,5,212105.0,445.8,0.2102,520.0,0.2452,485.0,0.2287,20872.1,20.8721
598,Entry long,2024-12-04 10:15:00-05:00,ORB close above 30m high,21444.75,5,214447.5,,,,,,,,
598,Exit long,2024-12-04 10:35:00-05:00,target,21478.4,5,214447.5,330.3,0.154,465.0,0.2168,292.5,0.1364,21202.4,21.2024
599,Entry long,2024-12-05 12:15:00-05:00,ORB close above 30m high,21559.75,5,215597.5,,,,,,,,
599,Exit long,2024-12-05 13:20:00-05:00,stop,21497.5,5,215597.5,-628.7,-0.2916,80.0,0.0371,785.0,0.3641,20573.7,20.5737
600,Entry long,2024-12-06 10:15:00-05:00,ORB close above 30m high,21623.75,5,216237.5,,,,,,,,
600,Exit long,2024-12-06 14:00:00-05:00,time,21658.25,5,216237.5,338.8,0.1567,457.5,0.2116,510.0,0.2359,20912.5,20.9125
601,Entry long,2024-12-10 10:10:00-05:00,ORB close above 30m high,21593.5,5,215935.0,,,,,,,,
601,Exit long,2024-12-10 10:55:00-05:00,stop,21505.0,5,215935.0,-891.2,-0.4127,132.5,0.0614,970.0,0.4492,20021.3,20.0213
602,Entry long,2024-12-11 10:10:00-05:00,ORB close above 30m high,21724.0,5,217240.0,,,,,,,,
602,Exit long,2024-12-11 14:00:00-05:00,time,21792.5,5,217240.0,678.8,0.3125,875.0,0.4028,502.5,0.2313,20700.1,20.7001
603,Entry long,2024-12-12 10:30:00-05:00,ORB close above 30m high,21707.5,5,217075.0,,,,,,,,
603,Exit long,2024-12-12 11:05:00-05:00,target,21738.3,5,217075.0,301.8,0.139,322.5,0.1486,182.5,0.0841,21001.9,21.0019
604,Entry long,2024-12-16 10:05:00-05:00,ORB close above 30m high,21989.5,5,219895.0,,,,,,,,
604,Exit long,2024-12-16 11:20:00-05:00,target,22045.35,5,219895.0,552.3,0.2512,582.5,0.2649,607.5,0.2763,21554.2,21.5542
605,Entry long,2024-12-17 11:40:00-05:00,ORB close above 30m high,22074.75,5,220747.5,,,,,,,,
605,Exit long,2024-12-17 14:00:00-05:00,time,22004.25,5,220747.5,-711.2,-0.3222,60.0,0.0272,890.0,0.4032,20843.0,20.843
606,Entry long,2024-12-18 10:15:00-05:00,ORB close above 30m high,22013.0,5,220130.0,,,,,,,,
606,Exit long,2024-12-18 14:00:00-05:00,time,21991.5,5,220130.0,-221.2,-0.1005,410.0,0.1863,1050.0,0.477,20621.8,20.6218
607,Entry long,2024-12-20 10:15:00-05:00,ORB close above 30m high,21341.5,5,213415.0,,,,,,,,
607,Exit long,2024-12-20 10:25:00-05:00,target,21450.0,5,213415.0,1078.8,0.5055,1200.0,0.5623,175.0,0.082,21700.6,21.7006
608,Entry long,2024-12-23 11:55:00-05:00,ORB close above 30m high,21681.0,5,216810.0,,,,,,,,
608,Exit long,2024-12-23 14:00:00-05:00,time,21744.75,5,216810.0,631.3,0.2912,762.5,0.3517,385.0,0.1776,22331.9,22.3319
609,Entry long,2024-12-24 10:05:00-05:00,ORB close above 30m high,21928.25,5,219282.5,,,,,,,,
609,Exit long,2024-12-24 12:50:00-05:00,target,22005.55,5,219282.5,766.8,0.3497,797.5,0.3637,312.5,0.1425,23098.7,23.0987
610,Entry long,2024-12-26 11:15:00-05:00,ORB close above 30m high,22012.25,5,220122.5,,,,,,,,
610,Exit long,2024-12-26 14:00:00-05:00,time,22016.5,5,220122.5,36.3,0.0165,627.5,0.2851,392.5,0.1783,23135.0,23.135
611,Entry long,2024-12-30 11:40:00-05:00,ORB close above 30m high,21432.0,5,214320.0,,,,,,,,
611,Exit long,2024-12-30 12:30:00-05:00,target,21521.75,5,214320.0,891.3,0.4159,962.5,0.4491,187.5,0.0875,24026.3,24.0263
