Trade #,Type,Date/Time,Signal,Price USD,Position size (qty),Position size (value),Net P&L USD,Net P&L %,Run-up USD,Run-up %,Drawdown USD,Drawdown %,Cumulative P&L USD,Cumulative P&L %
1,Entry long,2021-01-05 10:05:00-05:00,ORB close above 30m high,12773.0,5,127730.0,,,,,,,,
1,Exit long,2021-01-05 14:00:00-05:00,time,12752.0,5,127730.0,-216.2,-0.1693,92.5,0.0724,847.5,0.6635,-216.2,-0.2162
2,Entry long,2021-01-06 10:15:00-05:00,ORB close above 30m high,12677.0,5,126770.0,,,,,,,,
2,Exit long,2021-01-06 10:35:00-05:00,target,12726.85,5,126770.0,492.3,0.3883,577.5,0.4555,80.0,0.0631,276.1,0.2761
3,Entry long,2021-01-07 10:05:00-05:00,ORB close above 30m high,12871.5,5,128715.0,,,,,,,,
3,Exit long,2021-01-07 14:00:00-05:00,time,12913.0,5,128715.0,408.8,0.3176,492.5,0.3826,127.5,0.0991,684.9,0.6849
4,Entry long,2021-01-08 12:15:00-05:00,ORB close above 30m high,13056.25,5,130562.5,,,,,,,,
4,Exit long,2021-01-08 13:20:00-05:00,stop,12985.5,5,130562.5,-713.7,-0.5466,92.5,0.0708,1045.0,0.8004,-28.8,-0.0288
5,Entry long,2021-01-11 10:10:00-05:00,ORB close above 30m high,12980.5,5,129805.0,,,,,,,,
5,Exit long,2021-01-11 14:00:00-05:00,time,12959.75,5,129805.0,-213.7,-0.1646,325.0,0.2504,492.5,0.3794,-242.5,-0.2425
6,Entry long,2021-01-13 10:40:00-05:00,ORB close above 30m high,12958.5,5,129585.0,,,,,,,,
6,Exit long,2021-01-13 14:00:00-05:00,time,12978.25,5,129585.0,191.3,0.1476,377.5,0.2913,202.5,0.1563,-51.2,-0.0512
7,Entry long,2021-01-14 10:50:00-05:00,ORB close above 30m high,13021.25,5,130212.5,,,,,,,,
7,Exit long,2021-01-14 11:55:00-05:00,stop,12968.25,5,130212.5,-536.2,-0.4118,75.0,0.0576,535.0,0.4109,-587.4,-0.5874
8,Entry long,2021-01-19 12:40:00-05:00,ORB close above 30m high,12931.25,5,129312.5,,,,,,,,
8,Exit long,2021-01-19 13:00:00-05:00,target,12959.4,5,129312.5,275.3,0.2129,315.0,0.2436,77.5,0.0599,-312.1,-0.3121
9,Entry long,2021-01-20 10:10:00-05:00,ORB close above 30m high,13206.5,5,132065.0,,,,,,,,
9,Exit long,2021-01-20 10:30:00-05:00,target,13240.45,5,132065.0,333.3,0.2524,365.0,0.2764,12.5,0.0095,21.2,0.0212
10,Entry long,2021-01-21 10:15:00-05:00,ORB close above 30m high,13364.75,5,133647.5,,,,,,,,
10,Exit long,2021-01-21 14:00:00-05:00,time,13364.75,5,133647.5,-6.2,-0.0046,280.0,0.2095,487.5,0.3648,15.0,0.015
11,Entry long,2021-01-26 10:50:00-05:00,ORB close above 30m high,13514.25,5,135142.5,,,,,,,,
11,Exit long,2021-01-26 14:00:00-05:00,time,13500.0,5,135142.5,-148.7,-0.11,187.5,0.1387,590.0,0.4366,-133.7,-0.1337
12,Entry long,2021-01-28 10:20:00-05:00,ORB close above 30m high,13267.25,5,132672.5,,,,,,,,
12,Exit long,2021-01-28 12:00:00-05:00,target,13322.6,5,132672.5,547.3,0.4125,632.5,0.4767,632.5,0.4767,413.6,0.4136
13,Entry long,2021-01-29 10:25:00-05:00,ORB close above 30m high,13147.5,5,131475.0,,,,,,,,
13,Exit long,2021-01-29 11:20:00-05:00,stop,12998.0,5,131475.0,-1501.2,-1.1418,95.0,0.0723,1587.5,1.2075,-1087.6,-1.0876
14,Entry long,2021-02-01 10:45:00-05:00,ORB close above 30m high,13116.25,5,131162.5,,,,,,,,
14,Exit long,2021-02-01 11:30:00-05:00,target,13174.4,5,131162.5,575.3,0.4386,595.0,0.4536,750.0,0.5718,-512.3,-0.5123
15,Entry long,2021-02-02 10:20:00-05:00,ORB close above 30m high,13434.5,5,134345.0,,,,,,,,
15,Exit long,2021-02-02 12:15:00-05:00,target,13470.05,5,134345.0,349.3,0.26,367.5,0.2735,517.5,0.3852,-163.0,-0.163
16,Entry long,2021-02-04 13:05:00-05:00,ORB close above 30m high,13487.0,5,134870.0,,,,,,,,
16,Exit long,2021-02-04 14:00:00-05:00,time,13495.0,5,134870.0,73.8,0.0547,175.0,0.1298,55.0,0.0408,-89.2,-0.0892
17,Entry long,2021-02-05 12:20:00-05:00,ORB close above 30m high,13596.25,5,135962.5,,,,,,,,
17,Exit long,2021-02-05 12:40:00-05:00,target,13620.1,5,135962.5,232.3,0.1709,272.5,0.2004,22.5,0.0165,143.1,0.1431
18,Entry long,2021-02-08 10:05:00-05:00,ORB close above 30m high,13675.0,5,136750.0,,,,,,,,
18,Exit long,2021-02-08 10:05:00-05:00,target,13691.75,5,136750.0,161.3,0.118,175.0,0.128,45.0,0.0329,304.4,0.3044
19,Entry long,2021-02-09 10:10:00-05:00,ORB close above 30m high,13713.75,5,137137.5,,,,,,,,
19,Exit long,2021-02-09 14:00:00-05:00,time,13671.5,5,137137.5,-428.7,-0.3126,215.0,0.1568,517.5,0.3774,-124.3,-0.1243
20,Entry long,2021-02-12 10:15:00-05:00,ORB close above 30m high,13707.25,5,137072.5,,,,,,,,
20,Exit long,2021-02-12 10:50:00-05:00,target,13731.5,5,137072.5,236.3,0.1724,287.5,0.2097,430.0,0.3137,112.0,0.112
21,Entry long,2021-02-15 11:00:00-05:00,ORB close above 30m high,13863.0,5,138630.0,,,,,,,,
21,Exit long,2021-02-15 12:40:00-05:00,target,13868.65,5,138630.0,50.3,0.0363,130.0,0.0938,92.5,0.0667,162.3,0.1623
22,Entry long,2021-02-16 10:40:00-05:00,ORB close above 30m high,13871.0,5,138710.0,,,,,,,,
22,Exit long,2021-02-16 11:05:00-05:00,stop,13811.25,5,138710.0,-603.7,-0.4352,25.0,0.018,697.5,0.5028,-441.4,-0.4414
23,Entry long,2021-02-18 13:25:00-05:00,ORB close above 30m high,13596.0,5,135960.0,,,,,,,,
23,Exit long,2021-02-18 14:00:00-05:00,time,13600.25,5,135960.0,36.3,0.0267,292.5,0.2151,45.0,0.0331,-405.1,-0.4051
24,Entry long,2021-02-23 10:30:00-05:00,ORB close above 30m high,13025.25,5,130252.5,,,,,,,,
24,Exit long,2021-02-23 14:00:00-05:00,time,13045.5,5,130252.5,196.3,0.1507,940.0,0.7217,1405.0,1.0787,-208.8,-0.2088
25,Entry long,2021-02-24 11:15:00-05:00,ORB close above 30m high,13143.25,5,131432.5,,,,,,,,
25,Exit long,2021-02-24 12:00:00-05:00,target,13199.6,5,131432.5,557.3,0.424,700.0,0.5326,17.5,0.0133,348.5,0.3485
26,Entry long,2021-02-26 12:10:00-05:00,ORB close above 30m high,13052.25,5,130522.5,,,,,,,,
26,Exit long,2021-02-26 14:00:00-05:00,time,12955.25,5,130522.5,-976.2,-0.7479,375.0,0.2873,1195.0,0.9156,-627.7,-0.6277
27,Entry long,2021-03-01 10:20:00-05:00,ORB close above 30m high,13132.0,5,131320.0,,,,,,,,
27,Exit long,2021-03-01 10:40:00-05:00,target,13168.45,5,131320.0,358.3,0.2728,402.5,0.3065,55.0,0.0419,-269.4,-0.2694
28,Entry long,2021-03-04 11:45:00-05:00,ORB close above 30m high,12783.0,5,127830.0,,,,,,,,
28,Exit long,2021-03-04 12:25:00-05:00,stop,12568.5,5,127830.0,-2151.2,-1.6829,140.0,0.1095,2220.0,1.7367,-2420.6,-2.4206
29,Entry long,2021-03-08 10:35:00-05:00,ORB close above 30m high,12708.25,5,127082.5,,,,,,,,
29,Exit long,2021-03-08 11:50:00-05:00,stop,12526.25,5,127082.5,-1826.2,-1.437,70.0,0.0551,1882.5,1.4813,-4246.8,-4.2468
30,Entry long,2021-03-09 10:05:00-05:00,ORB close above 30m high,12724.75,5,127247.5,,,,,,,,
30,Exit long,2021-03-09 12:10:00-05:00,target,12779.6,5,127247.5,542.3,0.4262,585.0,0.4597,410.0,0.3222,-3704.5,-3.7045
31,Entry long,2021-03-11 10:50:00-05:00,ORB close above 30m high,13009.5,5,130095.0,,,,,,,,
31,Exit long,2021-03-11 11:00:00-05:00,target,13040.35,5,130095.0,302.3,0.2324,317.5,0.2441,165.0,0.1268,-3402.2,-3.4022
32,Entry long,2021-03-12 12:30:00-05:00,ORB close above 30m high,12903.25,5,129032.5,,,,,,,,
32,Exit long,2021-03-12 14:00:00-05:00,time,12882.5,5,129032.5,-213.7,-0.1656,230.0,0.1782,487.5,0.3778,-3615.9,-3.6159
33,Entry long,2021-03-15 10:15:00-04:00,ORB close above 30m high,12987.5,5,129875.0,,,,,,,,
33,Exit long,2021-03-15 11:30:00-04:00,stop,12896.25,5,129875.0,-918.7,-0.7074,12.5,0.0096,920.0,0.7084,-4534.6,-4.5346
34,Entry long,2021-03-16 10:05:00-04:00,ORB close above 30m high,13245.0,5,132450.0,,,,,,,,
34,Exit long,2021-03-16 10:50:00-04:00,target,13285.85,5,132450.0,402.3,0.3037,507.5,0.3832,117.5,0.0887,-4132.3,-4.1323
35,Entry long,2021-03-17 10:20:00-04:00,ORB close above 30m high,13066.75,5,130667.5,,,,,,,,
35,Exit long,2021-03-17 14:00:00-04:00,time,12995.0,5,130667.5,-723.7,-0.5538,482.5,0.3693,1280.0,0.9796,-4856.0,-4.856
36,Entry long,2021-03-19 11:05:00-04:00,ORB close above 30m high,12841.5,5,128415.0,,,,,,,,
36,Exit long,2021-03-19 13:45:00-04:00,target,12887.85,5,128415.0,457.3,0.3561,497.5,0.3874,837.5,0.6522,-4398.7,-4.3987
37,Entry long,2021-03-22 10:35:00-04:00,ORB close above 30m high,13026.0,5,130260.0,,,,,,,,
37,Exit long,2021-03-22 10:50:00-04:00,target,13065.05,5,130260.0,384.3,0.295,395.0,0.3032,140.0,0.1075,-4014.4,-4.0144
38,Entry long,2021-03-23 10:15:00-04:00,ORB close above 30m high,13122.75,5,131227.5,,,,,,,,
38,Exit long,2021-03-23 11:05:00-04:00,target,13151.4,5,131227.5,280.3,0.2136,402.5,0.3067,717.5,0.5468,-3734.1,-3.7341
39,Entry long,2021-03-25 10:05:00-04:00,ORB close above 30m high,12823.0,5,128230.0,,,,,,,,
39,Exit long,2021-03-25 10:45:00-04:00,stop,12688.0,5,128230.0,-1356.2,-1.0576,140.0,0.1092,1487.5,1.16,-5090.3,-5.0903
40,Entry long,2021-03-26 10:05:00-04:00,ORB close above 30m high,12850.5,5,128505.0,,,,,,,,
40,Exit long,2021-03-26 14:00:00-04:00,time,12798.75,5,128505.0,-523.7,-0.4075,217.5,0.1693,925.0,0.7198,-5614.0,-5.614
41,Entry long,2021-03-29 13:05:00-04:00,ORB close above 30m high,12986.5,5,129865.0,,,,,,,,
41,Exit long,2021-03-29 14:00:00-04:00,time,12953.5,5,129865.0,-336.2,-0.2589,162.5,0.1251,520.0,0.4004,-5950.2,-5.9502
42,Entry long,2021-03-30 11:35:00-04:00,ORB close above 30m high,12895.25,5,128952.5,,,,,,,,
42,Exit long,2021-03-30 14:00:00-04:00,time,12851.5,5,128952.5,-443.7,-0.3441,210.0,0.1629,700.0,0.5428,-6393.9,-6.3939
43,Entry long,2021-03-31 10:05:00-04:00,ORB close above 30m high,13067.5,5,130675.0,,,,,,,,
43,Exit long,2021-03-31 10:40:00-04:00,target,13113.05,5,130675.0,449.3,0.3438,560.0,0.4285,27.5,0.021,-5944.6,-5.9446
44,Entry long,2021-04-01 10:10:00-04:00,ORB close above 30m high,13306.25,5,133062.5,,,,,,,,
44,Exit long,2021-04-01 14:00:00-04:00,time,13281.5,5,133062.5,-253.7,-0.1907,152.5,0.1146,462.5,0.3476,-6198.3,-6.1983
45,Entry long,2021-04-05 10:10:00-04:00,ORB close above 30m high,13490.75,5,134907.5,,,,,,,,
45,Exit long,2021-04-05 10:30:00-04:00,target,13523.1,5,134907.5,317.3,0.2352,350.0,0.2594,52.5,0.0389,-5881.0,-5.881
46,Entry long,2021-04-06 10:05:00-04:00,ORB close above 30m high,13605.0,5,136050.0,,,,,,,,
46,Exit long,2021-04-06 11:10:00-04:00,target,13631.25,5,136050.0,256.3,0.1884,332.5,0.2444,410.0,0.3014,-5624.7,-5.6247
47,Entry long,2021-04-07 10:05:00-04:00,ORB close above 30m high,13593.0,5,135930.0,,,,,,,,
47,Exit long,2021-04-07 11:05:00-04:00,target,13624.75,5,135930.0,311.3,0.229,370.0,0.2722,87.5,0.0644,-5313.4,-5.3134
48,Entry long,2021-04-09 10:05:00-04:00,ORB close above 30m high,13732.5,5,137325.0,,,,,,,,
48,Exit long,2021-04-09 11:50:00-04:00,target,13761.95,5,137325.0,288.3,0.2099,322.5,0.2348,377.5,0.2749,-5025.1,-5.0251
49,Entry long,2021-04-12 12:35:00-04:00,ORB close above 30m high,13814.0,5,138140.0,,,,,,,,
49,Exit long,2021-04-12 14:00:00-04:00,time,13782.5,5,138140.0,-321.2,-0.2325,147.5,0.1068,362.5,0.2624,-5346.3,-5.3463
50,Entry long,2021-04-15 10:30:00-04:00,ORB close above 30m high,13989.25,5,139892.5,,,,,,,,
50,Exit long,2021-04-15 13:30:00-04:00,target,14015.4,5,139892.5,255.3,0.1825,327.5,0.2341,460.0,0.3288,-5091.0,-5.091
51,Entry long,2021-04-21 10:30:00-04:00,ORB close above 30m high,13816.0,5,138160.0,,,,,,,,
51,Exit long,2021-04-21 11:30:00-04:00,target,13862.05,5,138160.0,454.3,0.3288,507.5,0.3673,477.5,0.3456,-4636.7,-4.6367
52,Entry long,2021-04-22 10:35:00-04:00,ORB close above 30m high,13931.0,5,139310.0,,,,,,,,
52,Exit long,2021-04-22 13:10:00-04:00,stop,13855.0,5,139310.0,-766.2,-0.55,130.0,0.0933,1070.0,0.7681,-5402.9,-5.4029
53,Entry long,2021-04-23 10:05:00-04:00,ORB close above 30m high,13838.0,5,138380.0,,,,,,,,
53,Exit long,2021-04-23 10:35:00-04:00,target,13862.65,5,138380.0,240.3,0.1737,252.5,0.1825,130.0,0.0939,-5162.6,-5.1626
54,Entry long,2021-04-26 10:10:00-04:00,ORB close above 30m high,13952.5,5,139525.0,,,,,,,,
54,Exit long,2021-04-26 10:50:00-04:00,target,13972.35,5,139525.0,192.3,0.1378,252.5,0.181,87.5,0.0627,-4970.3,-4.9703
55,Entry long,2021-04-30 10:25:00-04:00,ORB close above 30m high,13923.5,5,139235.0,,,,,,,,
55,Exit long,2021-04-30 10:35:00-04:00,target,13956.55,5,139235.0,324.3,0.2329,335.0,0.2406,87.5,0.0628,-4646.0,-4.646
56,Entry long,2021-05-03 10:15:00-04:00,ORB close above 30m high,13929.75,5,139297.5,,,,,,,,
56,Exit long,2021-05-03 10:50:00-04:00,stop,13850.75,5,139297.5,-796.2,-0.5716,177.5,0.1274,905.0,0.6497,-5442.2,-5.4422
57,Entry long,2021-05-06 11:35:00-04:00,ORB close above 30m high,13523.75,5,135237.5,,,,,,,,
57,Exit long,2021-05-06 11:50:00-04:00,target,13563.3,5,135237.5,389.3,0.2879,402.5,0.2976,45.0,0.0333,-5052.9,-5.0529
58,Entry long,2021-05-07 10:10:00-04:00,ORB close above 30m high,13764.5,5,137645.0,,,,,,,,
58,Exit long,2021-05-07 10:20:00-04:00,target,13805.35,5,137645.0,402.3,0.2923,460.0,0.3342,22.5,0.0163,-4650.6,-4.6506
59,Entry long,2021-05-11 11:20:00-04:00,ORB close above 30m high,13272.25,5,132722.5,,,,,,,,
59,Exit long,2021-05-11 13:25:00-04:00,target,13347.4,5,132722.5,745.3,0.5615,867.5,0.6536,245.0,0.1846,-3905.3,-3.9053
60,Entry long,2021-05-13 10:05:00-04:00,ORB close above 30m high,13189.25,5,131892.5,,,,,,,,
60,Exit long,2021-05-13 11:40:00-04:00,stop,13085.75,5,131892.5,-1041.2,-0.7894,357.5,0.2711,1255.0,0.9515,-4946.5,-4.9465
61,Entry long,2021-05-14 10:15:00-04:00,ORB close above 30m high,13287.0,5,132870.0,,,,,,,,
61,Exit long,2021-05-14 10:45:00-04:00,target,13318.25,5,132870.0,306.3,0.2305,330.0,0.2484,120.0,0.0903,-4640.2,-4.6402
62,Entry long,2021-05-18 10:30:00-04:00,ORB close above 30m high,13382.75,5,133827.5,,,,,,,,
62,Exit long,2021-05-18 14:00:00-04:00,time,13331.0,5,133827.5,-523.7,-0.3913,137.5,0.1027,645.0,0.482,-5163.9,-5.1639
63,Entry long,2021-05-19 10:30:00-04:00,ORB close above 30m high,13092.0,5,130920.0,,,,,,,,
63,Exit long,2021-05-19 11:20:00-04:00,target,13140.75,5,130920.0,481.3,0.3676,575.0,0.4392,480.0,0.3666,-4682.6,-4.6826
64,Entry long,2021-05-20 10:05:00-04:00,ORB close above 30m high,13406.5,5,134065.0,,,,,,,,
64,Exit long,2021-05-20 11:25:00-04:00,target,13456.25,5,134065.0,491.3,0.3665,652.5,0.4867,97.5,0.0727,-4191.3,-4.1913
65,Entry long,2021-05-24 10:05:00-04:00,ORB close above 30m high,13590.0,5,135900.0,,,,,,,,
65,Exit long,2021-05-24 10:15:00-04:00,target,13628.55,5,135900.0,379.3,0.2791,415.0,0.3054,57.5,0.0423,-3812.0,-3.812
66,Entry long,2021-05-26 11:10:00-04:00,ORB close above 30m high,13711.75,5,137117.5,,,,,,,,
66,Exit long,2021-05-26 14:00:00-04:00,time,13686.25,5,137117.5,-261.2,-0.1905,132.5,0.0966,360.0,0.2625,-4073.2,-4.0732
67,Entry long,2021-05-27 10:20:00-04:00,ORB close above 30m high,13699.25,5,136992.5,,,,,,,,
67,Exit long,2021-05-27 14:00:00-04:00,time,13686.5,5,136992.5,-133.7,-0.0976,215.0,0.1569,277.5,0.2026,-4206.9,-4.2069
68,Entry long,2021-05-28 11:45:00-04:00,ORB close above 30m high,13745.5,5,137455.0,,,,,,,,
68,Exit long,2021-05-28 14:00:00-04:00,time,13716.25,5,137455.0,-298.7,-0.2173,177.5,0.1291,395.0,0.2874,-4505.6,-4.5056
69,Entry long,2021-06-03 11:00:00-04:00,ORB close above 30m high,13579.25,5,135792.5,,,,,,,,
69,Exit long,2021-06-03 14:00:00-04:00,time,13566.0,5,135792.5,-138.7,-0.1021,305.0,0.2246,527.5,0.3885,-4644.3,-4.6443
70,Entry long,2021-06-04 10:05:00-04:00,ORB close above 30m high,13733.0,5,137330.0,,,,,,,,
70,Exit long,2021-06-04 14:00:00-04:00,time,13774.5,5,137330.0,408.8,0.2977,460.0,0.335,122.5,0.0892,-4235.5,-4.2355
71,Entry long,2021-06-14 12:05:00-04:00,ORB close above 30m high,14041.25,5,140412.5,,,,,,,,
71,Exit long,2021-06-14 14:00:00-04:00,time,14059.0,5,140412.5,171.3,0.122,232.5,0.1656,82.5,0.0588,-4064.2,-4.0642
72,Entry long,2021-06-16 10:15:00-04:00,ORB close above 30m high,14089.5,5,140895.0,,,,,,,,
72,Exit long,2021-06-16 11:05:00-04:00,stop,14042.25,5,140895.0,-478.7,-0.3398,60.0,0.0426,485.0,0.3442,-4542.9,-4.5429
73,Entry long,2021-06-17 10:05:00-04:00,ORB close above 30m high,14040.75,5,140407.5,,,,,,,,
73,Exit long,2021-06-17 10:25:00-04:00,target,14084.0,5,140407.5,426.3,0.3036,552.5,0.3935,250.0,0.1781,-4116.6,-4.1166
74,Entry long,2021-06-21 10:40:00-04:00,ORB close above 30m high,14081.75,5,140817.5,,,,,,,,
74,Exit long,2021-06-21 11:05:00-04:00,target,14130.7,5,140817.5,483.3,0.3432,510.0,0.3622,22.5,0.016,-3633.3,-3.6333
75,Entry long,2021-06-22 11:10:00-04:00,ORB close above 30m high,14187.75,5,141877.5,,,,,,,,
75,Exit long,2021-06-22 12:20:00-04:00,target,14219.7,5,141877.5,313.3,0.2208,355.0,0.2502,7.5,0.0053,-3320.0,-3.32
76,Entry long,2021-06-24 10:10:00-04:00,ORB close above 30m high,14387.25,5,143872.5,,,,,,,,
76,Exit long,2021-06-24 10:30:00-04:00,target,14404.3,5,143872.5,164.3,0.1142,202.5,0.1407,45.0,0.0313,-3155.7,-3.1557
77,Entry long,2021-06-28 10:10:00-04:00,ORB close above 30m high,14467.5,5,144675.0,,,,,,,,
77,Exit long,2021-06-28 14:00:00-04:00,time,14463.0,5,144675.0,-51.2,-0.0354,275.0,0.1901,125.0,0.0864,-3206.9,-3.2069
78,Entry long,2021-06-29 12:20:00-04:00,ORB close above 30m high,14533.75,5,145337.5,,,,,,,,
78,Exit long,2021-06-29 14:00:00-04:00,time,14551.0,5,145337.5,166.3,0.1144,207.5,0.1428,37.5,0.0258,-3040.6,-3.0406
79,Entry long,2021-07-02 11:55:00-04:00,ORB close above 30m high,14670.5,5,146705.0,,,,,,,,
79,Exit long,2021-07-02 13:00:00-04:00,target,14690.75,5,146705.0,196.3,0.1338,227.5,0.1551,150.0,0.1022,-2844.3,-2.8443
80,Entry long,2021-07-06 10:10:00-04:00,ORB close above 30m high,14786.25,5,147862.5,,,,,,,,
80,Exit long,2021-07-06 10:30:00-04:00,stop,14738.5,5,147862.5,-483.7,-0.3271,35.0,0.0237,610.0,0.4125,-3328.0,-3.328
81,Entry long,2021-07-08 10:30:00-04:00,ORB close above 30m high,14644.75,5,146447.5,,,,,,,,
81,Exit long,2021-07-08 11:50:00-04:00,target,14686.4,5,146447.5,410.3,0.2802,420.0,0.2868,790.0,0.5394,-2917.7,-2.9177
82,Entry long,2021-07-09 10:25:00-04:00,ORB close above 30m high,14728.25,5,147282.5,,,,,,,,
82,Exit long,2021-07-09 10:50:00-04:00,target,14752.0,5,147282.5,231.3,0.157,440.0,0.2987,247.5,0.168,-2686.4,-2.6864
83,Entry long,2021-07-13 10:05:00-04:00,ORB close above 30m high,14927.5,5,149275.0,,,,,,,,
83,Exit long,2021-07-13 10:30:00-04:00,target,14961.45,5,149275.0,333.3,0.2233,380.0,0.2546,130.0,0.0871,-2353.1,-2.3531
84,Entry long,2021-07-14 10:05:00-04:00,ORB close above 30m high,14992.5,5,149925.0,,,,,,,,
84,Exit long,2021-07-14 11:25:00-04:00,stop,14934.5,5,149925.0,-586.2,-0.391,22.5,0.015,847.5,0.5653,-2939.3,-2.9393
85,Entry long,2021-07-20 10:25:00-04:00,ORB close above 30m high,14608.5,5,146085.0,,,,,,,,
85,Exit long,2021-07-20 10:45:00-04:00,target,14644.95,5,146085.0,358.3,0.2453,387.5,0.2653,272.5,0.1865,-2581.0,-2.581
86,Entry long,2021-07-21 10:25:00-04:00,ORB close above 30m high,14761.5,5,147615.0,,,,,,,,
86,Exit long,2021-07-21 14:00:00-04:00,time,14779.0,5,147615.0,168.8,0.1144,277.5,0.188,262.5,0.1778,-2412.2,-2.4122
87,Entry long,2021-07-22 10:30:00-04:00,ORB close above 30m high,14904.75,5,149047.5,,,,,,,,
87,Exit long,2021-07-22 14:00:00-04:00,time,14905.5,5,149047.5,1.3,0.0009,185.0,0.1241,542.5,0.364,-2410.9,-2.4109
88,Entry long,2021-07-23 10:20:00-04:00,ORB close above 30m high,14997.75,5,149977.5,,,,,,,,
88,Exit long,2021-07-23 11:00:00-04:00,target,15022.9,5,149977.5,245.3,0.1636,255.0,0.17,140.0,0.0933,-2165.6,-2.1656
89,Entry long,2021-07-26 10:05:00-04:00,ORB close above 30m high,15112.75,5,151127.5,,,,,,,,
89,Exit long,2021-07-26 14:00:00-04:00,time,15105.0,5,151127.5,-83.7,-0.0554,215.0,0.1423,305.0,0.2018,-2249.3,-2.2493
90,Entry long,2021-07-28 10:20:00-04:00,ORB close above 30m high,15054.25,5,150542.5,,,,,,,,
90,Exit long,2021-07-28 14:00:00-04:00,time,14972.75,5,150542.5,-821.2,-0.5455,205.0,0.1362,1325.0,0.8802,-3070.5,-3.0705
91,Entry long,2021-07-30 10:05:00-04:00,ORB close above 30m high,14977.0,5,149770.0,,,,,,,,
91,Exit long,2021-07-30 14:00:00-04:00,time,14964.5,5,149770.0,-131.2,-0.0876,22.5,0.015,667.5,0.4457,-3201.7,-3.2017
92,Entry long,2021-08-02 11:25:00-04:00,ORB close above 30m high,15045.75,5,150457.5,,,,,,,,
92,Exit long,2021-08-02 14:00:00-04:00,time,14985.5,5,150457.5,-608.7,-0.4046,55.0,0.0366,845.0,0.5616,-3810.4,-3.8104
93,Entry long,2021-08-03 12:00:00-04:00,ORB close above 30m high,15011.0,5,150110.0,,,,,,,,
93,Exit long,2021-08-03 14:00:00-04:00,time,15019.5,5,150110.0,78.8,0.0525,257.5,0.1715,312.5,0.2082,-3731.6,-3.7316
94,Entry long,2021-08-04 13:05:00-04:00,ORB close above 30m high,15075.25,5,150752.5,,,,,,,,
94,Exit long,2021-08-04 13:20:00-04:00,target,15097.7,5,150752.5,218.3,0.1448,277.5,0.1841,7.5,0.005,-3513.3,-3.5133
95,Entry long,2021-08-05 10:20:00-04:00,ORB close above 30m high,15131.0,5,151310.0,,,,,,,,
95,Exit long,2021-08-05 11:00:00-04:00,target,15154.05,5,151310.0,224.3,0.1482,350.0,0.2313,280.0,0.1851,-3289.0,-3.289
96,Entry long,2021-08-12 10:20:00-04:00,ORB close above 30m high,15008.25,5,150082.5,,,,,,,,
96,Exit long,2021-08-12 10:30:00-04:00,target,15032.8,5,150082.5,239.3,0.1594,262.5,0.1749,42.5,0.0283,-3049.7,-3.0497
97,Entry long,2021-08-13 10:20:00-04:00,ORB close above 30m high,15133.75,5,151337.5,,,,,,,,
97,Exit long,2021-08-13 14:00:00-04:00,time,15115.5,5,151337.5,-188.7,-0.1247,77.5,0.0512,415.0,0.2742,-3238.4,-3.2384
98,Entry long,2021-08-17 10:45:00-04:00,ORB close above 30m high,15050.0,5,150500.0,,,,,,,,
98,Exit long,2021-08-17 11:55:00-04:00,stop,14954.5,5,150500.0,-961.2,-0.6387,77.5,0.0515,1122.5,0.7458,-4199.6,-4.1996
99,Entry long,2021-08-19 10:10:00-04:00,ORB close above 30m high,14846.75,5,148467.5,,,,,,,,
99,Exit long,2021-08-19 10:15:00-04:00,target,14879.8,5,148467.5,324.3,0.2184,395.0,0.2661,80.0,0.0539,-3875.3,-3.8753
100,Entry long,2021-08-20 10:05:00-04:00,ORB close above 30m high,15059.5,5,150595.0,,,,,,,,
100,Exit long,2021-08-20 14:00:00-04:00,time,15053.75,5,150595.0,-63.7,-0.0423,385.0,0.2557,577.5,0.3835,-3939.0,-3.939
101,Entry long,2021-08-23 10:05:00-04:00,ORB close above 30m high,15230.25,5,152302.5,,,,,,,,
101,Exit long,2021-08-23 10:50:00-04:00,target,15272.2,5,152302.5,413.3,0.2714,427.5,0.2807,80.0,0.0525,-3525.7,-3.5257
102,Entry long,2021-08-24 10:10:00-04:00,ORB close above 30m high,15361.25,5,153612.5,,,,,,,,
102,Exit long,2021-08-24 14:00:00-04:00,time,15347.25,5,153612.5,-146.2,-0.0952,190.0,0.1237,310.0,0.2018,-3671.9,-3.6719
103,Entry long,2021-08-27 10:05:00-04:00,ORB close above 30m high,15361.75,5,153617.5,,,,,,,,
103,Exit long,2021-08-27 10:10:00-04:00,target,15392.5,5,153617.5,301.3,0.1961,365.0,0.2376,205.0,0.1334,-3370.6,-3.3706
104,Entry long,2021-08-30 10:05:00-04:00,ORB close above 30m high,15545.5,5,155455.0,,,,,,,,
104,Exit long,2021-08-30 10:30:00-04:00,target,15581.35,5,155455.0,352.3,0.2266,405.0,0.2605,80.0,0.0515,-3018.3,-3.0183
105,Entry long,2021-09-03 10:05:00-04:00,ORB close above 30m high,15661.5,5,156615.0,,,,,,,,
105,Exit long,2021-09-03 14:00:00-04:00,time,15656.5,5,156615.0,-56.2,-0.0359,72.5,0.0463,570.0,0.3639,-3074.5,-3.0745
106,Entry long,2021-09-06 10:05:00-04:00,ORB close above 30m high,15706.25,5,157062.5,,,,,,,,
106,Exit long,2021-09-06 18:00:00-04:00,time,15700.75,5,157062.5,-61.2,-0.039,12.5,0.008,127.5,0.0812,-3135.7,-3.1357
107,Entry long,2021-09-07 10:55:00-04:00,ORB close above 30m high,15673.5,5,156735.0,,,,,,,,
107,Exit long,2021-09-07 12:45:00-04:00,target,15697.25,5,156735.0,231.3,0.1476,280.0,0.1786,412.5,0.2632,-2904.4,-2.9044
108,Entry long,2021-09-15 13:00:00-04:00,ORB close above 30m high,15439.5,5,154395.0,,,,,,,,
108,Exit long,2021-09-15 14:00:00-04:00,time,15452.5,5,154395.0,123.8,0.0802,285.0,0.1846,50.0,0.0324,-2780.6,-2.7806
109,Entry long,2021-09-22 10:05:00-04:00,ORB close above 30m high,15094.0,5,150940.0,,,,,,,,
109,Exit long,2021-09-22 10:25:00-04:00,target,15125.45,5,150940.0,308.3,0.2043,377.5,0.2501,105.0,0.0696,-2472.3,-2.4723
110,Entry long,2021-09-23 10:05:00-04:00,ORB close above 30m high,15319.0,5,153190.0,,,,,,,,
110,Exit long,2021-09-23 14:00:00-04:00,time,15344.75,5,153190.0,251.3,0.164,277.5,0.1811,532.5,0.3476,-2221.0,-2.221
111,Entry long,2021-09-24 10:05:00-04:00,ORB close above 30m high,15257.25,5,152572.5,,,,,,,,
111,Exit long,2021-09-24 12:40:00-04:00,target,15284.0,5,152572.5,261.3,0.1713,312.5,0.2048,522.5,0.3425,-1959.7,-1.9597
112,Entry long,2021-09-27 11:05:00-04:00,ORB close above 30m high,15221.5,5,152215.0,,,,,,,,
112,Exit long,2021-09-27 14:00:00-04:00,time,15199.75,5,152215.0,-223.7,-0.147,15.0,0.0099,1015.0,0.6668,-2183.4,-2.1834
113,Entry long,2021-10-01 13:50:00-04:00,ORB close above 30m high,14740.5,5,147405.0,,,,,,,,
113,Exit long,2021-10-01 14:00:00-04:00,time,14717.75,5,147405.0,-233.7,-0.1585,12.5,0.0085,285.0,0.1933,-2417.1,-2.4171
114,Entry long,2021-10-05 10:05:00-04:00,ORB close above 30m high,14606.5,5,146065.0,,,,,,,,
114,Exit long,2021-10-05 10:40:00-04:00,target,14650.25,5,146065.0,431.3,0.2953,445.0,0.3047,135.0,0.0924,-1985.8,-1.9858
115,Entry long,2021-10-06 10:25:00-04:00,ORB close above 30m high,14658.5,5,146585.0,,,,,,,,
115,Exit long,2021-10-06 14:00:00-04:00,time,14691.5,5,146585.0,323.8,0.2209,510.0,0.3479,910.0,0.6208,-1662.0,-1.662
116,Entry long,2021-10-07 10:05:00-04:00,ORB close above 30m high,14971.25,5,149712.5,,,,,,,,
116,Exit long,2021-10-07 14:00:00-04:00,time,14962.25,5,149712.5,-96.2,-0.0643,300.0,0.2004,345.0,0.2304,-1758.2,-1.7582
117,Entry long,2021-10-11 10:05:00-04:00,ORB close above 30m high,14868.0,5,148680.0,,,,,,,,
117,Exit long,2021-10-11 14:00:00-04:00,time,14782.25,5,148680.0,-863.7,-0.5809,287.5,0.1934,1100.0,0.7398,-2621.9,-2.6219
118,Entry long,2021-10-14 10:05:00-04:00,ORB close above 30m high,14973.5,5,149735.0,,,,,,,,
118,Exit long,2021-10-14 11:40:00-04:00,target,15006.45,5,149735.0,323.3,0.2159,332.5,0.2221,80.0,0.0534,-2298.6,-2.2986
119,Entry long,2021-10-15 11:00:00-04:00,ORB close above 30m high,15110.75,5,151107.5,,,,,,,,
119,Exit long,2021-10-15 14:00:00-04:00,time,15099.0,5,151107.5,-123.7,-0.0819,102.5,0.0678,522.5,0.3458,-2422.3,-2.4223
120,Entry long,2021-10-18 10:10:00-04:00,ORB close above 30m high,15153.5,5,151535.0,,,,,,,,
120,Exit long,2021-10-18 11:05:00-04:00,target,15193.95,5,151535.0,398.3,0.2628,415.0,0.2739,277.5,0.1831,-2024.0,-2.024
121,Entry long,2021-10-19 10:30:00-04:00,ORB close above 30m high,15359.5,5,153595.0,,,,,,,,
121,Exit long,2021-10-19 11:00:00-04:00,target,15382.15,5,153595.0,220.3,0.1434,232.5,0.1514,317.5,0.2067,-1803.7,-1.8037
122,Entry long,2021-10-20 10:35:00-04:00,ORB close above 30m high,15445.25,5,154452.5,,,,,,,,
122,Exit long,2021-10-20 11:00:00-04:00,stop,15396.5,5,154452.5,-493.7,-0.3196,2.5,0.0016,620.0,0.4014,-2297.4,-2.2974
123,Entry long,2021-10-21 10:10:00-04:00,ORB close above 30m high,15399.75,5,153997.5,,,,,,,,
123,Exit long,2021-10-21 10:25:00-04:00,target,15425.7,5,153997.5,253.3,0.1645,285.0,0.1851,112.5,0.0731,-2044.1,-2.0441
124,Entry long,2021-10-22 10:30:00-04:00,ORB close above 30m high,15463.0,5,154630.0,,,,,,,,
124,Exit long,2021-10-22 11:15:00-04:00,stop,15385.25,5,154630.0,-783.7,-0.5068,7.5,0.0049,1150.0,0.7437,-2827.8,-2.8278
125,Entry long,2021-10-25 12:00:00-04:00,ORB close above 30m high,15436.75,5,154367.5,,,,,,,,
125,Exit long,2021-10-25 12:35:00-04:00,target,15482.3,5,154367.5,449.3,0.2911,590.0,0.3822,27.5,0.0178,-2378.5,-2.3785
126,Entry long,2021-10-26 10:15:00-04:00,ORB close above 30m high,15674.75,5,156747.5,,,,,,,,
126,Exit long,2021-10-26 12:00:00-04:00,stop,15580.0,5,156747.5,-953.7,-0.6084,262.5,0.1675,1052.5,0.6715,-3332.2,-3.3322
127,Entry long,2021-10-27 10:55:00-04:00,ORB close above 30m high,15649.25,5,156492.5,,,,,,,,
127,Exit long,2021-10-27 12:40:00-04:00,target,15685.4,5,156492.5,355.3,0.227,402.5,0.2572,365.0,0.2332,-2976.9,-2.9769
128,Entry long,2021-10-28 10:30:00-04:00,ORB close above 30m high,15699.25,5,156992.5,,,,,,,,
128,Exit long,2021-10-28 10:45:00-04:00,target,15724.4,5,156992.5,245.3,0.1562,480.0,0.3057,37.5,0.0239,-2731.6,-2.7316
129,Entry long,2021-10-29 11:10:00-04:00,ORB close above 30m high,15708.25,5,157082.5,,,,,,,,
129,Exit long,2021-10-29 11:55:00-04:00,target,15744.9,5,157082.5,360.3,0.2294,385.0,0.2451,7.5,0.0048,-2371.3,-2.3713
130,Entry long,2021-11-02 11:45:00-04:00,ORB close above 30m high,15972.0,5,159720.0,,,,,,,,
130,Exit long,2021-11-02 14:00:00-04:00,time,15937.75,5,159720.0,-348.7,-0.2183,82.5,0.0517,597.5,0.3741,-2720.0,-2.72
131,Entry long,2021-11-04 10:05:00-04:00,ORB close above 30m high,16253.75,5,162537.5,,,,,,,,
131,Exit long,2021-11-04 10:15:00-04:00,target,16292.2,5,162537.5,378.3,0.2327,402.5,0.2476,97.5,0.06,-2341.7,-2.3417
132,Entry long,2021-11-10 10:05:00-05:00,ORB close above 30m high,16182.75,5,161827.5,,,,,,,,
132,Exit long,2021-11-10 13:15:00-05:00,stop,16041.25,5,161827.5,-1421.2,-0.8782,367.5,0.2271,1550.0,0.9578,-3762.9,-3.7629
133,Entry long,2021-11-12 10:50:00-05:00,ORB close above 30m high,16087.25,5,160872.5,,,,,,,,
133,Exit long,2021-11-12 11:00:00-05:00,target,16121.2,5,160872.5,333.3,0.2072,472.5,0.2937,47.5,0.0295,-3429.6,-3.4296
134,Entry long,2021-11-16 11:05:00-05:00,ORB close above 30m high,16255.5,5,162555.0,,,,,,,,
134,Exit long,2021-11-16 11:15:00-05:00,target,16297.85,5,162555.0,417.3,0.2567,450.0,0.2768,100.0,0.0615,-3012.3,-3.0123
135,Entry long,2021-11-17 10:40:00-05:00,ORB close above 30m high,16345.0,5,163450.0,,,,,,,,
135,Exit long,2021-11-17 11:45:00-05:00,target,16374.85,5,163450.0,292.3,0.1788,307.5,0.1881,210.0,0.1285,-2720.0,-2.72
136,Entry long,2021-11-18 11:35:00-05:00,ORB close above 30m high,16430.5,5,164305.0,,,,,,,,
136,Exit long,2021-11-18 11:45:00-05:00,target,16461.05,5,164305.0,299.3,0.1822,485.0,0.2952,92.5,0.0563,-2420.7,-2.4207
137,Entry long,2021-11-19 11:40:00-05:00,ORB close above 30m high,16618.25,5,166182.5,,,,,,,,
137,Exit long,2021-11-19 14:00:00-05:00,time,16580.75,5,166182.5,-381.2,-0.2294,100.0,0.0602,845.0,0.5085,-2801.9,-2.8019
138,Entry long,2021-11-22 10:05:00-05:00,ORB close above 30m high,16744.75,5,167447.5,,,,,,,,
138,Exit long,2021-11-22 11:10:00-05:00,stop,16638.0,5,167447.5,-1073.7,-0.6412,227.5,0.1359,1072.5,0.6405,-3875.6,-3.8756
139,Entry long,2021-11-24 10:05:00-05:00,ORB close above 30m high,16225.75,5,162257.5,,,,,,,,
139,Exit long,2021-11-24 11:10:00-05:00,target,16275.0,5,162257.5,486.3,0.2997,495.0,0.3051,687.5,0.4237,-3389.3,-3.3893
140,Entry long,2021-11-29 11:35:00-05:00,ORB close above 30m high,16317.5,5,163175.0,,,,,,,,
140,Exit long,2021-11-29 12:00:00-05:00,target,16361.05,5,163175.0,429.3,0.2631,510.0,0.3125,57.5,0.0352,-2960.0,-2.96
141,Entry long,2021-11-30 10:05:00-05:00,ORB close above 30m high,16422.25,5,164222.5,,,,,,,,
141,Exit long,2021-11-30 10:45:00-05:00,stop,16318.5,5,164222.5,-1043.7,-0.6355,342.5,0.2086,1612.5,0.9819,-4003.7,-4.0037
142,Entry long,2021-12-01 10:10:00-05:00,ORB close above 30m high,16371.75,5,163717.5,,,,,,,,
142,Exit long,2021-12-01 11:10:00-05:00,target,16411.9,5,163717.5,395.3,0.2415,435.0,0.2657,960.0,0.5864,-3608.4,-3.6084
143,Entry long,2021-12-02 10:05:00-05:00,ORB close above 30m high,16018.75,5,160187.5,,,,,,,,
143,Exit long,2021-12-02 10:40:00-05:00,stop,15786.75,5,160187.5,-2326.2,-1.4522,12.5,0.0078,2467.5,1.5404,-5934.6,-5.9346
144,Entry long,2021-12-06 10:20:00-05:00,ORB close above 30m high,15763.25,5,157632.5,,,,,,,,
144,Exit long,2021-12-06 13:25:00-05:00,target,15844.6,5,157632.5,807.3,0.5121,1137.5,0.7216,1072.5,0.6804,-5127.3,-5.1273
145,Entry long,2021-12-07 10:10:00-05:00,ORB close above 30m high,16245.5,5,162455.0,,,,,,,,
145,Exit long,2021-12-07 10:45:00-05:00,target,16295.85,5,162455.0,497.3,0.3061,590.0,0.3632,142.5,0.0877,-4630.0,-4.63
146,Entry long,2021-12-08 13:45:00-05:00,ORB close above 30m high,16368.75,5,163687.5,,,,,,,,
146,Exit long,2021-12-08 14:00:00-05:00,time,16356.0,5,163687.5,-133.7,-0.0817,102.5,0.0626,210.0,0.1283,-4763.7,-4.7637
147,Entry long,2021-12-17 10:50:00-05:00,ORB close above 30m high,15882.0,5,158820.0,,,,,,,,
147,Exit long,2021-12-17 14:00:00-05:00,time,15900.75,5,158820.0,181.3,0.1142,747.5,0.4707,1407.5,0.8862,-4582.4,-4.5824
148,Entry long,2021-12-21 12:15:00-05:00,ORB close above 30m high,15813.25,5,158132.5,,,,,,,,
148,Exit long,2021-12-21 13:20:00-05:00,target,15873.0,5,158132.5,591.3,0.3739,727.5,0.4601,105.0,0.0664,-3991.1,-3.9911
149,Entry long,2021-12-22 10:40:00-05:00,ORB close above 30m high,16066.0,5,160660.0,,,,,,,,
149,Exit long,2021-12-22 11:15:00-05:00,target,16118.65,5,160660.0,520.3,0.3239,575.0,0.3579,137.5,0.0856,-3470.8,-3.4708
150,Entry long,2021-12-23 10:15:00-05:00,ORB close above 30m high,16258.75,5,162587.5,,,,,,,,
150,Exit long,2021-12-23 10:55:00-05:00,target,16291.4,5,162587.5,320.3,0.197,360.0,0.2214,135.0,0.083,-3150.5,-3.1505
151,Entry long,2021-12-27 10:05:00-05:00,ORB close above 30m high,16457.75,5,164577.5,,,,,,,,
151,Exit long,2021-12-27 10:25:00-05:00,target,16502.8,5,164577.5,444.3,0.27,487.5,0.2962,65.0,0.0395,-2706.2,-2.7062
152,Entry long,2021-12-30 10:10:00-05:00,ORB close above 30m high,16538.0,5,165380.0,,,,,,,,
152,Exit long,2021-12-30 14:00:00-05:00,time,16534.0,5,165380.0,-46.2,-0.0279,295.0,0.1784,337.5,0.2041,-2752.4,-2.7524
153,Entry long,2022-01-06 11:15:00-05:00,ORB close above 30m high,15861.0,5,158610.0,,,,,,,,
153,Exit long,2022-01-06 14:00:00-05:00,time,15822.5,5,158610.0,-391.2,-0.2466,347.5,0.2191,915.0,0.5769,-3143.6,-3.1436
154,Entry long,2022-01-10 13:55:00-05:00,ORB close above 30m high,15418.25,5,154182.5,,,,,,,,
154,Exit long,2022-01-10 14:00:00-05:00,time,15409.0,5,154182.5,-98.7,-0.064,345.0,0.2238,265.0,0.1719,-3242.3,-3.2423
155,Entry long,2022-01-11 10:05:00-05:00,ORB close above 30m high,15621.0,5,156210.0,,,,,,,,
155,Exit long,2022-01-11 11:10:00-05:00,target,15679.35,5,156210.0,577.3,0.3696,865.0,0.5537,1167.5,0.7474,-2665.0,-2.665
156,Entry long,2022-01-12 10:15:00-05:00,ORB close above 30m high,16003.5,5,160035.0,,,,,,,,
156,Exit long,2022-01-12 10:40:00-05:00,stop,15884.25,5,160035.0,-1198.7,-0.749,27.5,0.0172,1455.0,0.9092,-3863.7,-3.8637
157,Entry long,2022-01-18 10:10:00-05:00,ORB close above 30m high,15408.25,5,154082.5,,,,,,,,
157,Exit long,2022-01-18 11:30:00-05:00,stop,15272.25,5,154082.5,-1366.2,-0.8867,267.5,0.1736,1537.5,0.9978,-5229.9,-5.2299
158,Entry long,2022-01-20 10:35:00-05:00,ORB close above 30m high,15302.75,5,153027.5,,,,,,,,
158,Exit long,2022-01-20 14:00:00-05:00,time,15179.0,5,153027.5,-1243.7,-0.8127,377.5,0.2467,1302.5,0.8512,-6473.6,-6.4736
159,Entry long,2022-01-21 11:25:00-05:00,ORB close above 30m high,14844.5,5,148445.0,,,,,,,,
159,Exit long,2022-01-21 12:20:00-05:00,stop,14630.5,5,148445.0,-2146.2,-1.4458,75.0,0.0505,2217.5,1.4938,-8619.8,-8.6198
160,Entry long,2022-01-26 10:05:00-05:00,ORB close above 30m high,14505.25,5,145052.5,,,,,,,,
160,Exit long,2022-01-26 10:40:00-05:00,stop,14349.75,5,145052.5,-1561.2,-1.0763,92.5,0.0638,1680.0,1.1582,-10181.0,-10.181
161,Entry long,2022-01-27 10:15:00-05:00,ORB close above 30m high,14401.25,5,144012.5,,,,,,,,
161,Exit long,2022-01-27 10:30:00-05:00,stop,14231.5,5,144012.5,-1703.7,-1.183,52.5,0.0365,1937.5,1.3454,-11884.7,-11.8847
162,Entry long,2022-01-28 10:55:00-05:00,ORB close above 30m high,14109.75,5,141097.5,,,,,,,,
162,Exit long,2022-01-28 11:15:00-05:00,target,14206.6,5,141097.5,962.3,0.682,1387.5,0.9834,267.5,0.1896,-10922.4,-10.9224
163,Entry long,2022-01-31 10:05:00-05:00,ORB close above 30m high,14650.0,5,146500.0,,,,,,,,
163,Exit long,2022-01-31 11:50:00-05:00,target,14743.25,5,146500.0,926.3,0.6323,1232.5,0.8413,102.5,0.07,-9996.1,-9.9961
164,Entry long,2022-02-03 10:30:00-05:00,ORB close above 30m high,14822.5,5,148225.0,,,,,,,,
164,Exit long,2022-02-03 11:55:00-05:00,stop,14677.0,5,148225.0,-1461.2,-0.9858,205.0,0.1383,1587.5,1.071,-11457.3,-11.4573
165,Entry long,2022-02-04 10:05:00-05:00,ORB close above 30m high,14610.0,5,146100.0,,,,,,,,
165,Exit long,2022-02-04 13:00:00-05:00,target,14680.55,5,146100.0,699.3,0.4786,932.5,0.6383,1680.0,1.1499,-10758.0,-10.758
166,Entry long,2022-02-08 10:50:00-05:00,ORB close above 30m high,14592.75,5,145927.5,,,,,,,,
166,Exit long,2022-02-08 11:00:00-05:00,target,14629.2,5,145927.5,358.3,0.2455,552.5,0.3786,115.0,0.0788,-10399.7,-10.3997
167,Entry long,2022-02-09 11:05:00-05:00,ORB close above 30m high,14964.0,5,149640.0,,,,,,,,
167,Exit long,2022-02-09 14:00:00-05:00,time,14982.25,5,149640.0,176.3,0.1178,350.0,0.2339,545.0,0.3642,-10223.4,-10.2234
168,Entry long,2022-02-10 10:05:00-05:00,ORB close above 30m high,14958.25,5,149582.5,,,,,,,,
168,Exit long,2022-02-10 13:35:00-05:00,stop,14735.0,5,149582.5,-2238.7,-1.4966,707.5,0.473,2297.5,1.5359,-12462.1,-12.4621
169,Entry long,2022-02-14 11:20:00-05:00,ORB close above 30m high,14338.0,5,143380.0,,,,,,,,
169,Exit long,2022-02-14 13:50:00-05:00,stop,14182.0,5,143380.0,-1566.2,-1.0923,560.0,0.3906,1737.5,1.2118,-14028.3,-14.0283
170,Entry long,2022-02-15 10:45:00-05:00,ORB close above 30m high,14540.25,5,145402.5,,,,,,,,
170,Exit long,2022-02-15 12:45:00-05:00,stop,14444.75,5,145402.5,-961.2,-0.6611,237.5,0.1633,1122.5,0.772,-14989.5,-14.9895
171,Entry long,2022-02-22 10:30:00-05:00,ORB close above 30m high,14105.5,5,141055.0,,,,,,,,
171,Exit long,2022-02-22 11:50:00-05:00,stop,13861.75,5,141055.0,-2443.7,-1.7324,32.5,0.023,2585.0,1.8326,-17433.2,-17.4332
172,Entry long,2022-02-24 10:15:00-05:00,ORB close above 30m high,13378.5,5,133785.0,,,,,,,,
172,Exit long,2022-02-24 11:10:00-05:00,target,13506.15,5,133785.0,1270.3,0.9495,1487.5,1.1119,705.0,0.527,-16162.9,-16.1629
173,Entry long,2022-02-25 10:45:00-05:00,ORB close above 30m high,14038.75,5,140387.5,,,,,,,,
173,Exit long,2022-02-25 11:10:00-05:00,target,14110.3,5,140387.5,709.3,0.5052,727.5,0.5182,182.5,0.13,-15453.6,-15.4536
174,Entry long,2022-02-28 10:40:00-05:00,ORB close above 30m high,14181.0,5,141810.0,,,,,,,,
174,Exit long,2022-02-28 11:15:00-05:00,target,14242.35,5,141810.0,607.3,0.4282,642.5,0.4531,115.0,0.0811,-14846.3,-14.8463
175,Entry long,2022-03-02 11:10:00-05:00,ORB close above 30m high,14159.0,5,141590.0,,,,,,,,
175,Exit long,2022-03-02 11:30:00-05:00,target,14218.05,5,141590.0,584.3,0.4127,640.0,0.452,232.5,0.1642,-14262.0,-14.262
176,Entry long,2022-03-08 12:15:00-05:00,ORB close above 30m high,13458.75,5,134587.5,,,,,,,,
176,Exit long,2022-03-08 12:30:00-05:00,target,13553.4,5,134587.5,940.3,0.6987,1027.5,0.7634,230.0,0.1709,-13321.7,-13.3217
177,Entry long,2022-03-09 10:25:00-05:00,ORB close above 30m high,13641.0,5,136410.0,,,,,,,,
177,Exit long,2022-03-09 12:30:00-05:00,target,13698.55,5,136410.0,569.3,0.4173,662.5,0.4857,605.0,0.4435,-12752.4,-12.7524
178,Entry long,2022-03-10 10:20:00-05:00,ORB close above 30m high,13605.5,5,136055.0,,,,,,,,
178,Exit long,2022-03-10 10:30:00-05:00,stop,13487.0,5,136055.0,-1191.2,-0.8755,2.5,0.0018,1390.0,1.0216,-13943.6,-13.9436
179,Entry long,2022-03-14 10:15:00-04:00,ORB close above 30m high,13373.25,5,133732.5,,,,,,,,
179,Exit long,2022-03-14 11:40:00-04:00,stop,13204.75,5,133732.5,-1691.2,-1.2646,197.5,0.1477,1870.0,1.3983,-15634.8,-15.6348
180,Entry long,2022-03-15 10:05:00-04:00,ORB close above 30m high,13220.5,5,132205.0,,,,,,,,
180,Exit long,2022-03-15 10:30:00-04:00,target,13272.05,5,132205.0,509.3,0.3852,795.0,0.6013,565.0,0.4274,-15125.5,-15.1255
181,Entry long,2022-03-16 10:15:00-04:00,ORB close above 30m high,13750.75,5,137507.5,,,,,,,,
181,Exit long,2022-03-16 10:15:00-04:00,target,13806.0,5,137507.5,546.3,0.3973,825.0,0.6,22.5,0.0164,-14579.2,-14.5792
182,Entry long,2022-03-17 10:05:00-04:00,ORB close above 30m high,13991.25,5,139912.5,,,,,,,,
182,Exit long,2022-03-17 13:40:00-04:00,target,14059.9,5,139912.5,680.3,0.4862,760.0,0.5432,1490.0,1.065,-13898.9,-13.8989
183,Entry long,2022-03-18 10:05:00-04:00,ORB close above 30m high,14179.75,5,141797.5,,,,,,,,
183,Exit long,2022-03-18 11:05:00-04:00,target,14253.3,5,141797.5,729.3,0.5143,770.0,0.543,412.5,0.2909,-13169.6,-13.1696
184,Entry long,2022-03-22 10:05:00-04:00,ORB close above 30m high,14531.0,5,145310.0,,,,,,,,
184,Exit long,2022-03-22 10:30:00-04:00,target,14593.35,5,145310.0,617.3,0.4248,857.5,0.5901,125.0,0.086,-12552.3,-12.5523
185,Entry long,2022-03-23 10:15:00-04:00,ORB close above 30m high,14563.5,5,145635.0,,,,,,,,
185,Exit long,2022-03-23 10:30:00-04:00,target,14604.35,5,145635.0,402.3,0.2762,415.0,0.285,115.0,0.079,-12150.0,-12.15
186,Entry long,2022-03-24 11:15:00-04:00,ORB close above 30m high,14563.5,5,145635.0,,,,,,,,
186,Exit long,2022-03-24 11:25:00-04:00,target,14601.05,5,145635.0,369.3,0.2536,667.5,0.4583,132.5,0.091,-11780.7,-11.7807
187,Entry long,2022-03-25 10:45:00-04:00,ORB close above 30m high,14792.5,5,147925.0,,,,,,,,
187,Exit long,2022-03-25 11:00:00-04:00,stop,14707.75,5,147925.0,-853.7,-0.5771,150.0,0.1014,915.0,0.6186,-12634.4,-12.6344
188,Entry long,2022-03-30 10:15:00-04:00,ORB close above 30m high,15219.5,5,152195.0,,,,,,,,
188,Exit long,2022-03-30 11:00:00-04:00,stop,15141.25,5,152195.0,-788.7,-0.5182,155.0,0.1018,857.5,0.5634,-13423.1,-13.4231
189,Entry long,2022-04-04 10:40:00-04:00,ORB close above 30m high,15062.0,5,150620.0,,,,,,,,
189,Exit long,2022-04-04 14:00:00-04:00,time,15119.0,5,150620.0,563.8,0.3743,690.0,0.4581,337.5,0.2241,-12859.3,-12.8593
190,Entry long,2022-04-08 11:05:00-04:00,ORB close above 30m high,14477.75,5,144777.5,,,,,,,,
190,Exit long,2022-04-08 14:00:00-04:00,time,14391.25,5,144777.5,-871.2,-0.6018,202.5,0.1399,1032.5,0.7132,-13730.5,-13.7305
191,Entry long,2022-04-13 10:20:00-04:00,ORB close above 30m high,14081.5,5,140815.0,,,,,,,,
191,Exit long,2022-04-13 11:10:00-04:00,target,14145.25,5,140815.0,631.3,0.4483,670.0,0.4758,392.5,0.2787,-13099.2,-13.0992
192,Entry long,2022-04-18 10:15:00-04:00,ORB close above 30m high,13945.75,5,139457.5,,,,,,,,
192,Exit long,2022-04-18 10:20:00-04:00,target,13993.0,5,139457.5,466.3,0.3344,525.0,0.3765,150.0,0.1076,-12632.9,-12.6329
193,Entry long,2022-04-19 10:05:00-04:00,ORB close above 30m high,14023.0,5,140230.0,,,,,,,,
193,Exit long,2022-04-19 10:30:00-04:00,target,14098.45,5,140230.0,748.3,0.5336,775.0,0.5527,105.0,0.0749,-11884.6,-11.8846
194,Entry long,2022-04-25 10:30:00-04:00,ORB close above 30m high,13392.75,5,133927.5,,,,,,,,
194,Exit long,2022-04-25 10:35:00-04:00,target,13455.4,5,133927.5,620.3,0.4632,737.5,0.5507,35.0,0.0261,-11264.3,-11.2643
195,Entry long,2022-04-28 12:40:00-04:00,ORB close above 30m high,13292.0,5,132920.0,,,,,,,,
195,Exit long,2022-04-28 12:45:00-04:00,target,13370.35,5,132920.0,777.3,0.5848,800.0,0.6019,5.0,0.0038,-10487.0,-10.487
196,Entry long,2022-05-02 10:30:00-04:00,ORB close above 30m high,12983.0,5,129830.0,,,,,,,,
196,Exit long,2022-05-02 13:45:00-04:00,stop,12742.25,5,129830.0,-2413.7,-1.8591,612.5,0.4718,2422.5,1.8659,-12900.7,-12.9007
197,Entry long,2022-05-03 10:05:00-04:00,ORB close above 30m high,13139.75,5,131397.5,,,,,,,,
197,Exit long,2022-05-03 14:00:00-04:00,time,13137.5,5,131397.5,-28.7,-0.0218,442.5,0.3368,1630.0,1.2405,-12929.4,-12.9294
198,Entry long,2022-05-04 13:05:00-04:00,ORB close above 30m high,13121.0,5,131210.0,,,,,,,,
198,Exit long,2022-05-04 13:55:00-04:00,target,13162.35,5,131210.0,407.3,0.3104,515.0,0.3925,532.5,0.4058,-12522.1,-12.5221
199,Entry long,2022-05-06 10:50:00-04:00,ORB close above 30m high,12807.0,5,128070.0,,,,,,,,
199,Exit long,2022-05-06 11:20:00-04:00,target,12921.85,5,128070.0,1142.3,0.8919,1222.5,0.9546,522.5,0.408,-11379.8,-11.3798
200,Entry long,2022-05-12 10:10:00-04:00,ORB close above 30m high,11910.0,5,119100.0,,,,,,,,
200,Exit long,2022-05-12 10:20:00-04:00,target,11996.65,5,119100.0,860.3,0.7223,1365.0,1.1461,125.0,0.105,-10519.5,-10.5195
201,Entry long,2022-05-13 10:05:00-04:00,ORB close above 30m high,12288.0,5,122880.0,,,,,,,,
201,Exit long,2022-05-13 12:00:00-04:00,target,12377.05,5,122880.0,884.3,0.7196,975.0,0.7935,300.0,0.2441,-9635.2,-9.6352
202,Entry long,2022-05-16 10:30:00-04:00,ORB close above 30m high,12366.5,5,123665.0,,,,,,,,
202,Exit long,2022-05-16 10:55:00-04:00,stop,12214.75,5,123665.0,-1523.7,-1.2321,67.5,0.0546,1602.5,1.2958,-11158.9,-11.1589
203,Entry long,2022-05-19 11:25:00-04:00,ORB close above 30m high,11979.25,5,119792.5,,,,,,,,
203,Exit long,2022-05-19 11:40:00-04:00,target,12052.5,5,119792.5,726.3,0.6063,977.5,0.816,487.5,0.407,-10432.6,-10.4326
204,Entry long,2022-05-23 11:35:00-04:00,ORB close above 30m high,12001.25,5,120012.5,,,,,,,,
204,Exit long,2022-05-23 14:00:00-04:00,time,12002.5,5,120012.5,6.3,0.0052,507.5,0.4229,845.0,0.7041,-10426.3,-10.4263
205,Entry long,2022-05-25 10:30:00-04:00,ORB close above 30m high,11889.75,5,118897.5,,,,,,,,
205,Exit long,2022-05-25 14:00:00-04:00,time,11852.0,5,118897.5,-383.7,-0.3227,397.5,0.3343,1012.5,0.8516,-10810.0,-10.81
206,Entry long,2022-05-26 10:15:00-04:00,ORB close above 30m high,12161.75,5,121617.5,,,,,,,,
206,Exit long,2022-05-26 12:10:00-04:00,target,12266.6,5,121617.5,1042.3,0.857,1085.0,0.8921,352.5,0.2898,-9767.7,-9.7677
207,Entry long,2022-05-27 10:05:00-04:00,ORB close above 30m high,12533.25,5,125332.5,,,,,,,,
207,Exit long,2022-05-27 10:35:00-04:00,target,12585.6,5,125332.5,517.3,0.4127,602.5,0.4807,182.5,0.1456,-9250.4,-9.2504
208,Entry long,2022-05-30 10:50:00-04:00,ORB close above 30m high,12792.25,5,127922.5,,,,,,,,
208,Exit long,2022-05-30 11:30:00-04:00,target,12810.5,5,127922.5,176.3,0.1378,227.5,0.1778,217.5,0.17,-9074.1,-9.0741
209,Entry long,2022-05-31 11:55:00-04:00,ORB close above 30m high,12698.0,5,126980.0,,,,,,,,
209,Exit long,2022-05-31 14:00:00-04:00,time,12757.75,5,126980.0,591.3,0.4657,695.0,0.5473,392.5,0.3091,-8482.8,-8.4828
210,Entry long,2022-06-02 10:15:00-04:00,ORB close above 30m high,12618.0,5,126180.0,,,,,,,,
210,Exit long,2022-06-02 11:15:00-04:00,target,12688.05,5,126180.0,694.3,0.5502,727.5,0.5766,1205.0,0.955,-7788.5,-7.7885
211,Entry long,2022-06-06 10:05:00-04:00,ORB close above 30m high,12789.5,5,127895.0,,,,,,,,
211,Exit long,2022-06-06 11:15:00-04:00,stop,12673.0,5,127895.0,-1171.2,-0.9158,210.0,0.1642,1530.0,1.1963,-8959.7,-8.9597
212,Entry long,2022-06-07 10:30:00-04:00,ORB close above 30m high,12591.25,5,125912.5,,,,,,,,
212,Exit long,2022-06-07 10:35:00-04:00,target,12662.7,5,125912.5,708.3,0.5625,780.0,0.6195,85.0,0.0675,-8251.4,-8.2514
213,Entry long,2022-06-09 10:40:00-04:00,ORB close above 30m high,12660.0,5,126600.0,,,,,,,,
213,Exit long,2022-06-09 13:40:00-04:00,stop,12506.0,5,126600.0,-1546.2,-1.2213,40.0,0.0316,1570.0,1.2401,-9797.6,-9.7976
214,Entry long,2022-06-15 10:10:00-04:00,ORB close above 30m high,11556.25,5,115562.5,,,,,,,,
214,Exit long,2022-06-15 13:55:00-04:00,target,11594.7,5,115562.5,378.3,0.3274,417.5,0.3613,925.0,0.8004,-9419.3,-9.4193
215,Entry long,2022-06-17 13:10:00-04:00,ORB close above 30m high,11364.75,5,113647.5,,,,,,,,
215,Exit long,2022-06-17 14:00:00-04:00,time,11342.75,5,113647.5,-226.2,-0.199,315.0,0.2772,562.5,0.495,-9645.5,-9.6455
216,Entry long,2022-06-20 10:20:00-04:00,ORB close above 30m high,11377.5,5,113775.0,,,,,,,,
216,Exit long,2022-06-20 11:25:00-04:00,target,11395.05,5,113775.0,169.3,0.1488,197.5,0.1736,87.5,0.0769,-9476.2,-9.4762
217,Entry long,2022-06-21 10:05:00-04:00,ORB close above 30m high,11646.75,5,116467.5,,,,,,,,
217,Exit long,2022-06-21 14:00:00-04:00,time,11603.0,5,116467.5,-443.7,-0.381,317.5,0.2726,620.0,0.5323,-9919.9,-9.9199
218,Entry long,2022-06-22 10:15:00-04:00,ORB close above 30m high,11629.75,5,116297.5,,,,,,,,
218,Exit long,2022-06-22 10:20:00-04:00,target,11702.8,5,116297.5,724.3,0.6228,765.0,0.6578,115.0,0.0989,-9195.6,-9.1956
219,Entry long,2022-06-23 10:45:00-04:00,ORB close above 30m high,11702.25,5,117022.5,,,,,,,,
219,Exit long,2022-06-23 14:00:00-04:00,time,11618.25,5,117022.5,-846.2,-0.7231,415.0,0.3546,1552.5,1.3267,-10041.8,-10.0418
220,Entry long,2022-06-24 10:05:00-04:00,ORB close above 30m high,12037.0,5,120370.0,,,,,,,,
220,Exit long,2022-06-24 14:00:00-04:00,time,12007.0,5,120370.0,-306.2,-0.2544,457.5,0.3801,677.5,0.5628,-10348.0,-10.348
221,Entry long,2022-06-29 10:05:00-04:00,ORB close above 30m high,11732.0,5,117320.0,,,,,,,,
221,Exit long,2022-06-29 14:00:00-04:00,time,11690.75,5,117320.0,-418.7,-0.3569,170.0,0.1449,1280.0,1.091,-10766.7,-10.7667
222,Entry long,2022-06-30 11:55:00-04:00,ORB close above 30m high,11592.5,5,115925.0,,,,,,,,
222,Exit long,2022-06-30 12:30:00-04:00,target,11672.15,5,115925.0,790.3,0.6817,927.5,0.8001,527.5,0.455,-9976.4,-9.9764
223,Entry long,2022-07-05 10:15:00-04:00,ORB close above 30m high,11507.5,5,115075.0,,,,,,,,
223,Exit long,2022-07-05 10:35:00-04:00,target,11554.75,5,115075.0,466.3,0.4052,885.0,0.7691,440.0,0.3824,-9510.1,-9.5101
224,Entry long,2022-07-07 10:55:00-04:00,ORB close above 30m high,12065.0,5,120650.0,,,,,,,,
224,Exit long,2022-07-07 13:55:00-04:00,target,12123.45,5,120650.0,578.3,0.4793,617.5,0.5118,377.5,0.3129,-8931.8,-8.9318
225,Entry long,2022-07-08 10:30:00-04:00,ORB close above 30m high,12117.75,5,121177.5,,,,,,,,
225,Exit long,2022-07-08 11:05:00-04:00,target,12173.2,5,121177.5,548.3,0.4525,680.0,0.5612,65.0,0.0536,-8383.5,-8.3835
226,Entry long,2022-07-13 10:35:00-04:00,ORB close above 30m high,11710.0,5,117100.0,,,,,,,,
226,Exit long,2022-07-13 10:40:00-04:00,target,11784.75,5,117100.0,741.3,0.633,940.0,0.8027,142.5,0.1217,-7642.2,-7.6422
227,Entry long,2022-07-14 11:45:00-04:00,ORB close above 30m high,11697.0,5,116970.0,,,,,,,,
227,Exit long,2022-07-14 14:00:00-04:00,time,11726.5,5,116970.0,288.8,0.2469,480.0,0.4104,760.0,0.6497,-7353.4,-7.3534
228,Entry long,2022-07-15 11:15:00-04:00,ORB close above 30m high,11987.0,5,119870.0,,,,,,,,
228,Exit long,2022-07-15 14:00:00-04:00,time,11980.25,5,119870.0,-73.7,-0.0615,130.0,0.1085,580.0,0.4839,-7427.1,-7.4271
229,Entry long,2022-07-19 10:30:00-04:00,ORB close above 30m high,12086.0,5,120860.0,,,,,,,,
229,Exit long,2022-07-19 10:45:00-04:00,target,12123.15,5,120860.0,365.3,0.3023,440.0,0.3641,90.0,0.0745,-7061.8,-7.0618
230,Entry long,2022-07-20 10:25:00-04:00,ORB close above 30m high,12358.5,5,123585.0,,,,,,,,
230,Exit long,2022-07-20 10:30:00-04:00,target,12399.25,5,123585.0,401.3,0.3247,685.0,0.5543,57.5,0.0465,-6660.5,-6.6605
231,Entry long,2022-07-21 11:35:00-04:00,ORB close above 30m high,12536.75,5,125367.5,,,,,,,,
231,Exit long,2022-07-21 12:05:00-04:00,target,12586.9,5,125367.5,495.3,0.3951,535.0,0.4267,295.0,0.2353,-6165.2,-6.1652
232,Entry long,2022-07-27 10:15:00-04:00,ORB close above 30m high,12416.25,5,124162.5,,,,,,,,
232,Exit long,2022-07-27 12:25:00-04:00,target,12472.0,5,124162.5,551.3,0.444,595.0,0.4792,285.0,0.2295,-5613.9,-5.6139
233,Entry long,2022-07-28 11:30:00-04:00,ORB close above 30m high,12665.75,5,126657.5,,,,,,,,
233,Exit long,2022-07-28 14:00:00-04:00,time,12729.0,5,126657.5,626.3,0.4945,727.5,0.5744,422.5,0.3336,-4987.6,-4.9876
234,Entry long,2022-07-29 10:05:00-04:00,ORB close above 30m high,12895.75,5,128957.5,,,,,,,,
234,Exit long,2022-07-29 14:00:00-04:00,time,12925.0,5,128957.5,286.3,0.222,427.5,0.3315,1095.0,0.8491,-4701.3,-4.7013
235,Entry long,2022-08-01 10:10:00-04:00,ORB close above 30m high,13043.25,5,130432.5,,,,,,,,
235,Exit long,2022-08-01 14:00:00-04:00,time,12933.0,5,130432.5,-1108.7,-0.85,652.5,0.5003,1457.5,1.1174,-5810.0,-5.81
236,Entry long,2022-08-02 10:55:00-04:00,ORB close above 30m high,12998.0,5,129980.0,,,,,,,,
236,Exit long,2022-08-02 12:20:00-04:00,target,13055.75,5,129980.0,571.3,0.4395,775.0,0.5962,767.5,0.5905,-5238.7,-5.2387
237,Entry long,2022-08-03 10:05:00-04:00,ORB close above 30m high,13146.0,5,131460.0,,,,,,,,
237,Exit long,2022-08-03 11:35:00-04:00,target,13208.45,5,131460.0,618.3,0.4703,645.0,0.4906,852.5,0.6485,-4620.4,-4.6204
238,Entry long,2022-08-05 10:05:00-04:00,ORB close above 30m high,13228.25,5,132282.5,,,,,,,,
238,Exit long,2022-08-05 10:10:00-04:00,target,13273.6,5,132282.5,447.3,0.3381,587.5,0.4441,167.5,0.1266,-4173.1,-4.1731
239,Entry long,2022-08-10 11:05:00-04:00,ORB close above 30m high,13368.75,5,133687.5,,,,,,,,
239,Exit long,2022-08-10 14:00:00-04:00,time,13370.75,5,133687.5,13.8,0.0103,207.5,0.1552,525.0,0.3927,-4159.3,-4.1593
240,Entry long,2022-08-11 10:05:00-04:00,ORB close above 30m high,13527.25,5,135272.5,,,,,,,,
240,Exit long,2022-08-11 10:10:00-04:00,target,13555.5,5,135272.5,276.3,0.2043,305.0,0.2255,15.0,0.0111,-3883.0,-3.883
241,Entry long,2022-08-12 10:20:00-04:00,ORB close above 30m high,13458.5,5,134585.0,,,,,,,,
241,Exit long,2022-08-12 12:20:00-04:00,target,13498.05,5,134585.0,389.3,0.2893,400.0,0.2972,732.5,0.5443,-3493.7,-3.4937
242,Entry long,2022-08-15 11:45:00-04:00,ORB close above 30m high,13636.75,5,136367.5,,,,,,,,
242,Exit long,2022-08-15 14:00:00-04:00,time,13661.0,5,136367.5,236.3,0.1733,407.5,0.2988,10.0,0.0073,-3257.4,-3.2574
243,Entry long,2022-08-16 11:55:00-04:00,ORB close above 30m high,13672.5,5,136725.0,,,,,,,,
243,Exit long,2022-08-16 14:00:00-04:00,time,13698.25,5,136725.0,251.3,0.1838,432.5,0.3163,412.5,0.3017,-3006.1,-3.0061
244,Entry long,2022-08-18 10:45:00-04:00,ORB close above 30m high,13507.0,5,135070.0,,,,,,,,
244,Exit long,2022-08-18 11:10:00-04:00,target,13535.15,5,135070.0,275.3,0.2038,290.0,0.2147,205.0,0.1518,-2730.8,-2.7308
245,Entry long,2022-08-23 10:10:00-04:00,ORB close above 30m high,12994.5,5,129945.0,,,,,,,,
245,Exit long,2022-08-23 14:00:00-04:00,time,12919.75,5,129945.0,-753.7,-0.58,245.0,0.1885,1197.5,0.9215,-3484.5,-3.4845
246,Entry long,2022-08-24 10:20:00-04:00,ORB close above 30m high,12941.5,5,129415.0,,,,,,,,
246,Exit long,2022-08-24 11:15:00-04:00,target,12976.95,5,129415.0,348.3,0.2691,497.5,0.3844,340.0,0.2627,-3136.2,-3.1362
247,Entry long,2022-08-25 10:05:00-04:00,ORB close above 30m high,13055.25,5,130552.5,,,,,,,,
247,Exit long,2022-08-25 10:20:00-04:00,target,13092.3,5,130552.5,364.3,0.279,375.0,0.2872,142.5,0.1092,-2771.9,-2.7719
248,Entry long,2022-08-26 10:10:00-04:00,ORB close above 30m high,13177.75,5,131777.5,,,,,,,,
248,Exit long,2022-08-26 10:20:00-04:00,stop,13084.5,5,131777.5,-938.7,-0.7123,207.5,0.1575,1530.0,1.161,-3710.6,-3.7106
249,Entry long,2022-09-02 10:35:00-04:00,ORB close above 30m high,12432.25,5,124322.5,,,,,,,,
249,Exit long,2022-09-02 12:30:00-04:00,stop,12291.0,5,124322.5,-1418.7,-1.1411,297.5,0.2393,1572.5,1.2649,-5129.3,-5.1293
250,Entry long,2022-09-05 10:35:00-04:00,ORB close above 30m high,12154.25,5,121542.5,,,,,,,,
250,Exit long,2022-09-05 18:00:00-04:00,time,12134.75,5,121542.5,-201.2,-0.1655,130.0,0.107,392.5,0.3229,-5330.5,-5.3305
251,Entry long,2022-09-07 11:15:00-04:00,ORB close above 30m high,12140.75,5,121407.5,,,,,,,,
251,Exit long,2022-09-07 13:00:00-04:00,target,12182.5,5,121407.5,411.3,0.3388,427.5,0.3521,397.5,0.3274,-4919.2,-4.9192
252,Entry long,2022-09-08 10:35:00-04:00,ORB close above 30m high,12275.25,5,122752.5,,,,,,,,
252,Exit long,2022-09-08 10:55:00-04:00,target,12338.3,5,122752.5,624.3,0.5086,665.0,0.5417,130.0,0.1059,-4294.9,-4.2949
253,Entry long,2022-09-09 10:05:00-04:00,ORB close above 30m high,12524.5,5,125245.0,,,,,,,,
253,Exit long,2022-09-09 10:40:00-04:00,target,12567.75,5,125245.0,426.3,0.3404,450.0,0.3593,372.5,0.2974,-3868.6,-3.8686
254,Entry long,2022-09-12 10:10:00-04:00,ORB close above 30m high,12743.25,5,127432.5,,,,,,,,
254,Exit long,2022-09-12 12:10:00-04:00,stop,12640.75,5,127432.5,-1031.2,-0.8092,127.5,0.1001,1057.5,0.8299,-4899.8,-4.8998
255,Entry long,2022-09-14 10:55:00-04:00,ORB close above 30m high,12224.25,5,122242.5,,,,,,,,
255,Exit long,2022-09-14 14:00:00-04:00,time,12148.0,5,122242.5,-768.7,-0.6288,285.0,0.2331,947.5,0.7751,-5668.5,-5.6685
256,Entry long,2022-09-16 10:35:00-04:00,ORB close above 30m high,11898.75,5,118987.5,,,,,,,,
256,Exit long,2022-09-16 12:25:00-04:00,stop,11781.5,5,118987.5,-1178.7,-0.9906,165.0,0.1387,1207.5,1.0148,-6847.2,-6.8472
257,Entry long,2022-09-19 10:40:00-04:00,ORB close above 30m high,11946.25,5,119462.5,,,,,,,,
257,Exit long,2022-09-19 14:00:00-04:00,time,11918.0,5,119462.5,-288.7,-0.2417,325.0,0.2721,980.0,0.8203,-7135.9,-7.1359
258,Entry long,2022-09-20 10:55:00-04:00,ORB close above 30m high,11953.5,5,119535.0,,,,,,,,
258,Exit long,2022-09-20 11:05:00-04:00,target,11980.05,5,119535.0,259.3,0.2169,290.0,0.2426,130.0,0.1088,-6876.6,-6.8766
259,Entry long,2022-09-21 12:35:00-04:00,ORB close above 30m high,12004.75,5,120047.5,,,,,,,,
259,Exit long,2022-09-21 13:55:00-04:00,target,12031.1,5,120047.5,257.3,0.2143,612.5,0.5102,397.5,0.3311,-6619.3,-6.6193
260,Entry long,2022-09-26 10:20:00-04:00,ORB close above 30m high,11526.5,5,115265.0,,,,,,,,
260,Exit long,2022-09-26 12:25:00-04:00,stop,11342.25,5,115265.0,-1848.7,-1.6039,90.0,0.0781,2082.5,1.8067,-8468.0,-8.468
261,Entry long,2022-09-28 10:25:00-04:00,ORB close above 30m high,11371.75,5,113717.5,,,,,,,,
261,Exit long,2022-09-28 10:35:00-04:00,target,11413.8,5,113717.5,414.3,0.3643,512.5,0.4507,125.0,0.1099,-8053.7,-8.0537
262,Entry long,2022-09-30 10:35:00-04:00,ORB close above 30m high,11299.5,5,112995.0,,,,,,,,
262,Exit long,2022-09-30 14:00:00-04:00,time,11160.5,5,112995.0,-1396.2,-1.2356,575.0,0.5089,1530.0,1.354,-9449.9,-9.4499
263,Entry long,2022-10-03 10:05:00-04:00,ORB close above 30m high,11157.5,5,111575.0,,,,,,,,
263,Exit long,2022-10-03 10:25:00-04:00,target,11204.25,5,111575.0,461.3,0.4134,565.0,0.5064,225.0,0.2017,-8988.6,-8.9886
264,Entry long,2022-10-04 10:05:00-04:00,ORB close above 30m high,11650.0,5,116500.0,,,,,,,,
264,Exit long,2022-10-04 14:00:00-04:00,time,11607.75,5,116500.0,-428.7,-0.368,262.5,0.2253,1260.0,1.0815,-9417.3,-9.4173
265,Entry long,2022-10-05 12:50:00-04:00,ORB close above 30m high,11560.75,5,115607.5,,,,,,,,
265,Exit long,2022-10-05 13:15:00-04:00,target,11599.1,5,115607.5,377.3,0.3264,427.5,0.3698,230.0,0.1989,-9040.0,-9.04
266,Entry long,2022-10-11 11:45:00-04:00,ORB close above 30m high,10972.0,5,109720.0,,,,,,,,
266,Exit long,2022-10-11 12:45:00-04:00,target,11032.15,5,109720.0,595.3,0.5426,677.5,0.6175,590.0,0.5377,-8444.7,-8.4447
267,Entry long,2022-10-13 10:05:00-04:00,ORB close above 30m high,10638.5,5,106385.0,,,,,,,,
267,Exit long,2022-10-13 10:55:00-04:00,target,10699.85,5,106385.0,607.3,0.5709,705.0,0.6627,375.0,0.3525,-7837.4,-7.8374
268,Entry long,2022-10-17 10:15:00-04:00,ORB close above 30m high,11127.5,5,111275.0,,,,,,,,
268,Exit long,2022-10-17 14:00:00-04:00,time,11128.25,5,111275.0,1.3,0.0012,180.0,0.1618,1050.0,0.9436,-7836.1,-7.8361
269,Entry long,2022-10-19 10:20:00-04:00,ORB close above 30m high,11224.25,5,112242.5,,,,,,,,
269,Exit long,2022-10-19 10:20:00-04:00,target,11269.6,5,112242.5,447.3,0.3985,507.5,0.4521,50.0,0.0445,-7388.8,-7.3888
270,Entry long,2022-10-20 10:05:00-04:00,ORB close above 30m high,11245.5,5,112455.0,,,,,,,,
270,Exit long,2022-10-20 10:15:00-04:00,target,11306.85,5,112455.0,607.3,0.54,700.0,0.6225,32.5,0.0289,-6781.5,-6.7815
271,Entry long,2022-10-21 10:05:00-04:00,ORB close above 30m high,11165.0,5,111650.0,,,,,,,,
271,Exit long,2022-10-21 12:00:00-04:00,target,11232.85,5,111650.0,672.3,0.6021,832.5,0.7456,1140.0,1.021,-6109.2,-6.1092
272,Entry long,2022-10-24 12:20:00-04:00,ORB close above 30m high,11442.5,5,114425.0,,,,,,,,
272,Exit long,2022-10-24 14:00:00-04:00,time,11395.0,5,114425.0,-481.2,-0.4205,117.5,0.1027,692.5,0.6052,-6590.4,-6.5904
273,Entry long,2022-10-25 11:10:00-04:00,ORB close above 30m high,11671.0,5,116710.0,,,,,,,,
273,Exit long,2022-10-25 14:00:00-04:00,time,11647.0,5,116710.0,-246.2,-0.211,350.0,0.2999,560.0,0.4798,-6836.6,-6.8366
274,Entry long,2022-10-26 10:10:00-04:00,ORB close above 30m high,11531.25,5,115312.5,,,,,,,,
274,Exit long,2022-10-26 10:15:00-04:00,target,11570.3,5,115312.5,384.3,0.3333,407.5,0.3534,167.5,0.1453,-6452.3,-6.4523
275,Entry long,2022-10-28 10:30:00-04:00,ORB close above 30m high,11381.0,5,113810.0,,,,,,,,
275,Exit long,2022-10-28 10:45:00-04:00,target,11450.65,5,113810.0,690.3,0.6065,905.0,0.7952,40.0,0.0351,-5762.0,-5.762
276,Entry long,2022-11-03 10:50:00-04:00,ORB close above 30m high,10873.75,5,108737.5,,,,,,,,
276,Exit long,2022-11-03 14:00:00-04:00,time,10778.25,5,108737.5,-961.2,-0.884,147.5,0.1356,1220.0,1.122,-6723.2,-6.7232
277,Entry long,2022-11-08 10:20:00-05:00,ORB close above 30m high,11087.75,5,110877.5,,,,,,,,
277,Exit long,2022-11-08 10:35:00-05:00,target,11120.0,5,110877.5,316.3,0.2853,390.0,0.3517,52.5,0.0473,-6406.9,-6.4069
278,Entry long,2022-11-10 11:15:00-05:00,ORB close above 30m high,11455.25,5,114552.5,,,,,,,,
278,Exit long,2022-11-10 14:00:00-05:00,time,11500.5,5,114552.5,446.3,0.3896,577.5,0.5041,330.0,0.2881,-5960.6,-5.9606
279,Entry long,2022-11-11 10:15:00-05:00,ORB close above 30m high,11712.5,5,117125.0,,,,,,,,
279,Exit long,2022-11-11 10:45:00-05:00,target,11769.45,5,117125.0,563.3,0.4809,625.0,0.5336,70.0,0.0598,-5397.3,-5.3973
280,Entry long,2022-11-14 10:10:00-05:00,ORB close above 30m high,11789.0,5,117890.0,,,,,,,,
280,Exit long,2022-11-14 11:45:00-05:00,target,11823.55,5,117890.0,339.3,0.2878,382.5,0.3245,605.0,0.5132,-5058.0,-5.058
281,Entry long,2022-11-17 10:20:00-05:00,ORB close above 30m high,11659.5,5,116595.0,,,,,,,,
281,Exit long,2022-11-17 11:55:00-05:00,target,11705.65,5,116595.0,455.3,0.3905,515.0,0.4417,615.0,0.5275,-4602.7,-4.6027
282,Entry long,2022-11-22 10:50:00-05:00,ORB close above 30m high,11642.25,5,116422.5,,,,,,,,
282,Exit long,2022-11-22 13:10:00-05:00,target,11687.9,5,116422.5,450.3,0.3868,467.5,0.4016,262.5,0.2255,-4152.4,-4.1524
283,Entry long,2022-11-23 10:15:00-05:00,ORB close above 30m high,11854.75,5,118547.5,,,,,,,,
283,Exit long,2022-11-23 12:55:00-05:00,stop,11744.5,5,118547.5,-1108.7,-0.9352,332.5,0.2805,1130.0,0.9532,-5261.1,-5.2611
284,Entry long,2022-11-24 11:00:00-05:00,ORB close above 30m high,11920.0,5,119200.0,,,,,,,,
284,Exit long,2022-11-24 18:00:00-05:00,time,11912.0,5,119200.0,-86.2,-0.0723,50.0,0.0419,100.0,0.0839,-5347.3,-5.3473
285,Entry long,2022-11-30 13:35:00-05:00,ORB close above 30m high,11609.75,5,116097.5,,,,,,,,
285,Exit long,2022-11-30 13:35:00-05:00,target,11645.9,5,116097.5,355.3,0.306,990.0,0.8527,15.0,0.0129,-4992.0,-4.992
286,Entry long,2022-12-02 10:15:00-05:00,ORB close above 30m high,11943.0,5,119430.0,,,,,,,,
286,Exit long,2022-12-02 14:00:00-05:00,time,11936.25,5,119430.0,-73.7,-0.0617,367.5,0.3077,642.5,0.538,-5065.7,-5.0657
287,Entry long,2022-12-08 10:05:00-05:00,ORB close above 30m high,11611.0,5,116110.0,,,,,,,,
287,Exit long,2022-12-08 10:30:00-05:00,target,11664.35,5,116110.0,527.3,0.4541,537.5,0.4629,35.0,0.0301,-4538.4,-4.5384
288,Entry long,2022-12-09 10:40:00-05:00,ORB close above 30m high,11669.0,5,116690.0,,,,,,,,
288,Exit long,2022-12-09 11:50:00-05:00,target,11716.35,5,116690.0,467.3,0.4005,485.0,0.4156,402.5,0.3449,-4071.1,-4.0711
289,Entry long,2022-12-14 10:05:00-05:00,ORB close above 30m high,12016.75,5,120167.5,,,,,,,,
289,Exit long,2022-12-14 11:00:00-05:00,target,12051.2,5,120167.5,338.3,0.2815,390.0,0.3245,110.0,0.0915,-3732.8,-3.7328
290,Entry long,2022-12-20 10:05:00-05:00,ORB close above 30m high,11179.0,5,111790.0,,,,,,,,
290,Exit long,2022-12-20 10:30:00-05:00,target,11223.85,5,111790.0,442.3,0.3957,682.5,0.6105,210.0,0.1879,-3290.5,-3.2905
291,Entry long,2022-12-21 10:10:00-05:00,ORB close above 30m high,11289.5,5,112895.0,,,,,,,,
291,Exit long,2022-12-21 10:35:00-05:00,target,11332.65,5,112895.0,425.3,0.3767,502.5,0.4451,125.0,0.1107,-2865.2,-2.8652
292,Entry long,2022-12-23 10:35:00-05:00,ORB close above 30m high,11071.0,5,110710.0,,,,,,,,
292,Exit long,2022-12-23 14:00:00-05:00,time,11038.25,5,110710.0,-333.7,-0.3014,322.5,0.2913,957.5,0.8649,-3198.9,-3.1989
293,Entry long,2022-12-29 10:15:00-05:00,ORB close above 30m high,10987.75,5,109877.5,,,,,,,,
293,Exit long,2022-12-29 11:30:00-05:00,target,11040.0,5,109877.5,516.3,0.4699,615.0,0.5597,5.0,0.0046,-2682.6,-2.6826
294,Entry long,2022-12-30 10:50:00-05:00,ORB close above 30m high,10966.5,5,109665.0,,,,,,,,
294,Exit long,2022-12-30 14:00:00-05:00,time,10906.75,5,109665.0,-603.7,-0.5505,0.0,0.0,917.5,0.8366,-3286.3,-3.2863
295,Entry long,2023-01-04 11:40:00-05:00,ORB close above 30m high,11057.75,5,110577.5,,,,,,,,
295,Exit long,2023-01-04 14:00:00-05:00,time,11001.0,5,110577.5,-573.7,-0.5188,102.5,0.0927,1175.0,1.0626,-3860.0,-3.86
296,Entry long,2023-01-06 10:40:00-05:00,ORB close above 30m high,10954.75,5,109547.5,,,,,,,,
296,Exit long,2023-01-06 11:50:00-05:00,target,11029.8,5,109547.5,744.3,0.6794,887.5,0.8102,177.5,0.162,-3115.7,-3.1157
297,Entry long,2023-01-09 10:05:00-05:00,ORB close above 30m high,11323.5,5,113235.0,,,,,,,,
297,Exit long,2023-01-09 11:10:00-05:00,target,11374.85,5,113235.0,507.3,0.448,552.5,0.4879,435.0,0.3842,-2608.4,-2.6084
298,Entry long,2023-01-10 10:15:00-05:00,ORB close above 30m high,11256.5,5,112565.0,,,,,,,,
298,Exit long,2023-01-10 10:40:00-05:00,stop,11137.5,5,112565.0,-1196.2,-1.0627,267.5,0.2376,1310.0,1.1638,-3804.6,-3.8046
299,Entry long,2023-01-11 10:25:00-05:00,ORB close above 30m high,11372.0,5,113720.0,,,,,,,,
299,Exit long,2023-01-11 12:15:00-05:00,target,11404.25,5,113720.0,316.3,0.2781,415.0,0.3649,587.5,0.5166,-3488.3,-3.4883
300,Entry long,2023-01-12 12:20:00-05:00,ORB close above 30m high,11522.5,5,115225.0,,,,,,,,
300,Exit long,2023-01-12 14:00:00-05:00,time,11565.0,5,115225.0,418.8,0.3635,527.5,0.4578,705.0,0.6118,-3069.5,-3.0695
301,Entry long,2023-01-13 10:10:00-05:00,ORB close above 30m high,11483.25,5,114832.5,,,,,,,,
301,Exit long,2023-01-13 10:10:00-05:00,target,11512.9,5,114832.5,290.3,0.2528,317.5,0.2765,17.5,0.0152,-2779.2,-2.7792
302,Entry long,2023-01-17 10:05:00-05:00,ORB close above 30m high,11663.0,5,116630.0,,,,,,,,
302,Exit long,2023-01-17 14:00:00-05:00,time,11645.0,5,116630.0,-186.2,-0.1597,220.0,0.1886,1080.0,0.926,-2965.4,-2.9654
303,Entry long,2023-01-18 10:05:00-05:00,ORB close above 30m high,11739.25,5,117392.5,,,,,,,,
303,Exit long,2023-01-18 10:35:00-05:00,stop,11672.0,5,117392.5,-678.7,-0.5781,202.5,0.1725,882.5,0.7518,-3644.1,-3.6441
304,Entry long,2023-01-20 10:10:00-05:00,ORB close above 30m high,11475.25,5,114752.5,,,,,,,,
304,Exit long,2023-01-20 11:10:00-05:00,target,11511.9,5,114752.5,360.3,0.314,407.5,0.3551,245.0,0.2135,-3283.8,-3.2838
305,Entry long,2023-01-23 10:20:00-05:00,ORB close above 30m high,11827.0,5,118270.0,,,,,,,,
305,Exit long,2023-01-23 11:00:00-05:00,target,11888.85,5,118270.0,612.3,0.5177,892.5,0.7546,87.5,0.074,-2671.5,-2.6715
306,Entry long,2023-01-25 11:20:00-05:00,ORB close above 30m high,11729.75,5,117297.5,,,,,,,,
306,Exit long,2023-01-25 11:50:00-05:00,target,11772.5,5,117297.5,421.3,0.3592,530.0,0.4518,175.0,0.1492,-2250.2,-2.2502
307,Entry long,2023-01-27 10:05:00-05:00,ORB close above 30m high,12155.75,5,121557.5,,,,,,,,
307,Exit long,2023-01-27 11:40:00-05:00,target,12201.1,5,121557.5,447.3,0.368,465.0,0.3825,632.5,0.5203,-1802.9,-1.8029
308,Entry long,2023-01-30 10:05:00-05:00,ORB close above 30m high,12136.0,5,121360.0,,,,,,,,
308,Exit long,2023-01-30 10:20:00-05:00,stop,12059.0,5,121360.0,-776.2,-0.6396,75.0,0.0618,800.0,0.6592,-2579.1,-2.5791
309,Entry long,2023-01-31 10:30:00-05:00,ORB close above 30m high,12059.5,5,120595.0,,,,,,,,
309,Exit long,2023-01-31 11:35:00-05:00,target,12095.35,5,120595.0,352.3,0.2921,362.5,0.3006,135.0,0.1119,-2226.8,-2.2268
310,Entry long,2023-02-02 10:35:00-05:00,ORB close above 30m high,12790.5,5,127905.0,,,,,,,,
310,Exit long,2023-02-02 12:35:00-05:00,target,12838.85,5,127905.0,477.3,0.3732,507.5,0.3968,192.5,0.1505,-1749.5,-1.7495
311,Entry long,2023-02-03 10:15:00-05:00,ORB close above 30m high,12756.0,5,127560.0,,,,,,,,
311,Exit long,2023-02-03 10:35:00-05:00,target,12834.85,5,127560.0,782.3,0.6133,897.5,0.7036,152.5,0.1196,-967.2,-0.9672
312,Entry long,2023-02-06 10:05:00-05:00,ORB close above 30m high,12572.0,5,125720.0,,,,,,,,
312,Exit long,2023-02-06 10:20:00-05:00,stop,12501.75,5,125720.0,-708.7,-0.5637,202.5,0.1611,867.5,0.69,-1675.9,-1.6759
313,Entry long,2023-02-07 11:15:00-05:00,ORB close above 30m high,12555.5,5,125555.0,,,,,,,,
313,Exit long,2023-02-07 11:30:00-05:00,target,12582.05,5,125555.0,259.3,0.2065,392.5,0.3126,125.0,0.0996,-1416.6,-1.4166
314,Entry long,2023-02-10 10:20:00-05:00,ORB close above 30m high,12397.0,5,123970.0,,,,,,,,
314,Exit long,2023-02-10 10:50:00-05:00,stop,12311.5,5,123970.0,-861.2,-0.6947,247.5,0.1996,895.0,0.7219,-2277.8,-2.2778
315,Entry long,2023-02-13 10:50:00-05:00,ORB close above 30m high,12486.0,5,124860.0,,,,,,,,
315,Exit long,2023-02-13 11:40:00-05:00,target,12539.35,5,124860.0,527.3,0.4223,585.0,0.4685,35.0,0.028,-1750.5,-1.7505
316,Entry long,2023-02-14 10:05:00-05:00,ORB close above 30m high,12631.25,5,126312.5,,,,,,,,
316,Exit long,2023-02-14 14:00:00-05:00,time,12583.5,5,126312.5,-483.7,-0.3829,420.0,0.3325,2137.5,1.6922,-2234.2,-2.2342
317,Entry long,2023-02-15 11:30:00-05:00,ORB close above 30m high,12632.75,5,126327.5,,,,,,,,
317,Exit long,2023-02-15 11:45:00-05:00,target,12668.1,5,126327.5,347.3,0.2749,397.5,0.3147,270.0,0.2137,-1886.9,-1.8869
318,Entry long,2023-02-16 10:25:00-05:00,ORB close above 30m high,12605.0,5,126050.0,,,,,,,,
318,Exit long,2023-02-16 10:35:00-05:00,target,12648.15,5,126050.0,425.3,0.3374,435.0,0.3451,112.5,0.0893,-1461.6,-1.4616
319,Entry long,2023-02-27 10:05:00-05:00,ORB close above 30m high,12156.25,5,121562.5,,,,,,,,
319,Exit long,2023-02-27 10:05:00-05:00,target,12175.9,5,121562.5,190.3,0.1565,332.5,0.2735,12.5,0.0103,-1271.3,-1.2713
320,Entry long,2023-02-28 10:05:00-05:00,ORB close above 30m high,12113.75,5,121137.5,,,,,,,,
320,Exit long,2023-02-28 12:50:00-05:00,target,12142.5,5,121137.5,281.3,0.2322,342.5,0.2827,680.0,0.5613,-990.0,-0.99
321,Entry long,2023-03-02 10:05:00-05:00,ORB close above 30m high,11923.75,5,119237.5,,,,,,,,
321,Exit long,2023-03-02 13:35:00-05:00,target,11954.5,5,119237.5,301.3,0.2527,565.0,0.4738,515.0,0.4319,-688.7,-0.6887
322,Entry long,2023-03-03 10:25:00-05:00,ORB close above 30m high,12207.25,5,122072.5,,,,,,,,
322,Exit long,2023-03-03 12:50:00-05:00,target,12245.5,5,122072.5,376.3,0.3083,460.0,0.3768,367.5,0.3011,-312.4,-0.3124
323,Entry long,2023-03-06 10:15:00-05:00,ORB close above 30m high,12409.25,5,124092.5,,,,,,,,
323,Exit long,2023-03-06 10:15:00-05:00,target,12433.8,5,124092.5,239.3,0.1928,292.5,0.2357,52.5,0.0423,-73.1,-0.0731
324,Entry long,2023-03-08 10:35:00-05:00,ORB close above 30m high,12217.25,5,122172.5,,,,,,,,
324,Exit long,2023-03-08 11:45:00-05:00,target,12241.9,5,122172.5,240.3,0.1967,347.5,0.2844,552.5,0.4522,167.2,0.1672
325,Entry long,2023-03-09 10:05:00-05:00,ORB close above 30m high,12342.25,5,123422.5,,,,,,,,
325,Exit long,2023-03-09 12:45:00-05:00,stop,12230.0,5,123422.5,-1128.7,-0.9145,115.0,0.0932,1262.5,1.0229,-961.5,-0.9615
326,Entry long,2023-03-10 11:30:00-05:00,ORB close above 30m high,12045.25,5,120452.5,,,,,,,,
326,Exit long,2023-03-10 13:25:00-05:00,stop,11865.5,5,120452.5,-1803.7,-1.4974,342.5,0.2843,2062.5,1.7123,-2765.2,-2.7652
327,Entry long,2023-03-13 10:35:00-04:00,ORB close above 30m high,11929.75,5,119297.5,,,,,,,,
327,Exit long,2023-03-13 11:10:00-04:00,target,12019.4,5,119297.5,890.3,0.7463,952.5,0.7984,870.0,0.7293,-1874.9,-1.8749
328,Entry long,2023-03-14 10:25:00-04:00,ORB close above 30m high,12163.5,5,121635.0,,,,,,,,
328,Exit long,2023-03-14 11:15:00-04:00,target,12200.55,5,121635.0,364.3,0.2995,407.5,0.335,72.5,0.0596,-1510.6,-1.5106
329,Entry long,2023-03-15 11:50:00-04:00,ORB close above 30m high,12299.25,5,122992.5,,,,,,,,
329,Exit long,2023-03-15 12:55:00-04:00,stop,12193.5,5,122992.5,-1063.7,-0.8648,20.0,0.0163,1172.5,0.9533,-2574.3,-2.5743
330,Entry long,2023-03-16 10:45:00-04:00,ORB close above 30m high,12444.25,5,124442.5,,,,,,,,
330,Exit long,2023-03-16 10:45:00-04:00,target,12496.1,5,124442.5,512.3,0.4117,542.5,0.4359,35.0,0.0281,-2062.0,-2.062
331,Entry long,2023-03-17 10:05:00-04:00,ORB close above 30m high,12793.25,5,127932.5,,,,,,,,
331,Exit long,2023-03-17 10:25:00-04:00,stop,12690.75,5,127932.5,-1031.2,-0.8061,40.0,0.0313,1225.0,0.9575,-3093.2,-3.0932
332,Entry long,2023-03-20 10:50:00-04:00,ORB close above 30m high,12635.25,5,126352.5,,,,,,,,
332,Exit long,2023-03-20 11:25:00-04:00,target,12677.4,5,126352.5,415.3,0.3287,595.0,0.4709,202.5,0.1603,-2677.9,-2.6779
333,Entry long,2023-03-22 10:25:00-04:00,ORB close above 30m high,12901.25,5,129012.5,,,,,,,,
333,Exit long,2023-03-22 10:25:00-04:00,target,12921.1,5,129012.5,192.3,0.1491,367.5,0.2849,20.0,0.0155,-2485.6,-2.4856
334,Entry long,2023-03-23 10:10:00-04:00,ORB close above 30m high,12912.5,5,129125.0,,,,,,,,
334,Exit long,2023-03-23 10:15:00-04:00,target,12938.45,5,129125.0,253.3,0.1962,325.0,0.2517,22.5,0.0174,-2232.3,-2.2323
335,Entry long,2023-03-29 10:05:00-04:00,ORB close above 30m high,12928.5,5,129285.0,,,,,,,,
335,Exit long,2023-03-29 10:30:00-04:00,stop,12881.0,5,129285.0,-481.2,-0.3722,32.5,0.0251,510.0,0.3945,-2713.5,-2.7135
336,Entry long,2023-03-30 10:30:00-04:00,ORB close above 30m high,13093.5,5,130935.0,,,,,,,,
336,Exit long,2023-03-30 13:30:00-04:00,stop,13036.75,5,130935.0,-573.7,-0.4382,185.0,0.1413,610.0,0.4659,-3287.2,-3.2872
337,Entry long,2023-03-31 10:35:00-04:00,ORB close above 30m high,13168.25,5,131682.5,,,,,,,,
337,Exit long,2023-03-31 11:50:00-04:00,target,13204.1,5,131682.5,352.3,0.2675,425.0,0.3227,40.0,0.0304,-2934.9,-2.9349
338,Entry long,2023-04-03 10:25:00-04:00,ORB close above 30m high,13264.25,5,132642.5,,,,,,,,
338,Exit long,2023-04-03 10:50:00-04:00,stop,13197.5,5,132642.5,-673.7,-0.5079,27.5,0.0207,830.0,0.6257,-3608.6,-3.6086
339,Entry long,2023-04-04 10:05:00-04:00,ORB close above 30m high,13303.0,5,133030.0,,,,,,,,
339,Exit long,2023-04-04 11:05:00-04:00,stop,13229.75,5,133030.0,-738.7,-0.5553,237.5,0.1785,747.5,0.5619,-4347.3,-4.3473
340,Entry long,2023-04-06 10:10:00-04:00,ORB close above 30m high,13026.5,5,130265.0,,,,,,,,
340,Exit long,2023-04-06 11:05:00-04:00,target,13055.85,5,130265.0,287.3,0.2206,415.0,0.3186,190.0,0.1459,-4060.0,-4.06
341,Entry long,2023-04-10 11:10:00-04:00,ORB close above 30m high,13052.75,5,130527.5,,,,,,,,
341,Exit long,2023-04-10 11:40:00-04:00,target,13086.6,5,130527.5,332.3,0.2546,355.0,0.272,17.5,0.0134,-3727.7,-3.7277
342,Entry long,2023-04-13 10:10:00-04:00,ORB close above 30m high,13096.25,5,130962.5,,,,,,,,
342,Exit long,2023-04-13 10:15:00-04:00,target,13126.6,5,130962.5,297.3,0.227,425.0,0.3245,65.0,0.0496,-3430.4,-3.4304
343,Entry long,2023-04-19 10:40:00-04:00,ORB close above 30m high,13136.0,5,131360.0,,,,,,,,
343,Exit long,2023-04-19 11:00:00-04:00,target,13158.85,5,131360.0,222.3,0.1692,247.5,0.1884,120.0,0.0914,-3208.1,-3.2081
344,Entry long,2023-04-20 10:10:00-04:00,ORB close above 30m high,13137.5,5,131375.0,,,,,,,,
344,Exit long,2023-04-20 12:55:00-04:00,target,13173.95,5,131375.0,358.3,0.2727,385.0,0.2931,457.5,0.3482,-2849.8,-2.8498
345,Entry long,2023-04-21 11:35:00-04:00,ORB close above 30m high,13078.5,5,130785.0,,,,,,,,
345,Exit long,2023-04-21 14:00:00-04:00,time,13100.5,5,130785.0,213.8,0.1635,390.0,0.2982,295.0,0.2256,-2636.0,-2.636
346,Entry long,2023-04-26 11:10:00-04:00,ORB close above 30m high,12970.0,5,129700.0,,,,,,,,
346,Exit long,2023-04-26 12:00:00-04:00,target,12998.15,5,129700.0,275.3,0.2123,332.5,0.2564,40.0,0.0308,-2360.7,-2.3607
347,Entry long,2023-04-27 10:15:00-04:00,ORB close above 30m high,13077.5,5,130775.0,,,,,,,,
347,Exit long,2023-04-27 10:35:00-04:00,target,13102.95,5,130775.0,248.3,0.1899,322.5,0.2466,85.0,0.065,-2112.4,-2.1124
348,Entry long,2023-04-28 10:15:00-04:00,ORB close above 30m high,13266.0,5,132660.0,,,,,,,,
348,Exit long,2023-04-28 14:00:00-04:00,time,13276.75,5,132660.0,101.3,0.0764,287.5,0.2167,822.5,0.62,-2011.1,-2.0111
349,Entry long,2023-05-01 12:35:00-04:00,ORB close above 30m high,13334.5,5,133345.0,,,,,,,,
349,Exit long,2023-05-01 13:10:00-04:00,target,13353.65,5,133345.0,185.3,0.139,205.0,0.1537,85.0,0.0637,-1825.8,-1.8258
350,Entry long,2023-05-04 11:10:00-04:00,ORB close above 30m high,13089.75,5,130897.5,,,,,,,,
350,Exit long,2023-05-04 13:15:00-04:00,target,13114.7,5,130897.5,243.3,0.1859,282.5,0.2158,592.5,0.4526,-1582.5,-1.5825
351,Entry long,2023-05-05 10:05:00-04:00,ORB close above 30m high,13200.0,5,132000.0,,,,,,,,
351,Exit long,2023-05-05 10:10:00-04:00,target,13230.05,5,132000.0,294.3,0.223,327.5,0.2481,47.5,0.036,-1288.2,-1.2882
352,Entry long,2023-05-08 11:55:00-04:00,ORB close above 30m high,13321.0,5,133210.0,,,,,,,,
352,Exit long,2023-05-08 13:30:00-04:00,target,13344.75,5,133210.0,231.3,0.1736,277.5,0.2083,137.5,0.1032,-1056.9,-1.0569
353,Entry long,2023-05-10 10:10:00-04:00,ORB close above 30m high,13424.0,5,134240.0,,,,,,,,
353,Exit long,2023-05-10 10:45:00-04:00,stop,13321.25,5,134240.0,-1033.7,-0.77,100.0,0.0745,1075.0,0.8008,-2090.6,-2.0906
354,Entry long,2023-05-11 11:30:00-04:00,ORB close above 30m high,13434.75,5,134347.5,,,,,,,,
354,Exit long,2023-05-11 12:45:00-04:00,target,13459.5,5,134347.5,241.3,0.1796,250.0,0.1861,175.0,0.1303,-1849.3,-1.8493
355,Entry long,2023-05-15 11:25:00-04:00,ORB close above 30m high,13432.0,5,134320.0,,,,,,,,
355,Exit long,2023-05-15 13:00:00-04:00,target,13455.05,5,134320.0,224.3,0.167,247.5,0.1843,140.0,0.1042,-1625.0,-1.625
356,Entry long,2023-05-16 11:00:00-04:00,ORB close above 30m high,13519.25,5,135192.5,,,,,,,,
356,Exit long,2023-05-16 12:40:00-04:00,target,13552.9,5,135192.5,330.3,0.2443,350.0,0.2589,182.5,0.135,-1294.7,-1.2947
357,Entry long,2023-05-17 11:40:00-04:00,ORB close above 30m high,13540.75,5,135407.5,,,,,,,,
357,Exit long,2023-05-17 12:35:00-04:00,target,13566.8,5,135407.5,254.3,0.1878,367.5,0.2714,35.0,0.0258,-1040.4,-1.0404
358,Entry long,2023-05-18 10:10:00-04:00,ORB close above 30m high,13731.5,5,137315.0,,,,,,,,
358,Exit long,2023-05-18 10:20:00-04:00,target,13762.75,5,137315.0,306.3,0.2231,375.0,0.2731,62.5,0.0455,-734.1,-0.7341
359,Entry long,2023-05-25 11:15:00-04:00,ORB close above 30m high,13976.5,5,139765.0,,,,,,,,
359,Exit long,2023-05-25 14:00:00-04:00,time,13990.75,5,139765.0,136.3,0.0975,550.0,0.3935,552.5,0.3953,-597.8,-0.5978
360,Entry long,2023-05-26 10:05:00-04:00,ORB close above 30m high,14133.5,5,141335.0,,,,,,,,
360,Exit long,2023-05-26 10:20:00-04:00,target,14180.75,5,141335.0,466.3,0.3299,505.0,0.3573,72.5,0.0513,-131.5,-0.1315
361,Entry long,2023-05-29 10:25:00-04:00,ORB close above 30m high,14379.75,5,143797.5,,,,,,,,
361,Exit long,2023-05-29 10:30:00-04:00,target,14384.3,5,143797.5,39.3,0.0273,62.5,0.0435,2.5,0.0017,-92.2,-0.0922
362,Entry long,2023-06-01 10:05:00-04:00,ORB close above 30m high,14323.5,5,143235.0,,,,,,,,
362,Exit long,2023-06-01 10:40:00-04:00,target,14351.85,5,143235.0,277.3,0.1936,395.0,0.2758,507.5,0.3543,185.1,0.1851
363,Entry long,2023-06-05 10:55:00-04:00,ORB close above 30m high,14657.25,5,146572.5,,,,,,,,
363,Exit long,2023-06-05 13:00:00-04:00,target,14692.8,5,146572.5,349.3,0.2383,380.0,0.2593,132.5,0.0904,534.4,0.5344
364,Entry long,2023-06-06 10:25:00-04:00,ORB close above 30m high,14578.75,5,145787.5,,,,,,,,
364,Exit long,2023-06-06 11:55:00-04:00,target,14608.0,5,145787.5,286.3,0.1964,370.0,0.2538,387.5,0.2658,820.7,0.8207
365,Entry long,2023-06-08 10:15:00-04:00,ORB close above 30m high,14406.5,5,144065.0,,,,,,,,
365,Exit long,2023-06-08 10:40:00-04:00,target,14437.65,5,144065.0,305.3,0.2119,357.5,0.2482,152.5,0.1059,1126.0,1.126
366,Entry long,2023-06-09 10:15:00-04:00,ORB close above 30m high,14670.5,5,146705.0,,,,,,,,
366,Exit long,2023-06-09 11:25:00-04:00,stop,14556.25,5,146705.0,-1148.7,-0.783,175.0,0.1193,1235.0,0.8418,-22.7,-0.0227
367,Entry long,2023-06-12 10:50:00-04:00,ORB close above 30m high,14642.0,5,146420.0,,,,,,,,
367,Exit long,2023-06-12 11:35:00-04:00,target,14658.15,5,146420.0,155.3,0.1061,212.5,0.1451,395.0,0.2698,132.6,0.1326
368,Entry long,2023-06-14 10:05:00-04:00,ORB close above 30m high,15127.5,5,151275.0,,,,,,,,
368,Exit long,2023-06-14 10:15:00-04:00,target,15157.05,5,151275.0,289.3,0.1912,312.5,0.2066,47.5,0.0314,421.9,0.4219
369,Entry long,2023-06-15 10:10:00-04:00,ORB close above 30m high,15250.75,5,152507.5,,,,,,,,
369,Exit long,2023-06-15 11:35:00-04:00,target,15305.1,5,152507.5,537.3,0.3523,722.5,0.4737,355.0,0.2328,959.2,0.9592
370,Entry long,2023-06-22 10:15:00-04:00,ORB close above 30m high,15132.75,5,151327.5,,,,,,,,
370,Exit long,2023-06-22 14:00:00-04:00,time,15153.5,5,151327.5,201.3,0.133,480.0,0.3172,767.5,0.5072,1160.5,1.1605
371,Entry long,2023-06-23 12:20:00-04:00,ORB close above 30m high,15103.25,5,151032.5,,,,,,,,
371,Exit long,2023-06-23 13:20:00-04:00,target,15150.4,5,151032.5,465.3,0.3081,522.5,0.346,107.5,0.0712,1625.8,1.6258
372,Entry long,2023-06-26 10:15:00-04:00,ORB close above 30m high,15140.75,5,151407.5,,,,,,,,
372,Exit long,2023-06-26 11:05:00-04:00,stop,15024.0,5,151407.5,-1173.7,-0.7752,115.0,0.076,1247.5,0.8239,452.1,0.4521
373,Entry long,2023-06-27 11:30:00-04:00,ORB close above 30m high,14982.75,5,149827.5,,,,,,,,
373,Exit long,2023-06-27 12:00:00-04:00,target,15016.4,5,149827.5,330.3,0.2205,350.0,0.2336,87.5,0.0584,782.4,0.7824
374,Entry long,2023-06-28 10:20:00-04:00,ORB close above 30m high,15113.75,5,151137.5,,,,,,,,
374,Exit long,2023-06-28 10:30:00-04:00,target,15148.8,5,151137.5,344.3,0.2278,587.5,0.3887,132.5,0.0877,1126.7,1.1267
375,Entry long,2023-06-30 10:15:00-04:00,ORB close above 30m high,15336.75,5,153367.5,,,,,,,,
375,Exit long,2023-06-30 10:20:00-04:00,target,15375.9,5,153367.5,385.3,0.2512,397.5,0.2592,2.5,0.0016,1512.0,1.512
376,Entry long,2023-07-05 10:20:00-04:00,ORB close above 30m high,15407.0,5,154070.0,,,,,,,,
376,Exit long,2023-07-05 14:00:00-04:00,time,15370.75,5,154070.0,-368.7,-0.2393,247.5,0.1606,685.0,0.4446,1143.3,1.1433
377,Entry long,2023-07-06 13:00:00-04:00,ORB close above 30m high,15215.5,5,152155.0,,,,,,,,
377,Exit long,2023-07-06 14:00:00-04:00,time,15237.75,5,152155.0,216.3,0.1422,242.5,0.1594,240.0,0.1577,1359.6,1.3596
378,Entry long,2023-07-07 12:00:00-04:00,ORB close above 30m high,15281.0,5,152810.0,,,,,,,,
378,Exit long,2023-07-07 12:30:00-04:00,target,15317.75,5,152810.0,361.3,0.2364,417.5,0.2732,12.5,0.0082,1720.9,1.7209
379,Entry long,2023-07-11 12:00:00-04:00,ORB close above 30m high,15236.0,5,152360.0,,,,,,,,
379,Exit long,2023-07-11 14:00:00-04:00,time,15203.25,5,152360.0,-333.7,-0.219,140.0,0.0919,607.5,0.3987,1387.2,1.3872
380,Entry long,2023-07-12 10:10:00-04:00,ORB close above 30m high,15487.5,5,154875.0,,,,,,,,
380,Exit long,2023-07-12 11:35:00-04:00,stop,15407.75,5,154875.0,-803.7,-0.5189,202.5,0.1308,810.0,0.523,583.5,0.5835
381,Entry long,2023-07-13 12:00:00-04:00,ORB close above 30m high,15631.25,5,156312.5,,,,,,,,
381,Exit long,2023-07-13 13:25:00-04:00,target,15662.6,5,156312.5,307.3,0.1966,377.5,0.2415,65.0,0.0416,890.8,0.8908
382,Entry long,2023-07-14 10:10:00-04:00,ORB close above 30m high,15812.5,5,158125.0,,,,,,,,
382,Exit long,2023-07-14 10:15:00-04:00,target,15848.85,5,158125.0,357.3,0.226,405.0,0.2561,2.5,0.0016,1248.1,1.2481
383,Entry long,2023-07-17 11:35:00-04:00,ORB close above 30m high,15784.75,5,157847.5,,,,,,,,
383,Exit long,2023-07-17 13:45:00-04:00,target,15814.9,5,157847.5,295.3,0.1871,327.5,0.2075,245.0,0.1552,1543.4,1.5434
384,Entry long,2023-07-18 11:45:00-04:00,ORB close above 30m high,15831.75,5,158317.5,,,,,,,,
384,Exit long,2023-07-18 11:45:00-04:00,target,15870.8,5,158317.5,384.3,0.2427,475.0,0.3,5.0,0.0032,1927.7,1.9277
385,Entry long,2023-07-19 11:15:00-04:00,ORB close above 30m high,16041.75,5,160417.5,,,,,,,,
385,Exit long,2023-07-19 12:20:00-04:00,stop,15977.75,5,160417.5,-646.2,-0.4028,207.5,0.1293,660.0,0.4114,1281.5,1.2815
386,Entry long,2023-07-25 11:40:00-04:00,ORB close above 30m high,15672.5,5,156725.0,,,,,,,,
386,Exit long,2023-07-25 13:20:00-04:00,target,15705.95,5,156725.0,328.3,0.2095,350.0,0.2233,185.0,0.118,1609.8,1.6098
387,Entry long,2023-07-28 10:05:00-04:00,ORB close above 30m high,15824.75,5,158247.5,,,,,,,,
387,Exit long,2023-07-28 11:20:00-04:00,target,15868.2,5,158247.5,428.3,0.2707,445.0,0.2812,432.5,0.2733,2038.1,2.0381
388,Entry long,2023-08-01 10:40:00-04:00,ORB close above 30m high,15811.25,5,158112.5,,,,,,,,
388,Exit long,2023-08-01 10:50:00-04:00,target,15829.5,5,158112.5,176.3,0.1115,257.5,0.1629,100.0,0.0632,2214.4,2.2144
389,Entry long,2023-08-03 11:20:00-04:00,ORB close above 30m high,15473.25,5,154732.5,,,,,,,,
389,Exit long,2023-08-03 12:50:00-04:00,target,15521.9,5,154732.5,480.3,0.3104,505.0,0.3264,315.0,0.2036,2694.7,2.6947
390,Entry long,2023-08-04 12:30:00-04:00,ORB close above 30m high,15591.5,5,155915.0,,,,,,,,
390,Exit long,2023-08-04 14:00:00-04:00,time,15524.5,5,155915.0,-676.2,-0.4337,187.5,0.1203,1262.5,0.8097,2018.5,2.0185
391,Entry long,2023-08-10 10:05:00-04:00,ORB close above 30m high,15430.25,5,154302.5,,,,,,,,
391,Exit long,2023-08-10 11:20:00-04:00,stop,15273.0,5,154302.5,-1578.7,-1.0231,82.5,0.0535,1692.5,1.0969,439.8,0.4398
392,Entry long,2023-08-11 10:15:00-04:00,ORB close above 30m high,15132.0,5,151320.0,,,,,,,,
392,Exit long,2023-08-11 10:20:00-04:00,target,15163.75,5,151320.0,311.3,0.2057,422.5,0.2792,30.0,0.0198,751.1,0.7511
393,Entry long,2023-08-14 10:05:00-04:00,ORB close above 30m high,15130.5,5,151305.0,,,,,,,,
393,Exit long,2023-08-14 10:25:00-04:00,target,15167.95,5,151305.0,368.3,0.2434,425.0,0.2809,167.5,0.1107,1119.4,1.1194
394,Entry long,2023-08-16 10:20:00-04:00,ORB close above 30m high,15135.75,5,151357.5,,,,,,,,
394,Exit long,2023-08-16 11:50:00-04:00,stop,15050.5,5,151357.5,-858.7,-0.5673,87.5,0.0578,897.5,0.593,260.7,0.2607
395,Entry long,2023-08-18 11:05:00-04:00,ORB close above 30m high,14705.75,5,147057.5,,,,,,,,
395,Exit long,2023-08-18 11:55:00-04:00,target,14738.7,5,147057.5,323.3,0.2198,362.5,0.2465,575.0,0.391,584.0,0.584
396,Entry long,2023-08-21 10:05:00-04:00,ORB close above 30m high,14916.0,5,149160.0,,,,,,,,
396,Exit long,2023-08-21 11:10:00-04:00,stop,14805.25,5,149160.0,-1113.7,-0.7466,162.5,0.1089,1110.0,0.7442,-529.7,-0.5297
397,Entry long,2023-08-23 10:10:00-04:00,ORB close above 30m high,15106.25,5,151062.5,,,,,,,,
397,Exit long,2023-08-23 10:40:00-04:00,target,15148.8,5,151062.5,419.3,0.2776,577.5,0.3823,90.0,0.0596,-110.4,-0.1104
398,Entry long,2023-08-25 10:15:00-04:00,ORB close above 30m high,14999.25,5,149992.5,,,,,,,,
398,Exit long,2023-08-25 10:15:00-04:00,target,15041.9,5,149992.5,420.3,0.2802,497.5,0.3317,462.5,0.3083,309.9,0.3099
399,Entry long,2023-08-29 10:05:00-04:00,ORB close above 30m high,15229.75,5,152297.5,,,,,,,,
399,Exit long,2023-08-29 10:25:00-04:00,target,15296.5,5,152297.5,661.3,0.4342,677.5,0.4449,107.5,0.0706,971.2,0.9712
400,Entry long,2023-08-30 10:10:00-04:00,ORB close above 30m high,15478.75,5,154787.5,,,,,,,,
400,Exit long,2023-08-30 10:25:00-04:00,stop,15386.25,5,154787.5,-931.2,-0.6016,287.5,0.1857,1045.0,0.6751,40.0,0.04
401,Entry long,2023-08-31 10:15:00-04:00,ORB close above 30m high,15582.25,5,155822.5,,,,,,,,
401,Exit long,2023-08-31 14:00:00-04:00,time,15557.5,5,155822.5,-253.7,-0.1628,245.0,0.1572,885.0,0.568,-213.7,-0.2137
402,Entry long,2023-09-05 10:25:00-04:00,ORB close above 30m high,15511.0,5,155110.0,,,,,,,,
402,Exit long,2023-09-05 10:50:00-04:00,target,15536.85,5,155110.0,252.3,0.1627,295.0,0.1902,340.0,0.2192,38.6,0.0386
403,Entry long,2023-09-07 10:45:00-04:00,ORB close above 30m high,15270.5,5,152705.0,,,,,,,,
403,Exit long,2023-09-07 14:00:00-04:00,time,15279.5,5,152705.0,83.8,0.0549,225.0,0.1473,732.5,0.4797,122.4,0.1224
404,Entry long,2023-09-08 10:20:00-04:00,ORB close above 30m high,15374.5,5,153745.0,,,,,,,,
404,Exit long,2023-09-08 14:00:00-04:00,time,15326.5,5,153745.0,-486.2,-0.3162,160.0,0.1041,870.0,0.5659,-363.8,-0.3638
405,Entry long,2023-09-11 13:40:00-04:00,ORB close above 30m high,15453.75,5,154537.5,,,,,,,,
405,Exit long,2023-09-11 14:00:00-04:00,time,15468.0,5,154537.5,136.3,0.0882,177.5,0.1149,75.0,0.0485,-227.5,-0.2275
406,Entry long,2023-09-13 11:05:00-04:00,ORB close above 30m high,15581.25,5,155812.5,,,,,,,,
406,Exit long,2023-09-13 13:40:00-04:00,target,15616.1,5,155812.5,342.3,0.2197,372.5,0.2391,435.0,0.2792,114.8,0.1148
407,Entry long,2023-09-14 10:45:00-04:00,ORB close above 30m high,15645.5,5,156455.0,,,,,,,,
407,Exit long,2023-09-14 11:05:00-04:00,target,15688.95,5,156455.0,428.3,0.2738,440.0,0.2812,7.5,0.0048,543.1,0.5431
408,Entry long,2023-09-18 11:35:00-04:00,ORB close above 30m high,15435.25,5,154352.5,,,,,,,,
408,Exit long,2023-09-18 14:00:00-04:00,time,15436.25,5,154352.5,3.8,0.0025,255.0,0.1652,112.5,0.0729,546.9,0.5469
409,Entry long,2023-09-19 13:55:00-04:00,ORB close above 30m high,15378.0,5,153780.0,,,,,,,,
409,Exit long,2023-09-19 14:00:00-04:00,time,15373.25,5,153780.0,-53.7,-0.0349,60.0,0.039,102.5,0.0667,493.2,0.4932
410,Entry long,2023-09-22 10:25:00-04:00,ORB close above 30m high,14955.75,5,149557.5,,,,,,,,
410,Exit long,2023-09-22 10:30:00-04:00,target,14982.6,5,149557.5,262.3,0.1754,380.0,0.2541,212.5,0.1421,755.5,0.7555
411,Entry long,2023-09-25 11:20:00-04:00,ORB close above 30m high,14914.0,5,149140.0,,,,,,,,
411,Exit long,2023-09-25 14:00:00-04:00,time,14903.25,5,149140.0,-113.7,-0.0762,220.0,0.1475,497.5,0.3336,641.8,0.6418
412,Entry long,2023-09-28 10:05:00-04:00,ORB close above 30m high,14771.25,5,147712.5,,,,,,,,
412,Exit long,2023-09-28 11:20:00-04:00,target,14817.0,5,147712.5,451.3,0.3055,470.0,0.3182,920.0,0.6228,1093.1,1.0931
413,Entry long,2023-09-29 10:05:00-04:00,ORB close above 30m high,15051.5,5,150515.0,,,,,,,,
413,Exit long,2023-09-29 10:20:00-04:00,stop,14976.5,5,150515.0,-756.2,-0.5024,12.5,0.0083,775.0,0.5149,336.9,0.3369
414,Entry long,2023-10-02 10:05:00-04:00,ORB close above 30m high,14982.5,5,149825.0,,,,,,,,
414,Exit long,2023-10-02 11:20:00-04:00,target,15036.35,5,149825.0,532.3,0.3553,637.5,0.4255,765.0,0.5106,869.2,0.8692
415,Entry long,2023-10-04 11:20:00-04:00,ORB close above 30m high,14845.25,5,148452.5,,,,,,,,
415,Exit long,2023-10-04 11:55:00-04:00,target,14883.9,5,148452.5,380.3,0.2562,522.5,0.352,212.5,0.1431,1249.5,1.2495
416,Entry long,2023-10-06 10:25:00-04:00,ORB close above 30m high,14824.0,5,148240.0,,,,,,,,
416,Exit long,2023-10-06 10:30:00-04:00,target,14872.55,5,148240.0,479.3,0.3233,617.5,0.4166,57.5,0.0388,1728.8,1.7288
417,Entry long,2023-10-09 12:20:00-04:00,ORB close above 30m high,15074.5,5,150745.0,,,,,,,,
417,Exit long,2023-10-09 13:30:00-04:00,target,15124.35,5,150745.0,492.3,0.3266,567.5,0.3765,280.0,0.1857,2221.1,2.2211
418,Entry long,2023-10-10 10:05:00-04:00,ORB close above 30m high,15264.0,5,152640.0,,,,,,,,
418,Exit long,2023-10-10 10:30:00-04:00,target,15297.35,5,152640.0,327.3,0.2144,502.5,0.3292,265.0,0.1736,2548.4,2.5484
419,Entry long,2023-10-12 10:10:00-04:00,ORB close above 30m high,15423.0,5,154230.0,,,,,,,,
419,Exit long,2023-10-12 10:10:00-04:00,target,15445.75,5,154230.0,221.3,0.1435,367.5,0.2383,17.5,0.0113,2769.7,2.7697
420,Entry long,2023-10-16 10:20:00-04:00,ORB close above 30m high,15264.0,5,152640.0,,,,,,,,
420,Exit long,2023-10-16 10:30:00-04:00,target,15301.85,5,152640.0,372.3,0.2439,612.5,0.4013,50.0,0.0328,3142.0,3.142
421,Entry long,2023-10-17 10:15:00-04:00,ORB close above 30m high,15158.75,5,151587.5,,,,,,,,
421,Exit long,2023-10-17 10:20:00-04:00,target,15202.0,5,151587.5,426.3,0.2812,455.0,0.3002,27.5,0.0181,3568.3,3.5683
422,Entry long,2023-10-18 10:20:00-04:00,ORB close above 30m high,15200.5,5,152005.0,,,,,,,,
422,Exit long,2023-10-18 10:35:00-04:00,stop,15121.25,5,152005.0,-798.7,-0.5254,235.0,0.1546,960.0,0.6316,2769.6,2.7696
423,Entry long,2023-10-19 12:25:00-04:00,ORB close above 30m high,15115.25,5,151152.5,,,,,,,,
423,Exit long,2023-10-19 12:30:00-04:00,stop,15020.75,5,151152.5,-951.2,-0.6293,27.5,0.0182,1597.5,1.0569,1818.4,1.8184
424,Entry long,2023-10-23 10:15:00-04:00,ORB close above 30m high,14657.5,5,146575.0,,,,,,,,
424,Exit long,2023-10-23 11:05:00-04:00,target,14714.55,5,146575.0,564.3,0.385,582.5,0.3974,237.5,0.162,2382.7,2.3827
425,Entry long,2023-10-24 10:30:00-04:00,ORB close above 30m high,14848.25,5,148482.5,,,,,,,,
425,Exit long,2023-10-24 12:20:00-04:00,stop,14758.75,5,148482.5,-901.2,-0.6069,295.0,0.1987,927.5,0.6247,1481.5,1.4815
426,Entry long,2023-10-27 11:10:00-04:00,ORB close above 30m high,14358.75,5,143587.5,,,,,,,,
426,Exit long,2023-10-27 11:15:00-04:00,target,14385.6,5,143587.5,262.3,0.1827,462.5,0.3221,112.5,0.0783,1743.8,1.7438
427,Entry long,2023-10-31 12:50:00-04:00,ORB close above 30m high,14435.25,5,144352.5,,,,,,,,
427,Exit long,2023-10-31 14:00:00-04:00,time,14477.25,5,144352.5,413.8,0.2867,527.5,0.3654,222.5,0.1541,2157.6,2.1576
428,Entry long,2023-11-01 10:25:00-04:00,ORB close above 30m high,14631.0,5,146310.0,,,,,,,,
428,Exit long,2023-11-01 14:00:00-04:00,time,14605.5,5,146310.0,-261.2,-0.1785,185.0,0.1264,687.5,0.4699,1896.4,1.8964
429,Entry long,2023-11-02 10:55:00-04:00,ORB close above 30m high,14955.25,5,149552.5,,,,,,,,
429,Exit long,2023-11-02 13:15:00-04:00,target,14976.8,5,149552.5,209.3,0.14,270.0,0.1805,327.5,0.219,2105.7,2.1057
430,Entry long,2023-11-03 11:50:00-04:00,ORB close above 30m high,15143.5,5,151435.0,,,,,,,,
430,Exit long,2023-11-03 12:25:00-04:00,target,15184.55,5,151435.0,404.3,0.267,485.0,0.3203,77.5,0.0512,2510.0,2.51
431,Entry long,2023-11-07 10:05:00-05:00,ORB close above 30m high,15309.25,5,153092.5,,,,,,,,
431,Exit long,2023-11-07 10:25:00-05:00,target,15342.9,5,153092.5,330.3,0.2158,350.0,0.2286,362.5,0.2368,2840.3,2.8403
432,Entry long,2023-11-09 11:50:00-05:00,ORB close above 30m high,15429.75,5,154297.5,,,,,,,,
432,Exit long,2023-11-09 13:00:00-05:00,stop,15365.5,5,154297.5,-648.7,-0.4204,235.0,0.1523,1087.5,0.7048,2191.6,2.1916
433,Entry long,2023-11-10 11:05:00-05:00,ORB close above 30m high,15404.25,5,154042.5,,,,,,,,
433,Exit long,2023-11-10 11:10:00-05:00,target,15443.5,5,154042.5,386.3,0.2508,402.5,0.2613,10.0,0.0065,2577.9,2.5779
434,Entry long,2023-11-13 10:55:00-05:00,ORB close above 30m high,15543.25,5,155432.5,,,,,,,,
434,Exit long,2023-11-13 11:40:00-05:00,target,15574.2,5,155432.5,303.3,0.1951,375.0,0.2413,137.5,0.0885,2881.2,2.8812
435,Entry long,2023-11-14 10:05:00-05:00,ORB close above 30m high,15884.5,5,158845.0,,,,,,,,
435,Exit long,2023-11-14 14:00:00-05:00,time,15852.25,5,158845.0,-328.7,-0.2069,182.5,0.1149,512.5,0.3226,2552.5,2.5525
436,Entry long,2023-11-17 12:05:00-05:00,ORB close above 30m high,15883.5,5,158835.0,,,,,,,,
436,Exit long,2023-11-17 13:10:00-05:00,target,15904.05,5,158835.0,199.3,0.1255,302.5,0.1904,200.0,0.1259,2751.8,2.7518
437,Entry long,2023-11-20 11:00:00-05:00,ORB close above 30m high,15999.75,5,159997.5,,,,,,,,
437,Exit long,2023-11-20 13:00:00-05:00,target,16041.5,5,159997.5,411.3,0.2571,550.0,0.3438,5.0,0.0031,3163.1,3.1631
438,Entry long,2023-11-23 11:00:00-05:00,ORB close above 30m high,16073.5,5,160735.0,,,,,,,,
438,Exit long,2023-11-23 18:00:00-05:00,time,16062.25,5,160735.0,-118.7,-0.0738,27.5,0.0171,150.0,0.0933,3044.4,3.0444
439,Entry long,2023-11-27 10:10:00-05:00,ORB close above 30m high,16044.25,5,160442.5,,,,,,,,
439,Exit long,2023-11-27 12:55:00-05:00,target,16073.6,5,160442.5,287.3,0.1791,312.5,0.1948,450.0,0.2805,3331.7,3.3317
440,Entry long,2023-11-28 10:40:00-05:00,ORB close above 30m high,16010.75,5,160107.5,,,,,,,,
440,Exit long,2023-11-28 10:40:00-05:00,target,16031.5,5,160107.5,201.3,0.1257,370.0,0.2311,10.0,0.0062,3533.0,3.533
441,Entry long,2023-12-01 11:15:00-05:00,ORB close above 30m high,15976.75,5,159767.5,,,,,,,,
441,Exit long,2023-12-01 11:50:00-05:00,target,16017.0,5,159767.5,396.3,0.248,412.5,0.2582,465.0,0.291,3929.3,3.9293
442,Entry long,2023-12-05 10:05:00-05:00,ORB close above 30m high,15925.75,5,159257.5,,,,,,,,
442,Exit long,2023-12-05 14:00:00-05:00,time,15872.75,5,159257.5,-536.2,-0.3367,360.0,0.226,982.5,0.6169,3393.1,3.3931
443,Entry long,2023-12-07 10:25:00-05:00,ORB close above 30m high,15993.75,5,159937.5,,,,,,,,
443,Exit long,2023-12-07 12:15:00-05:00,target,16035.8,5,159937.5,414.3,0.259,532.5,0.3329,630.0,0.3939,3807.4,3.8074
444,Entry long,2023-12-08 10:05:00-05:00,ORB close above 30m high,16045.0,5,160450.0,,,,,,,,
444,Exit long,2023-12-08 10:05:00-05:00,target,16084.05,5,160450.0,384.3,0.2395,397.5,0.2477,170.0,0.106,4191.7,4.1917
445,Entry long,2023-12-11 10:10:00-05:00,ORB close above 30m high,16168.25,5,161682.5,,,,,,,,
445,Exit long,2023-12-11 13:00:00-05:00,target,16207.9,5,161682.5,390.3,0.2414,530.0,0.3278,467.5,0.2891,4582.0,4.582
446,Entry long,2023-12-12 10:05:00-05:00,ORB close above 30m high,16257.5,5,162575.0,,,,,,,,
446,Exit long,2023-12-12 10:55:00-05:00,target,16286.25,5,162575.0,281.3,0.173,307.5,0.1891,107.5,0.0661,4863.3,4.8633
447,Entry long,2023-12-15 10:20:00-05:00,ORB close above 30m high,16848.25,5,168482.5,,,,,,,,
447,Exit long,2023-12-15 10:50:00-05:00,target,16875.2,5,168482.5,263.3,0.1563,285.0,0.1692,130.0,0.0772,5126.6,5.1266
448,Entry long,2023-12-18 10:05:00-05:00,ORB close above 30m high,16896.25,5,168962.5,,,,,,,,
448,Exit long,2023-12-18 12:05:00-05:00,target,16921.7,5,168962.5,248.3,0.147,260.0,0.1539,405.0,0.2397,5374.9,5.3749
449,Entry long,2023-12-19 10:35:00-05:00,ORB close above 30m high,16997.75,5,169977.5,,,,,,,,
449,Exit long,2023-12-19 14:00:00-05:00,time,16993.5,5,169977.5,-48.7,-0.0287,150.0,0.0882,327.5,0.1927,5326.2,5.3262
450,Entry long,2023-12-20 10:05:00-05:00,ORB close above 30m high,17026.5,5,170265.0,,,,,,,,
450,Exit long,2023-12-20 10:20:00-05:00,target,17048.55,5,170265.0,214.3,0.1259,272.5,0.16,10.0,0.0059,5540.5,5.5405
451,Entry long,2023-12-26 10:40:00-05:00,ORB close above 30m high,17057.75,5,170577.5,,,,,,,,
451,Exit long,2023-12-26 14:00:00-05:00,time,17049.0,5,170577.5,-93.7,-0.0549,62.5,0.0366,350.0,0.2052,5446.8,5.4468
452,Entry long,2024-01-04 10:10:00-05:00,ORB close above 30m high,16513.75,5,165137.5,,,,,,,,
452,Exit long,2024-01-04 11:00:00-05:00,target,16541.8,5,165137.5,274.3,0.1661,292.5,0.1771,177.5,0.1075,5721.1,5.7211
453,Entry long,2024-01-05 10:05:00-05:00,ORB close above 30m high,16540.5,5,165405.0,,,,,,,,
453,Exit long,2024-01-05 13:15:00-05:00,stop,16437.0,5,165405.0,-1041.2,-0.6295,365.0,0.2207,1102.5,0.6665,4679.9,4.6799
454,Entry long,2024-01-08 10:05:00-05:00,ORB close above 30m high,16641.25,5,166412.5,,,,,,,,
454,Exit long,2024-01-08 12:05:00-05:00,target,16695.4,5,166412.5,535.3,0.3217,557.5,0.335,182.5,0.1097,5215.2,5.2152
455,Entry long,2024-01-09 10:10:00-05:00,ORB close above 30m high,16720.75,5,167207.5,,,,,,,,
455,Exit long,2024-01-09 10:15:00-05:00,target,16744.5,5,167207.5,231.3,0.1383,260.0,0.1555,12.5,0.0075,5446.5,5.4465
456,Entry long,2024-01-10 10:45:00-05:00,ORB close above 30m high,16885.5,5,168855.0,,,,,,,,
456,Exit long,2024-01-10 13:00:00-05:00,target,16914.15,5,168855.0,280.3,0.166,447.5,0.265,310.0,0.1836,5726.8,5.7268
457,Entry long,2024-01-15 10:50:00-05:00,ORB close above 30m high,16968.5,5,169685.0,,,,,,,,
457,Exit long,2024-01-15 18:00:00-05:00,time,16965.75,5,169685.0,-33.7,-0.0199,115.0,0.0678,142.5,0.084,5693.1,5.6931
458,Entry long,2024-01-16 10:20:00-05:00,ORB close above 30m high,16965.0,5,169650.0,,,,,,,,
458,Exit long,2024-01-16 10:40:00-05:00,target,17008.75,5,169650.0,431.3,0.2542,570.0,0.336,30.0,0.0177,6124.4,6.1244
459,Entry long,2024-01-18 10:40:00-05:00,ORB close above 30m high,17059.5,5,170595.0,,,,,,,,
459,Exit long,2024-01-18 11:20:00-05:00,target,17084.85,5,170595.0,247.3,0.145,277.5,0.1627,332.5,0.1949,6371.7,6.3717
460,Entry long,2024-01-19 10:05:00-05:00,ORB close above 30m high,17217.5,5,172175.0,,,,,,,,
460,Exit long,2024-01-19 10:55:00-05:00,target,17237.75,5,172175.0,196.3,0.114,237.5,0.1379,487.5,0.2831,6568.0,6.568
461,Entry long,2024-01-23 13:00:00-05:00,ORB close above 30m high,17490.0,5,174900.0,,,,,,,,
461,Exit long,2024-01-23 14:00:00-05:00,time,17481.75,5,174900.0,-88.7,-0.0507,30.0,0.0172,300.0,0.1715,6479.3,6.4793
462,Entry long,2024-01-24 10:20:00-05:00,ORB close above 30m high,17703.25,5,177032.5,,,,,,,,
462,Exit long,2024-01-24 10:35:00-05:00,target,17729.4,5,177032.5,255.3,0.1442,410.0,0.2316,85.0,0.048,6734.6,6.7346
463,Entry long,2024-01-25 10:30:00-05:00,ORB close above 30m high,17730.5,5,177305.0,,,,,,,,
463,Exit long,2024-01-25 12:30:00-05:00,stop,17660.25,5,177305.0,-708.7,-0.3997,215.0,0.1213,815.0,0.4597,6025.9,6.0259
464,Entry long,2024-01-26 10:30:00-05:00,ORB close above 30m high,17581.0,5,175810.0,,,,,,,,
464,Exit long,2024-01-26 10:35:00-05:00,target,17607.05,5,175810.0,254.3,0.1446,277.5,0.1578,27.5,0.0156,6280.2,6.2802
465,Entry long,2024-01-29 12:25:00-05:00,ORB close above 30m high,17599.5,5,175995.0,,,,,,,,
465,Exit long,2024-01-29 14:00:00-05:00,time,17587.75,5,175995.0,-123.7,-0.0703,102.5,0.0582,215.0,0.1222,6156.5,6.1565
466,Entry long,2024-02-01 10:10:00-05:00,ORB close above 30m high,17352.75,5,173527.5,,,,,,,,
466,Exit long,2024-02-01 10:55:00-05:00,stop,17284.75,5,173527.5,-686.2,-0.3954,185.0,0.1066,805.0,0.4639,5470.3,5.4703
467,Entry long,2024-02-02 10:45:00-05:00,ORB close above 30m high,17654.0,5,176540.0,,,,,,,,
467,Exit long,2024-02-02 12:25:00-05:00,target,17729.05,5,176540.0,744.3,0.4216,972.5,0.5509,480.0,0.2719,6214.6,6.2146
468,Entry long,2024-02-07 10:15:00-05:00,ORB close above 30m high,17807.5,5,178075.0,,,,,,,,
468,Exit long,2024-02-07 10:25:00-05:00,target,17842.95,5,178075.0,348.3,0.1956,602.5,0.3383,50.0,0.0281,6562.9,6.5629
469,Entry long,2024-02-08 10:05:00-05:00,ORB close above 30m high,17852.75,5,178527.5,,,,,,,,
469,Exit long,2024-02-08 10:45:00-05:00,target,17870.6,5,178527.5,172.3,0.0965,260.0,0.1456,292.5,0.1638,6735.2,6.7352
470,Entry long,2024-02-09 10:20:00-05:00,ORB close above 30m high,17954.75,5,179547.5,,,,,,,,
470,Exit long,2024-02-09 10:35:00-05:00,target,17986.3,5,179547.5,309.3,0.1723,380.0,0.2116,35.0,0.0195,7044.5,7.0445
471,Entry long,2024-02-12 10:45:00-05:00,ORB close above 30m high,18060.0,5,180600.0,,,,,,,,
471,Exit long,2024-02-12 10:50:00-05:00,target,18080.85,5,180600.0,202.3,0.112,222.5,0.1232,27.5,0.0152,7246.8,7.2468
472,Entry long,2024-02-13 10:25:00-05:00,ORB close above 30m high,17705.0,5,177050.0,,,,,,,,
472,Exit long,2024-02-13 10:30:00-05:00,target,17752.15,5,177050.0,465.3,0.2628,520.0,0.2937,7.5,0.0042,7712.1,7.7121
473,Entry long,2024-02-14 10:20:00-05:00,ORB close above 30m high,17826.0,5,178260.0,,,,,,,,
473,Exit long,2024-02-14 11:00:00-05:00,stop,17742.75,5,178260.0,-838.7,-0.4705,210.0,0.1178,1210.0,0.6788,6873.4,6.8734
474,Entry long,2024-02-15 13:20:00-05:00,ORB close above 30m high,17916.5,5,179165.0,,,,,,,,
474,Exit long,2024-02-15 14:00:00-05:00,time,17911.25,5,179165.0,-58.7,-0.0328,162.5,0.0907,210.0,0.1172,6814.7,6.8147
475,Entry long,2024-02-21 10:05:00-05:00,ORB close above 30m high,17522.75,5,175227.5,,,,,,,,
475,Exit long,2024-02-21 12:10:00-05:00,stop,17448.25,5,175227.5,-751.2,-0.4287,2.5,0.0014,855.0,0.4879,6063.5,6.0635
476,Entry long,2024-02-22 11:20:00-05:00,ORB close above 30m high,17971.25,5,179712.5,,,,,,,,
476,Exit long,2024-02-22 12:55:00-05:00,target,18013.9,5,179712.5,420.3,0.2339,477.5,0.2657,362.5,0.2017,6483.8,6.4838
477,Entry long,2024-02-26 11:55:00-05:00,ORB close above 30m high,18055.75,5,180557.5,,,,,,,,
477,Exit long,2024-02-26 14:00:00-05:00,time,18014.0,5,180557.5,-423.7,-0.2347,40.0,0.0222,755.0,0.4181,6060.1,6.0601
478,Entry long,2024-02-27 10:20:00-05:00,ORB close above 30m high,18028.5,5,180285.0,,,,,,,,
478,Exit long,2024-02-27 12:50:00-05:00,stop,17937.75,5,180285.0,-913.7,-0.5068,40.0,0.0222,917.5,0.5089,5146.4,5.1464
479,Entry long,2024-02-28 11:05:00-05:00,ORB close above 30m high,17951.25,5,179512.5,,,,,,,,
479,Exit long,2024-02-28 14:00:00-05:00,time,17949.0,5,179512.5,-28.7,-0.016,237.5,0.1323,575.0,0.3203,5117.7,5.1177
480,Entry long,2024-03-01 10:10:00-05:00,ORB close above 30m high,18173.0,5,181730.0,,,,,,,,
480,Exit long,2024-03-01 11:00:00-05:00,target,18204.55,5,181730.0,309.3,0.1702,455.0,0.2504,287.5,0.1582,5427.0,5.427
481,Entry long,2024-03-06 12:05:00-05:00,ORB close above 30m high,18132.0,5,181320.0,,,,,,,,
481,Exit long,2024-03-06 12:30:00-05:00,target,18169.85,5,181320.0,372.3,0.2053,422.5,0.233,77.5,0.0427,5799.3,5.7993
482,Entry long,2024-03-07 10:25:00-05:00,ORB close above 30m high,18227.0,5,182270.0,,,,,,,,
482,Exit long,2024-03-07 10:45:00-05:00,target,18269.95,5,182270.0,423.3,0.2322,552.5,0.3031,85.0,0.0466,6222.6,6.2226
483,Entry long,2024-03-08 10:05:00-05:00,ORB close above 30m high,18396.5,5,183965.0,,,,,,,,
483,Exit long,2024-03-08 11:05:00-05:00,stop,18287.75,5,183965.0,-1093.7,-0.5945,397.5,0.2161,1315.0,0.7148,5128.9,5.1289
484,Entry long,2024-03-11 10:55:00-04:00,ORB close above 30m high,18008.5,5,180085.0,,,,,,,,
484,Exit long,2024-03-11 14:00:00-04:00,time,17975.0,5,180085.0,-341.2,-0.1895,145.0,0.0805,897.5,0.4984,4787.7,4.7877
485,Entry long,2024-03-12 10:25:00-04:00,ORB close above 30m high,18109.75,5,181097.5,,,,,,,,
485,Exit long,2024-03-12 10:45:00-04:00,target,18181.5,5,181097.5,711.3,0.3928,757.5,0.4183,77.5,0.0428,5499.0,5.499
486,Entry long,2024-03-18 10:30:00-04:00,ORB close above 30m high,18372.75,5,183727.5,,,,,,,,
486,Exit long,2024-03-18 11:50:00-04:00,stop,18277.25,5,183727.5,-961.2,-0.5232,72.5,0.0395,962.5,0.5239,4537.8,4.5378
487,Entry long,2024-03-19 11:50:00-04:00,ORB close above 30m high,18153.75,5,181537.5,,,,,,,,
487,Exit long,2024-03-19 12:20:00-04:00,target,18193.7,5,181537.5,393.3,0.2166,482.5,0.2658,212.5,0.1171,4931.1,4.9311
488,Entry long,2024-03-22 10:05:00-04:00,ORB close above 30m high,18557.75,5,185577.5,,,,,,,,
488,Exit long,2024-03-22 12:50:00-04:00,target,18580.5,5,185577.5,221.3,0.1192,242.5,0.1307,560.0,0.3018,5152.4,5.1524
489,Entry long,2024-03-25 10:10:00-04:00,ORB close above 30m high,18497.25,5,184972.5,,,,,,,,
489,Exit long,2024-03-25 10:20:00-04:00,target,18529.9,5,184972.5,320.3,0.1732,450.0,0.2433,5.0,0.0027,5472.7,5.4727
490,Entry long,2024-03-26 10:05:00-04:00,ORB close above 30m high,18606.75,5,186067.5,,,,,,,,
490,Exit long,2024-03-26 10:25:00-04:00,stop,18549.75,5,186067.5,-576.2,-0.3097,10.0,0.0054,595.0,0.3198,4896.5,4.8965
491,Entry long,2024-04-02 13:05:00-04:00,ORB close above 30m high,18294.25,5,182942.5,,,,,,,,
491,Exit long,2024-04-02 14:00:00-04:00,time,18277.5,5,182942.5,-173.7,-0.0949,62.5,0.0342,245.0,0.1339,4722.8,4.7228
492,Entry long,2024-04-03 10:05:00-04:00,ORB close above 30m high,18352.5,5,183525.0,,,,,,,,
492,Exit long,2024-04-03 10:20:00-04:00,target,18397.65,5,183525.0,445.3,0.2426,542.5,0.2956,240.0,0.1308,5168.1,5.1681
493,Entry long,2024-04-05 10:15:00-04:00,ORB close above 30m high,18239.75,5,182397.5,,,,,,,,
493,Exit long,2024-04-05 10:55:00-04:00,target,18294.4,5,182397.5,540.3,0.2962,715.0,0.392,582.5,0.3194,5708.4,5.7084
494,Entry long,2024-04-08 10:30:00-04:00,ORB close above 30m high,18340.0,5,183400.0,,,,,,,,
494,Exit long,2024-04-08 14:00:00-04:00,time,18307.25,5,183400.0,-333.7,-0.182,375.0,0.2045,877.5,0.4785,5374.7,5.3747
495,Entry long,2024-04-10 10:40:00-04:00,ORB close above 30m high,18221.5,5,182215.0,,,,,,,,
495,Exit long,2024-04-10 14:00:00-04:00,time,18166.5,5,182215.0,-556.2,-0.3052,30.0,0.0165,1075.0,0.59,4818.5,4.8185
496,Entry long,2024-04-11 11:55:00-04:00,ORB close above 30m high,18278.75,5,182787.5,,,,,,,,
496,Exit long,2024-04-11 11:55:00-04:00,target,18301.0,5,182787.5,216.3,0.1183,437.5,0.2393,20.0,0.0109,5034.8,5.0348
497,Entry long,2024-04-16 10:15:00-04:00,ORB close above 30m high,17912.75,5,179127.5,,,,,,,,
497,Exit long,2024-04-16 13:30:00-04:00,stop,17821.75,5,179127.5,-916.2,-0.5115,247.5,0.1382,947.5,0.529,4118.6,4.1186
498,Entry long,2024-04-18 10:40:00-04:00,ORB close above 30m high,17682.75,5,176827.5,,,,,,,,
498,Exit long,2024-04-18 11:15:00-04:00,target,17735.2,5,176827.5,518.3,0.2931,592.5,0.3351,50.0,0.0283,4636.9,4.6369
499,Entry long,2024-04-22 13:30:00-04:00,ORB close above 30m high,17344.5,5,173445.0,,,,,,,,
499,Exit long,2024-04-22 13:45:00-04:00,target,17376.45,5,173445.0,313.3,0.1806,377.5,0.2176,30.0,0.0173,4950.2,4.9502
500,Entry long,2024-04-23 10:25:00-04:00,ORB close above 30m high,17529.75,5,175297.5,,,,,,,,
500,Exit long,2024-04-23 10:30:00-04:00,target,17576.0,5,175297.5,456.3,0.2603,690.0,0.3936,72.5,0.0414,5406.5,5.4065
501,Entry long,2024-04-25 10:15:00-04:00,ORB close above 30m high,17410.5,5,174105.0,,,,,,,,
501,Exit long,2024-04-25 12:20:00-04:00,target,17451.25,5,174105.0,401.3,0.2305,510.0,0.2929,690.0,0.3963,5807.8,5.8078
502,Entry long,2024-04-26 10:05:00-04:00,ORB close above 30m high,17808.5,5,178085.0,,,,,,,,
502,Exit long,2024-04-26 11:00:00-04:00,target,17864.35,5,178085.0,552.3,0.3101,775.0,0.4352,400.0,0.2246,6360.1,6.3601
503,Entry long,2024-05-02 13:30:00-04:00,ORB close above 30m high,17604.5,5,176045.0,,,,,,,,
503,Exit long,2024-05-02 14:00:00-04:00,time,17594.75,5,176045.0,-103.7,-0.0589,120.0,0.0682,295.0,0.1676,6256.4,6.2564
504,Entry long,2024-05-06 11:45:00-04:00,ORB close above 30m high,18111.5,5,181115.0,,,,,,,,
504,Exit long,2024-05-06 14:00:00-04:00,time,18128.0,5,181115.0,158.8,0.0877,275.0,0.1518,442.5,0.2443,6415.2,6.4152
505,Entry long,2024-05-07 11:00:00-04:00,ORB close above 30m high,18250.5,5,182505.0,,,,,,,,
505,Exit long,2024-05-07 13:55:00-04:00,stop,18187.75,5,182505.0,-633.7,-0.3472,172.5,0.0945,672.5,0.3685,5781.5,5.7815
506,Entry long,2024-05-08 10:25:00-04:00,ORB close above 30m high,18194.5,5,181945.0,,,,,,,,
506,Exit long,2024-05-08 10:45:00-04:00,target,18240.45,5,181945.0,453.3,0.2491,477.5,0.2624,17.5,0.0096,6234.8,6.2348
507,Entry long,2024-05-09 10:40:00-04:00,ORB close above 30m high,18204.0,5,182040.0,,,,,,,,
507,Exit long,2024-05-09 14:00:00-04:00,time,18205.75,5,182040.0,11.3,0.0062,335.0,0.184,340.0,0.1868,6246.1,6.2461
508,Entry long,2024-05-14 10:25:00-04:00,ORB close above 30m high,18344.0,5,183440.0,,,,,,,,
508,Exit long,2024-05-14 14:00:00-04:00,time,18331.0,5,183440.0,-136.2,-0.0742,275.0,0.1499,607.5,0.3312,6109.9,6.1099
509,Entry long,2024-05-15 10:25:00-04:00,ORB close above 30m high,18536.25,5,185362.5,,,,,,,,
509,Exit long,2024-05-15 10:45:00-04:00,target,18571.6,5,185362.5,347.3,0.1874,362.5,0.1956,125.0,0.0674,6457.2,6.4572
510,Entry long,2024-05-16 10:25:00-04:00,ORB close above 30m high,18718.5,5,187185.0,,,,,,,,
510,Exit long,2024-05-16 10:50:00-04:00,target,18736.85,5,187185.0,177.3,0.0947,187.5,0.1002,92.5,0.0494,6634.5,6.6345
511,Entry long,2024-05-17 10:35:00-04:00,ORB close above 30m high,18675.25,5,186752.5,,,,,,,,
511,Exit long,2024-05-17 12:45:00-04:00,stop,18620.25,5,186752.5,-556.2,-0.2978,17.5,0.0094,675.0,0.3614,6078.3,6.0783
512,Entry long,2024-05-20 10:45:00-04:00,ORB close above 30m high,18756.0,5,187560.0,,,,,,,,
512,Exit long,2024-05-20 14:00:00-04:00,time,18745.25,5,187560.0,-113.7,-0.0606,385.0,0.2053,275.0,0.1466,5964.6,5.9646
513,Entry long,2024-05-21 10:05:00-04:00,ORB close above 30m high,18723.75,5,187237.5,,,,,,,,
513,Exit long,2024-05-21 10:30:00-04:00,target,18741.8,5,187237.5,174.3,0.0931,210.0,0.1122,237.5,0.1268,6138.9,6.1389
514,Entry long,2024-05-22 11:15:00-04:00,ORB close above 30m high,18834.5,5,188345.0,,,,,,,,
514,Exit long,2024-05-22 13:35:00-04:00,stop,18788.75,5,188345.0,-463.7,-0.2462,40.0,0.0212,672.5,0.3571,5675.2,5.6752
515,Entry long,2024-05-24 10:15:00-04:00,ORB close above 30m high,18791.0,5,187910.0,,,,,,,,
515,Exit long,2024-05-24 10:15:00-04:00,target,18814.45,5,187910.0,228.3,0.1215,257.5,0.137,7.5,0.004,5903.5,5.9035
516,Entry long,2024-05-27 11:05:00-04:00,ORB close above 30m high,18913.5,5,189135.0,,,,,,,,
516,Exit long,2024-05-27 11:20:00-04:00,target,18927.75,5,189135.0,136.3,0.0721,147.5,0.078,22.5,0.0119,6039.8,6.0398
517,Entry long,2024-05-28 13:35:00-04:00,ORB close above 30m high,18937.25,5,189372.5,,,,,,,,
517,Exit long,2024-05-28 14:00:00-04:00,time,18902.25,5,189372.5,-356.2,-0.1881,85.0,0.0449,457.5,0.2416,5683.6,5.6836
518,Entry long,2024-05-29 10:25:00-04:00,ORB close above 30m high,18856.75,5,188567.5,,,,,,,,
518,Exit long,2024-05-29 14:00:00-04:00,time,18859.25,5,188567.5,18.8,0.01,232.5,0.1233,405.0,0.2148,5702.4,5.7024
519,Entry long,2024-06-05 10:25:00-04:00,ORB close above 30m high,18876.25,5,188762.5,,,,,,,,
519,Exit long,2024-06-05 10:30:00-04:00,target,18901.1,5,188762.5,242.3,0.1284,562.5,0.298,20.0,0.0106,5944.7,5.9447
520,Entry long,2024-06-07 10:40:00-04:00,ORB close above 30m high,19073.5,5,190735.0,,,,,,,,
520,Exit long,2024-06-07 10:45:00-04:00,target,19105.75,5,190735.0,316.3,0.1658,437.5,0.2294,10.0,0.0052,6261.0,6.261
521,Entry long,2024-06-10 10:30:00-04:00,ORB close above 30m high,19035.5,5,190355.0,,,,,,,,
521,Exit long,2024-06-10 10:55:00-04:00,target,19058.45,5,190355.0,223.3,0.1173,340.0,0.1786,132.5,0.0696,6484.3,6.4843
522,Entry long,2024-06-11 10:40:00-04:00,ORB close above 30m high,19092.5,5,190925.0,,,,,,,,
522,Exit long,2024-06-11 10:50:00-04:00,target,19131.35,5,190925.0,382.3,0.2002,420.0,0.22,50.0,0.0262,6866.6,6.8666
523,Entry long,2024-06-12 10:15:00-04:00,ORB close above 30m high,19509.5,5,195095.0,,,,,,,,
523,Exit long,2024-06-12 14:00:00-04:00,time,19514.75,5,195095.0,46.3,0.0237,370.0,0.1897,625.0,0.3204,6912.9,6.9129
524,Entry long,2024-06-14 13:15:00-04:00,ORB close above 30m high,19652.0,5,196520.0,,,,,,,,
524,Exit long,2024-06-14 14:00:00-04:00,time,19657.25,5,196520.0,46.3,0.0236,242.5,0.1234,135.0,0.0687,6959.2,6.9592
525,Entry long,2024-06-17 11:00:00-04:00,ORB close above 30m high,19714.0,5,197140.0,,,,,,,,
525,Exit long,2024-06-17 11:05:00-04:00,target,19743.25,5,197140.0,286.3,0.1452,360.0,0.1826,2.5,0.0013,7245.5,7.2455
526,Entry long,2024-06-18 13:50:00-04:00,ORB close above 30m high,19949.75,5,199497.5,,,,,,,,
526,Exit long,2024-06-18 14:00:00-04:00,time,19927.0,5,199497.5,-233.7,-0.1171,32.5,0.0163,647.5,0.3246,7011.8,7.0118
527,Entry long,2024-06-21 11:20:00-04:00,ORB close above 30m high,20033.5,5,200335.0,,,,,,,,
527,Exit long,2024-06-21 14:00:00-04:00,time,19961.0,5,200335.0,-731.2,-0.365,395.0,0.1972,862.5,0.4305,6280.6,6.2806
528,Entry long,2024-06-24 10:05:00-04:00,ORB close above 30m high,19975.75,5,199757.5,,,,,,,,
528,Exit long,2024-06-24 10:40:00-04:00,stop,19866.5,5,199757.5,-1098.7,-0.55,197.5,0.0989,1167.5,0.5845,5181.9,5.1819
529,Entry long,2024-06-25 10:05:00-04:00,ORB close above 30m high,19874.75,5,198747.5,,,,,,,,
529,Exit long,2024-06-25 11:05:00-04:00,target,19907.5,5,198747.5,321.3,0.1617,335.0,0.1686,215.0,0.1082,5503.2,5.5032
530,Entry long,2024-06-26 10:10:00-04:00,ORB close above 30m high,20002.5,5,200025.0,,,,,,,,
530,Exit long,2024-06-26 11:10:00-04:00,stop,19918.25,5,200025.0,-848.7,-0.4243,215.0,0.1075,905.0,0.4524,4654.5,4.6545
531,Entry long,2024-06-27 10:15:00-04:00,ORB close above 30m high,20111.0,5,201110.0,,,,,,,,
531,Exit long,2024-06-27 11:25:00-04:00,stop,19989.5,5,201110.0,-1221.2,-0.6072,55.0,0.0273,1325.0,0.6588,3433.3,3.4333
532,Entry long,2024-06-28 10:05:00-04:00,ORB close above 30m high,20220.0,5,202200.0,,,,,,,,
532,Exit long,2024-06-28 12:15:00-04:00,stop,20038.75,5,202200.0,-1818.7,-0.8995,532.5,0.2634,1982.5,0.9805,1614.6,1.6146
533,Entry long,2024-07-01 12:10:00-04:00,ORB close above 30m high,20004.5,5,200045.0,,,,,,,,
533,Exit long,2024-07-01 14:00:00-04:00,time,19999.5,5,200045.0,-56.2,-0.0281,220.0,0.11,270.0,0.135,1558.4,1.5584
534,Entry long,2024-07-02 10:55:00-04:00,ORB close above 30m high,20113.75,5,201137.5,,,,,,,,
534,Exit long,2024-07-02 13:10:00-04:00,target,20168.4,5,201137.5,540.3,0.2686,677.5,0.3368,487.5,0.2424,2098.7,2.0987
535,Entry long,2024-07-03 10:20:00-04:00,ORB close above 30m high,20284.5,5,202845.0,,,,,,,,
535,Exit long,2024-07-03 10:45:00-04:00,target,20311.65,5,202845.0,265.3,0.1308,332.5,0.1639,405.0,0.1997,2364.0,2.364
536,Entry long,2024-07-05 10:05:00-04:00,ORB close above 30m high,20529.5,5,205295.0,,,,,,,,
536,Exit long,2024-07-05 11:30:00-04:00,target,20569.85,5,205295.0,397.3,0.1935,450.0,0.2192,672.5,0.3276,2761.3,2.7613
537,Entry long,2024-07-08 11:25:00-04:00,ORB close above 30m high,20658.5,5,206585.0,,,,,,,,
537,Exit long,2024-07-08 14:00:00-04:00,time,20653.5,5,206585.0,-56.2,-0.0272,127.5,0.0617,495.0,0.2396,2705.1,2.7051
538,Entry long,2024-07-10 10:10:00-04:00,ORB close above 30m high,20785.5,5,207855.0,,,,,,,,
538,Exit long,2024-07-10 11:00:00-04:00,stop,20721.25,5,207855.0,-648.7,-0.3121,102.5,0.0493,825.0,0.3969,2056.4,2.0564
539,Entry long,2024-07-12 10:05:00-04:00,ORB close above 30m high,20557.25,5,205572.5,,,,,,,,
539,Exit long,2024-07-12 10:35:00-04:00,target,20609.8,5,205572.5,519.3,0.2526,667.5,0.3247,352.5,0.1715,2575.7,2.5757
540,Entry long,2024-07-15 10:10:00-04:00,ORB close above 30m high,20668.5,5,206685.0,,,,,,,,
540,Exit long,2024-07-15 10:30:00-04:00,target,20703.05,5,206685.0,339.3,0.1642,377.5,0.1826,190.0,0.0919,2915.0,2.915
541,Entry long,2024-07-23 11:15:00-04:00,ORB close above 30m high,20052.75,5,200527.5,,,,,,,,
541,Exit long,2024-07-23 12:55:00-04:00,stop,19933.0,5,200527.5,-1203.7,-0.6003,322.5,0.1608,1260.0,0.6283,1711.3,1.7113
542,Entry long,2024-07-25 11:15:00-04:00,ORB close above 30m high,19246.75,5,192467.5,,,,,,,,
542,Exit long,2024-07-25 12:20:00-04:00,target,19338.6,5,192467.5,912.3,0.474,1095.0,0.5689,1042.5,0.5416,2623.6,2.6236
543,Entry long,2024-07-26 11:50:00-04:00,ORB close above 30m high,19190.0,5,191900.0,,,,,,,,
543,Exit long,2024-07-26 12:25:00-04:00,target,19241.55,5,191900.0,509.3,0.2654,590.0,0.3075,270.0,0.1407,3132.9,3.1329
544,Entry long,2024-07-31 10:10:00-04:00,ORB close above 30m high,19444.75,5,194447.5,,,,,,,,
544,Exit long,2024-07-31 11:30:00-04:00,target,19498.2,5,194447.5,528.3,0.2717,712.5,0.3664,335.0,0.1723,3661.2,3.6612
545,Entry long,2024-08-05 10:05:00-04:00,ORB close above 30m high,18042.5,5,180425.0,,,,,,,,
545,Exit long,2024-08-05 12:25:00-04:00,target,18255.55,5,180425.0,2124.3,1.1774,2467.5,1.3676,1922.5,1.0655,5785.5,5.7855
546,Entry long,2024-08-06 10:05:00-04:00,ORB close above 30m high,18181.25,5,181812.5,,,,,,,,
546,Exit long,2024-08-06 10:45:00-04:00,target,18269.0,5,181812.5,871.3,0.4792,1585.0,0.8718,540.0,0.297,6656.8,6.6568
547,Entry long,2024-08-08 10:05:00-04:00,ORB close above 30m high,18276.0,5,182760.0,,,,,,,,
547,Exit long,2024-08-08 10:25:00-04:00,target,18360.25,5,182760.0,836.3,0.4576,1140.0,0.6238,457.5,0.2503,7493.1,7.4931
548,Entry long,2024-08-09 10:15:00-04:00,ORB close above 30m high,18547.0,5,185470.0,,,,,,,,
548,Exit long,2024-08-09 13:15:00-04:00,target,18596.35,5,185470.0,487.3,0.2627,800.0,0.4313,1107.5,0.5971,7980.4,7.9804
549,Entry long,2024-08-12 10:20:00-04:00,ORB close above 30m high,18674.0,5,186740.0,,,,,,,,
549,Exit long,2024-08-12 10:35:00-04:00,target,18733.75,5,186740.0,591.3,0.3166,660.0,0.3534,22.5,0.012,8571.7,8.5717
550,Entry long,2024-08-13 10:50:00-04:00,ORB close above 30m high,18946.75,5,189467.5,,,,,,,,
550,Exit long,2024-08-13 12:05:00-04:00,target,18998.9,5,189467.5,515.3,0.272,552.5,0.2916,175.0,0.0924,9087.0,9.087
551,Entry long,2024-08-14 11:55:00-04:00,ORB close above 30m high,19176.0,5,191760.0,,,,,,,,
551,Exit long,2024-08-14 14:00:00-04:00,time,19071.75,5,191760.0,-1048.7,-0.5469,277.5,0.1447,1575.0,0.8213,8038.3,8.0383
552,Entry long,2024-08-15 10:25:00-04:00,ORB close above 30m high,19464.25,5,194642.5,,,,,,,,
552,Exit long,2024-08-15 10:45:00-04:00,target,19515.2,5,194642.5,503.3,0.2586,512.5,0.2633,37.5,0.0193,8541.6,8.5416
553,Entry long,2024-08-16 10:10:00-04:00,ORB close above 30m high,19546.75,5,195467.5,,,,,,,,
553,Exit long,2024-08-16 10:15:00-04:00,target,19580.2,5,195467.5,328.3,0.168,390.0,0.1995,55.0,0.0281,8869.9,8.8699
554,Entry long,2024-08-19 10:55:00-04:00,ORB close above 30m high,19654.0,5,196540.0,,,,,,,,
554,Exit long,2024-08-19 12:50:00-04:00,target,19697.35,5,196540.0,427.3,0.2174,455.0,0.2315,347.5,0.1768,9297.2,9.2972
555,Entry long,2024-08-21 10:05:00-04:00,ORB close above 30m high,19900.0,5,199000.0,,,,,,,,
555,Exit long,2024-08-21 10:35:00-04:00,target,19934.45,5,199000.0,338.3,0.17,440.0,0.2211,657.5,0.3304,9635.5,9.6355
556,Entry long,2024-08-23 10:05:00-04:00,ORB close above 30m high,19846.0,5,198460.0,,,,,,,,
556,Exit long,2024-08-23 10:25:00-04:00,target,19901.55,5,198460.0,549.3,0.2768,572.5,0.2885,760.0,0.3829,10184.8,10.1848
557,Entry long,2024-08-27 10:15:00-04:00,ORB close above 30m high,19572.25,5,195722.5,,,,,,,,
557,Exit long,2024-08-27 10:25:00-04:00,target,19624.2,5,195722.5,513.3,0.2623,620.0,0.3168,195.0,0.0996,10698.1,10.6981
558,Entry long,2024-08-29 10:50:00-04:00,ORB close above 30m high,19681.0,5,196810.0,,,,,,,,
558,Exit long,2024-08-29 14:00:00-04:00,time,19633.25,5,196810.0,-483.7,-0.2458,110.0,0.0559,1055.0,0.536,10214.4,10.2144
559,Entry long,2024-08-30 10:05:00-04:00,ORB close above 30m high,19605.25,5,196052.5,,,,,,,,
559,Exit long,2024-08-30 10:55:00-04:00,stop,19512.75,5,196052.5,-931.2,-0.475,52.5,0.0268,1387.5,0.7077,9283.2,9.2832
560,Entry long,2024-09-02 10:40:00-04:00,ORB close above 30m high,19651.5,5,196515.0,,,,,,,,
560,Exit long,2024-09-02 11:05:00-04:00,target,19666.25,5,196515.0,141.3,0.0719,165.0,0.084,42.5,0.0216,9424.5,9.4245
561,Entry long,2024-09-04 10:30:00-04:00,ORB close above 30m high,18992.75,5,189927.5,,,,,,,,
561,Exit long,2024-09-04 10:35:00-04:00,target,19045.6,5,189927.5,522.3,0.275,600.0,0.3159,162.5,0.0856,9946.8,9.9468
562,Entry long,2024-09-05 10:05:00-04:00,ORB close above 30m high,19085.0,5,190850.0,,,,,,,,
562,Exit long,2024-09-05 11:25:00-04:00,stop,18884.5,5,190850.0,-2011.2,-1.0538,652.5,0.3419,2217.5,1.1619,7935.6,7.9356
563,Entry long,2024-09-09 10:15:00-04:00,ORB close above 30m high,18698.5,5,186985.0,,,,,,,,
563,Exit long,2024-09-09 10:30:00-04:00,stop,18604.75,5,186985.0,-943.7,-0.5047,27.5,0.0147,1325.0,0.7086,6991.9,6.9919
564,Entry long,2024-09-11 12:30:00-04:00,ORB close above 30m high,18914.25,5,189142.5,,,,,,,,
564,Exit long,2024-09-11 13:05:00-04:00,target,18970.4,5,189142.5,555.3,0.2936,672.5,0.3556,430.0,0.2273,7547.2,7.5472
565,Entry long,2024-09-12 10:15:00-04:00,ORB close above 30m high,19311.5,5,193115.0,,,,,,,,
565,Exit long,2024-09-12 10:30:00-04:00,target,19361.75,5,193115.0,496.3,0.257,545.0,0.2822,177.5,0.0919,8043.5,8.0435
566,Entry long,2024-09-13 10:10:00-04:00,ORB close above 30m high,19507.5,5,195075.0,,,,,,,,
566,Exit long,2024-09-13 12:00:00-04:00,target,19551.85,5,195075.0,437.3,0.2242,532.5,0.273,945.0,0.4844,8480.8,8.4808
567,Entry long,2024-09-17 10:50:00-04:00,ORB close above 30m high,19604.25,5,196042.5,,,,,,,,
567,Exit long,2024-09-17 12:15:00-04:00,stop,19475.0,5,196042.5,-1298.7,-0.6625,20.0,0.0102,1337.5,0.6823,7182.1,7.1821
568,Entry long,2024-09-19 10:20:00-04:00,ORB close above 30m high,20085.75,5,200857.5,,,,,,,,
568,Exit long,2024-09-19 10:25:00-04:00,target,20134.5,5,200857.5,481.3,0.2396,505.0,0.2514,137.5,0.0685,7663.4,7.6634
569,Entry long,2024-09-23 10:55:00-04:00,ORB close above 30m high,20109.75,5,201097.5,,,,,,,,
569,Exit long,2024-09-23 13:00:00-04:00,stop,20031.5,5,201097.5,-788.7,-0.3922,162.5,0.0808,912.5,0.4538,6874.7,6.8747
570,Entry long,2024-09-24 11:50:00-04:00,ORB close above 30m high,20163.75,5,201637.5,,,,,,,,
570,Exit long,2024-09-24 11:50:00-04:00,target,20196.3,5,201637.5,319.3,0.1584,442.5,0.2195,22.5,0.0112,7194.0,7.194
571,Entry long,2024-09-25 10:10:00-04:00,ORB close above 30m high,20245.5,5,202455.0,,,,,,,,
571,Exit long,2024-09-25 13:00:00-04:00,stop,20138.0,5,202455.0,-1081.2,-0.534,272.5,0.1346,1100.0,0.5433,6112.8,6.1128
572,Entry long,2024-10-02 10:20:00-04:00,ORB close above 30m high,19997.5,5,199975.0,,,,,,,,
572,Exit long,2024-10-02 11:15:00-04:00,target,20062.85,5,199975.0,647.3,0.3237,920.0,0.4601,515.0,0.2575,6760.1,6.7601
573,Entry long,2024-10-03 10:05:00-04:00,ORB close above 30m high,20091.0,5,200910.0,,,,,,,,
573,Exit long,2024-10-03 13:00:00-04:00,stop,19894.25,5,200910.0,-1973.7,-0.9824,240.0,0.1195,2120.0,1.0552,4786.4,4.7864
574,Entry long,2024-10-07 10:20:00-04:00,ORB close above 30m high,20169.0,5,201690.0,,,,,,,,
574,Exit long,2024-10-07 14:00:00-04:00,time,20148.5,5,201690.0,-211.2,-0.1047,187.5,0.093,675.0,0.3347,4575.2,4.5752
575,Entry long,2024-10-08 10:05:00-04:00,ORB close above 30m high,20188.0,5,201880.0,,,,,,,,
575,Exit long,2024-10-08 10:40:00-04:00,target,20235.15,5,201880.0,465.3,0.2305,682.5,0.3381,325.0,0.161,5040.5,5.0405
576,Entry long,2024-10-09 10:15:00-04:00,ORB close above 30m high,20300.5,5,203005.0,,,,,,,,
576,Exit long,2024-10-09 10:20:00-04:00,target,20325.15,5,203005.0,240.3,0.1184,360.0,0.1773,67.5,0.0333,5280.8,5.2808
577,Entry long,2024-10-10 10:15:00-04:00,ORB close above 30m high,20402.25,5,204022.5,,,,,,,,
577,Exit long,2024-10-10 11:35:00-04:00,target,20442.4,5,204022.5,395.3,0.1938,480.0,0.2353,420.0,0.2059,5676.1,5.6761
578,Entry long,2024-10-11 10:10:00-04:00,ORB close above 30m high,20414.0,5,204140.0,,,,,,,,
578,Exit long,2024-10-11 10:20:00-04:00,target,20454.05,5,204140.0,394.3,0.1932,420.0,0.2057,47.5,0.0233,6070.4,6.0704
579,Entry long,2024-10-18 10:10:00-04:00,ORB close above 30m high,20514.25,5,205142.5,,,,,,,,
579,Exit long,2024-10-18 14:00:00-04:00,time,20485.25,5,205142.5,-296.2,-0.1444,177.5,0.0865,720.0,0.351,5774.2,5.7742
580,Entry long,2024-10-21 10:10:00-04:00,ORB close above 30m high,20527.75,5,205277.5,,,,,,,,
580,Exit long,2024-10-21 10:40:00-04:00,stop,20422.75,5,205277.5,-1056.2,-0.5145,265.0,0.1291,1122.5,0.5468,4718.0,4.718
581,Entry long,2024-10-22 10:10:00-04:00,ORB close above 30m high,20491.25,5,204912.5,,,,,,,,
581,Exit long,2024-10-22 13:35:00-04:00,target,20540.0,5,204912.5,481.3,0.2349,515.0,0.2513,660.0,0.3221,5199.3,5.1993
582,Entry long,2024-10-24 13:45:00-04:00,ORB close above 30m high,20381.5,5,203815.0,,,,,,,,
582,Exit long,2024-10-24 14:00:00-04:00,time,20345.0,5,203815.0,-371.2,-0.1821,20.0,0.0098,537.5,0.2637,4828.1,4.8281
583,Entry long,2024-10-25 10:05:00-04:00,ORB close above 30m high,20679.0,5,206790.0,,,,,,,,
583,Exit long,2024-10-25 13:40:00-04:00,stop,20489.75,5,206790.0,-1898.7,-0.9182,285.0,0.1378,1960.0,0.9478,2929.4,2.9294
584,Entry long,2024-10-29 10:05:00-04:00,ORB close above 30m high,20531.5,5,205315.0,,,,,,,,
584,Exit long,2024-10-29 10:20:00-04:00,target,20571.05,5,205315.0,389.3,0.1896,590.0,0.2874,205.0,0.0998,3318.7,3.3187
585,Entry long,2024-10-30 10:20:00-04:00,ORB close above 30m high,20679.5,5,206795.0,,,,,,,,
585,Exit long,2024-10-30 14:00:00-04:00,time,20576.25,5,206795.0,-1038.7,-0.5023,200.0,0.0967,1212.5,0.5863,2280.0,2.28
586,Entry long,2024-11-01 10:15:00-04:00,ORB close above 30m high,20215.5,5,202155.0,,,,,,,,
586,Exit long,2024-11-01 11:25:00-04:00,target,20278.55,5,202155.0,624.3,0.3088,717.5,0.3549,587.5,0.2906,2904.3,2.9043
587,Entry long,2024-11-04 10:20:00-05:00,ORB close above 30m high,20161.5,5,201615.0,,,,,,,,
587,Exit long,2024-11-04 11:10:00-05:00,target,20220.55,5,201615.0,584.3,0.2898,652.5,0.3236,72.5,0.036,3488.6,3.4886
588,Entry long,2024-11-05 10:25:00-05:00,ORB close above 30m high,20305.75,5,203057.5,,,,,,,,
588,Exit long,2024-11-05 12:15:00-05:00,target,20369.0,5,203057.5,626.3,0.3084,672.5,0.3312,732.5,0.3607,4114.9,4.1149
589,Entry long,2024-11-06 12:15:00-05:00,ORB close above 30m high,20813.0,5,208130.0,,,,,,,,
589,Exit long,2024-11-06 14:00:00-05:00,time,20861.5,5,208130.0,478.8,0.23,635.0,0.3051,275.0,0.1321,4593.7,4.5937
590,Entry long,2024-11-07 10:10:00-05:00,ORB close above 30m high,21116.0,5,211160.0,,,,,,,,
590,Exit long,2024-11-07 10:55:00-05:00,target,21160.65,5,211160.0,440.3,0.2085,507.5,0.2403,295.0,0.1397,5034.0,5.034
591,Entry long,2024-11-08 13:30:00-05:00,ORB close above 30m high,21233.0,5,212330.0,,,,,,,,
591,Exit long,2024-11-08 13:35:00-05:00,target,21255.45,5,212330.0,218.3,0.1028,335.0,0.1578,30.0,0.0141,5252.3,5.2523
592,Entry long,2024-11-13 12:15:00-05:00,ORB close above 30m high,21195.75,5,211957.5,,,,,,,,
592,Exit long,2024-11-13 12:55:00-05:00,target,21225.1,5,211957.5,287.3,0.1355,362.5,0.171,265.0,0.125,5539.6,5.5396
593,Entry long,2024-11-18 10:05:00-05:00,ORB close above 30m high,20587.25,5,205872.5,,,,,,,,
593,Exit long,2024-11-18 10:20:00-05:00,target,20621.7,5,205872.5,338.3,0.1643,375.0,0.1822,192.5,0.0935,5877.9,5.8779
594,Entry long,2024-11-19 10:30:00-05:00,ORB close above 30m high,20602.5,5,206025.0,,,,,,,,
594,Exit long,2024-11-19 10:45:00-05:00,target,20640.05,5,206025.0,369.3,0.1793,410.0,0.199,200.0,0.0971,6247.2,6.2472
595,Entry long,2024-11-28 10:25:00-05:00,ORB close above 30m high,20900.0,5,209000.0,,,,,,,,
595,Exit long,2024-11-28 18:00:00-05:00,time,20886.75,5,209000.0,-138.7,-0.0664,95.0,0.0455,250.0,0.1196,6108.5,6.1085
596,Entry long,2024-11-29 10:10:00-05:00,ORB close above 30m high,20947.75,5,209477.5,,,,,,,,
596,Exit long,2024-11-29 11:50:00-05:00,target,21004.3,5,209477.5,559.3,0.267,590.0,0.2817,122.5,0.0585,6667.8,6.6678
597,Entry long,2024-12-02 10:05:00-05:00,ORB close above 30m high,21175.0,5,211750.0,,,,,,,,
597,Exit long,2024-12-02 11:40:00-05:00,target,21234.15,5,211750.0,585.3,0.2764,595.0,0.281,340.0,0.1606,7253.1,7.2531
598,Entry long,2024-12-03 10:05:00-05:00,ORB close above 30m high,21210.5,5,212105.0,,,,,,,,
598,Exit long,2024-12-03 11:25:00-05:00,target,21240.55,5,212105.0,294.3,0.1388,412.5,0.1945,485.0,0.2287,7547.4,7.5474
599,Entry long,2024-12-04 10:15:00-05:00,ORB close above 30m high,21444.75,5,214447.5,,,,,,,,
599,Exit long,2024-12-04 10:30:00-05:00,target,21467.1,5,214447.5,217.3,0.1013,330.0,0.1539,292.5,0.1364,7764.7,7.7647
600,Entry long,2024-12-05 12:15:00-05:00,ORB close above 30m high,21559.75,5,215597.5,,,,,,,,
600,Exit long,2024-12-05 13:20:00-05:00,stop,21497.5,5,215597.5,-628.7,-0.2916,80.0,0.0371,785.0,0.3641,7136.0,7.136
601,Entry long,2024-12-06 10:15:00-05:00,ORB close above 30m high,21623.75,5,216237.5,,,,,,,,
601,Exit long,2024-12-06 14:00:00-05:00,time,21658.25,5,216237.5,338.8,0.1567,457.5,0.2116,510.0,0.2359,7474.8,7.4748
602,Entry long,2024-12-10 10:10:00-05:00,ORB close above 30m high,21593.5,5,215935.0,,,,,,,,
602,Exit long,2024-12-10 10:55:00-05:00,stop,21505.0,5,215935.0,-891.2,-0.4127,132.5,0.0614,970.0,0.4492,6583.6,6.5836
603,Entry long,2024-12-11 10:10:00-05:00,ORB close above 30m high,21724.0,5,217240.0,,,,,,,,
603,Exit long,2024-12-11 12:05:00-05:00,target,21784.15,5,217240.0,595.3,0.274,617.5,0.2842,502.5,0.2313,7178.9,7.1789
604,Entry long,2024-12-12 10:30:00-05:00,ORB close above 30m high,21707.5,5,217075.0,,,,,,,,
604,Exit long,2024-12-12 10:55:00-05:00,target,21727.95,5,217075.0,198.3,0.0914,212.5,0.0979,182.5,0.0841,7377.2,7.3772
605,Entry long,2024-12-16 10:05:00-05:00,ORB close above 30m high,21989.5,5,219895.0,,,,,,,,
605,Exit long,2024-12-16 11:05:00-05:00,target,22026.65,5,219895.0,365.3,0.1661,470.0,0.2137,607.5,0.2763,7742.5,7.7425
606,Entry long,2024-12-17 11:40:00-05:00,ORB close above 30m high,22074.75,5,220747.5,,,,,,,,
606,Exit long,2024-12-17 14:00:00-05:00,time,22004.25,5,220747.5,-711.2,-0.3222,60.0,0.0272,890.0,0.4032,7031.3,7.0313
607,Entry long,2024-12-18 10:15:00-05:00,ORB close above 30m high,22013.0,5,220130.0,,,,,,,,
607,Exit long,2024-12-18 10:45:00-05:00,target,22052.65,5,220130.0,390.3,0.1773,410.0,0.1863,207.5,0.0943,7421.6,7.4216
608,Entry long,2024-12-20 10:15:00-05:00,ORB close above 30m high,21341.5,5,213415.0,,,,,,,,
608,Exit long,2024-12-20 10:25:00-05:00,target,21413.75,5,213415.0,716.3,0.3356,1200.0,0.5623,175.0,0.082,8137.9,8.1379
609,Entry long,2024-12-23 11:55:00-05:00,ORB close above 30m high,21681.0,5,216810.0,,,,,,,,
609,Exit long,2024-12-23 13:10:00-05:00,target,21732.15,5,216810.0,505.3,0.2331,540.0,0.2491,385.0,0.1776,8643.2,8.6432
610,Entry long,2024-12-24 10:05:00-05:00,ORB close above 30m high,21928.25,5,219282.5,,,,,,,,
610,Exit long,2024-12-24 11:15:00-05:00,target,21979.7,5,219282.5,508.3,0.2318,567.5,0.2588,312.5,0.1425,9151.5,9.1515
611,Entry long,2024-12-26 11:15:00-05:00,ORB close above 30m high,22012.25,5,220122.5,,,,,,,,
611,Exit long,2024-12-26 12:15:00-05:00,target,22068.7,5,220122.5,558.3,0.2536,627.5,0.2851,370.0,0.1681,9709.8,9.7098
612,Entry long,2024-12-30 11:40:00-05:00,ORB close above 30m high,21432.0,5,214320.0,,,,,,,,
612,Exit long,2024-12-30 12:10:00-05:00,target,21491.75,5,214320.0,591.3,0.2759,630.0,0.294,187.5,0.0875,10301.1,10.3011
