session_date,entry_time,exit_time,trigger_time,entry,exit,stop,target,qty,target_r,estimated_annual_vol,range_points,risk_points,planned_risk_per_contract,planned_risk_usd,gross_pnl,net_pnl,exit_reason,mfe_usd,mae_usd
2021-01-05,2021-01-05 10:05:00-05:00,2021-01-05 14:00:00-05:00,2021-01-05 10:00:00-05:00,12773.0,12752.0,12650.5,12895.5,8,1.0,,118.25,122.5,246.74,1973.92,-336.0,-345.92,time,148.0,1356.0
2021-01-06,2021-01-06 10:15:00-05:00,2021-01-06 14:00:00-05:00,2021-01-06 10:10:00-05:00,12677.0,12770.0,12551.75,12802.25,7,1.0,,115.75,125.25,252.24,1765.68,1302.0,1293.32,time,1666.0,112.0
2021-01-07,2021-01-07 10:05:00-05:00,2021-01-07 14:00:00-05:00,2021-01-07 10:00:00-05:00,12871.5,12913.0,12726.5,13016.5,6,1.0,,112.25,145.0,291.74,1750.44,498.0,490.56,time,591.0,153.0
2021-01-08,2021-01-08 12:15:00-05:00,2021-01-08 13:20:00-05:00,2021-01-08 12:10:00-05:00,13056.25,12985.5,12985.75,13126.75,14,1.0,,66.75,70.5,142.74,1998.3600000000001,-1981.0,-1998.36,stop,259.0,2926.0
2021-01-11,2021-01-11 10:10:00-05:00,2021-01-11 14:00:00-05:00,2021-01-11 10:05:00-05:00,12980.5,12959.75,12892.25,13068.75,11,1.0,,82.75,88.25,178.24,1960.64,-456.5,-470.14,time,715.0,1083.5
2021-01-13,2021-01-13 10:40:00-05:00,2021-01-13 14:00:00-05:00,2021-01-13 10:35:00-05:00,12958.5,12978.25,12864.0,13053.0,10,1.0,,81.25,94.5,190.74,1907.4,395.0,382.6,time,755.0,405.0
2021-01-14,2021-01-14 10:50:00-05:00,2021-01-14 11:55:00-05:00,2021-01-14 10:45:00-05:00,13021.25,12968.25,12968.5,13074.0,18,1.0,,46.5,52.75,107.24,1930.32,-1908.0,-1930.32,stop,270.0,1926.0
2021-01-19,2021-01-19 12:40:00-05:00,2021-01-19 14:00:00-05:00,2021-01-19 12:35:00-05:00,12931.25,12988.75,12860.25,13002.25,13,1.0,,70.25,71.0,143.74,1868.6200000000001,1495.0,1478.88,time,1605.5,201.5
2021-01-20,2021-01-20 10:10:00-05:00,2021-01-20 13:30:00-05:00,2021-01-20 10:05:00-05:00,13206.5,13291.75,13121.0,13292.0,11,1.0,,74.25,85.5,172.74,1900.14,1875.5,1861.86,target,1903.0,27.5
2021-01-21,2021-01-21 10:15:00-05:00,2021-01-21 14:00:00-05:00,2021-01-21 10:10:00-05:00,13364.75,13364.75,13283.0,13446.5,12,1.0,,60.75,81.75,165.24,1982.88,0.0,-14.879999999999999,time,672.0,1170.0
2021-01-26,2021-01-26 10:50:00-05:00,2021-01-26 14:00:00-05:00,2021-01-26 10:45:00-05:00,13514.25,13500.0,13426.5,13602.0,11,1.0,,82.75,87.75,177.24,1949.64,-313.5,-327.14,time,412.5,1298.0
2021-01-28,2021-01-28 10:20:00-05:00,2021-01-28 14:00:00-05:00,2021-01-28 10:15:00-05:00,13267.25,13376.75,13128.25,13406.25,7,1.0,,120.5,139.0,279.74,1958.18,1533.0,1524.32,time,1774.5,885.5
2021-01-29,2021-01-29 10:25:00-05:00,2021-01-29 11:20:00-05:00,2021-01-29 10:20:00-05:00,13147.5,12998.0,12998.25,13296.75,6,1.0,,137.0,149.25,300.24,1801.44,-1794.0,-1801.44,stop,114.0,1905.0
2021-02-01,2021-02-01 10:45:00-05:00,2021-02-01 13:05:00-05:00,2021-02-01 10:40:00-05:00,13116.25,13262.0,12970.25,13262.25,6,1.0,,132.5,146.0,293.74,1762.44,1749.0,1741.56,target,1752.0,900.0
2021-02-02,2021-02-02 10:20:00-05:00,2021-02-02 14:00:00-05:00,2021-02-02 10:15:00-05:00,13434.5,13471.5,13345.0,13524.0,11,1.0,,78.5,89.5,180.74,1988.14,814.0,800.36,time,1122.0,1138.5
2021-02-04,2021-02-04 13:05:00-05:00,2021-02-04 14:00:00-05:00,2021-02-04 13:00:00-05:00,13487.0,13495.0,13412.0,13562.0,13,1.0,,68.25,75.0,151.74,1972.6200000000001,208.0,191.88,time,455.0,143.0
2021-02-05,2021-02-05 12:20:00-05:00,2021-02-05 14:00:00-05:00,2021-02-05 12:15:00-05:00,13596.25,13588.0,13536.0,13656.5,16,1.0,,57.0,60.25,122.24,1955.84,-264.0,-283.84,time,1352.0,544.0
2021-02-08,2021-02-08 10:05:00-05:00,2021-02-08 11:25:00-05:00,2021-02-08 10:00:00-05:00,13675.0,13632.25,13632.5,13717.5,23,1.0,,41.5,42.5,86.74,1995.02,-1966.5,-1995.02,stop,805.0,2012.5
2021-02-09,2021-02-09 10:10:00-05:00,2021-02-09 14:00:00-05:00,2021-02-09 10:05:00-05:00,13713.75,13671.5,13645.0,13782.5,14,1.0,,63.5,68.75,139.24,1949.3600000000001,-1183.0,-1200.36,time,602.0,1449.0
2021-02-12,2021-02-12 10:15:00-05:00,2021-02-12 14:00:00-05:00,2021-02-12 10:10:00-05:00,13707.25,13721.5,13646.0,13768.5,16,1.0,,59.75,61.25,124.24,1987.84,456.0,436.16,time,1520.0,1376.0
2021-02-15,2021-02-15 11:00:00-05:00,2021-02-15 12:50:00-05:00,2021-02-15 10:55:00-05:00,13863.0,13877.5,13848.25,13877.75,64,1.0,,14.0,14.75,31.24,1999.36,1856.0,1776.64,target,2080.0,1184.0
2021-02-16,2021-02-16 10:40:00-05:00,2021-02-16 11:05:00-05:00,2021-02-16 10:35:00-05:00,13871.0,13811.25,13811.5,13930.5,16,1.0,,57.0,59.5,120.74,1931.84,-1912.0,-1931.84,stop,80.0,2232.0
2021-02-18,2021-02-18 13:25:00-05:00,2021-02-18 14:00:00-05:00,2021-02-18 13:20:00-05:00,13596.0,13600.25,13523.5,13668.5,13,1.0,,59.5,72.5,146.74,1907.6200000000001,110.5,94.38,time,760.5,117.0
2021-02-23,2021-02-23 10:30:00-05:00,2021-02-23 14:00:00-05:00,2021-02-23 10:25:00-05:00,13025.25,13045.5,12757.5,13293.0,3,1.0,,258.75,267.75,537.24,1611.72,121.5,117.78,time,564.0,843.0
2021-02-24,2021-02-24 11:15:00-05:00,2021-02-24 14:00:00-05:00,2021-02-24 11:10:00-05:00,13143.25,13252.5,13001.75,13284.75,7,1.0,,118.5,141.5,284.74,1993.18,1529.5,1520.82,time,1732.5,24.5
2021-02-26,2021-02-26 12:10:00-05:00,2021-02-26 14:00:00-05:00,2021-02-26 12:05:00-05:00,13052.25,12955.25,12859.25,13245.25,5,1.0,,172.5,193.0,387.74,1938.7,-970.0,-976.2,time,375.0,1195.0
2021-03-01,2021-03-01 10:20:00-05:00,2021-03-01 11:50:00-05:00,2021-03-01 10:15:00-05:00,13132.0,13223.5,13040.25,13223.75,10,1.0,,75.5,91.75,185.24,1852.4,1830.0,1817.6,target,1870.0,110.0
2021-03-04,2021-03-04 11:45:00-05:00,2021-03-04 12:25:00-05:00,2021-03-04 11:40:00-05:00,12783.0,12568.5,12568.75,12997.25,4,1.0,,196.25,214.25,430.24,1720.96,-1716.0,-1720.96,stop,112.0,1776.0
2021-03-08,2021-03-08 10:35:00-05:00,2021-03-08 11:50:00-05:00,2021-03-08 10:30:00-05:00,12708.25,12526.25,12526.5,12890.0,5,1.0,,172.0,181.75,365.24,1826.2,-1820.0,-1826.2,stop,70.0,1882.5
2021-03-09,2021-03-09 10:05:00-05:00,2021-03-09 14:00:00-05:00,2021-03-09 10:00:00-05:00,12724.75,12854.25,12587.0,12862.5,7,1.0,,129.25,137.75,277.24,1940.68,1813.0,1804.32,time,1869.0,574.0
2021-03-11,2021-03-11 10:50:00-05:00,2021-03-11 12:10:00-05:00,2021-03-11 10:45:00-05:00,13009.5,13087.0,12931.75,13087.25,12,1.0,,75.0,77.75,157.24,1886.88,1860.0,1845.12,target,2064.0,396.0
2021-03-12,2021-03-12 12:30:00-05:00,2021-03-12 14:00:00-05:00,2021-03-12 12:25:00-05:00,12903.25,12882.5,12798.0,13008.5,9,1.0,,96.75,105.25,212.24,1910.16,-373.5,-384.66,time,414.0,877.5
2021-03-15,2021-03-15 10:15:00-04:00,2021-03-15 11:30:00-04:00,2021-03-15 10:10:00-04:00,12987.5,12896.25,12896.5,13078.5,10,1.0,,86.25,91.0,183.74,1837.4,-1825.0,-1837.4,stop,25.0,1840.0
2021-03-16,2021-03-16 10:05:00-04:00,2021-03-16 14:00:00-04:00,2021-03-16 10:00:00-04:00,13245.0,13189.75,13142.25,13347.75,9,1.0,,96.25,102.75,207.24,1865.16,-994.5,-1005.66,time,931.5,1332.0
2021-03-17,2021-03-17 10:20:00-04:00,2021-03-17 14:00:00-04:00,2021-03-17 10:15:00-04:00,13066.75,12995.0,12934.25,13199.25,7,1.0,,109.0,132.5,266.74,1867.18,-1004.5,-1013.18,time,675.5,1792.0
2021-03-19,2021-03-19 11:05:00-04:00,2021-03-19 14:00:00-04:00,2021-03-19 11:00:00-04:00,12841.5,12869.25,12725.0,12958.0,8,1.0,,112.0,116.5,234.74,1877.92,444.0,434.08,time,796.0,1340.0
2021-03-22,2021-03-22 10:35:00-04:00,2021-03-22 12:20:00-04:00,2021-03-22 10:30:00-04:00,13026.0,13124.0,12927.75,13124.25,10,1.0,,93.25,98.25,198.24,1982.4,1960.0,1947.6,target,1965.0,280.0
2021-03-23,2021-03-23 10:15:00-04:00,2021-03-23 14:00:00-04:00,2021-03-23 10:10:00-04:00,13122.75,13080.75,13050.5,13195.0,13,1.0,,69.0,72.25,146.24,1901.1200000000001,-1092.0,-1108.12,time,1280.5,1865.5
2021-03-25,2021-03-25 10:05:00-04:00,2021-03-25 10:45:00-04:00,2021-03-25 10:00:00-04:00,12823.0,12688.0,12688.25,12957.75,7,1.0,,114.75,134.75,271.24,1898.68,-1890.0,-1898.68,stop,196.0,2082.5
2021-03-26,2021-03-26 10:05:00-04:00,2021-03-26 14:00:00-04:00,2021-03-26 10:00:00-04:00,12850.5,12798.75,12754.0,12947.0,10,1.0,,76.0,96.5,194.74,1947.4,-1035.0,-1047.4,time,435.0,1850.0
2021-03-29,2021-03-29 13:05:00-04:00,2021-03-29 14:00:00-04:00,2021-03-29 13:00:00-04:00,12986.5,12953.5,12852.5,13120.5,7,1.0,,125.0,134.0,269.74,1888.18,-462.0,-470.68,time,227.5,728.0
2021-03-30,2021-03-30 11:35:00-04:00,2021-03-30 14:00:00-04:00,2021-03-30 11:30:00-04:00,12895.25,12851.5,12805.25,12985.25,11,1.0,,82.75,90.0,181.74,1999.14,-962.5,-976.14,time,462.0,1540.0
2021-03-31,2021-03-31 10:05:00-04:00,2021-03-31 14:00:00-04:00,2021-03-31 10:00:00-04:00,13067.5,13124.75,12953.0,13182.0,8,1.0,,102.75,114.5,230.74,1845.92,916.0,906.08,time,1360.0,44.0
2021-04-01,2021-04-01 10:10:00-04:00,2021-04-01 14:00:00-04:00,2021-04-01 10:05:00-04:00,13306.25,13281.5,13241.5,13371.0,15,1.0,,60.25,64.75,131.24,1968.6000000000001,-742.5,-761.1,time,457.5,1387.5
2021-04-05,2021-04-05 10:10:00-04:00,2021-04-05 12:30:00-04:00,2021-04-05 10:05:00-04:00,13490.75,13572.0,13409.25,13572.25,12,1.0,,76.25,81.5,164.74,1976.88,1950.0,1935.12,target,2058.0,126.0
2021-04-06,2021-04-06 10:05:00-04:00,2021-04-06 14:00:00-04:00,2021-04-06 10:00:00-04:00,13605.0,13592.75,13538.75,13671.25,14,1.0,,58.75,66.25,134.24,1879.3600000000001,-343.0,-360.36,time,1379.0,1652.0
2021-04-07,2021-04-07 10:05:00-04:00,2021-04-07 14:00:00-04:00,2021-04-07 10:00:00-04:00,13593.0,13598.25,13513.0,13673.0,12,1.0,,71.5,80.0,161.74,1940.88,126.0,111.12,time,912.0,798.0
2021-04-09,2021-04-09 10:05:00-04:00,2021-04-09 14:00:00-04:00,2021-04-09 10:00:00-04:00,13732.5,13781.25,13658.25,13806.75,13,1.0,,69.75,74.25,150.24,1953.1200000000001,1267.5,1251.38,time,1527.5,981.5
2021-04-12,2021-04-12 12:35:00-04:00,2021-04-12 14:00:00-04:00,2021-04-12 12:30:00-04:00,13814.0,13782.5,13742.5,13885.5,13,1.0,,67.0,71.5,144.74,1881.6200000000001,-819.0,-835.12,time,383.5,942.5
2021-04-15,2021-04-15 10:30:00-04:00,2021-04-15 14:00:00-04:00,2021-04-15 10:25:00-04:00,13989.25,14013.75,13923.25,14055.25,14,1.0,,54.5,66.0,133.74,1872.3600000000001,686.0,668.64,time,917.0,1288.0
2021-04-21,2021-04-21 10:30:00-04:00,2021-04-21 14:00:00-04:00,2021-04-21 10:25:00-04:00,13816.0,13859.25,13700.25,13931.75,8,1.0,,104.5,115.75,233.24,1865.92,692.0,682.08,time,972.0,764.0
2021-04-22,2021-04-22 10:35:00-04:00,2021-04-22 13:10:00-04:00,2021-04-22 10:30:00-04:00,13931.0,13855.0,13855.25,14006.75,13,1.0,,56.75,75.75,153.24,1992.1200000000001,-1976.0,-1992.12,stop,338.0,2782.0
2021-04-23,2021-04-23 10:05:00-04:00,2021-04-23 11:20:00-04:00,2021-04-23 10:00:00-04:00,13838.0,13900.0,13775.75,13900.25,15,1.0,,58.5,62.25,126.24,1893.6,1860.0,1841.4,target,2145.0,390.0
2021-04-26,2021-04-26 10:10:00-04:00,2021-04-26 14:00:00-04:00,2021-04-26 10:05:00-04:00,13952.5,13993.0,13902.25,14002.75,19,1.0,,48.5,50.25,102.24,1942.56,1539.0,1515.44,time,1833.5,332.5
2021-04-30,2021-04-30 10:25:00-04:00,2021-04-30 13:50:00-04:00,2021-04-30 10:20:00-04:00,13923.5,13840.0,13840.25,14006.75,11,1.0,,68.0,83.25,168.24,1850.64,-1837.0,-1850.64,stop,737.0,1969.0
2021-05-03,2021-05-03 10:15:00-04:00,2021-05-03 10:50:00-04:00,2021-05-03 10:10:00-04:00,13929.75,13850.75,13851.0,14008.5,12,1.0,,65.25,78.75,159.24,1910.88,-1896.0,-1910.88,stop,426.0,2172.0
2021-05-06,2021-05-06 11:35:00-04:00,2021-05-06 14:00:00-04:00,2021-05-06 11:30:00-04:00,13523.75,13492.0,13424.25,13623.25,9,1.0,,84.75,99.5,200.74,1806.66,-571.5,-582.66,time,1215.0,634.5
2021-05-07,2021-05-07 10:10:00-04:00,2021-05-07 14:00:00-04:00,2021-05-07 10:05:00-04:00,13764.5,13681.0,13661.75,13867.25,9,1.0,,92.75,102.75,207.24,1865.16,-1503.0,-1514.16,time,828.0,1845.0
2021-05-11,2021-05-11 11:20:00-04:00,2021-05-11 14:00:00-04:00,2021-05-11 11:15:00-04:00,13272.25,13335.0,13083.75,13460.75,5,1.0,,188.0,188.5,378.74,1893.7,627.5,621.3,time,975.0,245.0
2021-05-13,2021-05-13 10:05:00-04:00,2021-05-13 11:40:00-04:00,2021-05-13 10:00:00-04:00,13189.25,13085.75,13086.0,13292.5,9,1.0,,82.75,103.25,208.24,1874.16,-1863.0,-1874.16,stop,643.5,2259.0
2021-05-14,2021-05-14 10:15:00-04:00,2021-05-14 13:00:00-04:00,2021-05-14 10:10:00-04:00,13287.0,13365.5,13208.25,13365.75,12,1.0,,60.75,78.75,159.24,1910.88,1884.0,1869.12,target,1908.0,288.0
2021-05-18,2021-05-18 10:30:00-04:00,2021-05-18 14:00:00-04:00,2021-05-18 10:25:00-04:00,13382.75,13331.0,13300.25,13465.25,11,1.0,,61.5,82.5,166.74,1834.14,-1138.5,-1152.14,time,302.5,1419.0
2021-05-19,2021-05-19 10:30:00-04:00,2021-05-19 14:00:00-04:00,2021-05-19 10:25:00-04:00,13092.0,13164.25,12969.5,13214.5,8,1.0,,108.0,122.5,246.74,1973.92,1156.0,1146.08,time,1692.0,768.0
2021-05-20,2021-05-20 10:05:00-04:00,2021-05-20 14:00:00-04:00,2021-05-20 10:00:00-04:00,13406.5,13479.5,13281.5,13531.5,7,1.0,,117.0,125.0,251.74,1762.18,1022.0,1013.32,time,1365.0,136.5
2021-05-24,2021-05-24 10:05:00-04:00,2021-05-24 14:00:00-04:00,2021-05-24 10:00:00-04:00,13590.0,13657.25,13493.0,13687.0,10,1.0,,90.5,97.0,195.74,1957.4,1345.0,1332.6,time,1510.0,115.0
2021-05-26,2021-05-26 11:10:00-04:00,2021-05-26 14:00:00-04:00,2021-05-26 11:05:00-04:00,13711.75,13686.25,13661.75,13761.75,19,1.0,,47.0,50.0,101.74,1933.06,-969.0,-992.56,time,503.5,1368.0
2021-05-27,2021-05-27 10:20:00-04:00,2021-05-27 14:00:00-04:00,2021-05-27 10:15:00-04:00,13699.25,13686.5,13643.75,13754.75,17,1.0,,51.5,55.5,112.74,1916.58,-433.5,-454.58,time,731.0,943.5
2021-05-28,2021-05-28 11:45:00-04:00,2021-05-28 14:00:00-04:00,2021-05-28 11:40:00-04:00,13745.5,13716.25,13695.75,13795.25,19,1.0,,44.0,49.75,101.24,1923.56,-1111.5,-1135.06,time,674.5,1501.0
2021-06-03,2021-06-03 11:00:00-04:00,2021-06-03 14:00:00-04:00,2021-06-03 10:55:00-04:00,13579.25,13566.0,13462.25,13696.25,8,1.0,,108.5,117.0,235.74,1885.92,-212.0,-221.92,time,488.0,844.0
2021-06-04,2021-06-04 10:05:00-04:00,2021-06-04 14:00:00-04:00,2021-06-04 10:00:00-04:00,13733.0,13774.5,13605.5,13860.5,7,1.0,,99.5,127.5,256.74,1797.18,581.0,572.32,time,644.0,171.5
2021-06-14,2021-06-14 12:05:00-04:00,2021-06-14 14:00:00-04:00,2021-06-14 12:00:00-04:00,14041.25,14059.0,13957.0,14125.5,11,1.0,,81.0,84.25,170.24,1872.64,390.5,376.86,time,511.5,181.5
2021-06-16,2021-06-16 10:15:00-04:00,2021-06-16 11:05:00-04:00,2021-06-16 10:10:00-04:00,14089.5,14042.25,14042.5,14136.5,20,1.0,,45.0,47.0,95.74,1914.8,-1890.0,-1914.8,stop,240.0,1940.0
2021-06-17,2021-06-17 10:05:00-04:00,2021-06-17 11:20:00-04:00,2021-06-17 10:00:00-04:00,14040.75,14149.25,13932.0,14149.5,9,1.0,,101.75,108.75,219.24,1973.16,1953.0,1941.84,target,2038.5,450.0
2021-06-21,2021-06-21 10:40:00-04:00,2021-06-21 14:00:00-04:00,2021-06-21 10:35:00-04:00,14081.75,14133.5,13958.75,14204.75,8,1.0,,113.5,123.0,247.74,1981.92,828.0,818.08,time,996.0,36.0
2021-06-22,2021-06-22 11:10:00-04:00,2021-06-22 14:00:00-04:00,2021-06-22 11:05:00-04:00,14187.75,14221.25,14107.25,14268.25,12,1.0,,69.5,80.5,162.74,1952.88,804.0,789.12,time,1086.0,18.0
2021-06-24,2021-06-24 10:10:00-04:00,2021-06-24 13:20:00-04:00,2021-06-24 10:05:00-04:00,14387.25,14343.75,14344.0,14430.5,22,1.0,,42.25,43.25,88.24,1941.28,-1914.0,-1941.28,stop,1529.0,1980.0
2021-06-28,2021-06-28 10:10:00-04:00,2021-06-28 14:00:00-04:00,2021-06-28 10:05:00-04:00,14467.5,14463.0,14391.0,14544.0,12,1.0,,67.5,76.5,154.74,1856.88,-108.0,-122.88,time,660.0,300.0
2021-06-29,2021-06-29 12:20:00-04:00,2021-06-29 14:00:00-04:00,2021-06-29 12:15:00-04:00,14533.75,14551.0,14470.0,14597.5,15,1.0,,59.5,63.75,129.24,1938.6000000000001,517.5,498.9,time,622.5,112.5
2021-07-02,2021-07-02 11:55:00-04:00,2021-07-02 14:00:00-04:00,2021-07-02 11:50:00-04:00,14670.5,14690.25,14619.25,14721.75,19,1.0,,46.0,51.25,104.24,1980.56,750.5,726.94,time,893.0,570.0
2021-07-06,2021-07-06 10:10:00-04:00,2021-07-06 10:30:00-04:00,2021-07-06 10:05:00-04:00,14786.25,14738.5,14738.75,14833.75,20,1.0,,35.0,47.5,96.74,1934.8,-1910.0,-1934.8,stop,140.0,2440.0
2021-07-08,2021-07-08 10:30:00-04:00,2021-07-08 13:35:00-04:00,2021-07-08 10:25:00-04:00,14644.75,14749.25,14540.0,14749.5,9,1.0,,101.75,104.75,211.24,1901.16,1881.0,1869.84,target,2011.5,1422.0
2021-07-09,2021-07-09 10:25:00-04:00,2021-07-09 11:00:00-04:00,2021-07-09 10:20:00-04:00,14728.25,14788.0,14668.25,14788.25,16,1.0,,56.75,60.0,121.74,1947.84,1912.0,1892.16,target,1920.0,792.0
2021-07-13,2021-07-13 10:05:00-04:00,2021-07-13 14:00:00-04:00,2021-07-13 10:00:00-04:00,14927.5,14885.25,14842.0,15013.0,11,1.0,,77.0,85.5,172.74,1900.14,-929.5,-943.14,time,1474.0,2062.5
2021-07-14,2021-07-14 10:05:00-04:00,2021-07-14 11:25:00-04:00,2021-07-14 10:00:00-04:00,14992.5,14934.5,14934.75,15050.25,17,1.0,,56.5,57.75,117.24,1993.08,-1972.0,-1993.08,stop,76.5,2881.5
2021-07-20,2021-07-20 10:25:00-04:00,2021-07-20 11:55:00-04:00,2021-07-20 10:20:00-04:00,14608.5,14700.0,14516.75,14700.25,10,1.0,,84.5,91.75,185.24,1852.4,1830.0,1817.6,target,1940.0,545.0
2021-07-21,2021-07-21 10:25:00-04:00,2021-07-21 14:00:00-04:00,2021-07-21 10:20:00-04:00,14761.5,14779.0,14692.0,14831.0,14,1.0,,65.5,69.5,140.74,1970.3600000000001,490.0,472.64,time,777.0,735.0
2021-07-22,2021-07-22 10:30:00-04:00,2021-07-22 14:00:00-04:00,2021-07-22 10:25:00-04:00,14904.75,14905.5,14839.75,14969.75,15,1.0,,55.0,65.0,131.74,1976.1000000000001,22.5,3.8999999999999986,time,555.0,1627.5
2021-07-23,2021-07-23 10:20:00-04:00,2021-07-23 11:30:00-04:00,2021-07-23 10:15:00-04:00,14997.75,15061.0,14934.25,15061.25,15,1.0,,60.0,63.5,128.74,1931.1000000000001,1897.5,1878.9,target,2190.0,420.0
2021-07-26,2021-07-26 10:05:00-04:00,2021-07-26 14:00:00-04:00,2021-07-26 10:00:00-04:00,15112.75,15105.0,15040.25,15185.25,13,1.0,,61.0,72.5,146.74,1907.6200000000001,-201.5,-217.62,time,559.0,793.0
2021-07-28,2021-07-28 10:20:00-04:00,2021-07-28 14:00:00-04:00,2021-07-28 10:15:00-04:00,15054.25,14972.75,14901.5,15207.0,6,1.0,,121.0,152.75,307.24,1843.44,-978.0,-985.44,time,246.0,1590.0
2021-07-30,2021-07-30 10:05:00-04:00,2021-07-30 14:00:00-04:00,2021-07-30 10:00:00-04:00,14977.0,14964.5,14866.0,15088.0,8,1.0,,86.75,111.0,223.74,1789.92,-200.0,-209.92,time,36.0,1068.0
2021-08-02,2021-08-02 11:25:00-04:00,2021-08-02 14:00:00-04:00,2021-08-02 11:20:00-04:00,15045.75,14985.5,14936.0,15155.5,9,1.0,,108.25,109.75,221.24,1991.16,-1084.5,-1095.66,time,99.0,1521.0
2021-08-03,2021-08-03 12:00:00-04:00,2021-08-03 14:00:00-04:00,2021-08-03 11:55:00-04:00,15011.0,15019.5,14902.75,15119.25,9,1.0,,106.0,108.25,218.24,1964.16,153.0,141.84,time,463.5,562.5
2021-08-04,2021-08-04 13:05:00-04:00,2021-08-04 14:00:00-04:00,2021-08-04 13:00:00-04:00,15075.25,15074.75,15018.5,15132.0,17,1.0,,50.75,56.75,115.24,1959.08,-17.0,-38.08,time,943.5,187.0
2021-08-05,2021-08-05 10:20:00-04:00,2021-08-05 14:00:00-04:00,2021-08-05 10:15:00-04:00,15131.0,15154.75,15072.75,15189.25,16,1.0,,56.0,58.25,118.24,1891.84,760.0,740.16,time,1136.0,896.0
2021-08-12,2021-08-12 10:20:00-04:00,2021-08-12 11:50:00-04:00,2021-08-12 10:15:00-04:00,15008.25,15070.0,14946.25,15070.25,15,1.0,,59.0,62.0,125.74,1886.1,1852.5,1833.9,target,1957.5,127.5
2021-08-13,2021-08-13 10:20:00-04:00,2021-08-13 14:00:00-04:00,2021-08-13 10:15:00-04:00,15133.75,15115.5,15068.0,15199.5,15,1.0,,40.25,65.75,133.24,1998.6000000000001,-547.5,-566.1,time,232.5,1245.0
2021-08-17,2021-08-17 10:45:00-04:00,2021-08-17 11:55:00-04:00,2021-08-17 10:40:00-04:00,15050.0,14954.5,14954.75,15145.25,10,1.0,,87.75,95.25,192.24,1922.4,-1910.0,-1922.4,stop,155.0,2245.0
2021-08-19,2021-08-19 10:10:00-04:00,2021-08-19 11:15:00-04:00,2021-08-19 10:05:00-04:00,14846.75,14929.75,14763.5,14930.0,11,1.0,,72.25,83.25,168.24,1850.64,1826.0,1812.36,target,1958.0,511.5
2021-08-20,2021-08-20 10:05:00-04:00,2021-08-20 14:00:00-04:00,2021-08-20 10:00:00-04:00,15059.5,15053.75,14959.25,15159.75,9,1.0,,86.25,100.25,202.24,1820.16,-103.5,-114.66,time,693.0,1039.5
2021-08-23,2021-08-23 10:05:00-04:00,2021-08-23 14:00:00-04:00,2021-08-23 10:00:00-04:00,15230.25,15314.25,15124.75,15335.75,9,1.0,,84.25,105.5,212.74,1914.66,1512.0,1500.84,time,1746.0,144.0
2021-08-24,2021-08-24 10:10:00-04:00,2021-08-24 14:00:00-04:00,2021-08-24 10:05:00-04:00,15361.25,15347.25,15312.75,15409.75,20,1.0,,40.75,48.5,98.74,1974.8,-560.0,-584.8,time,760.0,1240.0
2021-08-27,2021-08-27 10:05:00-04:00,2021-08-27 14:00:00-04:00,2021-08-27 10:00:00-04:00,15361.75,15434.0,15284.25,15439.25,12,1.0,,48.0,77.5,156.74,1880.88,1734.0,1719.12,time,1854.0,492.0
2021-08-30,2021-08-30 10:05:00-04:00,2021-08-30 14:00:00-04:00,2021-08-30 10:00:00-04:00,15545.5,15612.25,15455.25,15635.75,10,1.0,,74.75,90.25,182.24,1822.4,1335.0,1322.6,time,1385.0,160.0
2021-09-03,2021-09-03 10:05:00-04:00,2021-09-03 14:00:00-04:00,2021-09-03 10:00:00-04:00,15661.5,15656.5,15554.5,15768.5,9,1.0,,90.5,107.0,215.74,1941.66,-90.0,-101.16,time,130.5,1026.0
2021-09-06,2021-09-06 10:05:00-04:00,2021-09-06 18:00:00-04:00,2021-09-06 10:00:00-04:00,15706.25,15700.75,15686.5,15726.0,48,1.0,,16.5,19.75,41.24,1979.52,-528.0,-587.52,time,120.0,1224.0
2021-09-07,2021-09-07 10:55:00-04:00,2021-09-07 14:00:00-04:00,2021-09-07 10:50:00-04:00,15673.5,15691.75,15613.5,15733.5,16,1.0,,55.5,60.0,121.74,1947.84,584.0,564.16,time,896.0,1320.0
2021-09-15,2021-09-15 13:00:00-04:00,2021-09-15 14:00:00-04:00,2021-09-15 12:55:00-04:00,15439.5,15452.5,15331.0,15548.0,9,1.0,,102.25,108.5,218.74,1968.66,234.0,222.84,time,513.0,90.0
2021-09-22,2021-09-22 10:05:00-04:00,2021-09-22 11:40:00-04:00,2021-09-22 10:00:00-04:00,15094.0,15173.0,15014.75,15173.25,12,1.0,,63.5,79.25,160.24,1922.88,1896.0,1881.12,target,1944.0,252.0
2021-09-23,2021-09-23 10:05:00-04:00,2021-09-23 14:00:00-04:00,2021-09-23 10:00:00-04:00,15319.0,15344.75,15182.0,15456.0,7,1.0,,114.75,137.0,275.74,1930.18,360.5,351.82,time,388.5,745.5
2021-09-24,2021-09-24 10:05:00-04:00,2021-09-24 14:00:00-04:00,2021-09-24 10:00:00-04:00,15257.25,15261.25,15189.75,15324.75,14,1.0,,62.75,67.5,136.74,1914.3600000000001,112.0,94.64,time,1085.0,1463.0
2021-09-27,2021-09-27 11:05:00-04:00,2021-09-27 14:00:00-04:00,2021-09-27 11:00:00-04:00,15221.5,15199.75,15084.0,15359.0,7,1.0,,130.75,137.5,276.74,1937.18,-304.5,-313.18,time,21.0,1421.0
2021-10-01,2021-10-01 13:50:00-04:00,2021-10-01 14:00:00-04:00,2021-10-01 13:45:00-04:00,14740.5,14717.75,14606.75,14874.25,7,1.0,,128.5,133.75,269.24,1884.68,-318.5,-327.18,time,17.5,399.0
2021-10-05,2021-10-05 10:05:00-04:00,2021-10-05 12:05:00-04:00,2021-10-05 10:00:00-04:00,14606.5,14716.25,14496.5,14716.5,9,1.0,,101.0,110.0,221.74,1995.66,1975.5,1964.34,target,2083.5,243.0
2021-10-06,2021-10-06 10:25:00-04:00,2021-10-06 14:00:00-04:00,2021-10-06 10:20:00-04:00,14658.5,14691.5,14511.25,14805.75,6,1.0,,127.75,147.25,296.24,1777.44,396.0,388.56,time,612.0,1092.0
2021-10-07,2021-10-07 10:05:00-04:00,2021-10-07 14:00:00-04:00,2021-10-07 10:00:00-04:00,14971.25,14962.25,14859.25,15083.25,8,1.0,,96.75,112.0,225.74,1805.92,-144.0,-153.92,time,480.0,552.0
2021-10-11,2021-10-11 10:05:00-04:00,2021-10-11 14:00:00-04:00,2021-10-11 10:00:00-04:00,14868.0,14782.25,14721.5,15014.5,6,1.0,,139.25,146.5,294.74,1768.44,-1029.0,-1036.44,time,345.0,1320.0
2021-10-14,2021-10-14 10:05:00-04:00,2021-10-14 14:00:00-04:00,2021-10-14 10:00:00-04:00,14973.5,15034.75,14890.5,15056.5,11,1.0,,67.0,83.0,167.74,1845.14,1347.5,1333.86,time,1551.0,176.0
2021-10-15,2021-10-15 11:00:00-04:00,2021-10-15 14:00:00-04:00,2021-10-15 10:55:00-04:00,15110.75,15099.0,15049.25,15172.25,16,1.0,,50.75,61.5,124.74,1995.84,-376.0,-395.84,time,328.0,1672.0
2021-10-18,2021-10-18 10:10:00-04:00,2021-10-18 14:00:00-04:00,2021-10-18 10:05:00-04:00,15153.5,15246.75,15051.75,15255.25,9,1.0,,96.0,101.75,205.24,1847.16,1678.5,1667.34,time,1813.5,499.5
2021-10-19,2021-10-19 10:30:00-04:00,2021-10-19 14:00:00-04:00,2021-10-19 10:25:00-04:00,15359.5,15394.25,15302.25,15416.75,17,1.0,,55.75,57.25,116.24,1976.08,1181.5,1160.42,time,1275.0,1079.5
2021-10-20,2021-10-20 10:35:00-04:00,2021-10-20 11:00:00-04:00,2021-10-20 10:30:00-04:00,15445.25,15396.5,15396.75,15493.75,20,1.0,,44.25,48.5,98.74,1974.8,-1950.0,-1974.8,stop,10.0,2480.0
2021-10-21,2021-10-21 10:10:00-04:00,2021-10-21 14:00:00-04:00,2021-10-21 10:05:00-04:00,15399.75,15416.5,15334.25,15465.25,15,1.0,,60.0,65.5,132.74,1991.1000000000001,502.5,483.9,time,1380.0,337.5
2021-10-22,2021-10-22 10:30:00-04:00,2021-10-22 11:15:00-04:00,2021-10-22 10:25:00-04:00,15463.0,15385.25,15385.5,15540.5,12,1.0,,72.75,77.5,156.74,1880.88,-1866.0,-1880.88,stop,18.0,2760.0
2021-10-25,2021-10-25 12:00:00-04:00,2021-10-25 14:00:00-04:00,2021-10-25 11:55:00-04:00,15436.75,15490.5,15322.25,15551.25,8,1.0,,110.25,114.5,230.74,1845.92,860.0,850.08,time,1120.0,44.0
2021-10-26,2021-10-26 10:15:00-04:00,2021-10-26 12:00:00-04:00,2021-10-26 10:10:00-04:00,15674.75,15580.0,15580.25,15769.25,10,1.0,,78.0,94.5,190.74,1907.4,-1895.0,-1907.4,stop,525.0,2105.0
2021-10-27,2021-10-27 10:55:00-04:00,2021-10-27 14:00:00-04:00,2021-10-27 10:50:00-04:00,15649.25,15710.25,15558.25,15740.25,10,1.0,,87.5,91.0,183.74,1837.4,1220.0,1207.6,time,1360.0,730.0
2021-10-28,2021-10-28 10:30:00-04:00,2021-10-28 14:00:00-04:00,2021-10-28 10:25:00-04:00,15699.25,15729.5,15635.75,15762.75,15,1.0,,57.5,63.5,128.74,1931.1000000000001,907.5,888.9,time,1635.0,360.0
2021-10-29,2021-10-29 11:10:00-04:00,2021-10-29 13:15:00-04:00,2021-10-29 11:05:00-04:00,15708.25,15800.25,15616.0,15800.5,10,1.0,,83.5,92.25,186.24,1862.4,1840.0,1827.6,target,2010.0,15.0
2021-11-02,2021-11-02 11:45:00-04:00,2021-11-02 14:00:00-04:00,2021-11-02 11:40:00-04:00,15972.0,15937.75,15864.25,16079.75,9,1.0,,104.0,107.75,217.24,1955.16,-616.5,-627.66,time,148.5,1075.5
2021-11-04,2021-11-04 10:05:00-04:00,2021-11-04 13:55:00-04:00,2021-11-04 10:00:00-04:00,16253.75,16350.25,16157.0,16350.5,10,1.0,,95.0,96.75,195.24,1952.4,1930.0,1917.6,target,2005.0,210.0
2021-11-10,2021-11-10 10:05:00-05:00,2021-11-10 13:15:00-05:00,2021-11-10 10:00:00-05:00,16182.75,16041.25,16041.5,16324.0,7,1.0,,138.25,141.25,284.24,1989.68,-1981.0,-1989.68,stop,514.5,2170.0
2021-11-12,2021-11-12 10:50:00-05:00,2021-11-12 11:15:00-05:00,2021-11-12 10:45:00-05:00,16087.25,16172.5,16001.75,16172.75,11,1.0,,76.25,85.5,172.74,1900.14,1875.5,1861.86,target,2040.5,104.5
2021-11-16,2021-11-16 11:05:00-05:00,2021-11-16 14:00:00-05:00,2021-11-16 11:00:00-05:00,16255.5,16311.75,16149.0,16362.0,9,1.0,,103.0,106.5,214.74,1932.66,1012.5,1001.34,time,1219.5,180.0
2021-11-17,2021-11-17 10:40:00-05:00,2021-11-17 14:00:00-05:00,2021-11-17 10:35:00-05:00,16345.0,16347.75,16269.75,16420.25,13,1.0,,52.75,75.25,152.24,1979.1200000000001,71.5,55.379999999999995,time,1397.5,1482.0
2021-11-18,2021-11-18 11:35:00-05:00,2021-11-18 14:00:00-05:00,2021-11-18 11:30:00-05:00,16430.5,16436.25,16353.5,16507.5,12,1.0,,68.25,77.0,155.74,1868.88,138.0,123.12,time,1452.0,324.0
2021-11-19,2021-11-19 11:40:00-05:00,2021-11-19 14:00:00-05:00,2021-11-19 11:35:00-05:00,16618.25,16580.75,16516.25,16720.25,9,1.0,,100.5,102.0,205.74,1851.66,-675.0,-686.16,time,180.0,1521.0
2021-11-22,2021-11-22 10:05:00-05:00,2021-11-22 11:10:00-05:00,2021-11-22 10:00:00-05:00,16744.75,16638.0,16638.25,16851.25,9,1.0,,101.25,106.5,214.74,1932.66,-1921.5,-1932.66,stop,409.5,1930.5
2021-11-24,2021-11-24 10:05:00-05:00,2021-11-24 14:00:00-05:00,2021-11-24 10:00:00-05:00,16225.75,16303.25,16102.0,16349.5,8,1.0,,106.0,123.75,249.24,1993.92,1240.0,1230.08,time,1792.0,1100.0
2021-11-29,2021-11-29 11:35:00-05:00,2021-11-29 14:00:00-05:00,2021-11-29 11:30:00-05:00,16317.5,16413.0,16208.0,16427.0,9,1.0,,98.5,109.5,220.74,1986.66,1719.0,1707.84,time,1885.5,103.5
2021-11-30,2021-11-30 10:05:00-05:00,2021-11-30 10:45:00-05:00,2021-11-30 10:00:00-05:00,16422.25,16318.5,16318.75,16525.75,9,1.0,,100.25,103.5,208.74,1878.66,-1867.5,-1878.66,stop,616.5,2902.5
2021-12-01,2021-12-01 10:10:00-05:00,2021-12-01 12:55:00-05:00,2021-12-01 10:05:00-05:00,16371.75,16270.5,16270.75,16472.75,9,1.0,,83.25,101.0,203.74,1833.66,-1822.5,-1833.66,stop,1008.0,2484.0
2021-12-02,2021-12-02 10:05:00-05:00,2021-12-02 10:40:00-05:00,2021-12-02 10:00:00-05:00,16018.75,15786.75,15787.0,16250.5,4,1.0,,217.0,231.75,465.24,1860.96,-1856.0,-1860.96,stop,10.0,1974.0
2021-12-06,2021-12-06 10:20:00-05:00,2021-12-06 14:00:00-05:00,2021-12-06 10:15:00-05:00,15763.25,15871.25,15559.25,15967.25,4,1.0,,201.5,204.0,409.74,1638.96,864.0,859.04,time,1048.0,858.0
2021-12-07,2021-12-07 10:10:00-05:00,2021-12-07 14:00:00-05:00,2021-12-07 10:05:00-05:00,16245.5,16336.5,16119.0,16372.0,7,1.0,,109.5,126.5,254.74,1783.18,1274.0,1265.32,time,1382.5,199.5
2021-12-08,2021-12-08 13:45:00-05:00,2021-12-08 14:00:00-05:00,2021-12-08 13:40:00-05:00,16368.75,16356.0,16251.5,16486.0,8,1.0,,105.5,117.25,236.24,1889.92,-204.0,-213.92,time,164.0,336.0
2021-12-17,2021-12-17 10:50:00-05:00,2021-12-17 14:00:00-05:00,2021-12-17 10:45:00-05:00,15882.0,15900.75,15656.75,16107.25,4,1.0,,186.25,225.25,452.24,1808.96,150.0,145.04,time,598.0,1126.0
2021-12-21,2021-12-21 12:15:00-05:00,2021-12-21 14:00:00-05:00,2021-12-21 12:10:00-05:00,15813.25,15915.75,15663.25,15963.25,6,1.0,,135.5,150.0,301.74,1810.44,1230.0,1222.56,time,1470.0,126.0
2021-12-22,2021-12-22 10:40:00-05:00,2021-12-22 14:00:00-05:00,2021-12-22 10:35:00-05:00,16066.0,16065.75,15933.75,16198.25,7,1.0,,110.75,132.25,266.24,1863.68,-3.5,-12.18,time,1046.5,353.5
2021-12-23,2021-12-23 10:15:00-05:00,2021-12-23 14:00:00-05:00,2021-12-23 10:10:00-05:00,16258.75,16327.75,16176.5,16341.0,12,1.0,,65.75,82.25,166.24,1994.88,1656.0,1641.12,time,1878.0,324.0
2021-12-27,2021-12-27 10:05:00-05:00,2021-12-27 14:00:00-05:00,2021-12-27 10:00:00-05:00,16457.75,16549.0,16344.5,16571.0,8,1.0,,103.75,113.25,228.24,1825.92,1460.0,1450.08,time,1468.0,104.0
2021-12-30,2021-12-30 10:10:00-05:00,2021-12-30 14:00:00-05:00,2021-12-30 10:05:00-05:00,16538.0,16534.0,16449.5,16626.5,11,1.0,,68.5,88.5,178.74,1966.14,-88.0,-101.64,time,649.0,742.5
2022-01-06,2022-01-06 11:15:00-05:00,2022-01-06 14:00:00-05:00,2022-01-06 11:10:00-05:00,15861.0,15822.5,15672.0,16050.0,5,1.0,,178.5,189.0,379.74,1898.7,-385.0,-391.2,time,347.5,915.0
2022-01-10,2022-01-10 13:55:00-05:00,2022-01-10 14:00:00-05:00,2022-01-10 13:50:00-05:00,15418.25,15409.0,15240.75,15595.75,5,1.0,,174.25,177.5,356.74,1783.7,-92.5,-98.7,time,345.0,265.0
2022-01-11,2022-01-11 10:05:00-05:00,2022-01-11 11:35:00-05:00,2022-01-11 10:00:00-05:00,15621.0,15767.25,15474.5,15767.5,6,1.0,,119.5,146.5,294.74,1768.44,1755.0,1747.56,target,2001.0,1401.0
2022-01-12,2022-01-12 10:15:00-05:00,2022-01-12 10:40:00-05:00,2022-01-12 10:10:00-05:00,16003.5,15884.25,15884.5,16122.5,8,1.0,,108.0,119.0,239.74,1917.92,-1908.0,-1917.92,stop,44.0,2328.0
2022-01-18,2022-01-18 10:10:00-05:00,2022-01-18 11:30:00-05:00,2022-01-18 10:05:00-05:00,15408.25,15272.25,15272.5,15544.0,7,1.0,,101.75,135.75,273.24,1912.68,-1904.0,-1912.68,stop,374.5,2152.5
2022-01-20,2022-01-20 10:35:00-05:00,2022-01-20 14:00:00-05:00,2022-01-20 10:30:00-05:00,15302.75,15179.0,15160.5,15445.0,6,1.0,,125.0,142.25,286.24,1717.44,-1485.0,-1492.44,time,453.0,1563.0
2022-01-21,2022-01-21 11:25:00-05:00,2022-01-21 12:20:00-05:00,2022-01-21 11:20:00-05:00,14844.5,14630.5,14630.75,15058.25,4,1.0,,188.0,213.75,429.24,1716.96,-1712.0,-1716.96,stop,60.0,1774.0
2022-01-26,2022-01-26 10:05:00-05:00,2022-01-26 10:40:00-05:00,2022-01-26 10:00:00-05:00,14505.25,14349.75,14350.0,14660.5,6,1.0,,149.75,155.25,312.24,1873.44,-1866.0,-1873.44,stop,111.0,2016.0
2022-01-27,2022-01-27 10:15:00-05:00,2022-01-27 10:30:00-05:00,2022-01-27 10:10:00-05:00,14401.25,14231.5,14231.75,14570.75,5,1.0,,164.0,169.5,340.74,1703.7,-1697.5,-1703.7,stop,52.5,1937.5
2022-01-28,2022-01-28 10:55:00-05:00,2022-01-28 14:00:00-05:00,2022-01-28 10:50:00-05:00,14109.75,14230.25,13867.0,14352.5,4,1.0,,235.25,242.75,487.24,1948.96,964.0,959.04,time,1614.0,214.0
2022-01-31,2022-01-31 10:05:00-05:00,2022-01-31 14:00:00-05:00,2022-01-31 10:00:00-05:00,14650.0,14774.75,14416.25,14883.75,4,1.0,,217.75,233.75,469.24,1876.96,998.0,993.04,time,1096.0,82.0
2022-02-03,2022-02-03 10:30:00-05:00,2022-02-03 11:55:00-05:00,2022-02-03 10:25:00-05:00,14822.5,14677.0,14677.25,14967.75,6,1.0,,122.0,145.25,292.24,1753.44,-1746.0,-1753.44,stop,246.0,1905.0
2022-02-04,2022-02-04 10:05:00-05:00,2022-02-04 14:00:00-05:00,2022-02-04 10:00:00-05:00,14610.0,14744.5,14433.0,14787.0,5,1.0,,173.75,177.0,355.74,1778.7,1345.0,1338.8,time,1440.0,1680.0
2022-02-08,2022-02-08 10:50:00-05:00,2022-02-08 11:30:00-05:00,2022-02-08 10:45:00-05:00,14592.75,14684.25,14501.0,14684.5,10,1.0,,87.25,91.75,185.24,1852.4,1830.0,1817.6,target,2095.0,230.0
2022-02-09,2022-02-09 11:05:00-05:00,2022-02-09 14:00:00-05:00,2022-02-09 11:00:00-05:00,14964.0,14982.25,14863.75,15064.25,9,1.0,,87.75,100.25,202.24,1820.16,328.5,317.34,time,630.0,981.0
2022-02-10,2022-02-10 10:05:00-05:00,2022-02-10 13:35:00-05:00,2022-02-10 10:00:00-05:00,14958.25,14735.0,14735.25,15181.25,4,1.0,,198.5,223.0,447.74,1790.96,-1786.0,-1790.96,stop,566.0,1838.0
2022-02-14,2022-02-14 11:20:00-05:00,2022-02-14 13:50:00-05:00,2022-02-14 11:15:00-05:00,14338.0,14182.0,14182.25,14493.75,6,1.0,,153.75,155.75,313.24,1879.44,-1872.0,-1879.44,stop,672.0,2085.0
2022-02-15,2022-02-15 10:45:00-05:00,2022-02-15 12:45:00-05:00,2022-02-15 10:40:00-05:00,14540.25,14444.75,14445.0,14635.5,10,1.0,,77.25,95.25,192.24,1922.4,-1910.0,-1922.4,stop,475.0,2245.0
2022-02-22,2022-02-22 10:30:00-05:00,2022-02-22 11:50:00-05:00,2022-02-22 10:25:00-05:00,14105.5,13861.75,13862.0,14349.0,4,1.0,,233.75,243.5,488.74,1954.96,-1950.0,-1954.96,stop,26.0,2068.0
2022-02-24,2022-02-24 10:15:00-05:00,2022-02-24 13:50:00-05:00,2022-02-24 10:10:00-05:00,13378.5,13698.0,13058.75,13698.25,3,1.0,,305.25,319.75,641.24,1923.72,1917.0,1913.28,target,1932.0,423.0
2022-02-25,2022-02-25 10:45:00-05:00,2022-02-25 14:00:00-05:00,2022-02-25 10:40:00-05:00,14038.75,14110.5,13859.25,14218.25,5,1.0,,155.5,179.5,360.74,1803.7,717.5,711.3,time,1377.5,182.5
2022-02-28,2022-02-28 10:40:00-05:00,2022-02-28 14:00:00-05:00,2022-02-28 10:35:00-05:00,14181.0,14139.25,14027.0,14335.0,6,1.0,,120.75,154.0,309.74,1858.44,-501.0,-508.44,time,1338.0,1545.0
2022-03-02,2022-03-02 11:10:00-05:00,2022-03-02 14:00:00-05:00,2022-03-02 11:05:00-05:00,14159.0,14233.5,14010.75,14307.25,6,1.0,,119.0,148.25,298.24,1789.44,894.0,886.56,time,1266.0,279.0
2022-03-08,2022-03-08 12:15:00-05:00,2022-03-08 14:00:00-05:00,2022-03-08 12:10:00-05:00,13458.75,13354.75,13221.5,13696.0,4,1.0,,152.25,237.25,476.24,1904.96,-832.0,-836.96,time,1660.0,1342.0
2022-03-09,2022-03-09 10:25:00-05:00,2022-03-09 14:00:00-05:00,2022-03-09 10:20:00-05:00,13641.0,13691.0,13496.5,13785.5,6,1.0,,124.75,144.5,290.74,1744.44,600.0,592.56,time,1308.0,726.0
2022-03-10,2022-03-10 10:20:00-05:00,2022-03-10 10:30:00-05:00,2022-03-10 10:15:00-05:00,13605.5,13487.0,13487.25,13723.75,8,1.0,,107.25,118.25,238.24,1905.92,-1896.0,-1905.92,stop,4.0,2224.0
2022-03-14,2022-03-14 10:15:00-04:00,2022-03-14 11:40:00-04:00,2022-03-14 10:10:00-04:00,13373.25,13204.75,13205.0,13541.5,5,1.0,,136.0,168.25,338.24,1691.2,-1685.0,-1691.2,stop,197.5,1870.0
2022-03-15,2022-03-15 10:05:00-04:00,2022-03-15 11:25:00-04:00,2022-03-15 10:00:00-04:00,13220.5,13349.75,13091.0,13350.0,7,1.0,,122.25,129.5,260.74,1825.18,1809.5,1800.82,target,1960.0,791.0
2022-03-16,2022-03-16 10:15:00-04:00,2022-03-16 14:00:00-04:00,2022-03-16 10:10:00-04:00,13750.75,13742.25,13612.0,13889.5,7,1.0,,135.5,138.75,279.24,1954.68,-119.0,-127.68,time,1620.5,1746.5
2022-03-17,2022-03-17 10:05:00-04:00,2022-03-17 14:00:00-04:00,2022-03-17 10:00:00-04:00,13991.25,14070.0,13819.0,14163.5,5,1.0,,163.25,172.25,346.24,1731.2,787.5,781.3,time,1007.5,1490.0
2022-03-18,2022-03-18 10:05:00-04:00,2022-03-18 14:00:00-04:00,2022-03-18 10:00:00-04:00,14179.75,14306.75,13995.25,14364.25,5,1.0,,157.25,184.5,370.74,1853.7,1270.0,1263.8,time,1442.5,412.5
2022-03-22,2022-03-22 10:05:00-04:00,2022-03-22 14:00:00-04:00,2022-03-22 10:00:00-04:00,14531.0,14645.25,14374.5,14687.5,6,1.0,,114.5,156.5,314.74,1888.44,1371.0,1363.56,time,1839.0,150.0
2022-03-23,2022-03-23 10:15:00-04:00,2022-03-23 12:00:00-04:00,2022-03-23 10:10:00-04:00,14563.5,14666.0,14460.75,14666.25,9,1.0,,85.75,102.75,207.24,1865.16,1845.0,1833.84,target,2146.5,643.5
2022-03-24,2022-03-24 11:15:00-04:00,2022-03-24 11:40:00-04:00,2022-03-24 11:10:00-04:00,14563.5,14657.75,14469.0,14658.0,10,1.0,,82.5,94.5,190.74,1907.4,1885.0,1872.6,target,2010.0,265.0
2022-03-25,2022-03-25 10:45:00-04:00,2022-03-25 11:00:00-04:00,2022-03-25 10:40:00-04:00,14792.5,14707.75,14708.0,14877.0,11,1.0,,80.5,84.5,170.74,1878.14,-1864.5,-1878.14,stop,330.0,2013.0
2022-03-30,2022-03-30 10:15:00-04:00,2022-03-30 11:00:00-04:00,2022-03-30 10:10:00-04:00,15219.5,15141.25,15141.5,15297.5,12,1.0,,67.5,78.0,157.74,1892.88,-1878.0,-1892.88,stop,372.0,2058.0
2022-04-04,2022-04-04 10:40:00-04:00,2022-04-04 14:00:00-04:00,2022-04-04 10:35:00-04:00,15062.0,15119.0,14884.0,15240.0,5,1.0,,167.5,178.0,357.74,1788.7,570.0,563.8,time,690.0,337.5
2022-04-08,2022-04-08 11:05:00-04:00,2022-04-08 14:00:00-04:00,2022-04-08 11:00:00-04:00,14477.75,14391.25,14312.25,14643.25,6,1.0,,164.5,165.5,332.74,1996.44,-1038.0,-1045.44,time,243.0,1239.0
2022-04-13,2022-04-13 10:20:00-04:00,2022-04-13 14:00:00-04:00,2022-04-13 10:15:00-04:00,14081.5,14161.25,13921.5,14241.5,6,1.0,,151.75,160.0,321.74,1930.44,957.0,949.56,time,1518.0,471.0
2022-04-18,2022-04-18 10:15:00-04:00,2022-04-18 12:10:00-04:00,2022-04-18 10:10:00-04:00,13945.75,13826.75,13827.0,14064.5,8,1.0,,105.75,118.75,239.24,1913.92,-1904.0,-1913.92,stop,904.0,2088.0
2022-04-19,2022-04-19 10:05:00-04:00,2022-04-19 14:00:00-04:00,2022-04-19 10:00:00-04:00,14023.0,14156.5,13833.75,14212.25,5,1.0,,184.0,189.25,380.24,1901.2,1335.0,1328.8,time,1740.0,105.0
2022-04-25,2022-04-25 10:30:00-04:00,2022-04-25 14:00:00-04:00,2022-04-25 10:25:00-04:00,13392.75,13351.75,13235.5,13550.0,6,1.0,,130.5,157.25,316.24,1897.44,-492.0,-499.44,time,885.0,1827.0
2022-04-28,2022-04-28 12:40:00-04:00,2022-04-28 14:00:00-04:00,2022-04-28 12:35:00-04:00,13292.0,13447.0,13095.5,13488.5,5,1.0,,185.0,196.5,394.74,1973.7,1550.0,1543.8,time,1615.0,5.0
2022-05-02,2022-05-02 10:30:00-04:00,2022-05-02 13:45:00-04:00,2022-05-02 10:25:00-04:00,12983.0,12742.25,12742.5,13223.5,4,1.0,,231.25,240.5,482.74,1930.96,-1926.0,-1930.96,stop,490.0,1938.0
2022-05-03,2022-05-03 10:05:00-04:00,2022-05-03 14:00:00-04:00,2022-05-03 10:00:00-04:00,13139.75,13137.5,12968.0,13311.5,5,1.0,,146.25,171.75,345.24,1726.2,-22.5,-28.7,time,442.5,1630.0
2022-05-04,2022-05-04 13:05:00-04:00,2022-05-04 14:00:00-04:00,2022-05-04 13:00:00-04:00,13121.0,13141.75,13017.0,13225.0,9,1.0,,97.25,104.0,209.74,1887.66,373.5,362.34,time,1989.0,1291.5
2022-05-06,2022-05-06 10:50:00-04:00,2022-05-06 14:00:00-04:00,2022-05-06 10:45:00-04:00,12807.0,12685.0,12519.25,13094.75,3,1.0,,273.25,287.75,577.24,1731.72,-732.0,-735.72,time,733.5,837.0
2022-05-12,2022-05-12 10:10:00-04:00,2022-05-12 11:05:00-04:00,2022-05-12 10:05:00-04:00,11910.0,12127.0,11692.75,12127.25,4,1.0,,215.0,217.25,436.24,1744.96,1736.0,1731.04,target,1752.0,100.0
2022-05-13,2022-05-13 10:05:00-04:00,2022-05-13 14:00:00-04:00,2022-05-13 10:00:00-04:00,12288.0,12303.25,12064.75,12511.25,4,1.0,,214.25,223.25,448.24,1792.96,122.0,117.04,time,1140.0,460.0
2022-05-16,2022-05-16 10:30:00-04:00,2022-05-16 10:55:00-04:00,2022-05-16 10:25:00-04:00,12366.5,12214.75,12215.0,12518.0,6,1.0,,143.5,151.5,304.74,1828.44,-1821.0,-1828.44,stop,81.0,1923.0
2022-05-19,2022-05-19 11:25:00-04:00,2022-05-19 14:00:00-04:00,2022-05-19 11:20:00-04:00,11979.25,11974.75,11795.5,12163.0,5,1.0,,183.25,183.75,369.24,1846.2,-45.0,-51.2,time,977.5,1282.5
2022-05-23,2022-05-23 11:35:00-04:00,2022-05-23 14:00:00-04:00,2022-05-23 11:30:00-04:00,12001.25,12002.5,11818.25,12184.25,5,1.0,,159.0,183.0,367.74,1838.7,12.5,6.3,time,507.5,845.0
2022-05-25,2022-05-25 10:30:00-04:00,2022-05-25 14:00:00-04:00,2022-05-25 10:25:00-04:00,11889.75,11852.0,11708.0,12071.5,5,1.0,,149.75,181.75,365.24,1826.2,-377.5,-383.7,time,397.5,1012.5
2022-05-26,2022-05-26 10:15:00-04:00,2022-05-26 14:00:00-04:00,2022-05-26 10:10:00-04:00,12161.75,12318.5,11899.0,12424.5,3,1.0,,227.25,262.75,527.24,1581.72,940.5,936.78,time,1090.5,211.5
2022-05-27,2022-05-27 10:05:00-04:00,2022-05-27 14:00:00-04:00,2022-05-27 10:00:00-04:00,12533.25,12588.5,12401.75,12664.75,7,1.0,,130.5,131.5,264.74,1853.18,773.5,764.82,time,1106.0,357.0
2022-05-30,2022-05-30 10:50:00-04:00,2022-05-30 18:00:00-04:00,2022-05-30 10:45:00-04:00,12792.25,12813.75,12746.0,12838.5,21,1.0,,30.75,46.25,94.24,1979.04,903.0,876.96,time,1869.0,913.5
2022-05-31,2022-05-31 11:55:00-04:00,2022-05-31 14:00:00-04:00,2022-05-31 11:50:00-04:00,12698.0,12757.75,12520.25,12875.75,5,1.0,,168.5,177.75,357.24,1786.2,597.5,591.3,time,695.0,392.5
2022-06-02,2022-06-02 10:15:00-04:00,2022-06-02 12:35:00-04:00,2022-06-02 10:10:00-04:00,12618.0,12793.5,12442.25,12793.75,5,1.0,,128.25,175.75,353.24,1766.2,1755.0,1748.8,target,1772.5,1205.0
2022-06-06,2022-06-06 10:05:00-04:00,2022-06-06 11:15:00-04:00,2022-06-06 10:00:00-04:00,12789.5,12673.0,12673.25,12905.75,8,1.0,,112.0,116.25,234.24,1873.92,-1864.0,-1873.92,stop,336.0,2448.0
2022-06-07,2022-06-07 10:30:00-04:00,2022-06-07 14:00:00-04:00,2022-06-07 10:25:00-04:00,12591.25,12646.75,12412.0,12770.5,5,1.0,,169.75,179.25,360.24,1801.2,555.0,548.8,time,1147.5,295.0
2022-06-09,2022-06-09 10:40:00-04:00,2022-06-09 13:40:00-04:00,2022-06-09 10:35:00-04:00,12660.0,12506.0,12506.25,12813.75,6,1.0,,148.5,153.75,309.24,1855.44,-1848.0,-1855.44,stop,48.0,1884.0
2022-06-15,2022-06-15 10:10:00-04:00,2022-06-15 14:00:00-04:00,2022-06-15 10:05:00-04:00,11556.25,11573.25,11459.5,11653.0,10,1.0,,89.25,96.75,195.24,1952.4,340.0,327.6,time,1750.0,2230.0
2022-06-17,2022-06-17 13:10:00-04:00,2022-06-17 14:00:00-04:00,2022-06-17 13:05:00-04:00,11364.75,11342.75,11184.75,11544.75,5,1.0,,163.75,180.0,361.74,1808.7,-220.0,-226.2,time,315.0,562.5
2022-06-20,2022-06-20 10:20:00-04:00,2022-06-20 11:55:00-04:00,2022-06-20 10:15:00-04:00,11377.5,11421.75,11333.0,11422.0,22,1.0,,43.0,44.5,90.74,1996.28,1947.0,1919.72,target,2024.0,385.0
2022-06-21,2022-06-21 10:05:00-04:00,2022-06-21 14:00:00-04:00,2022-06-21 10:00:00-04:00,11646.75,11603.0,11475.75,11817.75,5,1.0,,155.0,171.0,343.74,1718.7,-437.5,-443.7,time,317.5,620.0
2022-06-22,2022-06-22 10:15:00-04:00,2022-06-22 14:00:00-04:00,2022-06-22 10:10:00-04:00,11629.75,11659.25,11446.5,11813.0,5,1.0,,172.5,183.25,368.24,1841.2,295.0,288.8,time,1167.5,625.0
2022-06-23,2022-06-23 10:45:00-04:00,2022-06-23 14:00:00-04:00,2022-06-23 10:40:00-04:00,11702.25,11618.25,11543.0,11861.5,6,1.0,,140.75,159.25,320.24,1921.44,-1008.0,-1015.44,time,498.0,1863.0
2022-06-24,2022-06-24 10:05:00-04:00,2022-06-24 14:00:00-04:00,2022-06-24 10:00:00-04:00,12037.0,12007.0,11838.5,12235.5,5,1.0,,145.75,198.5,398.74,1993.7,-300.0,-306.2,time,457.5,677.5
2022-06-29,2022-06-29 10:05:00-04:00,2022-06-29 14:00:00-04:00,2022-06-29 10:00:00-04:00,11732.0,11690.75,11564.0,11900.0,5,1.0,,154.25,168.0,337.74,1688.7,-412.5,-418.7,time,170.0,1280.0
2022-06-30,2022-06-30 11:55:00-04:00,2022-06-30 14:00:00-04:00,2022-06-30 11:50:00-04:00,11592.5,11644.0,11392.75,11792.25,4,1.0,,195.25,199.75,401.24,1604.96,412.0,407.04,time,742.0,422.0
2022-07-05,2022-07-05 10:15:00-04:00,2022-07-05 12:20:00-04:00,2022-07-05 10:10:00-04:00,11507.5,11626.0,11388.75,11626.25,8,1.0,,96.0,118.75,239.24,1913.92,1896.0,1886.08,target,2096.0,704.0
2022-07-07,2022-07-07 10:55:00-04:00,2022-07-07 14:00:00-04:00,2022-07-07 10:50:00-04:00,12065.0,12125.5,11918.25,12211.75,6,1.0,,130.75,146.75,295.24,1771.44,726.0,718.56,time,816.0,453.0
2022-07-08,2022-07-08 10:30:00-04:00,2022-07-08 14:00:00-04:00,2022-07-08 10:25:00-04:00,12117.75,12125.0,11978.5,12257.0,7,1.0,,112.25,139.25,280.24,1961.68,101.5,92.82,time,1305.5,1102.5
2022-07-13,2022-07-13 10:35:00-04:00,2022-07-13 14:00:00-04:00,2022-07-13 10:30:00-04:00,11710.0,11822.5,11522.5,11897.5,5,1.0,,177.5,187.5,376.74,1883.7,1125.0,1118.8,time,1445.0,142.5
2022-07-14,2022-07-14 11:45:00-04:00,2022-07-14 14:00:00-04:00,2022-07-14 11:40:00-04:00,11697.0,11726.5,11547.75,11846.25,6,1.0,,136.5,149.25,300.24,1801.44,354.0,346.56,time,576.0,912.0
2022-07-15,2022-07-15 11:15:00-04:00,2022-07-15 14:00:00-04:00,2022-07-15 11:10:00-04:00,11987.0,11980.25,11853.5,12120.5,7,1.0,,131.5,133.5,268.74,1881.18,-94.5,-103.18,time,182.0,812.0
2022-07-19,2022-07-19 10:30:00-04:00,2022-07-19 11:30:00-04:00,2022-07-19 10:25:00-04:00,12086.0,12179.25,11992.5,12179.5,10,1.0,,88.25,93.5,188.74,1887.4,1865.0,1852.6,target,2115.0,180.0
2022-07-20,2022-07-20 10:25:00-04:00,2022-07-20 10:50:00-04:00,2022-07-20 10:20:00-04:00,12358.5,12460.75,12256.0,12461.0,9,1.0,,95.0,102.5,206.74,1860.66,1840.5,1829.34,target,2205.0,103.5
2022-07-21,2022-07-21 11:35:00-04:00,2022-07-21 14:00:00-04:00,2022-07-21 11:30:00-04:00,12536.75,12578.5,12410.75,12662.75,7,1.0,,106.75,126.0,253.74,1776.18,584.5,575.82,time,1179.5,413.0
2022-07-27,2022-07-27 10:15:00-04:00,2022-07-27 14:00:00-04:00,2022-07-27 10:10:00-04:00,12416.25,12436.75,12276.25,12556.25,7,1.0,,124.75,140.0,281.74,1972.18,287.0,278.32,time,1018.5,399.0
2022-07-28,2022-07-28 11:30:00-04:00,2022-07-28 14:00:00-04:00,2022-07-28 11:25:00-04:00,12665.75,12729.0,12454.25,12877.25,4,1.0,,200.0,211.5,424.74,1698.96,506.0,501.04,time,582.0,338.0
2022-07-29,2022-07-29 10:05:00-04:00,2022-07-29 14:00:00-04:00,2022-07-29 10:00:00-04:00,12895.75,12925.0,12744.25,13047.25,6,1.0,,141.25,151.5,304.74,1828.44,351.0,343.56,time,513.0,1314.0
2022-08-01,2022-08-01 10:10:00-04:00,2022-08-01 14:00:00-04:00,2022-08-01 10:05:00-04:00,13043.25,12933.0,12851.25,13235.25,5,1.0,,172.25,192.0,385.74,1928.7,-1102.5,-1108.7,time,652.5,1457.5
2022-08-02,2022-08-02 10:55:00-04:00,2022-08-02 14:00:00-04:00,2022-08-02 10:50:00-04:00,12998.0,12931.25,12853.0,13143.0,6,1.0,,103.75,145.0,291.74,1750.44,-801.0,-808.44,time,1188.0,1137.0
2022-08-03,2022-08-03 10:05:00-04:00,2022-08-03 14:00:00-04:00,2022-08-03 10:00:00-04:00,13146.0,13267.75,12989.25,13302.75,6,1.0,,139.0,156.75,315.24,1891.44,1461.0,1453.56,time,1593.0,1023.0
2022-08-05,2022-08-05 10:05:00-04:00,2022-08-05 11:25:00-04:00,2022-08-05 10:00:00-04:00,13228.25,13114.0,13114.25,13342.25,8,1.0,,97.0,114.0,229.74,1837.92,-1828.0,-1837.92,stop,1308.0,2204.0
2022-08-10,2022-08-10 11:05:00-04:00,2022-08-10 14:00:00-04:00,2022-08-10 11:00:00-04:00,13368.75,13370.75,13268.25,13469.25,9,1.0,,86.75,100.5,202.74,1824.66,36.0,24.84,time,373.5,945.0
2022-08-11,2022-08-11 10:05:00-04:00,2022-08-11 11:05:00-04:00,2022-08-11 10:00:00-04:00,13527.25,13455.75,13456.0,13598.5,13,1.0,,57.5,71.25,144.24,1875.1200000000001,-1859.0,-1875.12,stop,1261.0,3165.5
2022-08-12,2022-08-12 10:20:00-04:00,2022-08-12 14:00:00-04:00,2022-08-12 10:15:00-04:00,13458.5,13504.25,13359.0,13558.0,9,1.0,,77.0,99.5,200.74,1806.66,823.5,812.34,time,972.0,1318.5
2022-08-15,2022-08-15 11:45:00-04:00,2022-08-15 14:00:00-04:00,2022-08-15 11:40:00-04:00,13636.75,13661.0,13534.75,13738.75,9,1.0,,100.25,102.0,205.74,1851.66,436.5,425.34,time,733.5,18.0
2022-08-16,2022-08-16 11:55:00-04:00,2022-08-16 14:00:00-04:00,2022-08-16 11:50:00-04:00,13672.5,13698.25,13583.0,13762.0,11,1.0,,76.75,89.5,180.74,1988.14,566.5,552.86,time,951.5,907.5
2022-08-18,2022-08-18 10:45:00-04:00,2022-08-18 14:00:00-04:00,2022-08-18 10:40:00-04:00,13507.0,13540.5,13436.0,13578.0,13,1.0,,66.5,71.0,143.74,1868.6200000000001,871.0,854.88,time,1781.0,604.5
2022-08-23,2022-08-23 10:10:00-04:00,2022-08-23 14:00:00-04:00,2022-08-23 10:05:00-04:00,12994.5,12919.75,12866.0,13123.0,7,1.0,,118.25,128.5,258.74,1811.18,-1046.5,-1055.18,time,343.0,1676.5
2022-08-24,2022-08-24 10:20:00-04:00,2022-08-24 14:00:00-04:00,2022-08-24 10:15:00-04:00,12941.5,12938.25,12852.25,13030.75,11,1.0,,62.25,89.25,180.24,1982.64,-71.5,-85.14,time,1551.0,748.0
2022-08-25,2022-08-25 10:05:00-04:00,2022-08-25 14:00:00-04:00,2022-08-25 10:00:00-04:00,13055.25,13081.5,12962.0,13148.5,10,1.0,,87.75,93.25,188.24,1882.4,525.0,512.6,time,1260.0,1165.0
2022-08-26,2022-08-26 10:10:00-04:00,2022-08-26 10:20:00-04:00,2022-08-26 10:05:00-04:00,13177.75,13084.5,13084.75,13270.75,10,1.0,,76.5,93.0,187.74,1877.4,-1865.0,-1877.4,stop,415.0,3060.0
2022-09-02,2022-09-02 10:35:00-04:00,2022-09-02 12:30:00-04:00,2022-09-02 10:30:00-04:00,12432.25,12291.0,12291.25,12573.25,7,1.0,,124.25,141.0,283.74,1986.18,-1977.5,-1986.18,stop,416.5,2201.5
2022-09-05,2022-09-05 10:35:00-04:00,2022-09-05 18:00:00-04:00,2022-09-05 10:30:00-04:00,12154.25,12134.75,12104.75,12203.75,19,1.0,,39.25,49.5,100.74,1914.06,-741.0,-764.56,time,494.0,1491.5
2022-09-07,2022-09-07 11:15:00-04:00,2022-09-07 14:00:00-04:00,2022-09-07 11:10:00-04:00,12140.75,12210.75,12035.75,12245.75,9,1.0,,92.0,105.0,211.74,1905.66,1260.0,1248.84,time,2065.5,715.5
2022-09-08,2022-09-08 10:35:00-04:00,2022-09-08 14:00:00-04:00,2022-09-08 10:30:00-04:00,12275.25,12259.25,12117.0,12433.5,6,1.0,,154.25,158.25,318.24,1909.44,-192.0,-199.44,time,1251.0,1650.0
2022-09-09,2022-09-09 10:05:00-04:00,2022-09-09 14:00:00-04:00,2022-09-09 10:00:00-04:00,12524.5,12587.0,12415.75,12633.25,9,1.0,,88.25,108.75,219.24,1973.16,1125.0,1113.84,time,1440.0,670.5
2022-09-12,2022-09-12 10:10:00-04:00,2022-09-12 12:10:00-04:00,2022-09-12 10:05:00-04:00,12743.25,12640.75,12641.0,12845.5,9,1.0,,97.0,102.25,206.24,1856.16,-1845.0,-1856.16,stop,229.5,1903.5
2022-09-14,2022-09-14 10:55:00-04:00,2022-09-14 14:00:00-04:00,2022-09-14 10:50:00-04:00,12224.25,12148.0,12098.25,12350.25,7,1.0,,115.5,126.0,253.74,1776.18,-1067.5,-1076.18,time,399.0,1326.5
2022-09-16,2022-09-16 10:35:00-04:00,2022-09-16 12:25:00-04:00,2022-09-16 10:30:00-04:00,11898.75,11781.5,11781.75,12015.75,8,1.0,,89.75,117.0,235.74,1885.92,-1876.0,-1885.92,stop,264.0,1932.0
2022-09-19,2022-09-19 10:40:00-04:00,2022-09-19 14:00:00-04:00,2022-09-19 10:35:00-04:00,11946.25,11918.0,11815.5,12077.0,7,1.0,,115.0,130.75,263.24,1842.68,-395.5,-404.18,time,455.0,1372.0
2022-09-20,2022-09-20 10:55:00-04:00,2022-09-20 12:00:00-04:00,2022-09-20 10:50:00-04:00,11953.5,12020.25,11886.5,12020.5,14,1.0,,60.75,67.0,135.74,1900.3600000000001,1869.0,1851.64,target,1911.0,364.0
2022-09-21,2022-09-21 12:35:00-04:00,2022-09-21 14:00:00-04:00,2022-09-21 12:30:00-04:00,12004.75,12032.25,11938.25,12071.25,14,1.0,,59.25,66.5,134.74,1886.3600000000001,770.0,752.64,time,1764.0,6090.0
2022-09-26,2022-09-26 10:20:00-04:00,2022-09-26 12:25:00-04:00,2022-09-26 10:15:00-04:00,11526.5,11342.25,11342.5,11710.5,5,1.0,,154.0,184.0,369.74,1848.7,-1842.5,-1848.7,stop,90.0,2082.5
2022-09-28,2022-09-28 10:25:00-04:00,2022-09-28 11:55:00-04:00,2022-09-28 10:20:00-04:00,11371.75,11477.25,11266.0,11477.5,9,1.0,,87.0,105.75,213.24,1919.16,1899.0,1887.84,target,1980.0,225.0
2022-09-30,2022-09-30 10:35:00-04:00,2022-09-30 14:00:00-04:00,2022-09-30 10:30:00-04:00,11299.5,11160.5,11143.0,11456.0,6,1.0,,122.75,156.5,314.74,1888.44,-1668.0,-1675.44,time,690.0,1836.0
2022-10-03,2022-10-03 10:05:00-04:00,2022-10-03 13:35:00-04:00,2022-10-03 10:00:00-04:00,11157.5,11274.75,11040.0,11275.0,8,1.0,,92.25,117.5,236.74,1893.92,1876.0,1866.08,target,1888.0,360.0
2022-10-04,2022-10-04 10:05:00-04:00,2022-10-04 14:00:00-04:00,2022-10-04 10:00:00-04:00,11650.0,11607.75,11514.25,11785.75,7,1.0,,104.75,135.75,273.24,1912.68,-591.5,-600.18,time,367.5,1764.0
2022-10-05,2022-10-05 12:50:00-04:00,2022-10-05 14:00:00-04:00,2022-10-05 12:45:00-04:00,11560.75,11566.0,11464.25,11657.25,10,1.0,,74.75,96.5,194.74,1947.4,105.0,92.6,time,1305.0,460.0
2022-10-11,2022-10-11 11:45:00-04:00,2022-10-11 14:00:00-04:00,2022-10-11 11:40:00-04:00,10972.0,10974.0,10821.0,11123.0,6,1.0,,123.5,151.0,303.74,1822.44,24.0,16.560000000000002,time,813.0,708.0
2022-10-13,2022-10-13 10:05:00-04:00,2022-10-13 11:10:00-04:00,2022-10-13 10:00:00-04:00,10638.5,10792.25,10484.5,10792.5,6,1.0,,145.25,154.0,309.74,1858.44,1845.0,1837.56,target,1935.0,450.0
2022-10-17,2022-10-17 10:15:00-04:00,2022-10-17 14:00:00-04:00,2022-10-17 10:10:00-04:00,11127.5,11128.25,10999.0,11256.0,7,1.0,,118.5,128.5,258.74,1811.18,10.5,1.8200000000000003,time,252.0,1470.0
2022-10-19,2022-10-19 10:20:00-04:00,2022-10-19 12:45:00-04:00,2022-10-19 10:15:00-04:00,11224.25,11110.0,11110.25,11338.25,8,1.0,,103.0,114.0,229.74,1837.92,-1828.0,-1837.92,stop,964.0,1840.0
2022-10-20,2022-10-20 10:05:00-04:00,2022-10-20 13:45:00-04:00,2022-10-20 10:00:00-04:00,11245.5,11091.25,11091.5,11399.5,6,1.0,,137.75,154.0,309.74,1858.44,-1851.0,-1858.44,stop,1002.0,1920.0
2022-10-21,2022-10-21 10:05:00-04:00,2022-10-21 14:00:00-04:00,2022-10-21 10:00:00-04:00,11165.0,11291.25,10994.75,11335.25,5,1.0,,161.0,170.25,342.24,1711.2,1262.5,1256.3,time,1430.0,1140.0
2022-10-24,2022-10-24 12:20:00-04:00,2022-10-24 14:00:00-04:00,2022-10-24 12:15:00-04:00,11442.5,11395.0,11300.25,11584.75,6,1.0,,127.25,142.25,286.24,1717.44,-570.0,-577.44,time,141.0,831.0
2022-10-25,2022-10-25 11:10:00-04:00,2022-10-25 14:00:00-04:00,2022-10-25 11:05:00-04:00,11671.0,11647.0,11514.75,11827.25,6,1.0,,150.0,156.25,314.24,1885.44,-288.0,-295.44,time,420.0,672.0
2022-10-26,2022-10-26 10:10:00-04:00,2022-10-26 10:40:00-04:00,2022-10-26 10:05:00-04:00,11531.25,11629.25,11433.0,11629.5,10,1.0,,96.5,98.25,198.24,1982.4,1960.0,1947.6,target,2075.0,335.0
2022-10-28,2022-10-28 10:30:00-04:00,2022-10-28 14:00:00-04:00,2022-10-28 10:25:00-04:00,11381.0,11528.25,11206.25,11555.75,5,1.0,,158.0,174.75,351.24,1756.2,1472.5,1466.3,time,1735.0,40.0
2022-11-03,2022-11-03 10:50:00-04:00,2022-11-03 14:00:00-04:00,2022-11-03 10:45:00-04:00,10873.75,10778.25,10723.0,11024.5,6,1.0,,125.25,150.75,303.24,1819.44,-1146.0,-1153.44,time,177.0,1464.0
2022-11-08,2022-11-08 10:20:00-05:00,2022-11-08 11:20:00-05:00,2022-11-08 10:15:00-05:00,11087.75,11168.75,11006.5,11169.0,12,1.0,,79.5,81.25,164.24,1970.88,1944.0,1929.12,target,2220.0,126.0
2022-11-10,2022-11-10 11:15:00-05:00,2022-11-10 14:00:00-05:00,2022-11-10 11:10:00-05:00,11455.25,11500.5,11269.0,11641.5,5,1.0,,185.75,186.25,374.24,1871.2,452.5,446.3,time,577.5,330.0
2022-11-11,2022-11-11 10:15:00-05:00,2022-11-11 14:00:00-05:00,2022-11-11 10:10:00-05:00,11712.5,11843.5,11569.5,11855.5,6,1.0,,122.0,143.0,287.74,1726.44,1572.0,1564.56,time,1662.0,885.0
2022-11-14,2022-11-14 10:10:00-05:00,2022-11-14 13:25:00-05:00,2022-11-14 10:05:00-05:00,11789.0,11875.75,11702.0,11876.0,11,1.0,,83.5,87.0,175.74,1933.14,1908.5,1894.86,target,2106.5,1331.0
2022-11-17,2022-11-17 10:20:00-05:00,2022-11-17 14:00:00-05:00,2022-11-17 10:15:00-05:00,11659.5,11746.0,11543.5,11775.5,8,1.0,,91.25,116.0,233.74,1869.92,1384.0,1374.08,time,1848.0,984.0
2022-11-22,2022-11-22 10:50:00-05:00,2022-11-22 14:00:00-05:00,2022-11-22 10:45:00-05:00,11642.25,11698.25,11527.5,11757.0,8,1.0,,101.25,114.75,231.24,1849.92,896.0,886.08,time,1036.0,420.0
2022-11-23,2022-11-23 10:15:00-05:00,2022-11-23 12:55:00-05:00,2022-11-23 10:10:00-05:00,11854.75,11744.5,11744.75,11964.75,9,1.0,,108.0,110.0,221.74,1995.66,-1984.5,-1995.66,stop,598.5,2034.0
2022-11-24,2022-11-24 11:00:00-05:00,2022-11-24 18:00:00-05:00,2022-11-24 10:55:00-05:00,11920.0,11912.0,11898.75,11941.25,45,1.0,,20.0,21.25,44.24,1990.8000000000002,-720.0,-775.8,time,450.0,900.0
2022-11-30,2022-11-30 13:35:00-05:00,2022-11-30 13:35:00-05:00,2022-11-30 13:30:00-05:00,11609.75,11700.5,11518.75,11700.75,10,1.0,,63.0,91.0,183.74,1837.4,1815.0,1802.6,target,1980.0,30.0
2022-12-02,2022-12-02 10:15:00-05:00,2022-12-02 14:00:00-05:00,2022-12-02 10:10:00-05:00,11943.0,11936.25,11837.25,12048.75,9,1.0,,78.5,105.75,213.24,1919.16,-121.5,-132.66,time,661.5,1156.5
2022-12-08,2022-12-08 10:05:00-05:00,2022-12-08 14:00:00-05:00,2022-12-08 10:00:00-05:00,11611.0,11649.0,11477.0,11745.0,7,1.0,,127.5,134.0,269.74,1888.18,532.0,523.32,time,1043.0,409.5
2022-12-09,2022-12-09 10:40:00-05:00,2022-12-09 14:00:00-05:00,2022-12-09 10:35:00-05:00,11669.0,11661.5,11550.0,11788.0,8,1.0,,110.5,119.0,239.74,1917.92,-120.0,-129.92,time,792.0,644.0
2022-12-14,2022-12-14 10:05:00-05:00,2022-12-14 14:00:00-05:00,2022-12-14 10:00:00-05:00,12016.75,11975.5,11930.0,12103.5,11,1.0,,85.25,86.75,175.24,1927.64,-907.5,-921.14,time,1160.5,3844.5
2022-12-20,2022-12-20 10:05:00-05:00,2022-12-20 14:00:00-05:00,2022-12-20 10:00:00-05:00,11179.0,11189.0,11066.25,11291.75,8,1.0,,111.25,112.75,227.24,1817.92,160.0,150.08,time,1092.0,1236.0
2022-12-21,2022-12-21 10:10:00-05:00,2022-12-21 14:00:00-05:00,2022-12-21 10:05:00-05:00,11289.5,11350.5,11181.0,11398.0,9,1.0,,92.5,108.5,218.74,1968.66,1098.0,1086.84,time,1638.0,225.0
2022-12-23,2022-12-23 10:35:00-05:00,2022-12-23 14:00:00-05:00,2022-12-23 10:30:00-05:00,11071.0,11038.25,10922.25,11219.75,6,1.0,,128.5,148.75,299.24,1795.44,-393.0,-400.44,time,387.0,1149.0
2022-12-29,2022-12-29 10:15:00-05:00,2022-12-29 14:00:00-05:00,2022-12-29 10:10:00-05:00,10987.75,11045.5,10856.5,11119.0,7,1.0,,120.75,131.25,264.24,1849.68,808.5,799.82,time,1172.5,7.0
2022-12-30,2022-12-30 10:50:00-05:00,2022-12-30 14:00:00-05:00,2022-12-30 10:45:00-05:00,10966.5,10906.75,10855.5,11077.5,8,1.0,,92.25,111.0,223.74,1789.92,-956.0,-965.92,time,0.0,1468.0
2023-01-04,2023-01-04 11:40:00-05:00,2023-01-04 14:00:00-05:00,2023-01-04 11:35:00-05:00,11057.75,11001.0,10954.25,11161.25,9,1.0,,92.5,103.5,208.74,1878.66,-1021.5,-1032.66,time,184.5,2115.0
2023-01-06,2023-01-06 10:40:00-05:00,2023-01-06 14:00:00-05:00,2023-01-06 10:35:00-05:00,10954.75,11072.5,10766.5,11143.0,5,1.0,,178.5,188.25,378.24,1891.2,1177.5,1171.3,time,1285.0,177.5
2023-01-09,2023-01-09 10:05:00-05:00,2023-01-09 14:00:00-05:00,2023-01-09 10:00:00-05:00,11323.5,11282.5,11194.5,11452.5,7,1.0,,117.25,129.0,259.74,1818.18,-574.0,-582.68,time,868.0,882.0
2023-01-10,2023-01-10 10:15:00-05:00,2023-01-10 10:40:00-05:00,2023-01-10 10:10:00-05:00,11256.5,11137.5,11137.75,11375.25,8,1.0,,108.5,118.75,239.24,1913.92,-1904.0,-1913.92,stop,428.0,2096.0
2023-01-11,2023-01-11 10:25:00-05:00,2023-01-11 14:00:00-05:00,2023-01-11 10:20:00-05:00,11372.0,11409.25,11290.75,11453.25,12,1.0,,73.25,81.25,164.24,1970.88,894.0,879.12,time,1692.0,1410.0
2023-01-12,2023-01-12 12:20:00-05:00,2023-01-12 14:00:00-05:00,2023-01-12 12:15:00-05:00,11522.5,11565.0,11311.0,11734.0,4,1.0,,207.5,211.5,424.74,1698.96,340.0,335.04,time,422.0,564.0
2023-01-13,2023-01-13 10:10:00-05:00,2023-01-13 13:40:00-05:00,2023-01-13 10:05:00-05:00,11483.25,11557.75,11408.5,11558.0,13,1.0,,69.25,74.75,151.24,1966.1200000000001,1937.0,1920.88,target,2177.5,767.0
2023-01-17,2023-01-17 10:05:00-05:00,2023-01-17 14:00:00-05:00,2023-01-17 10:00:00-05:00,11663.0,11645.0,11549.25,11776.75,8,1.0,,77.75,113.75,229.24,1833.92,-288.0,-297.92,time,352.0,1728.0
2023-01-18,2023-01-18 10:05:00-05:00,2023-01-18 10:35:00-05:00,2023-01-18 10:00:00-05:00,11739.25,11672.0,11672.25,11806.25,14,1.0,,54.75,67.0,135.74,1900.3600000000001,-1883.0,-1900.36,stop,567.0,2471.0
2023-01-20,2023-01-20 10:10:00-05:00,2023-01-20 13:35:00-05:00,2023-01-20 10:05:00-05:00,11475.25,11567.25,11383.0,11567.5,10,1.0,,90.0,92.25,186.24,1862.4,1840.0,1827.6,target,2040.0,490.0
2023-01-23,2023-01-23 10:20:00-05:00,2023-01-23 13:45:00-05:00,2023-01-23 10:15:00-05:00,11827.0,11982.0,11671.75,11982.25,6,1.0,,149.75,155.25,312.24,1873.44,1860.0,1852.56,target,1872.0,105.0
2023-01-25,2023-01-25 11:20:00-05:00,2023-01-25 14:00:00-05:00,2023-01-25 11:15:00-05:00,11729.75,11817.75,11622.25,11837.25,9,1.0,,101.5,107.5,216.74,1950.66,1584.0,1572.84,time,1908.0,315.0
2023-01-27,2023-01-27 10:05:00-05:00,2023-01-27 14:00:00-05:00,2023-01-27 10:00:00-05:00,12155.75,12255.75,12041.75,12269.75,8,1.0,,105.25,114.0,229.74,1837.92,1600.0,1590.08,time,1768.0,1012.0
2023-01-30,2023-01-30 10:05:00-05:00,2023-01-30 10:20:00-05:00,2023-01-30 10:00:00-05:00,12136.0,12059.0,12059.25,12212.75,12,1.0,,72.25,76.75,155.24,1862.88,-1848.0,-1862.88,stop,180.0,1920.0
2023-01-31,2023-01-31 10:30:00-05:00,2023-01-31 14:00:00-05:00,2023-01-31 10:25:00-05:00,12059.5,12094.75,11969.25,12149.75,10,1.0,,86.0,90.25,182.24,1822.4,705.0,692.6,time,855.0,345.0
2023-02-02,2023-02-02 10:35:00-05:00,2023-02-02 13:55:00-05:00,2023-02-02 10:30:00-05:00,12790.5,12911.75,12669.0,12912.0,8,1.0,,78.5,121.5,244.74,1957.92,1940.0,1930.08,target,2188.0,308.0
2023-02-03,2023-02-03 10:15:00-05:00,2023-02-03 14:00:00-05:00,2023-02-03 10:10:00-05:00,12756.0,12674.5,12558.25,12953.75,5,1.0,,196.25,197.75,397.24,1986.2,-815.0,-821.2,time,1217.5,1387.5
2023-02-06,2023-02-06 10:05:00-05:00,2023-02-06 10:20:00-05:00,2023-02-06 10:00:00-05:00,12572.0,12501.75,12502.0,12642.0,14,1.0,,67.5,70.0,141.74,1984.3600000000001,-1967.0,-1984.36,stop,567.0,2429.0
2023-02-07,2023-02-07 11:15:00-05:00,2023-02-07 12:40:00-05:00,2023-02-07 11:10:00-05:00,12555.5,12622.25,12488.5,12622.5,14,1.0,,65.25,67.0,135.74,1900.3600000000001,1869.0,1851.64,target,2030.0,546.0
2023-02-10,2023-02-10 10:20:00-05:00,2023-02-10 10:50:00-05:00,2023-02-10 10:15:00-05:00,12397.0,12311.5,12311.75,12482.25,11,1.0,,82.25,85.25,172.24,1894.64,-1881.0,-1894.64,stop,544.5,1969.0
2023-02-13,2023-02-13 10:50:00-05:00,2023-02-13 14:00:00-05:00,2023-02-13 10:45:00-05:00,12486.0,12559.5,12352.0,12620.0,7,1.0,,113.5,134.0,269.74,1888.18,1029.0,1020.32,time,1144.5,49.0
2023-02-14,2023-02-14 10:05:00-05:00,2023-02-14 14:00:00-05:00,2023-02-14 10:00:00-05:00,12631.25,12583.5,12390.5,12872.0,4,1.0,,210.5,240.75,483.24,1932.96,-382.0,-386.96,time,336.0,1710.0
2023-02-15,2023-02-15 11:30:00-05:00,2023-02-15 14:00:00-05:00,2023-02-15 11:25:00-05:00,12632.75,12682.0,12543.75,12721.75,11,1.0,,87.75,89.0,179.74,1977.14,1083.5,1069.86,time,1248.5,594.0
2023-02-16,2023-02-16 10:25:00-05:00,2023-02-16 14:00:00-05:00,2023-02-16 10:20:00-05:00,12605.0,12663.5,12496.5,12713.5,9,1.0,,95.25,108.5,218.74,1968.66,1053.0,1041.84,time,1611.0,202.5
2023-02-27,2023-02-27 10:05:00-05:00,2023-02-27 10:35:00-05:00,2023-02-27 10:00:00-05:00,12156.25,12106.25,12106.5,12206.0,19,1.0,,45.0,49.75,101.24,1923.56,-1900.0,-1923.56,stop,1263.5,2394.0
2023-02-28,2023-02-28 10:05:00-05:00,2023-02-28 14:00:00-05:00,2023-02-28 10:00:00-05:00,12113.75,12162.25,12041.25,12186.25,13,1.0,,71.5,72.5,146.74,1907.6200000000001,1261.0,1244.88,time,1560.0,1768.0
2023-03-02,2023-03-02 10:05:00-05:00,2023-03-02 13:55:00-05:00,2023-03-02 10:00:00-05:00,11923.75,12001.0,11846.25,12001.25,12,1.0,,65.25,77.5,156.74,1880.88,1854.0,1839.12,target,1866.0,1236.0
2023-03-03,2023-03-03 10:25:00-05:00,2023-03-03 14:00:00-05:00,2023-03-03 10:20:00-05:00,12207.25,12269.25,12111.0,12303.5,10,1.0,,88.75,96.25,194.24,1942.4,1240.0,1227.6,time,1410.0,735.0
2023-03-06,2023-03-06 10:15:00-05:00,2023-03-06 10:40:00-05:00,2023-03-06 10:10:00-05:00,12409.25,12471.0,12347.25,12471.25,15,1.0,,49.75,62.0,125.74,1886.1,1852.5,1833.9,target,1935.0,157.5
2023-03-08,2023-03-08 10:35:00-05:00,2023-03-08 13:25:00-05:00,2023-03-08 10:30:00-05:00,12217.25,12154.75,12155.0,12279.5,15,1.0,,61.0,62.25,126.24,1893.6,-1875.0,-1893.6,stop,1117.5,1995.0
2023-03-09,2023-03-09 10:05:00-05:00,2023-03-09 12:45:00-05:00,2023-03-09 10:00:00-05:00,12342.25,12230.0,12230.25,12454.25,8,1.0,,109.0,112.0,225.74,1805.92,-1796.0,-1805.92,stop,184.0,2020.0
2023-03-10,2023-03-10 11:30:00-05:00,2023-03-10 13:25:00-05:00,2023-03-10 11:25:00-05:00,12045.25,11865.5,11865.75,12224.75,5,1.0,,161.75,179.5,360.74,1803.7,-1797.5,-1803.7,stop,342.5,2062.5
2023-03-13,2023-03-13 10:35:00-04:00,2023-03-13 14:00:00-04:00,2023-03-13 10:30:00-04:00,11929.75,12006.75,11705.0,12154.5,4,1.0,,216.5,224.75,451.24,1804.96,616.0,611.04,time,1178.0,696.0
2023-03-14,2023-03-14 10:25:00-04:00,2023-03-14 14:00:00-04:00,2023-03-14 10:20:00-04:00,12163.5,12112.25,12070.25,12256.75,10,1.0,,89.75,93.25,188.24,1882.4,-1025.0,-1037.4,time,1190.0,1510.0
2023-03-15,2023-03-15 11:50:00-04:00,2023-03-15 12:55:00-04:00,2023-03-15 11:45:00-04:00,12299.25,12193.5,12193.75,12404.75,9,1.0,,80.75,105.5,212.74,1914.66,-1903.5,-1914.66,stop,36.0,2110.5
2023-03-16,2023-03-16 10:45:00-04:00,2023-03-16 11:25:00-04:00,2023-03-16 10:40:00-04:00,12444.25,12574.25,12314.0,12574.5,7,1.0,,104.25,130.25,262.24,1835.68,1820.0,1811.32,target,2152.5,49.0
2023-03-17,2023-03-17 10:05:00-04:00,2023-03-17 10:25:00-04:00,2023-03-17 10:00:00-04:00,12793.25,12690.75,12691.0,12895.5,9,1.0,,72.75,102.25,206.24,1856.16,-1845.0,-1856.16,stop,72.0,2205.0
2023-03-20,2023-03-20 10:50:00-04:00,2023-03-20 14:00:00-04:00,2023-03-20 10:45:00-04:00,12635.25,12660.75,12529.25,12741.25,9,1.0,,103.75,106.0,213.74,1923.66,459.0,447.84,time,1125.0,1255.5
2023-03-22,2023-03-22 10:25:00-04:00,2023-03-22 14:00:00-04:00,2023-03-22 10:20:00-04:00,12901.25,12920.25,12851.0,12951.5,19,1.0,,44.75,50.25,102.24,1942.56,722.0,698.44,time,3610.0,1140.0
2023-03-23,2023-03-23 10:10:00-04:00,2023-03-23 10:45:00-04:00,2023-03-23 10:05:00-04:00,12912.5,12977.75,12847.0,12978.0,15,1.0,,49.0,65.5,132.74,1991.1000000000001,1957.5,1938.9,target,2685.0,67.5
2023-03-29,2023-03-29 10:05:00-04:00,2023-03-29 10:30:00-04:00,2023-03-29 10:00:00-04:00,12928.5,12881.0,12881.25,12975.75,20,1.0,,46.0,47.25,96.24,1924.8,-1900.0,-1924.8,stop,130.0,2040.0
2023-03-30,2023-03-30 10:30:00-04:00,2023-03-30 13:30:00-04:00,2023-03-30 10:25:00-04:00,13093.5,13036.75,13037.0,13150.0,17,1.0,,44.25,56.5,114.74,1950.58,-1929.5,-1950.58,stop,629.0,2074.0
2023-03-31,2023-03-31 10:35:00-04:00,2023-03-31 14:00:00-04:00,2023-03-31 10:30:00-04:00,13168.25,13228.25,13078.0,13258.5,10,1.0,,77.75,90.25,182.24,1822.4,1200.0,1187.6,time,1490.0,80.0
2023-04-03,2023-04-03 10:25:00-04:00,2023-04-03 10:50:00-04:00,2023-04-03 10:20:00-04:00,13264.25,13197.5,13197.75,13330.75,14,1.0,,64.0,66.5,134.74,1886.3600000000001,-1869.0,-1886.36,stop,77.0,2324.0
2023-04-04,2023-04-04 10:05:00-04:00,2023-04-04 11:05:00-04:00,2023-04-04 10:00:00-04:00,13303.0,13229.75,13230.0,13376.0,13,1.0,,66.25,73.0,147.74,1920.6200000000001,-1904.5,-1920.62,stop,617.5,1943.5
2023-04-06,2023-04-06 10:10:00-04:00,2023-04-06 11:40:00-04:00,2023-04-06 10:05:00-04:00,13026.5,13100.25,12952.5,13100.5,13,1.0,,61.0,74.0,149.74,1946.6200000000001,1917.5,1901.38,target,2314.0,494.0
2023-04-10,2023-04-10 11:10:00-04:00,2023-04-10 13:30:00-04:00,2023-04-10 11:05:00-04:00,13052.75,13137.75,12967.5,13138.0,11,1.0,,83.0,85.25,172.24,1894.64,1870.0,1856.36,target,1881.0,852.5
2023-04-13,2023-04-13 10:10:00-04:00,2023-04-13 13:35:00-04:00,2023-04-13 10:05:00-04:00,13096.25,13172.5,13019.75,13172.75,12,1.0,,60.75,76.5,154.74,1856.88,1830.0,1815.12,target,1920.0,156.0
2023-04-19,2023-04-19 10:40:00-04:00,2023-04-19 12:15:00-04:00,2023-04-19 10:35:00-04:00,13136.0,13193.5,13078.25,13193.75,17,1.0,,54.25,57.75,117.24,1993.08,1955.0,1933.92,target,2065.5,408.0
2023-04-20,2023-04-20 10:10:00-04:00,2023-04-20 14:00:00-04:00,2023-04-20 10:05:00-04:00,13137.5,13169.5,13045.75,13229.25,10,1.0,,79.25,91.75,185.24,1852.4,640.0,627.6,time,1245.0,915.0
2023-04-21,2023-04-21 11:35:00-04:00,2023-04-21 14:00:00-04:00,2023-04-21 11:30:00-04:00,13078.5,13100.5,12994.5,13162.5,11,1.0,,79.5,84.0,169.74,1867.14,484.0,470.36,time,858.0,649.0
2023-04-26,2023-04-26 11:10:00-04:00,2023-04-26 14:00:00-04:00,2023-04-26 11:05:00-04:00,12970.0,12921.5,12899.0,13041.0,13,1.0,,66.0,71.0,143.74,1868.6200000000001,-1261.0,-1277.12,time,1105.0,1664.0
2023-04-27,2023-04-27 10:15:00-04:00,2023-04-27 11:25:00-04:00,2023-04-27 10:10:00-04:00,13077.5,13141.5,13013.25,13141.75,15,1.0,,49.0,64.25,130.24,1953.6000000000001,1920.0,1901.4,target,2062.5,255.0
2023-04-28,2023-04-28 10:15:00-04:00,2023-04-28 14:00:00-04:00,2023-04-28 10:10:00-04:00,13266.0,13276.75,13172.5,13359.5,10,1.0,,71.5,93.5,188.74,1887.4,215.0,202.6,time,575.0,1645.0
2023-05-01,2023-05-01 12:35:00-04:00,2023-05-01 14:00:00-04:00,2023-05-01 12:30:00-04:00,13334.5,13349.75,13286.0,13383.0,20,1.0,,42.0,48.5,98.74,1974.8,610.0,585.2,time,1140.0,340.0
2023-05-04,2023-05-04 11:10:00-04:00,2023-05-04 14:00:00-04:00,2023-05-04 11:05:00-04:00,13089.75,13109.25,13026.75,13152.75,15,1.0,,59.75,63.0,127.74,1916.1,585.0,566.4,time,1245.0,1777.5
2023-05-05,2023-05-05 10:05:00-04:00,2023-05-05 10:40:00-04:00,2023-05-05 10:00:00-04:00,13200.0,13275.5,13124.25,13275.75,13,1.0,,68.75,75.75,153.24,1992.1200000000001,1963.0,1946.88,target,2047.5,123.5
2023-05-08,2023-05-08 11:55:00-04:00,2023-05-08 14:00:00-04:00,2023-05-08 11:50:00-04:00,13321.0,13345.5,13261.0,13381.0,16,1.0,,49.25,60.0,121.74,1947.84,784.0,764.16,time,1080.0,440.0
2023-05-10,2023-05-10 10:10:00-04:00,2023-05-10 10:45:00-04:00,2023-05-10 10:05:00-04:00,13424.0,13321.25,13321.5,13526.5,9,1.0,,96.25,102.5,206.74,1860.66,-1849.5,-1860.66,stop,180.0,1935.0
2023-05-11,2023-05-11 11:30:00-04:00,2023-05-11 14:00:00-04:00,2023-05-11 11:25:00-04:00,13434.75,13426.25,13372.25,13497.25,15,1.0,,61.25,62.5,126.74,1901.1,-255.0,-273.6,time,750.0,1237.5
2023-05-15,2023-05-15 11:25:00-04:00,2023-05-15 14:00:00-04:00,2023-05-15 11:20:00-04:00,13432.0,13450.25,13373.75,13490.25,16,1.0,,54.5,58.25,118.24,1891.84,584.0,564.16,time,1504.0,448.0
2023-05-16,2023-05-16 11:00:00-04:00,2023-05-16 14:00:00-04:00,2023-05-16 10:55:00-04:00,13519.25,13544.75,13434.5,13604.0,11,1.0,,81.25,84.75,171.24,1883.64,561.0,547.36,time,770.0,401.5
2023-05-17,2023-05-17 11:40:00-04:00,2023-05-17 12:50:00-04:00,2023-05-17 11:35:00-04:00,13540.75,13606.25,13475.0,13606.5,15,1.0,,65.0,65.75,133.24,1998.6000000000001,1965.0,1946.4,target,2055.0,105.0
2023-05-18,2023-05-18 10:10:00-04:00,2023-05-18 11:00:00-04:00,2023-05-18 10:05:00-04:00,13731.5,13810.0,13652.75,13810.25,12,1.0,,65.75,78.75,159.24,1910.88,1884.0,1869.12,target,2028.0,150.0
2023-05-25,2023-05-25 11:15:00-04:00,2023-05-25 14:00:00-04:00,2023-05-25 11:10:00-04:00,13976.5,13990.75,13851.25,14101.75,7,1.0,,114.75,125.25,252.24,1765.68,199.5,190.82,time,770.0,773.5
2023-05-26,2023-05-26 10:05:00-04:00,2023-05-26 10:45:00-04:00,2023-05-26 10:00:00-04:00,14133.5,14252.0,14014.75,14252.25,8,1.0,,109.5,118.75,239.24,1913.92,1896.0,1886.08,target,2016.0,116.0
2023-05-29,2023-05-29 10:25:00-04:00,2023-05-29 12:45:00-04:00,2023-05-29 10:20:00-04:00,14379.75,14391.5,14367.75,14391.75,77,1.0,,11.0,12.0,25.74,1981.9799999999998,1809.5,1714.02,target,1886.5,693.0
2023-06-01,2023-06-01 10:05:00-04:00,2023-06-01 11:15:00-04:00,2023-06-01 10:00:00-04:00,14323.5,14394.75,14252.0,14395.0,13,1.0,,70.5,71.5,144.74,1881.6200000000001,1852.5,1836.38,target,2073.5,1319.5
2023-06-05,2023-06-05 10:55:00-04:00,2023-06-05 14:00:00-04:00,2023-06-05 10:50:00-04:00,14657.25,14632.5,14567.75,14746.75,11,1.0,,84.0,89.5,180.74,1988.14,-544.5,-558.14,time,836.0,1039.5
2023-06-06,2023-06-06 10:25:00-04:00,2023-06-06 14:00:00-04:00,2023-06-06 10:20:00-04:00,14578.75,14552.25,14505.0,14652.5,13,1.0,,56.75,73.75,149.24,1940.1200000000001,-689.0,-705.12,time,1176.5,1326.0
2023-06-08,2023-06-08 10:15:00-04:00,2023-06-08 11:05:00-04:00,2023-06-08 10:10:00-04:00,14406.5,14484.75,14328.0,14485.0,12,1.0,,69.0,78.5,158.74,1904.88,1878.0,1863.12,target,1956.0,366.0
2023-06-09,2023-06-09 10:15:00-04:00,2023-06-09 11:25:00-04:00,2023-06-09 10:10:00-04:00,14670.5,14556.25,14556.5,14784.5,8,1.0,,112.25,114.0,229.74,1837.92,-1828.0,-1837.92,stop,280.0,1976.0
2023-06-12,2023-06-12 10:50:00-04:00,2023-06-12 13:30:00-04:00,2023-06-12 10:45:00-04:00,14642.0,14682.75,14601.0,14683.0,23,1.0,,36.5,41.0,83.74,1926.02,1874.5,1845.98,target,1932.0,1817.0
2023-06-14,2023-06-14 10:05:00-04:00,2023-06-14 11:20:00-04:00,2023-06-14 10:00:00-04:00,15127.5,15201.75,15053.0,15202.0,13,1.0,,71.0,74.5,150.74,1959.6200000000001,1930.5,1914.38,target,2138.5,123.5
2023-06-15,2023-06-15 10:10:00-04:00,2023-06-15 14:00:00-04:00,2023-06-15 10:05:00-04:00,15250.75,15351.75,15114.25,15387.25,7,1.0,,108.75,136.5,274.74,1923.18,1414.0,1405.32,time,1575.0,497.0
2023-06-22,2023-06-22 10:15:00-04:00,2023-06-22 14:00:00-04:00,2023-06-22 10:10:00-04:00,15132.75,15153.5,14964.0,15301.5,5,1.0,,132.5,168.75,339.24,1696.2,207.5,201.3,time,480.0,767.5
2023-06-23,2023-06-23 12:20:00-04:00,2023-06-23 14:00:00-04:00,2023-06-23 12:15:00-04:00,15103.25,15126.0,14984.75,15221.75,8,1.0,,103.0,118.5,238.74,1909.92,364.0,354.08,time,836.0,172.0
2023-06-26,2023-06-26 10:15:00-04:00,2023-06-26 11:05:00-04:00,2023-06-26 10:10:00-04:00,15140.75,15024.0,15024.25,15257.25,8,1.0,,115.25,116.5,234.74,1877.92,-1868.0,-1877.92,stop,184.0,1996.0
2023-06-27,2023-06-27 11:30:00-04:00,2023-06-27 12:45:00-04:00,2023-06-27 11:25:00-04:00,14982.75,15067.25,14898.0,15067.5,11,1.0,,72.75,84.75,171.24,1883.64,1859.0,1845.36,target,1886.5,192.5
2023-06-28,2023-06-28 10:20:00-04:00,2023-06-28 10:45:00-04:00,2023-06-28 10:15:00-04:00,15113.75,15201.75,15025.5,15202.0,11,1.0,,82.5,88.25,178.24,1960.64,1936.0,1922.36,target,1963.5,291.5
2023-06-30,2023-06-30 10:15:00-04:00,2023-06-30 14:00:00-04:00,2023-06-30 10:10:00-04:00,15336.75,15355.25,15238.25,15435.25,10,1.0,,92.5,98.5,198.74,1987.4,370.0,357.6,time,795.0,1085.0
2023-07-05,2023-07-05 10:20:00-04:00,2023-07-05 14:00:00-04:00,2023-07-05 10:15:00-04:00,15407.0,15370.75,15292.5,15521.5,8,1.0,,103.5,114.5,230.74,1845.92,-580.0,-589.92,time,396.0,1096.0
2023-07-06,2023-07-06 13:00:00-04:00,2023-07-06 14:00:00-04:00,2023-07-06 12:55:00-04:00,15215.5,15237.75,15129.5,15301.5,11,1.0,,84.5,86.0,173.74,1911.14,489.5,475.86,time,533.5,528.0
2023-07-07,2023-07-07 12:00:00-04:00,2023-07-07 14:00:00-04:00,2023-07-07 11:55:00-04:00,15281.0,15329.75,15188.5,15373.5,10,1.0,,87.25,92.5,186.74,1867.4,975.0,962.6,time,1575.0,25.0
2023-07-11,2023-07-11 12:00:00-04:00,2023-07-11 14:00:00-04:00,2023-07-11 11:55:00-04:00,15236.0,15203.25,15141.5,15330.5,10,1.0,,92.25,94.5,190.74,1907.4,-655.0,-667.4,time,280.0,1215.0
2023-07-12,2023-07-12 10:10:00-04:00,2023-07-12 11:35:00-04:00,2023-07-12 10:05:00-04:00,15487.5,15407.75,15408.0,15567.0,12,1.0,,61.75,79.5,160.74,1928.88,-1914.0,-1928.88,stop,486.0,1944.0
2023-07-13,2023-07-13 12:00:00-04:00,2023-07-13 14:00:00-04:00,2023-07-13 11:55:00-04:00,15631.25,15660.5,15552.25,15710.25,12,1.0,,69.5,79.0,159.74,1916.88,702.0,687.12,time,1014.0,156.0
2023-07-14,2023-07-14 10:10:00-04:00,2023-07-14 14:00:00-04:00,2023-07-14 10:05:00-04:00,15812.5,15740.5,15721.0,15904.0,10,1.0,,90.75,91.5,184.74,1847.4,-1440.0,-1452.4,time,900.0,1750.0
2023-07-17,2023-07-17 11:35:00-04:00,2023-07-17 14:00:00-04:00,2023-07-17 11:30:00-04:00,15784.75,15819.5,15708.75,15860.75,13,1.0,,72.75,76.0,153.74,1998.6200000000001,903.5,887.38,time,955.5,637.0
2023-07-18,2023-07-18 11:45:00-04:00,2023-07-18 13:05:00-04:00,2023-07-18 11:40:00-04:00,15831.75,15929.75,15733.5,15930.0,10,1.0,,82.5,98.25,198.24,1982.4,1960.0,1947.6,target,1980.0,10.0
2023-07-19,2023-07-19 11:15:00-04:00,2023-07-19 12:20:00-04:00,2023-07-19 11:10:00-04:00,16041.75,15977.75,15978.0,16105.5,15,1.0,,60.25,63.75,129.24,1938.6000000000001,-1920.0,-1938.6,stop,622.5,1980.0
2023-07-25,2023-07-25 11:40:00-04:00,2023-07-25 14:00:00-04:00,2023-07-25 11:35:00-04:00,15672.5,15689.75,15588.25,15756.75,11,1.0,,81.25,84.25,170.24,1872.64,379.5,365.86,time,808.5,407.0
2023-07-28,2023-07-28 10:05:00-04:00,2023-07-28 14:00:00-04:00,2023-07-28 10:00:00-04:00,15824.75,15834.5,15715.5,15934.0,9,1.0,,103.75,109.25,220.24,1982.16,175.5,164.34,time,1278.0,895.5
2023-08-01,2023-08-01 10:40:00-04:00,2023-08-01 14:00:00-04:00,2023-08-01 10:35:00-04:00,15811.25,15828.5,15765.0,15857.5,21,1.0,,44.0,46.25,94.24,1979.04,724.5,698.46,time,1375.5,1396.5
2023-08-03,2023-08-03 11:20:00-04:00,2023-08-03 14:00:00-04:00,2023-08-03 11:15:00-04:00,15473.25,15452.5,15351.0,15595.5,8,1.0,,107.0,122.25,246.24,1969.92,-332.0,-341.92,time,808.0,504.0
2023-08-04,2023-08-04 12:30:00-04:00,2023-08-04 14:00:00-04:00,2023-08-04 12:25:00-04:00,15591.5,15524.5,15440.0,15743.0,6,1.0,,144.0,151.5,304.74,1828.44,-804.0,-811.44,time,225.0,1515.0
2023-08-10,2023-08-10 10:05:00-04:00,2023-08-10 11:20:00-04:00,2023-08-10 10:00:00-04:00,15430.25,15273.0,15273.25,15587.25,6,1.0,,152.25,157.0,315.74,1894.44,-1887.0,-1894.44,stop,99.0,2031.0
2023-08-11,2023-08-11 10:15:00-04:00,2023-08-11 11:30:00-04:00,2023-08-11 10:10:00-04:00,15132.0,15051.75,15052.0,15212.0,12,1.0,,64.75,80.0,161.74,1940.88,-1926.0,-1940.88,stop,1014.0,2274.0
2023-08-14,2023-08-14 10:05:00-04:00,2023-08-14 10:50:00-04:00,2023-08-14 10:00:00-04:00,15130.5,15224.5,15036.25,15224.75,10,1.0,,89.75,94.25,190.24,1902.4,1880.0,1867.6,target,2305.0,335.0
2023-08-16,2023-08-16 10:20:00-04:00,2023-08-16 11:50:00-04:00,2023-08-16 10:15:00-04:00,15135.75,15050.5,15050.75,15220.75,11,1.0,,77.0,85.0,171.74,1889.14,-1875.5,-1889.14,stop,192.5,1974.5
2023-08-18,2023-08-18 11:05:00-04:00,2023-08-18 14:00:00-04:00,2023-08-18 11:00:00-04:00,14705.75,14729.75,14622.75,14788.75,11,1.0,,74.25,83.0,167.74,1845.14,528.0,514.36,time,1001.0,1265.0
2023-08-21,2023-08-21 10:05:00-04:00,2023-08-21 11:10:00-04:00,2023-08-21 10:00:00-04:00,14916.0,14805.25,14805.5,15026.5,8,1.0,,108.0,110.5,222.74,1781.92,-1772.0,-1781.92,stop,260.0,1776.0
2023-08-23,2023-08-23 10:10:00-04:00,2023-08-23 13:15:00-04:00,2023-08-23 10:05:00-04:00,15106.25,15213.0,14999.25,15213.25,9,1.0,,106.25,107.0,215.74,1941.66,1921.5,1910.34,target,2025.0,162.0
2023-08-25,2023-08-25 10:15:00-04:00,2023-08-25 10:25:00-04:00,2023-08-25 10:10:00-04:00,14999.25,14891.75,14892.0,15106.5,9,1.0,,63.25,107.25,216.24,1946.16,-1935.0,-1946.16,stop,895.5,2326.5
2023-08-29,2023-08-29 10:05:00-04:00,2023-08-29 13:35:00-04:00,2023-08-29 10:00:00-04:00,15229.75,15397.0,15062.25,15397.25,5,1.0,,113.0,167.5,336.74,1683.7,1672.5,1666.3,target,1705.0,107.5
2023-08-30,2023-08-30 10:10:00-04:00,2023-08-30 10:25:00-04:00,2023-08-30 10:05:00-04:00,15478.75,15386.25,15386.5,15571.0,10,1.0,,90.5,92.25,186.24,1862.4,-1850.0,-1862.4,stop,575.0,2090.0
2023-08-31,2023-08-31 10:15:00-04:00,2023-08-31 14:00:00-04:00,2023-08-31 10:10:00-04:00,15582.25,15557.5,15488.75,15675.75,10,1.0,,79.25,93.5,188.74,1887.4,-495.0,-507.4,time,490.0,1770.0
2023-09-05,2023-09-05 10:25:00-04:00,2023-09-05 11:05:00-04:00,2023-09-05 10:20:00-04:00,15511.0,15576.0,15445.75,15576.25,15,1.0,,60.75,65.25,132.24,1983.6000000000001,1950.0,1931.4,target,1987.5,1020.0
2023-09-07,2023-09-07 10:45:00-04:00,2023-09-07 14:00:00-04:00,2023-09-07 10:40:00-04:00,15270.5,15279.5,15157.5,15383.5,8,1.0,,83.25,113.0,227.74,1821.92,144.0,134.08,time,360.0,1172.0
2023-09-08,2023-09-08 10:20:00-04:00,2023-09-08 14:00:00-04:00,2023-09-08 10:15:00-04:00,15374.5,15326.5,15270.5,15478.5,9,1.0,,101.0,104.0,209.74,1887.66,-864.0,-875.16,time,288.0,1566.0
2023-09-11,2023-09-11 13:40:00-04:00,2023-09-11 14:00:00-04:00,2023-09-11 13:35:00-04:00,15453.75,15468.0,15352.0,15555.5,9,1.0,,96.25,101.75,205.24,1847.16,256.5,245.34,time,319.5,135.0
2023-09-13,2023-09-13 11:05:00-04:00,2023-09-13 14:00:00-04:00,2023-09-13 11:00:00-04:00,15581.25,15604.0,15493.5,15669.0,11,1.0,,68.25,87.75,177.24,1949.64,500.5,486.86,time,852.5,957.0
2023-09-14,2023-09-14 10:45:00-04:00,2023-09-14 14:00:00-04:00,2023-09-14 10:40:00-04:00,15645.5,15680.25,15536.25,15754.75,9,1.0,,102.5,109.25,220.24,1982.16,625.5,614.34,time,1143.0,333.0
2023-09-18,2023-09-18 11:35:00-04:00,2023-09-18 14:00:00-04:00,2023-09-18 11:30:00-04:00,15435.25,15436.25,15343.25,15527.25,10,1.0,,91.75,92.0,185.74,1857.4,20.0,7.6,time,510.0,225.0
2023-09-19,2023-09-19 13:55:00-04:00,2023-09-19 14:00:00-04:00,2023-09-19 13:50:00-04:00,15378.0,15373.25,15303.0,15453.0,13,1.0,,70.25,75.0,151.74,1972.6200000000001,-123.5,-139.62,time,156.0,266.5
2023-09-22,2023-09-22 10:25:00-04:00,2023-09-22 11:35:00-04:00,2023-09-22 10:20:00-04:00,14955.75,15023.25,14888.0,15023.5,14,1.0,,62.75,67.75,137.24,1921.3600000000001,1890.0,1872.64,target,2002.0,595.0
2023-09-25,2023-09-25 11:20:00-04:00,2023-09-25 14:00:00-04:00,2023-09-25 11:15:00-04:00,14914.0,14903.25,14782.5,15045.5,7,1.0,,114.0,131.5,264.74,1853.18,-150.5,-159.18,time,308.0,696.5
2023-09-28,2023-09-28 10:05:00-04:00,2023-09-28 11:45:00-04:00,2023-09-28 10:00:00-04:00,14771.25,14886.0,14656.25,14886.25,8,1.0,,91.0,115.0,231.74,1853.92,1836.0,1826.08,target,1868.0,1472.0
2023-09-29,2023-09-29 10:05:00-04:00,2023-09-29 10:20:00-04:00,2023-09-29 10:00:00-04:00,15051.5,14976.5,14976.75,15126.25,13,1.0,,67.25,74.75,151.24,1966.1200000000001,-1950.0,-1966.12,stop,32.5,2015.0
2023-10-02,2023-10-02 10:05:00-04:00,2023-10-02 14:00:00-04:00,2023-10-02 10:00:00-04:00,14982.5,14909.0,14847.25,15117.75,7,1.0,,113.75,135.25,272.24,1905.68,-1029.0,-1037.68,time,892.5,1620.5
2023-10-04,2023-10-04 11:20:00-04:00,2023-10-04 14:00:00-04:00,2023-10-04 11:15:00-04:00,14845.25,14820.0,14748.0,14942.5,10,1.0,,86.5,97.25,196.24,1962.4,-505.0,-517.4,time,1095.0,740.0
2023-10-06,2023-10-06 10:25:00-04:00,2023-10-06 11:25:00-04:00,2023-10-06 10:20:00-04:00,14824.0,14945.75,14702.0,14946.0,8,1.0,,98.75,122.0,245.74,1965.92,1948.0,1938.08,target,2016.0,92.0
2023-10-09,2023-10-09 12:20:00-04:00,2023-10-09 14:00:00-04:00,2023-10-09 12:15:00-04:00,15074.5,15191.25,14949.25,15199.75,7,1.0,,113.25,125.25,252.24,1765.68,1634.5,1625.82,time,1666.0,392.0
2023-10-10,2023-10-10 10:05:00-04:00,2023-10-10 11:15:00-04:00,2023-10-10 10:00:00-04:00,15264.0,15347.75,15180.0,15348.0,11,1.0,,61.75,84.0,169.74,1867.14,1842.5,1828.86,target,2084.5,583.0
2023-10-12,2023-10-12 10:10:00-04:00,2023-10-12 13:05:00-04:00,2023-10-12 10:05:00-04:00,15423.0,15365.25,15365.5,15480.5,17,1.0,,51.0,57.5,116.74,1984.58,-1963.5,-1984.58,stop,1581.0,2201.5
2023-10-16,2023-10-16 10:20:00-04:00,2023-10-16 14:00:00-04:00,2023-10-16 10:15:00-04:00,15264.0,15308.75,15168.75,15359.25,10,1.0,,91.25,95.25,192.24,1922.4,895.0,882.6,time,1225.0,1045.0
2023-10-17,2023-10-17 10:15:00-04:00,2023-10-17 11:35:00-04:00,2023-10-17 10:10:00-04:00,15158.75,15267.25,15050.0,15267.5,9,1.0,,92.0,108.75,219.24,1973.16,1953.0,1941.84,target,2178.0,49.5
2023-10-18,2023-10-18 10:20:00-04:00,2023-10-18 10:35:00-04:00,2023-10-18 10:15:00-04:00,15200.5,15121.25,15121.5,15279.5,12,1.0,,77.5,79.0,159.74,1916.88,-1902.0,-1916.88,stop,564.0,2304.0
2023-10-19,2023-10-19 12:25:00-04:00,2023-10-19 12:30:00-04:00,2023-10-19 12:20:00-04:00,15115.25,15020.75,15021.0,15209.5,10,1.0,,88.25,94.25,190.24,1902.4,-1890.0,-1902.4,stop,55.0,3195.0
2023-10-23,2023-10-23 10:15:00-04:00,2023-10-23 12:55:00-04:00,2023-10-23 10:10:00-04:00,14657.5,14800.5,14514.25,14800.75,6,1.0,,128.5,143.25,288.24,1729.44,1716.0,1708.56,target,2331.0,285.0
2023-10-24,2023-10-24 10:30:00-04:00,2023-10-24 12:20:00-04:00,2023-10-24 10:25:00-04:00,14848.25,14758.75,14759.0,14937.5,11,1.0,,78.25,89.25,180.24,1982.64,-1969.0,-1982.64,stop,649.0,2040.5
2023-10-27,2023-10-27 11:10:00-04:00,2023-10-27 13:05:00-04:00,2023-10-27 11:05:00-04:00,14358.75,14290.75,14291.0,14426.5,14,1.0,,65.25,67.75,137.24,1921.3600000000001,-1904.0,-1921.36,stop,1365.0,2947.0
2023-10-31,2023-10-31 12:50:00-04:00,2023-10-31 14:00:00-04:00,2023-10-31 12:45:00-04:00,14435.25,14477.25,14311.25,14559.25,8,1.0,,117.75,124.0,249.74,1997.92,672.0,662.08,time,844.0,356.0
2023-11-01,2023-11-01 10:25:00-04:00,2023-11-01 14:00:00-04:00,2023-11-01 10:20:00-04:00,14631.0,14605.5,14515.25,14746.75,8,1.0,,66.25,115.75,233.24,1865.92,-408.0,-417.92,time,296.0,1100.0
2023-11-02,2023-11-02 10:55:00-04:00,2023-11-02 14:00:00-04:00,2023-11-02 10:50:00-04:00,14955.25,14993.5,14900.75,15009.75,18,1.0,,51.75,54.5,110.74,1993.32,1377.0,1354.68,time,1611.0,1179.0
2023-11-03,2023-11-03 11:50:00-04:00,2023-11-03 14:00:00-04:00,2023-11-03 11:45:00-04:00,15143.5,15191.25,15040.25,15246.75,9,1.0,,99.75,103.25,208.24,1874.16,859.5,848.34,time,1093.5,139.5
2023-11-07,2023-11-07 10:05:00-05:00,2023-11-07 10:55:00-05:00,2023-11-07 10:00:00-05:00,15309.25,15393.75,15224.5,15394.0,11,1.0,,78.75,84.75,171.24,1883.64,1859.0,1845.36,target,1914.0,797.5
2023-11-09,2023-11-09 11:50:00-05:00,2023-11-09 13:00:00-05:00,2023-11-09 11:45:00-05:00,15429.75,15365.5,15365.75,15493.75,15,1.0,,57.25,64.0,129.74,1946.1000000000001,-1927.5,-1946.1,stop,705.0,3262.5
2023-11-10,2023-11-10 11:05:00-05:00,2023-11-10 12:30:00-05:00,2023-11-10 11:00:00-05:00,15404.25,15502.75,15305.5,15503.0,10,1.0,,83.5,98.75,199.24,1992.4,1970.0,1957.6,target,2155.0,20.0
2023-11-13,2023-11-13 10:55:00-05:00,2023-11-13 14:00:00-05:00,2023-11-13 10:50:00-05:00,15543.25,15558.5,15465.25,15621.25,12,1.0,,73.75,78.0,157.74,1892.88,366.0,351.12,time,1110.0,330.0
2023-11-14,2023-11-14 10:05:00-05:00,2023-11-14 14:00:00-05:00,2023-11-14 10:00:00-05:00,15884.5,15852.25,15790.0,15979.0,10,1.0,,77.75,94.5,190.74,1907.4,-645.0,-657.4,time,365.0,1025.0
2023-11-17,2023-11-17 12:05:00-05:00,2023-11-17 14:00:00-05:00,2023-11-17 12:00:00-05:00,15883.5,15910.0,15831.5,15935.5,18,1.0,,49.25,52.0,105.74,1903.32,954.0,931.68,time,1584.0,720.0
2023-11-20,2023-11-20 11:00:00-05:00,2023-11-20 14:00:00-05:00,2023-11-20 10:55:00-05:00,15999.75,16070.75,15894.75,16104.75,9,1.0,,102.25,105.0,211.74,1905.66,1278.0,1266.84,time,1386.0,9.0
2023-11-23,2023-11-23 11:00:00-05:00,2023-11-23 18:00:00-05:00,2023-11-23 10:55:00-05:00,16073.5,16062.25,16053.25,16093.75,47,1.0,,16.25,20.25,42.24,1985.2800000000002,-1057.5,-1115.78,time,258.5,1410.0
2023-11-27,2023-11-27 10:10:00-05:00,2023-11-27 14:00:00-05:00,2023-11-27 10:05:00-05:00,16044.25,16052.75,15970.25,16118.25,13,1.0,,67.0,74.0,149.74,1946.6200000000001,221.0,204.88,time,1163.5,1170.0
2023-11-28,2023-11-28 10:40:00-05:00,2023-11-28 11:30:00-05:00,2023-11-28 10:35:00-05:00,16010.75,16063.0,15958.25,16063.25,18,1.0,,49.0,52.5,106.74,1921.32,1881.0,1858.68,target,2016.0,648.0
2023-12-01,2023-12-01 11:15:00-05:00,2023-12-01 14:00:00-05:00,2023-12-01 11:10:00-05:00,15976.75,15994.5,15875.5,16078.0,9,1.0,,68.0,101.25,204.24,1838.16,319.5,308.34,time,1318.5,837.0
2023-12-05,2023-12-05 10:05:00-05:00,2023-12-05 14:00:00-05:00,2023-12-05 10:00:00-05:00,15925.75,15872.75,15783.25,16068.25,6,1.0,,80.75,142.5,286.74,1720.44,-636.0,-643.44,time,432.0,1179.0
2023-12-07,2023-12-07 10:25:00-05:00,2023-12-07 14:00:00-05:00,2023-12-07 10:20:00-05:00,15993.75,16033.5,15888.0,16099.5,9,1.0,,94.0,105.75,213.24,1919.16,715.5,704.34,time,1125.0,1134.0
2023-12-08,2023-12-08 10:05:00-05:00,2023-12-08 14:00:00-05:00,2023-12-08 10:00:00-05:00,16045.0,16086.25,15946.75,16143.25,10,1.0,,79.5,98.25,198.24,1982.4,825.0,812.6,time,1365.0,1105.0
2023-12-11,2023-12-11 10:10:00-05:00,2023-12-11 14:00:00-05:00,2023-12-11 10:05:00-05:00,16168.25,16234.5,16068.5,16268.0,9,1.0,,95.5,99.75,201.24,1811.16,1192.5,1181.34,time,1363.5,841.5
2023-12-12,2023-12-12 10:05:00-05:00,2023-12-12 14:00:00-05:00,2023-12-12 10:00:00-05:00,16257.5,16317.75,16185.0,16330.0,13,1.0,,70.75,72.5,146.74,1907.6200000000001,1566.5,1550.38,time,1677.0,279.5
2023-12-15,2023-12-15 10:20:00-05:00,2023-12-15 13:40:00-05:00,2023-12-15 10:15:00-05:00,16848.25,16780.0,16780.25,16916.25,14,1.0,,66.75,68.0,137.74,1928.3600000000001,-1911.0,-1928.36,stop,1092.0,2093.0
2023-12-18,2023-12-18 10:05:00-05:00,2023-12-18 14:00:00-05:00,2023-12-18 10:00:00-05:00,16896.25,16954.25,16832.0,16960.5,15,1.0,,51.0,64.25,130.24,1953.6000000000001,1740.0,1721.4,time,1845.0,1215.0
2023-12-19,2023-12-19 10:35:00-05:00,2023-12-19 14:00:00-05:00,2023-12-19 10:30:00-05:00,16997.75,16993.5,16944.5,17051.0,18,1.0,,50.75,53.25,108.24,1948.32,-153.0,-175.32,time,540.0,1179.0
2023-12-20,2023-12-20 10:05:00-05:00,2023-12-20 14:00:00-05:00,2023-12-20 10:00:00-05:00,17026.5,17039.0,16970.75,17082.25,17,1.0,,53.5,55.75,113.24,1925.08,425.0,403.92,time,1598.0,229.5
2023-12-26,2023-12-26 10:40:00-05:00,2023-12-26 14:00:00-05:00,2023-12-26 10:35:00-05:00,17057.75,17049.0,17005.25,17110.25,18,1.0,,46.75,52.5,106.74,1921.32,-315.0,-337.32,time,225.0,1260.0
2024-01-04,2024-01-04 10:10:00-05:00,2024-01-04 14:00:00-05:00,2024-01-04 10:05:00-05:00,16513.75,16505.25,16443.0,16584.5,13,1.0,,57.0,70.75,143.24,1862.1200000000001,-221.0,-237.12,time,1826.5,864.5
2024-01-05,2024-01-05 10:05:00-05:00,2024-01-05 13:15:00-05:00,2024-01-05 10:00:00-05:00,16540.5,16437.0,16437.25,16643.75,9,1.0,,58.25,103.25,208.24,1874.16,-1863.0,-1874.16,stop,657.0,1984.5
2024-01-08,2024-01-08 10:05:00-05:00,2024-01-08 14:00:00-05:00,2024-01-08 10:00:00-05:00,16641.25,16741.0,16505.25,16777.25,7,1.0,,128.25,136.0,273.74,1916.18,1396.5,1387.82,time,1421.0,255.5
2024-01-09,2024-01-09 10:10:00-05:00,2024-01-09 11:15:00-05:00,2024-01-09 10:05:00-05:00,16720.75,16780.5,16660.75,16780.75,16,1.0,,53.75,60.0,121.74,1947.84,1912.0,1892.16,target,1952.0,288.0
2024-01-10,2024-01-10 10:45:00-05:00,2024-01-10 14:00:00-05:00,2024-01-10 10:40:00-05:00,16885.5,16924.25,16813.25,16957.75,13,1.0,,60.75,72.25,146.24,1901.1200000000001,1007.5,991.38,time,1287.0,806.0
2024-01-15,2024-01-15 10:50:00-05:00,2024-01-15 18:00:00-05:00,2024-01-15 10:45:00-05:00,16968.5,16965.75,16936.0,17001.0,29,1.0,,31.5,32.5,66.74,1935.4599999999998,-159.5,-195.46,time,667.0,826.5
2024-01-16,2024-01-16 10:20:00-05:00,2024-01-16 14:00:00-05:00,2024-01-16 10:15:00-05:00,16965.0,16902.25,16855.0,17075.0,9,1.0,,91.0,110.0,221.74,1995.66,-1129.5,-1140.66,time,1242.0,1336.5
2024-01-18,2024-01-18 10:40:00-05:00,2024-01-18 12:10:00-05:00,2024-01-18 10:35:00-05:00,17059.5,16995.25,16995.5,17123.5,15,1.0,,59.25,64.0,129.74,1946.1000000000001,-1927.5,-1946.1,stop,1290.0,2047.5
2024-01-19,2024-01-19 10:05:00-05:00,2024-01-19 11:15:00-05:00,2024-01-19 10:00:00-05:00,17217.5,17268.5,17166.25,17268.75,19,1.0,,48.5,51.25,104.24,1980.56,1938.0,1914.44,target,2042.5,1852.5
2024-01-23,2024-01-23 13:00:00-05:00,2024-01-23 14:00:00-05:00,2024-01-23 12:55:00-05:00,17490.0,17481.75,17409.25,17570.75,12,1.0,,79.0,80.75,163.24,1958.88,-198.0,-212.88,time,72.0,720.0
2024-01-24,2024-01-24 10:20:00-05:00,2024-01-24 12:25:00-05:00,2024-01-24 10:15:00-05:00,17703.25,17769.0,17637.25,17769.25,14,1.0,,58.25,66.0,133.74,1872.3600000000001,1841.0,1823.64,target,1953.0,427.0
2024-01-25,2024-01-25 10:30:00-05:00,2024-01-25 12:30:00-05:00,2024-01-25 10:25:00-05:00,17730.5,17660.25,17660.5,17800.5,14,1.0,,67.5,70.0,141.74,1984.3600000000001,-1967.0,-1984.36,stop,602.0,2282.0
2024-01-26,2024-01-26 10:30:00-05:00,2024-01-26 12:50:00-05:00,2024-01-26 10:25:00-05:00,17581.0,17515.0,17515.25,17646.75,15,1.0,,56.25,65.75,133.24,1998.6000000000001,-1980.0,-1998.6,stop,1507.5,1980.0
2024-01-29,2024-01-29 12:25:00-05:00,2024-01-29 14:00:00-05:00,2024-01-29 12:20:00-05:00,17599.5,17587.75,17529.75,17669.25,14,1.0,,55.0,69.75,141.24,1977.3600000000001,-329.0,-346.36,time,287.0,602.0
2024-02-01,2024-02-01 10:10:00-05:00,2024-02-01 10:55:00-05:00,2024-02-01 10:05:00-05:00,17352.75,17284.75,17285.0,17420.5,14,1.0,,52.5,67.75,137.24,1921.3600000000001,-1904.0,-1921.36,stop,518.0,2254.0
2024-02-02,2024-02-02 10:45:00-05:00,2024-02-02 14:00:00-05:00,2024-02-02 10:40:00-05:00,17654.0,17729.0,17465.75,17842.25,5,1.0,,158.25,188.25,378.24,1891.2,750.0,743.8,time,1025.0,480.0
2024-02-07,2024-02-07 10:15:00-05:00,2024-02-07 14:00:00-05:00,2024-02-07 10:10:00-05:00,17807.5,17852.0,17718.25,17896.75,11,1.0,,59.75,89.25,180.24,1982.64,979.0,965.36,time,1507.0,616.0
2024-02-08,2024-02-08 10:05:00-05:00,2024-02-08 14:00:00-05:00,2024-02-08 10:00:00-05:00,17852.75,17868.5,17807.5,17898.0,21,1.0,,45.0,45.25,92.24,1937.04,661.5,635.46,time,1837.5,1228.5
2024-02-09,2024-02-09 10:20:00-05:00,2024-02-09 13:10:00-05:00,2024-02-09 10:15:00-05:00,17954.75,18034.0,17875.25,18034.25,12,1.0,,69.0,79.5,160.74,1928.88,1902.0,1887.12,target,1920.0,84.0
2024-02-12,2024-02-12 10:45:00-05:00,2024-02-12 11:30:00-05:00,2024-02-12 10:40:00-05:00,18060.0,18112.5,18007.25,18112.75,18,1.0,,43.75,52.75,107.24,1930.32,1890.0,1867.68,target,1944.0,99.0
2024-02-13,2024-02-13 10:25:00-05:00,2024-02-13 14:00:00-05:00,2024-02-13 10:20:00-05:00,17705.0,17656.75,17586.5,17823.5,8,1.0,,97.5,118.5,238.74,1909.92,-772.0,-781.92,time,1392.0,1272.0
2024-02-14,2024-02-14 10:20:00-05:00,2024-02-14 11:00:00-05:00,2024-02-14 10:15:00-05:00,17826.0,17742.75,17743.0,17909.0,11,1.0,,75.75,83.0,167.74,1845.14,-1831.5,-1845.14,stop,462.0,2662.0
2024-02-15,2024-02-15 13:20:00-05:00,2024-02-15 14:00:00-05:00,2024-02-15 13:15:00-05:00,17916.5,17911.25,17810.5,18022.5,9,1.0,,92.5,106.0,213.74,1923.66,-94.5,-105.66,time,292.5,378.0
2024-02-21,2024-02-21 10:05:00-05:00,2024-02-21 12:10:00-05:00,2024-02-21 10:00:00-05:00,17522.75,17448.25,17448.5,17597.0,13,1.0,,63.0,74.25,150.24,1953.1200000000001,-1937.0,-1953.12,stop,6.5,2223.0
2024-02-22,2024-02-22 11:20:00-05:00,2024-02-22 14:00:00-05:00,2024-02-22 11:15:00-05:00,17971.25,18052.25,17864.0,18078.5,9,1.0,,106.25,107.25,216.24,1946.16,1458.0,1446.84,time,1692.0,652.5
2024-02-26,2024-02-26 11:55:00-05:00,2024-02-26 14:00:00-05:00,2024-02-26 11:50:00-05:00,18055.75,18014.0,17966.0,18145.5,11,1.0,,84.75,89.75,181.24,1993.64,-918.5,-932.14,time,88.0,1661.0
2024-02-27,2024-02-27 10:20:00-05:00,2024-02-27 12:50:00-05:00,2024-02-27 10:15:00-05:00,18028.5,17937.75,17938.0,18119.0,10,1.0,,88.75,90.5,182.74,1827.4,-1815.0,-1827.4,stop,80.0,1835.0
2024-02-28,2024-02-28 11:05:00-05:00,2024-02-28 14:00:00-05:00,2024-02-28 11:00:00-05:00,17951.25,17949.0,17876.25,18026.25,13,1.0,,70.25,75.0,151.74,1972.6200000000001,-58.5,-74.62,time,617.5,1495.0
2024-03-01,2024-03-01 10:10:00-05:00,2024-03-01 12:10:00-05:00,2024-03-01 10:05:00-05:00,18173.0,18252.25,18093.5,18252.5,12,1.0,,51.0,79.5,160.74,1928.88,1902.0,1887.12,target,1932.0,690.0
2024-03-06,2024-03-06 12:05:00-05:00,2024-03-06 13:50:00-05:00,2024-03-06 12:00:00-05:00,18132.0,18036.5,18036.75,18227.25,10,1.0,,89.5,95.25,192.24,1922.4,-1910.0,-1922.4,stop,845.0,2025.0
2024-03-07,2024-03-07 10:25:00-05:00,2024-03-07 13:30:00-05:00,2024-03-07 10:20:00-05:00,18227.0,18334.75,18119.0,18335.0,9,1.0,,106.25,108.0,217.74,1959.66,1939.5,1928.34,target,1975.5,153.0
2024-03-08,2024-03-08 10:05:00-05:00,2024-03-08 11:05:00-05:00,2024-03-08 10:00:00-05:00,18396.5,18287.75,18288.0,18505.0,9,1.0,,102.0,108.5,218.74,1968.66,-1957.5,-1968.66,stop,715.5,2367.0
2024-03-11,2024-03-11 10:55:00-04:00,2024-03-11 14:00:00-04:00,2024-03-11 10:50:00-04:00,18008.5,17975.0,17898.0,18119.0,8,1.0,,103.75,110.5,222.74,1781.92,-536.0,-545.92,time,232.0,1436.0
2024-03-12,2024-03-12 10:25:00-04:00,2024-03-12 14:00:00-04:00,2024-03-12 10:20:00-04:00,18109.75,18154.75,17929.75,18289.75,5,1.0,,163.0,180.0,361.74,1808.7,450.0,443.8,time,985.0,330.0
2024-03-18,2024-03-18 10:30:00-04:00,2024-03-18 11:50:00-04:00,2024-03-18 10:25:00-04:00,18372.75,18277.25,18277.5,18468.0,10,1.0,,84.0,95.25,192.24,1922.4,-1910.0,-1922.4,stop,145.0,1925.0
2024-03-19,2024-03-19 11:50:00-04:00,2024-03-19 12:50:00-04:00,2024-03-19 11:45:00-04:00,18153.75,18254.0,18053.25,18254.25,9,1.0,,99.5,100.5,202.74,1824.66,1804.5,1793.34,target,2070.0,382.5
2024-03-22,2024-03-22 10:05:00-04:00,2024-03-22 13:50:00-04:00,2024-03-22 10:00:00-04:00,18557.75,18615.0,18500.25,18615.25,17,1.0,,47.25,57.5,116.74,1984.58,1946.5,1925.42,target,2184.5,1904.0
2024-03-25,2024-03-25 10:10:00-04:00,2024-03-25 14:00:00-04:00,2024-03-25 10:05:00-04:00,18497.25,18552.25,18415.0,18579.5,12,1.0,,72.25,82.25,166.24,1994.88,1320.0,1305.12,time,1452.0,12.0
2024-03-26,2024-03-26 10:05:00-04:00,2024-03-26 10:25:00-04:00,2024-03-26 10:00:00-04:00,18606.75,18549.75,18550.0,18663.5,17,1.0,,44.75,56.75,115.24,1959.08,-1938.0,-1959.08,stop,34.0,2023.0
2024-04-02,2024-04-02 13:05:00-04:00,2024-04-02 14:00:00-04:00,2024-04-02 13:00:00-04:00,18294.25,18277.5,18223.5,18365.0,13,1.0,,68.75,70.75,143.24,1862.1200000000001,-435.5,-451.62,time,162.5,637.0
2024-04-03,2024-04-03 10:05:00-04:00,2024-04-03 14:00:00-04:00,2024-04-03 10:00:00-04:00,18352.5,18417.0,18239.0,18466.0,8,1.0,,46.0,113.5,228.74,1829.92,1032.0,1022.08,time,1592.0,384.0
2024-04-05,2024-04-05 10:15:00-04:00,2024-04-05 12:55:00-04:00,2024-04-05 10:10:00-04:00,18239.75,18376.75,18102.5,18377.0,7,1.0,,125.75,137.25,276.24,1933.68,1918.0,1909.32,target,2334.5,815.5
2024-04-08,2024-04-08 10:30:00-04:00,2024-04-08 14:00:00-04:00,2024-04-08 10:25:00-04:00,18340.0,18307.25,18237.75,18442.25,9,1.0,,99.25,102.25,206.24,1856.16,-589.5,-600.66,time,675.0,1579.5
2024-04-10,2024-04-10 10:40:00-04:00,2024-04-10 14:00:00-04:00,2024-04-10 10:35:00-04:00,18221.5,18166.5,18107.25,18335.75,8,1.0,,101.0,114.25,230.24,1841.92,-880.0,-889.92,time,48.0,1720.0
2024-04-11,2024-04-11 11:55:00-04:00,2024-04-11 13:00:00-04:00,2024-04-11 11:50:00-04:00,18278.75,18334.75,18222.5,18335.0,17,1.0,,51.75,56.25,114.24,1942.08,1904.0,1882.92,target,2567.0,68.0
2024-04-16,2024-04-16 10:15:00-04:00,2024-04-16 13:30:00-04:00,2024-04-16 10:10:00-04:00,17912.75,17821.75,17822.0,18003.5,10,1.0,,88.75,90.75,183.24,1832.4,-1820.0,-1832.4,stop,495.0,1895.0
2024-04-18,2024-04-18 10:40:00-04:00,2024-04-18 13:20:00-04:00,2024-04-18 10:35:00-04:00,17682.75,17550.75,17551.0,17814.5,7,1.0,,127.75,131.75,265.24,1856.68,-1848.0,-1856.68,stop,885.5,2012.5
2024-04-22,2024-04-22 13:30:00-04:00,2024-04-22 14:00:00-04:00,2024-04-22 13:25:00-04:00,17344.5,17396.75,17264.0,17425.0,12,1.0,,67.5,80.5,162.74,1952.88,1254.0,1239.12,time,1686.0,72.0
2024-04-23,2024-04-23 10:25:00-04:00,2024-04-23 14:00:00-04:00,2024-04-23 10:20:00-04:00,17529.75,17636.75,17413.5,17646.0,8,1.0,,114.25,116.25,234.24,1873.92,1712.0,1702.08,time,1808.0,116.0
2024-04-25,2024-04-25 10:15:00-04:00,2024-04-25 13:00:00-04:00,2024-04-25 10:10:00-04:00,17410.5,17512.75,17308.0,17513.0,9,1.0,,73.75,102.5,206.74,1860.66,1840.5,1829.34,target,1948.5,1242.0
2024-04-26,2024-04-26 10:05:00-04:00,2024-04-26 14:00:00-04:00,2024-04-26 10:00:00-04:00,17808.5,17877.5,17668.25,17948.75,7,1.0,,134.5,140.25,282.24,1975.68,966.0,957.32,time,1298.5,560.0
2024-05-02,2024-05-02 13:30:00-04:00,2024-05-02 14:00:00-04:00,2024-05-02 13:25:00-04:00,17604.5,17594.75,17483.0,17726.0,8,1.0,,119.5,121.5,244.74,1957.92,-156.0,-165.92,time,192.0,472.0
2024-05-06,2024-05-06 11:45:00-04:00,2024-05-06 14:00:00-04:00,2024-05-06 11:40:00-04:00,18111.5,18128.0,18042.5,18180.5,14,1.0,,67.75,69.0,139.74,1956.3600000000001,462.0,444.64,time,770.0,1239.0
2024-05-07,2024-05-07 11:00:00-04:00,2024-05-07 13:55:00-04:00,2024-05-07 10:55:00-04:00,18250.5,18187.75,18188.0,18313.0,15,1.0,,48.25,62.5,126.74,1901.1,-1882.5,-1901.1,stop,517.5,2017.5
2024-05-08,2024-05-08 10:25:00-04:00,2024-05-08 14:00:00-04:00,2024-05-08 10:20:00-04:00,18194.5,18178.75,18079.0,18310.0,8,1.0,,95.75,115.5,232.74,1861.92,-252.0,-261.92,time,764.0,900.0
2024-05-09,2024-05-09 10:40:00-04:00,2024-05-09 14:00:00-04:00,2024-05-09 10:35:00-04:00,18204.0,18205.75,18108.0,18300.0,10,1.0,,96.0,96.0,193.74,1937.4,35.0,22.6,time,670.0,680.0
2024-05-14,2024-05-14 10:25:00-04:00,2024-05-14 14:00:00-04:00,2024-05-14 10:20:00-04:00,18344.0,18331.0,18265.25,18422.75,12,1.0,,61.75,78.75,159.24,1910.88,-312.0,-326.88,time,660.0,1458.0
2024-05-15,2024-05-15 10:25:00-04:00,2024-05-15 12:50:00-04:00,2024-05-15 10:20:00-04:00,18536.25,18625.0,18447.25,18625.25,11,1.0,,84.5,89.0,179.74,1977.14,1952.5,1938.86,target,1991.0,275.0
2024-05-16,2024-05-16 10:25:00-04:00,2024-05-16 13:25:00-04:00,2024-05-16 10:20:00-04:00,18718.5,18671.75,18672.0,18765.0,21,1.0,,44.5,46.5,94.74,1989.54,-1963.5,-1989.54,stop,1774.5,1974.0
2024-05-17,2024-05-17 10:35:00-04:00,2024-05-17 12:45:00-04:00,2024-05-17 10:30:00-04:00,18675.25,18620.25,18620.5,18730.0,17,1.0,,47.0,54.75,111.24,1891.08,-1870.0,-1891.08,stop,59.5,2295.0
2024-05-20,2024-05-20 10:45:00-04:00,2024-05-20 14:00:00-04:00,2024-05-20 10:40:00-04:00,18756.0,18745.25,18635.25,18876.75,8,1.0,,119.0,120.75,243.24,1945.92,-172.0,-181.92,time,616.0,440.0
2024-05-21,2024-05-21 10:05:00-04:00,2024-05-21 12:15:00-04:00,2024-05-21 10:00:00-04:00,18723.75,18769.25,18678.0,18769.5,21,1.0,,41.75,45.75,93.24,1958.04,1911.0,1884.96,target,2026.5,997.5
2024-05-22,2024-05-22 11:15:00-04:00,2024-05-22 13:35:00-04:00,2024-05-22 11:10:00-04:00,18834.5,18788.75,18789.0,18880.0,21,1.0,,41.5,45.5,92.74,1947.54,-1921.5,-1947.54,stop,168.0,2824.5
2024-05-24,2024-05-24 10:15:00-04:00,2024-05-24 10:50:00-04:00,2024-05-24 10:10:00-04:00,18791.0,18850.0,18731.75,18850.25,16,1.0,,55.75,59.25,120.24,1923.84,1888.0,1868.16,target,2048.0,24.0
2024-05-27,2024-05-27 11:05:00-04:00,2024-05-27 12:25:00-04:00,2024-05-27 11:00:00-04:00,18913.5,18949.5,18877.25,18949.75,26,1.0,,34.0,36.25,74.24,1930.2399999999998,1872.0,1839.76,target,2041.0,117.0
2024-05-28,2024-05-28 13:35:00-04:00,2024-05-28 14:00:00-04:00,2024-05-28 13:30:00-04:00,18937.25,18902.25,18838.75,19035.75,10,1.0,,98.25,98.5,198.74,1987.4,-700.0,-712.4,time,170.0,915.0
2024-05-29,2024-05-29 10:25:00-04:00,2024-05-29 14:00:00-04:00,2024-05-29 10:20:00-04:00,18856.75,18859.25,18761.0,18952.5,10,1.0,,88.75,95.75,193.24,1932.4,50.0,37.6,time,465.0,810.0
2024-06-05,2024-06-05 10:25:00-04:00,2024-06-05 11:00:00-04:00,2024-06-05 10:20:00-04:00,18876.25,18938.75,18813.5,18939.0,15,1.0,,46.5,62.75,127.24,1908.6,1875.0,1856.4,target,2092.5,60.0
2024-06-07,2024-06-07 10:40:00-04:00,2024-06-07 13:20:00-04:00,2024-06-07 10:35:00-04:00,19073.5,19154.5,18992.25,19154.75,12,1.0,,72.0,81.25,164.24,1970.88,1944.0,1929.12,target,1962.0,1398.0
2024-06-10,2024-06-10 10:30:00-04:00,2024-06-10 11:30:00-04:00,2024-06-10 10:25:00-04:00,19035.5,19093.25,18977.5,19093.5,16,1.0,,46.0,58.0,117.74,1883.84,1848.0,1828.16,target,2080.0,424.0
2024-06-11,2024-06-11 10:40:00-04:00,2024-06-11 14:00:00-04:00,2024-06-11 10:35:00-04:00,19092.5,19164.25,18994.75,19190.25,10,1.0,,92.75,97.75,197.24,1972.4,1435.0,1422.6,time,1715.0,590.0
2024-06-12,2024-06-12 10:15:00-04:00,2024-06-12 14:00:00-04:00,2024-06-12 10:10:00-04:00,19509.5,19514.75,19374.5,19644.5,7,1.0,,130.25,135.0,271.74,1902.18,73.5,64.82,time,518.0,875.0
2024-06-14,2024-06-14 13:15:00-04:00,2024-06-14 14:00:00-04:00,2024-06-14 13:10:00-04:00,19652.0,19657.25,19557.0,19747.0,10,1.0,,90.0,95.0,191.74,1917.4,105.0,92.6,time,485.0,270.0
2024-06-17,2024-06-17 11:00:00-04:00,2024-06-17 12:20:00-04:00,2024-06-17 10:55:00-04:00,19714.0,19787.5,19640.25,19787.75,13,1.0,,69.5,73.75,149.24,1940.1200000000001,1911.0,1894.88,target,1950.0,6.5
2024-06-18,2024-06-18 13:50:00-04:00,2024-06-18 14:00:00-04:00,2024-06-18 13:45:00-04:00,19949.75,19927.0,19889.5,20010.0,16,1.0,,54.25,60.25,122.24,1955.84,-728.0,-747.84,time,104.0,2072.0
2024-06-21,2024-06-21 11:20:00-04:00,2024-06-21 14:00:00-04:00,2024-06-21 11:15:00-04:00,20033.5,19961.0,19914.0,20153.0,8,1.0,,113.75,119.5,240.74,1925.92,-1160.0,-1169.92,time,632.0,1380.0
2024-06-24,2024-06-24 10:05:00-04:00,2024-06-24 10:40:00-04:00,2024-06-24 10:00:00-04:00,19975.75,19866.5,19866.75,20084.75,9,1.0,,98.5,109.0,219.74,1977.66,-1966.5,-1977.66,stop,355.5,2101.5
2024-06-25,2024-06-25 10:05:00-04:00,2024-06-25 11:55:00-04:00,2024-06-25 10:00:00-04:00,19874.75,19957.0,19792.25,19957.25,11,1.0,,60.25,82.5,166.74,1834.14,1809.5,1795.86,target,1881.0,473.0
2024-06-26,2024-06-26 10:10:00-04:00,2024-06-26 11:10:00-04:00,2024-06-26 10:05:00-04:00,20002.5,19918.25,19918.5,20086.5,11,1.0,,81.25,84.0,169.74,1867.14,-1853.5,-1867.14,stop,473.0,1991.0
2024-06-27,2024-06-27 10:15:00-04:00,2024-06-27 11:25:00-04:00,2024-06-27 10:10:00-04:00,20111.0,19989.5,19989.75,20232.25,8,1.0,,111.5,121.25,244.24,1953.92,-1944.0,-1953.92,stop,88.0,2120.0
2024-06-28,2024-06-28 10:05:00-04:00,2024-06-28 12:15:00-04:00,2024-06-28 10:00:00-04:00,20220.0,20038.75,20039.0,20401.0,5,1.0,,110.0,181.0,363.74,1818.7,-1812.5,-1818.7,stop,532.5,1982.5
2024-07-01,2024-07-01 12:10:00-04:00,2024-07-01 14:00:00-04:00,2024-07-01 12:05:00-04:00,20004.5,19999.5,19841.25,20167.75,6,1.0,,144.5,163.25,328.24,1969.44,-60.0,-67.44,time,264.0,324.0
2024-07-02,2024-07-02 10:55:00-04:00,2024-07-02 14:00:00-04:00,2024-07-02 10:50:00-04:00,20113.75,20208.75,19976.5,20251.0,7,1.0,,120.0,137.25,276.24,1933.68,1330.0,1321.32,time,1452.5,682.5
2024-07-03,2024-07-03 10:20:00-04:00,2024-07-03 11:20:00-04:00,2024-07-03 10:15:00-04:00,20284.5,20352.75,20216.0,20353.0,14,1.0,,68.0,68.5,138.74,1942.3600000000001,1911.0,1893.64,target,1988.0,1134.0
2024-07-05,2024-07-05 10:05:00-04:00,2024-07-05 13:40:00-04:00,2024-07-05 10:00:00-04:00,20529.5,20630.75,20428.0,20631.0,9,1.0,,88.5,101.5,204.74,1842.66,1822.5,1811.34,target,1858.5,1210.5
2024-07-08,2024-07-08 11:25:00-04:00,2024-07-08 14:00:00-04:00,2024-07-08 11:20:00-04:00,20658.5,20653.5,20600.75,20716.25,17,1.0,,53.25,57.75,117.24,1993.08,-170.0,-191.07999999999998,time,433.5,1683.0
2024-07-10,2024-07-10 10:10:00-04:00,2024-07-10 11:00:00-04:00,2024-07-10 10:05:00-04:00,20785.5,20721.25,20721.5,20849.5,15,1.0,,56.75,64.0,129.74,1946.1000000000001,-1927.5,-1946.1,stop,307.5,2475.0
2024-07-12,2024-07-12 10:05:00-04:00,2024-07-12 13:35:00-04:00,2024-07-12 10:00:00-04:00,20557.25,20689.0,20425.25,20689.25,7,1.0,,124.25,132.0,265.74,1860.18,1844.5,1835.82,target,1946.0,493.5
2024-07-15,2024-07-15 10:10:00-04:00,2024-07-15 11:05:00-04:00,2024-07-15 10:05:00-04:00,20668.5,20755.25,20581.5,20755.5,11,1.0,,84.0,87.0,175.74,1933.14,1908.5,1894.86,target,1952.5,418.0
2024-07-23,2024-07-23 11:15:00-04:00,2024-07-23 12:55:00-04:00,2024-07-23 11:10:00-04:00,20052.75,19933.0,19933.25,20172.25,8,1.0,,100.5,119.5,240.74,1925.92,-1916.0,-1925.92,stop,516.0,2016.0
2024-07-25,2024-07-25 11:15:00-04:00,2024-07-25 14:00:00-04:00,2024-07-25 11:10:00-04:00,19246.75,19289.5,19016.5,19477.0,4,1.0,,210.0,230.25,462.24,1848.96,342.0,337.04,time,1150.0,834.0
2024-07-26,2024-07-26 11:50:00-04:00,2024-07-26 14:00:00-04:00,2024-07-26 11:45:00-04:00,19190.0,19194.5,19060.5,19319.5,7,1.0,,105.5,129.5,260.74,1825.18,63.0,54.32,time,1526.0,570.5
2024-07-31,2024-07-31 10:10:00-04:00,2024-07-31 14:00:00-04:00,2024-07-31 10:05:00-04:00,19444.75,19427.5,19310.5,19579.0,7,1.0,,101.5,134.25,270.24,1891.68,-241.5,-250.18,time,997.5,1407.0
2024-08-05,2024-08-05 10:05:00-04:00,2024-08-05 14:00:00-04:00,2024-08-05 10:00:00-04:00,18042.5,18078.25,17509.25,18575.75,1,1.0,,444.75,533.25,1068.24,1068.24,71.5,70.26,time,493.5,384.5
2024-08-06,2024-08-06 10:05:00-04:00,2024-08-06 12:50:00-04:00,2024-08-06 10:00:00-04:00,18181.25,18401.0,17961.25,18401.25,4,1.0,,212.5,220.0,441.74,1766.96,1758.0,1753.04,target,2002.0,432.0
2024-08-08,2024-08-08 10:05:00-04:00,2024-08-08 13:25:00-04:00,2024-08-08 10:00:00-04:00,18276.0,18487.0,18064.75,18487.25,4,1.0,,179.25,211.25,424.24,1696.96,1688.0,1683.04,target,1768.0,366.0
2024-08-09,2024-08-09 10:15:00-04:00,2024-08-09 13:30:00-04:00,2024-08-09 10:10:00-04:00,18547.0,18670.75,18423.0,18671.0,8,1.0,,105.75,124.0,249.74,1997.92,1980.0,1970.08,target,2044.0,1772.0
2024-08-12,2024-08-12 10:20:00-04:00,2024-08-12 14:00:00-04:00,2024-08-12 10:15:00-04:00,18674.0,18617.5,18524.0,18824.0,6,1.0,,148.75,150.0,301.74,1810.44,-678.0,-685.44,time,1098.0,1173.0
2024-08-13,2024-08-13 10:50:00-04:00,2024-08-13 13:00:00-04:00,2024-08-13 10:45:00-04:00,18946.75,19077.5,18815.75,19077.75,7,1.0,,97.5,131.0,263.74,1846.18,1830.5,1821.82,target,1872.5,245.0
2024-08-14,2024-08-14 11:55:00-04:00,2024-08-14 14:00:00-04:00,2024-08-14 11:50:00-04:00,19176.0,19071.75,19011.0,19341.0,6,1.0,,164.0,165.0,331.74,1990.44,-1251.0,-1258.44,time,333.0,1890.0
2024-08-15,2024-08-15 10:25:00-04:00,2024-08-15 14:00:00-04:00,2024-08-15 10:20:00-04:00,19464.25,19583.75,19336.25,19592.25,7,1.0,,125.5,128.0,257.74,1804.18,1673.0,1664.32,time,1767.5,52.5
2024-08-16,2024-08-16 10:10:00-04:00,2024-08-16 12:35:00-04:00,2024-08-16 10:05:00-04:00,19546.75,19630.75,19462.5,19631.0,11,1.0,,72.25,84.25,170.24,1872.64,1848.0,1834.36,target,1985.5,1193.5
2024-08-19,2024-08-19 10:55:00-04:00,2024-08-19 14:00:00-04:00,2024-08-19 10:50:00-04:00,19654.0,19721.5,19545.0,19763.0,9,1.0,,79.5,109.0,219.74,1977.66,1215.0,1203.84,time,1381.5,625.5
2024-08-21,2024-08-21 10:05:00-04:00,2024-08-21 10:50:00-04:00,2024-08-21 10:00:00-04:00,19900.0,19813.0,19813.25,19986.75,11,1.0,,71.25,86.75,175.24,1927.64,-1914.0,-1927.64,stop,1804.0,2057.0
2024-08-23,2024-08-23 10:05:00-04:00,2024-08-23 10:45:00-04:00,2024-08-23 10:00:00-04:00,19846.0,19706.25,19706.5,19985.5,7,1.0,,58.0,139.5,280.74,1965.18,-1956.5,-1965.18,stop,801.5,2866.5
2024-08-27,2024-08-27 10:15:00-04:00,2024-08-27 14:00:00-04:00,2024-08-27 10:10:00-04:00,19572.25,19686.5,19441.75,19702.75,7,1.0,,129.0,130.5,262.74,1839.18,1599.5,1590.82,time,1711.5,273.0
2024-08-29,2024-08-29 10:50:00-04:00,2024-08-29 14:00:00-04:00,2024-08-29 10:45:00-04:00,19681.0,19633.25,19478.0,19884.0,4,1.0,,173.5,203.0,407.74,1630.96,-382.0,-386.96,time,88.0,844.0
2024-08-30,2024-08-30 10:05:00-04:00,2024-08-30 10:55:00-04:00,2024-08-30 10:00:00-04:00,19605.25,19512.75,19513.0,19697.5,10,1.0,,90.0,92.25,186.24,1862.4,-1850.0,-1862.4,stop,105.0,2775.0
2024-09-02,2024-09-02 10:40:00-04:00,2024-09-02 18:00:00-04:00,2024-09-02 10:35:00-04:00,19651.5,19646.5,19614.0,19689.0,26,1.0,,31.25,37.5,76.74,1995.2399999999998,-260.0,-292.24,time,1560.0,1235.0
2024-09-04,2024-09-04 10:30:00-04:00,2024-09-04 14:00:00-04:00,2024-09-04 10:25:00-04:00,18992.75,19005.5,18860.0,19125.5,7,1.0,,131.0,132.75,267.24,1870.68,178.5,169.82,time,1711.5,231.0
2024-09-05,2024-09-05 10:05:00-04:00,2024-09-05 11:25:00-04:00,2024-09-05 10:00:00-04:00,19085.0,18884.5,18884.75,19285.25,4,1.0,,177.25,200.25,402.24,1608.96,-1604.0,-1608.96,stop,522.0,1774.0
2024-09-09,2024-09-09 10:15:00-04:00,2024-09-09 10:30:00-04:00,2024-09-09 10:10:00-04:00,18698.5,18604.75,18605.0,18792.0,10,1.0,,92.5,93.5,188.74,1887.4,-1875.0,-1887.4,stop,55.0,2650.0
2024-09-11,2024-09-11 12:30:00-04:00,2024-09-11 13:45:00-04:00,2024-09-11 12:25:00-04:00,18914.25,19055.0,18773.25,19055.25,7,1.0,,133.25,141.0,283.74,1986.18,1970.5,1961.82,target,2124.5,602.0
2024-09-12,2024-09-12 10:15:00-04:00,2024-09-12 13:45:00-04:00,2024-09-12 10:10:00-04:00,19311.5,19437.5,19185.25,19437.75,7,1.0,,104.25,126.25,254.24,1779.68,1764.0,1755.32,target,1823.5,906.5
2024-09-13,2024-09-13 10:10:00-04:00,2024-09-13 14:00:00-04:00,2024-09-13 10:05:00-04:00,19507.5,19560.75,19396.0,19619.0,8,1.0,,107.0,111.5,224.74,1797.92,852.0,842.08,time,1112.0,1512.0
2024-09-17,2024-09-17 10:50:00-04:00,2024-09-17 12:15:00-04:00,2024-09-17 10:45:00-04:00,19604.25,19475.0,19475.25,19733.25,7,1.0,,118.5,129.0,259.74,1818.18,-1809.5,-1818.18,stop,28.0,1872.5
2024-09-19,2024-09-19 10:20:00-04:00,2024-09-19 14:00:00-04:00,2024-09-19 10:15:00-04:00,20085.75,20193.0,19963.25,20208.25,8,1.0,,110.0,122.5,246.74,1973.92,1716.0,1706.08,time,1876.0,588.0
2024-09-23,2024-09-23 10:55:00-04:00,2024-09-23 13:00:00-04:00,2024-09-23 10:50:00-04:00,20109.75,20031.5,20031.75,20187.75,12,1.0,,74.25,78.0,157.74,1892.88,-1878.0,-1892.88,stop,390.0,2190.0
2024-09-24,2024-09-24 11:50:00-04:00,2024-09-24 14:00:00-04:00,2024-09-24 11:45:00-04:00,20163.75,20165.25,20081.75,20245.75,12,1.0,,72.25,82.0,165.74,1988.88,36.0,21.12,time,1224.0,318.0
2024-09-25,2024-09-25 10:10:00-04:00,2024-09-25 13:00:00-04:00,2024-09-25 10:05:00-04:00,20245.5,20138.0,20138.25,20352.75,9,1.0,,95.5,107.25,216.24,1946.16,-1935.0,-1946.16,stop,490.5,1980.0
2024-10-02,2024-10-02 10:20:00-04:00,2024-10-02 14:00:00-04:00,2024-10-02 10:15:00-04:00,19997.5,20044.5,19833.5,20161.5,6,1.0,,133.5,164.0,329.74,1978.44,564.0,556.56,time,1104.0,618.0
2024-10-03,2024-10-03 10:05:00-04:00,2024-10-03 13:00:00-04:00,2024-10-03 10:00:00-04:00,20091.0,19894.25,19894.5,20287.5,5,1.0,,153.5,196.5,394.74,1973.7,-1967.5,-1973.7,stop,240.0,2120.0
2024-10-07,2024-10-07 10:20:00-04:00,2024-10-07 14:00:00-04:00,2024-10-07 10:15:00-04:00,20169.0,20148.5,20088.75,20249.25,12,1.0,,75.0,80.25,162.24,1946.88,-492.0,-506.88,time,450.0,1620.0
2024-10-08,2024-10-08 10:05:00-04:00,2024-10-08 14:00:00-04:00,2024-10-08 10:00:00-04:00,20188.0,20231.25,20069.5,20306.5,8,1.0,,89.5,118.5,238.74,1909.92,692.0,682.08,time,1380.0,520.0
2024-10-09,2024-10-09 10:15:00-04:00,2024-10-09 10:55:00-04:00,2024-10-09 10:10:00-04:00,20300.5,20362.5,20238.25,20362.75,15,1.0,,61.0,62.25,126.24,1893.6,1860.0,1841.4,target,1905.0,202.5
2024-10-10,2024-10-10 10:15:00-04:00,2024-10-10 12:15:00-04:00,2024-10-10 10:10:00-04:00,20402.25,20503.0,20301.25,20503.25,9,1.0,,88.75,101.0,203.74,1833.66,1813.5,1802.34,target,1903.5,756.0
2024-10-11,2024-10-11 10:10:00-04:00,2024-10-11 14:00:00-04:00,2024-10-11 10:05:00-04:00,20414.0,20437.0,20313.25,20514.75,9,1.0,,57.75,100.75,203.24,1829.16,414.0,402.84,time,1206.0,414.0
2024-10-18,2024-10-18 10:10:00-04:00,2024-10-18 14:00:00-04:00,2024-10-18 10:05:00-04:00,20514.25,20485.25,20433.0,20595.5,12,1.0,,78.25,81.25,164.24,1970.88,-696.0,-710.88,time,426.0,1728.0
2024-10-21,2024-10-21 10:10:00-04:00,2024-10-21 10:40:00-04:00,2024-10-21 10:05:00-04:00,20527.75,20422.75,20423.0,20632.5,9,1.0,,79.75,104.75,211.24,1901.16,-1890.0,-1901.16,stop,477.0,2020.5
2024-10-22,2024-10-22 10:10:00-04:00,2024-10-22 14:00:00-04:00,2024-10-22 10:05:00-04:00,20491.25,20574.25,20368.75,20613.75,8,1.0,,110.75,122.5,246.74,1973.92,1328.0,1318.08,time,1772.0,1056.0
2024-10-24,2024-10-24 13:45:00-04:00,2024-10-24 14:00:00-04:00,2024-10-24 13:40:00-04:00,20381.5,20345.0,20296.0,20467.0,11,1.0,,80.75,85.5,172.74,1900.14,-803.0,-816.64,time,44.0,1182.5
2024-10-25,2024-10-25 10:05:00-04:00,2024-10-25 13:40:00-04:00,2024-10-25 10:00:00-04:00,20679.0,20489.75,20490.0,20868.0,5,1.0,,167.75,189.0,379.74,1898.7,-1892.5,-1898.7,stop,285.0,1960.0
2024-10-29,2024-10-29 10:05:00-04:00,2024-10-29 12:00:00-04:00,2024-10-29 10:00:00-04:00,20531.5,20630.75,20432.0,20631.0,9,1.0,,94.75,99.5,200.74,1806.66,1786.5,1775.34,target,2034.0,369.0
2024-10-30,2024-10-30 10:20:00-04:00,2024-10-30 14:00:00-04:00,2024-10-30 10:15:00-04:00,20679.5,20576.25,20543.0,20816.0,7,1.0,,126.5,136.5,274.74,1923.18,-1445.5,-1454.18,time,280.0,1697.5
2024-11-01,2024-11-01 10:15:00-04:00,2024-11-01 14:00:00-04:00,2024-11-01 10:10:00-04:00,20215.5,20157.5,20057.25,20373.75,6,1.0,,118.25,158.25,318.24,1909.44,-696.0,-703.44,time,861.0,795.0
2024-11-04,2024-11-04 10:20:00-05:00,2024-11-04 14:00:00-05:00,2024-11-04 10:15:00-05:00,20161.5,20148.5,20013.25,20309.75,6,1.0,,128.75,148.25,298.24,1789.44,-156.0,-163.44,time,783.0,1593.0
2024-11-05,2024-11-05 10:25:00-05:00,2024-11-05 14:00:00-05:00,2024-11-05 10:20:00-05:00,20305.75,20308.25,20147.0,20464.5,6,1.0,,152.5,158.75,319.24,1915.44,30.0,22.560000000000002,time,807.0,879.0
2024-11-06,2024-11-06 12:15:00-05:00,2024-11-06 14:00:00-05:00,2024-11-06 12:10:00-05:00,20813.0,20861.5,20643.5,20982.5,5,1.0,,163.25,169.5,340.74,1703.7,485.0,478.8,time,635.0,275.0
2024-11-07,2024-11-07 10:10:00-05:00,2024-11-07 14:00:00-05:00,2024-11-07 10:05:00-05:00,21116.0,21181.5,21003.75,21228.25,8,1.0,,107.0,112.25,226.24,1809.92,1048.0,1038.08,time,1484.0,472.0
2024-11-08,2024-11-08 13:30:00-05:00,2024-11-08 14:00:00-05:00,2024-11-08 13:25:00-05:00,21233.0,21250.0,21176.25,21289.75,17,1.0,,55.75,56.75,115.24,1959.08,578.0,556.92,time,1139.0,102.0
2024-11-13,2024-11-13 12:15:00-05:00,2024-11-13 14:00:00-05:00,2024-11-13 12:10:00-05:00,21195.75,21257.5,21121.75,21269.75,13,1.0,,63.0,74.0,149.74,1946.6200000000001,1605.5,1589.38,time,1898.0,689.0
2024-11-18,2024-11-18 10:05:00-05:00,2024-11-18 10:30:00-05:00,2024-11-18 10:00:00-05:00,20587.25,20673.75,20500.5,20674.0,11,1.0,,71.0,86.75,175.24,1927.64,1903.0,1889.36,target,2299.0,423.5
2024-11-19,2024-11-19 10:30:00-05:00,2024-11-19 11:35:00-05:00,2024-11-19 10:25:00-05:00,20602.5,20696.75,20508.0,20697.0,10,1.0,,79.5,94.5,190.74,1907.4,1885.0,1872.6,target,1960.0,400.0
2024-11-28,2024-11-28 10:25:00-05:00,2024-11-28 18:00:00-05:00,2024-11-28 10:20:00-05:00,20900.0,20886.75,20873.75,20926.25,36,1.0,,22.5,26.25,54.24,1952.64,-954.0,-998.64,time,684.0,1800.0
2024-12-02,2024-12-02 10:05:00-05:00,2024-12-02 14:00:00-05:00,2024-12-02 10:00:00-05:00,21175.0,21212.25,21026.5,21323.5,6,1.0,,144.0,148.5,298.74,1792.44,447.0,439.56,time,1014.0,408.0
2024-12-03,2024-12-03 10:05:00-05:00,2024-12-03 14:00:00-05:00,2024-12-03 10:00:00-05:00,21210.5,21232.0,21134.75,21286.25,13,1.0,,75.0,75.75,153.24,1992.1200000000001,559.0,542.88,time,1352.0,1261.0
2024-12-04,2024-12-04 10:15:00-05:00,2024-12-04 14:00:00-05:00,2024-12-04 10:10:00-05:00,21444.75,21471.75,21388.25,21501.25,17,1.0,,53.75,56.5,114.74,1950.58,918.0,896.92,time,1759.5,994.5
2024-12-05,2024-12-05 12:15:00-05:00,2024-12-05 13:20:00-05:00,2024-12-05 12:10:00-05:00,21559.75,21497.5,21497.75,21621.75,15,1.0,,54.25,62.0,125.74,1886.1,-1867.5,-1886.1,stop,240.0,2355.0
2024-12-06,2024-12-06 10:15:00-05:00,2024-12-06 14:00:00-05:00,2024-12-06 10:10:00-05:00,21623.75,21658.25,21485.0,21762.5,7,1.0,,129.5,138.75,279.24,1954.68,483.0,474.32,time,640.5,714.0
2024-12-10,2024-12-10 10:10:00-05:00,2024-12-10 10:55:00-05:00,2024-12-10 10:05:00-05:00,21593.5,21505.0,21505.25,21681.75,11,1.0,,84.5,88.25,178.24,1960.64,-1947.0,-1960.64,stop,291.5,2134.0
2024-12-11,2024-12-11 10:10:00-05:00,2024-12-11 14:00:00-05:00,2024-12-11 10:05:00-05:00,21724.0,21792.5,21573.0,21875.0,6,1.0,,124.0,151.0,303.74,1822.44,822.0,814.56,time,1050.0,603.0
2024-12-12,2024-12-12 10:30:00-05:00,2024-12-12 14:00:00-05:00,2024-12-12 10:25:00-05:00,21707.5,21696.75,21655.75,21759.25,19,1.0,,40.75,51.75,105.24,1999.56,-408.5,-432.06,time,1406.0,1463.0
2024-12-16,2024-12-16 10:05:00-05:00,2024-12-16 12:40:00-05:00,2024-12-16 10:00:00-05:00,21989.5,22082.75,21896.0,22083.0,10,1.0,,76.5,93.5,188.74,1887.4,1865.0,1852.6,target,1900.0,1215.0
2024-12-17,2024-12-17 11:40:00-05:00,2024-12-17 14:00:00-05:00,2024-12-17 11:35:00-05:00,22074.75,22004.25,21975.75,22173.75,10,1.0,,86.75,99.0,199.74,1997.4,-1410.0,-1422.4,time,120.0,1780.0
2024-12-18,2024-12-18 10:15:00-05:00,2024-12-18 14:00:00-05:00,2024-12-18 10:10:00-05:00,22013.0,21991.5,21913.25,22112.75,9,1.0,,89.25,99.75,201.24,1811.16,-387.0,-398.16,time,738.0,1890.0
2024-12-20,2024-12-20 10:15:00-05:00,2024-12-20 10:30:00-05:00,2024-12-20 10:10:00-05:00,21341.5,21522.5,21160.25,21522.75,5,1.0,,149.0,181.25,364.24,1821.2,1810.0,1803.8,target,1962.5,175.0
2024-12-23,2024-12-23 11:55:00-05:00,2024-12-23 14:00:00-05:00,2024-12-23 11:50:00-05:00,21681.0,21744.75,21552.5,21809.5,7,1.0,,123.0,128.5,258.74,1811.18,892.5,883.82,time,1067.5,539.0
2024-12-26,2024-12-26 11:15:00-05:00,2024-12-26 14:00:00-05:00,2024-12-26 11:10:00-05:00,22012.25,22016.5,21870.5,22154.0,7,1.0,,138.0,141.75,285.24,1996.68,59.5,50.82,time,878.5,549.5
2024-12-30,2024-12-30 11:40:00-05:00,2024-12-30 14:00:00-05:00,2024-12-30 11:35:00-05:00,21432.0,21542.25,21282.0,21582.0,6,1.0,,135.0,150.0,301.74,1810.44,1323.0,1315.56,time,1650.0,225.0
2025-01-02,2025-01-02 10:05:00-05:00,2025-01-02 12:25:00-05:00,2025-01-02 10:00:00-05:00,21413.5,21166.25,21166.5,21660.5,4,1.0,,243.0,247.0,495.74,1982.96,-1978.0,-1982.96,stop,244.0,2164.0
2025-01-03,2025-01-03 11:35:00-05:00,2025-01-03 14:00:00-05:00,2025-01-03 11:30:00-05:00,21452.75,21508.75,21276.75,21628.75,5,1.0,,157.75,176.0,353.74,1768.7,560.0,553.8,time,785.0,170.0
2025-01-06,2025-01-06 10:15:00-05:00,2025-01-06 13:45:00-05:00,2025-01-06 10:10:00-05:00,21852.75,21723.5,21723.75,21981.75,7,1.0,,124.25,129.0,259.74,1818.18,-1809.5,-1818.18,stop,619.5,2030.0
2025-01-08,2025-01-08 10:05:00-05:00,2025-01-08 10:10:00-05:00,2025-01-08 10:00:00-05:00,21387.75,21284.75,21285.0,21490.5,9,1.0,,99.75,102.75,207.24,1865.16,-1854.0,-1865.16,stop,76.5,2686.5
2025-01-13,2025-01-13 10:45:00-05:00,2025-01-13 14:00:00-05:00,2025-01-13 10:40:00-05:00,20855.75,20891.5,20701.5,21010.0,6,1.0,,139.75,154.25,310.24,1861.44,429.0,421.56,time,696.0,1647.0
2025-01-15,2025-01-15 10:05:00-05:00,2025-01-15 14:00:00-05:00,2025-01-15 10:00:00-05:00,21364.25,21380.5,21186.5,21542.0,5,1.0,,160.0,177.75,357.24,1786.2,162.5,156.3,time,442.5,1180.0
2025-01-17,2025-01-17 13:15:00-05:00,2025-01-17 14:00:00-05:00,2025-01-17 13:10:00-05:00,21657.0,21631.75,21487.0,21827.0,5,1.0,,166.5,170.0,341.74,1708.7,-252.5,-258.7,time,155.0,450.0
2025-01-21,2025-01-21 12:50:00-05:00,2025-01-21 14:00:00-05:00,2025-01-21 12:45:00-05:00,21720.5,21752.75,21572.5,21868.5,6,1.0,,146.0,148.0,297.74,1786.44,387.0,379.56,time,618.0,18.0
2025-01-22,2025-01-22 10:15:00-05:00,2025-01-22 14:00:00-05:00,2025-01-22 10:10:00-05:00,22028.25,22027.5,21902.5,22154.0,7,1.0,,125.25,125.75,253.24,1772.68,-10.5,-19.18,time,920.5,542.5
2025-01-23,2025-01-23 10:35:00-05:00,2025-01-23 13:35:00-05:00,2025-01-23 10:30:00-05:00,21921.0,21975.75,21866.0,21976.0,17,1.0,,52.25,55.0,111.74,1899.58,1861.5,1840.42,target,2150.5,892.5
2025-01-27,2025-01-27 10:30:00-05:00,2025-01-27 14:00:00-05:00,2025-01-27 10:25:00-05:00,21368.0,21151.5,21108.25,21627.75,3,1.0,,232.75,259.75,521.24,1563.72,-1299.0,-1302.72,time,300.0,1375.5
2025-01-28,2025-01-28 10:05:00-05:00,2025-01-28 12:20:00-05:00,2025-01-28 10:00:00-05:00,21357.0,21553.0,21160.75,21553.25,5,1.0,,159.0,196.25,394.24,1971.2,1960.0,1953.8,target,2062.5,430.0
2025-01-31,2025-01-31 10:05:00-05:00,2025-01-31 13:30:00-05:00,2025-01-31 10:00:00-05:00,21900.25,21763.75,21764.0,22036.5,7,1.0,,106.5,136.25,274.24,1919.68,-1911.0,-1919.68,stop,917.0,2187.5
2025-02-03,2025-02-03 10:30:00-05:00,2025-02-03 14:00:00-05:00,2025-02-03 10:25:00-05:00,21353.0,21467.0,21172.5,21533.5,5,1.0,,142.25,180.5,362.74,1813.7,1140.0,1133.8,time,1287.5,317.5
2025-02-04,2025-02-04 10:05:00-05:00,2025-02-04 14:00:00-05:00,2025-02-04 10:00:00-05:00,21603.5,21622.5,21405.0,21802.0,5,1.0,,171.25,198.5,398.74,1993.7,190.0,183.8,time,912.5,532.5
2025-02-05,2025-02-05 10:40:00-05:00,2025-02-05 11:45:00-05:00,2025-02-05 10:35:00-05:00,21592.0,21664.75,21519.0,21665.0,13,1.0,,71.75,73.0,147.74,1920.6200000000001,1891.5,1875.38,target,2314.0,780.0
2025-02-06,2025-02-06 10:15:00-05:00,2025-02-06 14:00:00-05:00,2025-02-06 10:10:00-05:00,21836.5,21815.0,21738.0,21935.0,10,1.0,,84.75,98.5,198.74,1987.4,-430.0,-442.4,time,260.0,1925.0
2025-02-10,2025-02-10 10:05:00-05:00,2025-02-10 10:45:00-05:00,2025-02-10 10:00:00-05:00,21815.0,21887.5,21742.25,21887.75,13,1.0,,66.75,72.75,147.24,1914.1200000000001,1885.0,1868.88,target,2047.5,45.5
2025-02-11,2025-02-11 10:25:00-05:00,2025-02-11 14:00:00-05:00,2025-02-11 10:20:00-05:00,21809.0,21802.5,21700.25,21917.75,9,1.0,,106.0,108.75,219.24,1973.16,-117.0,-128.16,time,1120.5,1678.5
2025-02-12,2025-02-12 10:25:00-05:00,2025-02-12 14:00:00-05:00,2025-02-12 10:20:00-05:00,21718.5,21792.75,21535.75,21901.25,5,1.0,,165.25,182.75,367.24,1836.2,742.5,736.3,time,1100.0,720.0
2025-02-13,2025-02-13 10:20:00-05:00,2025-02-13 14:00:00-05:00,2025-02-13 10:15:00-05:00,21973.75,21996.25,21835.0,22112.5,7,1.0,,116.0,138.75,279.24,1954.68,315.0,306.32,time,1179.5,1165.5
2025-02-14,2025-02-14 10:10:00-05:00,2025-02-14 14:00:00-05:00,2025-02-14 10:05:00-05:00,22144.5,22184.5,22088.0,22201.0,17,1.0,,54.0,56.5,114.74,1950.58,1360.0,1338.92,time,1844.5,1793.5
2025-02-17,2025-02-17 11:05:00-05:00,2025-02-17 18:00:00-05:00,2025-02-17 11:00:00-05:00,22246.0,22229.25,22192.0,22300.0,18,1.0,,50.0,54.0,109.74,1975.32,-603.0,-625.32,time,225.0,1080.0
2025-02-19,2025-02-19 11:45:00-05:00,2025-02-19 14:00:00-05:00,2025-02-19 11:40:00-05:00,22237.75,22232.75,22154.5,22321.0,11,1.0,,67.0,83.25,168.24,1850.64,-110.0,-123.64,time,583.0,946.0
2025-02-26,2025-02-26 10:15:00-05:00,2025-02-26 13:25:00-05:00,2025-02-26 10:10:00-05:00,21329.5,21188.25,21188.5,21470.5,7,1.0,,124.5,141.0,283.74,1986.18,-1977.5,-1986.18,stop,1123.5,2233.0
2025-02-28,2025-02-28 10:15:00-05:00,2025-02-28 14:00:00-05:00,2025-02-28 10:10:00-05:00,20692.75,20541.5,20460.25,20925.25,4,1.0,,184.5,232.5,466.74,1866.96,-1210.0,-1214.96,time,680.0,1672.0
2025-03-04,2025-03-04 13:15:00-05:00,2025-03-04 14:00:00-05:00,2025-03-04 13:10:00-05:00,20480.75,20500.0,20227.75,20733.75,3,1.0,,202.25,253.0,507.74,1523.22,115.5,111.78,time,487.5,781.5
2025-03-05,2025-03-05 10:10:00-05:00,2025-03-05 11:10:00-05:00,2025-03-05 10:05:00-05:00,20455.0,20270.0,20270.25,20639.75,5,1.0,,185.5,184.75,371.24,1856.2,-1850.0,-1856.2,stop,225.0,2030.0
2025-03-06,2025-03-06 10:05:00-05:00,2025-03-06 10:35:00-05:00,2025-03-06 10:00:00-05:00,20359.25,20490.0,20228.25,20490.25,7,1.0,,115.25,131.0,263.74,1846.18,1830.5,1821.82,target,1988.0,56.0
2025-03-14,2025-03-14 11:05:00-04:00,2025-03-14 14:00:00-04:00,2025-03-14 11:00:00-04:00,19634.75,19629.75,19450.0,19819.5,5,1.0,,170.75,184.75,371.24,1856.2,-50.0,-56.2,time,730.0,437.5
2025-03-19,2025-03-19 10:05:00-04:00,2025-03-19 14:00:00-04:00,2025-03-19 10:00:00-04:00,19658.75,19607.0,19503.25,19814.25,6,1.0,,135.75,155.5,312.74,1876.44,-621.0,-628.44,time,876.0,1185.0
2025-03-20,2025-03-20 10:05:00-04:00,2025-03-20 14:00:00-04:00,2025-03-20 10:00:00-04:00,20007.0,19848.25,19756.75,20257.25,3,1.0,,184.5,250.25,502.24,1506.72,-952.5,-956.22,time,588.0,1086.0
2025-03-21,2025-03-21 10:25:00-04:00,2025-03-21 14:00:00-04:00,2025-03-21 10:20:00-04:00,19759.75,19857.5,19607.0,19912.5,6,1.0,,145.5,152.75,307.24,1843.44,1173.0,1165.56,time,1692.0,1017.0
2025-03-24,2025-03-24 10:25:00-04:00,2025-03-24 14:00:00-04:00,2025-03-24 10:20:00-04:00,20344.25,20342.5,20228.75,20459.75,8,1.0,,109.75,115.5,232.74,1861.92,-28.0,-37.92,time,580.0,576.0
2025-03-25,2025-03-25 10:25:00-04:00,2025-03-25 14:00:00-04:00,2025-03-25 10:20:00-04:00,20431.25,20413.75,20362.5,20500.0,14,1.0,,66.5,68.75,139.24,1949.3600000000001,-490.0,-507.36,time,1827.0,819.0
2025-03-27,2025-03-27 10:30:00-04:00,2025-03-27 14:00:00-04:00,2025-03-27 10:25:00-04:00,20120.75,20015.0,19937.75,20303.75,5,1.0,,153.25,183.0,367.74,1838.7,-1057.5,-1063.7,time,782.5,1190.0
2025-03-31,2025-03-31 11:25:00-04:00,2025-03-31 14:00:00-04:00,2025-03-31 11:20:00-04:00,19217.0,19222.75,18976.75,19457.25,4,1.0,,215.5,240.25,482.24,1928.96,46.0,41.04,time,728.0,436.0
2025-04-01,2025-04-01 10:55:00-04:00,2025-04-01 14:00:00-04:00,2025-04-01 10:50:00-04:00,19493.75,19505.5,19338.25,19649.25,6,1.0,,124.0,155.5,312.74,1876.44,141.0,133.56,time,1794.0,675.0
2025-04-02,2025-04-02 10:05:00-04:00,2025-04-02 14:00:00-04:00,2025-04-02 10:00:00-04:00,19614.0,19744.75,19317.0,19911.0,3,1.0,,263.75,297.0,595.74,1787.22,784.5,780.78,time,1656.0,735.0
2025-04-08,2025-04-08 10:05:00-04:00,2025-04-08 11:10:00-04:00,2025-04-08 10:00:00-04:00,18282.5,18062.0,18062.25,18502.75,4,1.0,,203.0,220.25,442.24,1768.96,-1764.0,-1768.96,stop,598.0,2018.0
2025-04-09,2025-04-09 13:05:00-04:00,2025-04-09 13:20:00-04:00,2025-04-09 13:00:00-04:00,17694.75,18193.0,17196.25,18193.25,2,1.0,,357.5,498.5,998.74,1997.48,1993.0,1990.52,target,2961.0,1096.0
2025-04-11,2025-04-11 12:35:00-04:00,2025-04-11 14:00:00-04:00,2025-04-11 12:30:00-04:00,18666.25,18822.25,18353.5,18979.0,3,1.0,,294.5,312.75,627.24,1881.72,936.0,932.28,time,1242.0,429.0
2025-04-16,2025-04-16 11:25:00-04:00,2025-04-16 13:30:00-04:00,2025-04-16 11:20:00-04:00,18705.25,18522.75,18523.0,18887.5,5,1.0,,156.0,182.25,366.24,1831.2,-1825.0,-1831.2,stop,300.0,2447.5
2025-04-22,2025-04-22 10:05:00-04:00,2025-04-22 12:00:00-04:00,2025-04-22 10:00:00-04:00,18265.25,18430.0,18100.25,18430.25,6,1.0,,154.5,165.0,331.74,1990.44,1977.0,1969.56,target,2217.0,285.0
2025-04-23,2025-04-23 10:35:00-04:00,2025-04-23 11:20:00-04:00,2025-04-23 10:30:00-04:00,19135.25,18916.75,18917.0,19353.5,4,1.0,,205.25,218.25,438.24,1752.96,-1748.0,-1752.96,stop,244.0,1882.0
2025-04-24,2025-04-24 10:05:00-04:00,2025-04-24 14:00:00-04:00,2025-04-24 10:00:00-04:00,19072.5,19265.0,18846.5,19298.5,4,1.0,,215.75,226.0,453.74,1814.96,1540.0,1535.04,time,1708.0,184.0
2025-04-25,2025-04-25 10:10:00-04:00,2025-04-25 10:30:00-04:00,2025-04-25 10:05:00-04:00,19376.0,19235.75,19236.0,19516.0,7,1.0,,127.25,140.0,281.74,1972.18,-1963.5,-1972.18,stop,416.5,1981.0
2025-04-29,2025-04-29 10:10:00-04:00,2025-04-29 14:00:00-04:00,2025-04-29 10:05:00-04:00,19575.75,19655.75,19404.0,19747.5,5,1.0,,146.0,171.75,345.24,1726.2,800.0,793.8,time,1040.0,1050.0
2025-04-30,2025-04-30 10:30:00-04:00,2025-04-30 14:00:00-04:00,2025-04-30 10:25:00-04:00,19309.5,19478.25,19106.0,19513.0,4,1.0,,198.25,203.5,408.74,1634.96,1350.0,1345.04,time,1626.0,270.0
2025-05-01,2025-05-01 10:30:00-04:00,2025-05-01 14:00:00-04:00,2025-05-01 10:25:00-04:00,19999.0,19981.75,19858.0,20140.0,7,1.0,,140.0,141.0,283.74,1986.18,-241.5,-250.18,time,1767.5,1256.5
2025-05-02,2025-05-02 10:10:00-04:00,2025-05-02 12:00:00-04:00,2025-05-02 10:05:00-04:00,20131.75,20243.75,20019.5,20244.0,8,1.0,,105.5,112.25,226.24,1809.92,1792.0,1782.08,target,1972.0,324.0
2025-05-05,2025-05-05 10:20:00-04:00,2025-05-05 14:00:00-04:00,2025-05-05 10:15:00-04:00,20084.75,20143.5,19985.25,20184.25,9,1.0,,86.0,99.5,200.74,1806.66,1057.5,1046.34,time,1318.5,1363.5
2025-05-06,2025-05-06 10:20:00-04:00,2025-05-06 12:10:00-04:00,2025-05-06 10:15:00-04:00,19868.0,19989.0,19746.75,19989.25,8,1.0,,117.75,121.25,244.24,1953.92,1936.0,1926.08,target,2544.0,4.0
2025-05-07,2025-05-07 10:15:00-04:00,2025-05-07 10:50:00-04:00,2025-05-07 10:10:00-04:00,19946.25,19857.75,19858.0,20034.5,11,1.0,,86.75,88.25,178.24,1960.64,-1947.0,-1960.64,stop,693.0,2293.5
2025-05-08,2025-05-08 11:35:00-04:00,2025-05-08 12:45:00-04:00,2025-05-08 11:30:00-04:00,20193.75,20326.25,20061.0,20326.5,7,1.0,,113.5,132.75,267.24,1870.68,1855.0,1846.32,target,1932.0,164.5
2025-05-12,2025-05-12 13:10:00-04:00,2025-05-12 14:00:00-04:00,2025-05-12 13:05:00-04:00,20929.25,20908.5,20746.5,21112.0,5,1.0,,175.75,182.75,367.24,1836.2,-207.5,-213.7,time,30.0,452.5
2025-05-13,2025-05-13 10:05:00-04:00,2025-05-13 12:35:00-04:00,2025-05-13 10:00:00-04:00,21143.0,21312.5,20973.25,21312.75,5,1.0,,158.75,169.75,341.24,1706.2,1695.0,1688.8,target,1810.0,52.5
2025-05-14,2025-05-14 12:35:00-04:00,2025-05-14 14:00:00-04:00,2025-05-14 12:30:00-04:00,21411.75,21365.25,21272.75,21550.75,7,1.0,,132.0,139.0,279.74,1958.18,-651.0,-659.68,time,101.5,1827.0
2025-05-15,2025-05-15 11:05:00-04:00,2025-05-15 12:45:00-04:00,2025-05-15 11:00:00-04:00,21362.0,21475.5,21248.25,21475.75,8,1.0,,91.25,113.75,229.24,1833.92,1816.0,1806.08,target,2080.0,136.0
2025-05-16,2025-05-16 13:35:00-04:00,2025-05-16 14:00:00-04:00,2025-05-16 13:30:00-04:00,21472.25,21445.0,21388.75,21555.75,11,1.0,,81.5,83.5,168.74,1856.14,-599.5,-613.14,time,126.5,830.5
2025-05-19,2025-05-19 10:05:00-04:00,2025-05-19 14:00:00-04:00,2025-05-19 10:00:00-04:00,21390.75,21499.0,21201.5,21580.0,5,1.0,,173.5,189.25,380.24,1901.2,1082.5,1076.3,time,1547.5,145.0
2025-05-20,2025-05-20 10:45:00-04:00,2025-05-20 14:00:00-04:00,2025-05-20 10:40:00-04:00,21445.5,21430.75,21354.0,21537.0,10,1.0,,85.75,91.5,184.74,1847.4,-295.0,-307.4,time,565.0,1165.0
2025-05-21,2025-05-21 10:10:00-04:00,2025-05-21 12:05:00-04:00,2025-05-21 10:05:00-04:00,21411.75,21546.25,21277.0,21546.5,7,1.0,,128.0,134.75,271.24,1898.68,1883.0,1874.32,target,1935.5,556.5
2025-05-22,2025-05-22 10:05:00-04:00,2025-05-22 14:00:00-04:00,2025-05-22 10:00:00-04:00,21309.25,21292.25,21113.75,21504.75,5,1.0,,179.25,195.5,392.74,1963.7,-170.0,-176.2,time,210.0,1427.5
2025-05-23,2025-05-23 10:15:00-04:00,2025-05-23 14:00:00-04:00,2025-05-23 10:10:00-04:00,20970.0,21051.5,20821.5,21118.5,6,1.0,,132.0,148.5,298.74,1792.44,978.0,970.56,time,1311.0,1035.0
2025-05-27,2025-05-27 10:05:00-04:00,2025-05-27 13:55:00-04:00,2025-05-27 10:00:00-04:00,21333.75,21474.0,21193.25,21474.25,7,1.0,,103.75,140.5,282.74,1979.18,1963.5,1954.82,target,2051.0,52.5
2025-05-30,2025-05-30 10:40:00-04:00,2025-05-30 12:25:00-04:00,2025-05-30 10:35:00-04:00,21394.75,21234.5,21234.75,21554.75,6,1.0,,156.0,160.0,321.74,1930.44,-1923.0,-1930.44,stop,6.0,2829.0
2025-06-02,2025-06-02 13:05:00-04:00,2025-06-02 14:00:00-04:00,2025-06-02 13:00:00-04:00,21459.0,21445.25,21286.75,21631.25,5,1.0,,171.25,172.25,346.24,1731.2,-137.5,-143.7,time,162.5,345.0
2025-06-03,2025-06-03 10:05:00-04:00,2025-06-03 12:30:00-04:00,2025-06-03 10:00:00-04:00,21616.25,21722.25,21510.0,21722.5,9,1.0,,96.0,106.25,214.24,1928.16,1908.0,1896.84,target,2025.0,1057.5
2025-06-05,2025-06-05 11:00:00-04:00,2025-06-05 12:50:00-04:00,2025-06-05 10:55:00-04:00,21858.25,21691.5,21691.75,22024.75,5,1.0,,148.25,166.5,334.74,1673.7,-1667.5,-1673.7,stop,780.0,1877.5
2025-06-09,2025-06-09 10:10:00-04:00,2025-06-09 14:00:00-04:00,2025-06-09 10:05:00-04:00,21822.5,21866.75,21750.25,21894.75,13,1.0,,69.75,72.25,146.24,1901.1200000000001,1150.5,1134.38,time,1820.0,240.5
2025-06-10,2025-06-10 12:05:00-04:00,2025-06-10 14:00:00-04:00,2025-06-10 12:00:00-04:00,21894.25,21872.75,21818.0,21970.5,12,1.0,,75.25,76.25,154.24,1850.88,-516.0,-530.88,time,870.0,1758.0
2025-06-11,2025-06-11 10:25:00-04:00,2025-06-11 12:20:00-04:00,2025-06-11 10:20:00-04:00,22031.5,21914.75,21915.0,22148.0,8,1.0,,109.75,116.5,234.74,1877.92,-1868.0,-1877.92,stop,564.0,1988.0
2025-06-12,2025-06-12 10:15:00-04:00,2025-06-12 14:00:00-04:00,2025-06-12 10:10:00-04:00,21915.25,21936.25,21816.0,22014.5,9,1.0,,76.0,99.25,200.24,1802.16,378.0,366.84,time,1120.5,603.0
2025-06-13,2025-06-13 11:30:00-04:00,2025-06-13 14:00:00-04:00,2025-06-13 11:25:00-04:00,21797.75,21787.75,21663.5,21932.0,7,1.0,,132.75,134.25,270.24,1891.68,-140.0,-148.68,time,812.0,780.5
2025-06-16,2025-06-16 10:05:00-04:00,2025-06-16 14:00:00-04:00,2025-06-16 10:00:00-04:00,21947.0,21938.5,21792.25,22101.75,6,1.0,,152.5,154.75,311.24,1867.44,-102.0,-109.44,time,594.0,354.0
2025-06-17,2025-06-17 10:15:00-04:00,2025-06-17 12:55:00-04:00,2025-06-17 10:10:00-04:00,21896.5,21802.25,21802.5,21990.5,10,1.0,,84.0,94.0,189.74,1897.4,-1885.0,-1897.4,stop,225.0,1910.0
2025-06-18,2025-06-18 10:15:00-04:00,2025-06-18 14:00:00-04:00,2025-06-18 10:10:00-04:00,22045.5,22031.75,21926.5,22164.5,8,1.0,,99.25,119.0,239.74,1917.92,-220.0,-229.92,time,852.0,1688.0
2025-06-23,2025-06-23 10:05:00-04:00,2025-06-23 12:35:00-04:00,2025-06-23 10:00:00-04:00,21957.0,21758.25,21758.5,22155.5,5,1.0,,170.75,198.5,398.74,1993.7,-1987.5,-1993.7,stop,610.0,2185.0
2025-06-24,2025-06-24 10:45:00-04:00,2025-06-24 12:40:00-04:00,2025-06-24 10:40:00-04:00,22336.75,22413.25,22260.0,22413.5,12,1.0,,73.25,76.75,155.24,1862.88,1836.0,1821.12,target,1938.0,882.0
2025-06-26,2025-06-26 10:25:00-04:00,2025-06-26 14:00:00-04:00,2025-06-26 10:20:00-04:00,22571.5,22640.25,22476.25,22666.75,10,1.0,,90.25,95.25,192.24,1922.4,1375.0,1362.6,time,1600.0,435.0
2025-06-27,2025-06-27 10:05:00-04:00,2025-06-27 14:00:00-04:00,2025-06-27 10:00:00-04:00,22794.25,22736.0,22682.0,22906.5,8,1.0,,88.25,112.25,226.24,1809.92,-932.0,-941.92,time,472.0,1556.0
2025-07-02,2025-07-02 10:05:00-04:00,2025-07-02 10:40:00-04:00,2025-07-02 10:00:00-04:00,22733.5,22816.0,22650.75,22816.25,11,1.0,,78.0,82.75,167.24,1839.64,1815.0,1801.36,target,1831.5,110.0
2025-07-03,2025-07-03 10:05:00-04:00,2025-07-03 18:00:00-04:00,2025-07-03 10:00:00-04:00,23038.75,23058.75,22929.75,23147.75,9,1.0,,75.0,109.0,219.74,1977.66,360.0,348.84,time,1125.0,301.5
2025-07-08,2025-07-08 12:25:00-04:00,2025-07-08 13:15:00-04:00,2025-07-08 12:20:00-04:00,22947.0,22879.75,22880.0,23014.0,14,1.0,,64.0,67.0,135.74,1900.3600000000001,-1883.0,-1900.36,stop,441.0,1995.0
2025-07-11,2025-07-11 10:15:00-04:00,2025-07-11 14:00:00-04:00,2025-07-11 10:10:00-04:00,22978.75,22998.0,22863.0,23094.5,8,1.0,,104.75,115.75,233.24,1865.92,308.0,298.08,time,688.0,1120.0
2025-07-14,2025-07-14 11:00:00-04:00,2025-07-14 14:00:00-04:00,2025-07-14 10:55:00-04:00,22991.75,23044.75,22842.5,23141.0,6,1.0,,136.5,149.25,300.24,1801.44,636.0,628.56,time,912.0,84.0
2025-07-17,2025-07-17 10:05:00-04:00,2025-07-17 14:00:00-04:00,2025-07-17 10:00:00-04:00,23172.75,23275.5,23065.75,23279.75,9,1.0,,92.75,107.0,215.74,1941.66,1849.5,1838.34,time,1948.5,1048.5
2025-07-21,2025-07-21 10:15:00-04:00,2025-07-21 14:00:00-04:00,2025-07-21 10:10:00-04:00,23399.5,23411.25,23255.0,23544.0,6,1.0,,141.0,144.5,290.74,1744.44,141.0,133.56,time,306.0,489.0
2025-07-24,2025-07-24 13:15:00-04:00,2025-07-24 14:00:00-04:00,2025-07-24 13:10:00-04:00,23411.5,23384.0,23333.5,23489.5,12,1.0,,67.25,78.0,157.74,1892.88,-660.0,-674.88,time,246.0,738.0
2025-07-25,2025-07-25 10:45:00-04:00,2025-07-25 14:00:00-04:00,2025-07-25 10:40:00-04:00,23409.0,23439.0,23330.25,23487.75,12,1.0,,77.75,78.75,159.24,1910.88,720.0,705.12,time,1632.0,450.0
2025-07-30,2025-07-30 10:55:00-04:00,2025-07-30 14:00:00-04:00,2025-07-30 10:50:00-04:00,23532.25,23541.5,23450.25,23614.25,12,1.0,,76.25,82.0,165.74,1988.88,222.0,207.12,time,654.0,1374.0
2025-08-04,2025-08-04 12:10:00-04:00,2025-08-04 14:00:00-04:00,2025-08-04 12:05:00-04:00,23260.75,23268.0,23088.75,23432.75,5,1.0,,169.25,172.0,345.74,1728.7,72.5,66.3,time,257.5,200.0
2025-08-06,2025-08-06 10:05:00-04:00,2025-08-06 13:40:00-04:00,2025-08-06 10:00:00-04:00,23269.75,23390.5,23148.75,23390.75,8,1.0,,96.25,121.0,243.74,1949.92,1932.0,1922.08,target,2028.0,1688.0
2025-08-08,2025-08-08 10:05:00-04:00,2025-08-08 14:00:00-04:00,2025-08-08 10:00:00-04:00,23649.75,23700.0,23530.0,23769.5,8,1.0,,119.0,119.75,241.24,1929.92,804.0,794.08,time,1164.0,604.0
2025-08-11,2025-08-11 10:15:00-04:00,2025-08-11 14:00:00-04:00,2025-08-11 10:10:00-04:00,23746.5,23697.75,23681.0,23812.0,15,1.0,,64.0,65.5,132.74,1991.1000000000001,-1462.5,-1481.1,time,1740.0,2085.0
2025-08-12,2025-08-12 11:10:00-04:00,2025-08-12 14:00:00-04:00,2025-08-12 11:05:00-04:00,23810.25,23914.0,23650.0,23970.5,6,1.0,,158.5,160.25,322.24,1933.44,1245.0,1237.56,time,1347.0,3.0
2025-08-14,2025-08-14 10:35:00-04:00,2025-08-14 14:00:00-04:00,2025-08-14 10:30:00-04:00,23972.75,23962.75,23841.25,24104.25,7,1.0,,119.0,131.5,264.74,1853.18,-140.0,-148.68,time,458.5,1540.0
2025-08-21,2025-08-21 10:20:00-04:00,2025-08-21 12:25:00-04:00,2025-08-21 10:15:00-04:00,23302.5,23174.75,23175.0,23430.0,7,1.0,,115.5,127.5,256.74,1797.18,-1788.5,-1797.18,stop,640.5,1820.0
2025-08-22,2025-08-22 10:05:00-04:00,2025-08-22 14:00:00-04:00,2025-08-22 10:00:00-04:00,23486.75,23606.0,23206.25,23767.25,3,1.0,,136.75,280.5,562.74,1688.22,715.5,711.78,time,979.5,22.5
2025-08-25,2025-08-25 10:05:00-04:00,2025-08-25 14:00:00-04:00,2025-08-25 10:00:00-04:00,23542.5,23578.0,23445.0,23640.0,10,1.0,,75.5,97.5,196.74,1967.4,710.0,697.6,time,1485.0,485.0
2025-08-26,2025-08-26 10:25:00-04:00,2025-08-26 14:00:00-04:00,2025-08-26 10:20:00-04:00,23540.75,23502.5,23426.75,23654.75,8,1.0,,91.75,114.0,229.74,1837.92,-612.0,-621.92,time,248.0,988.0
2025-08-27,2025-08-27 10:15:00-04:00,2025-08-27 14:00:00-04:00,2025-08-27 10:10:00-04:00,23566.75,23621.0,23488.5,23645.0,12,1.0,,76.75,78.25,158.24,1898.88,1302.0,1287.12,time,1560.0,594.0
2025-08-28,2025-08-28 12:30:00-04:00,2025-08-28 14:00:00-04:00,2025-08-28 12:25:00-04:00,23755.0,23766.0,23572.5,23937.5,5,1.0,,170.75,182.5,366.74,1833.7,110.0,103.8,time,195.0,327.5
2025-09-01,2025-09-01 11:20:00-04:00,2025-09-01 18:00:00-04:00,2025-09-01 11:15:00-04:00,23495.75,23502.5,23443.25,23548.25,18,1.0,,51.75,52.5,106.74,1921.32,243.0,220.68,time,549.0,504.0
2025-09-02,2025-09-02 10:30:00-04:00,2025-09-02 14:00:00-04:00,2025-09-02 10:25:00-04:00,23261.5,23189.0,23025.0,23498.0,4,1.0,,236.0,236.5,474.74,1898.96,-580.0,-584.96,time,0.0,1880.0
2025-09-03,2025-09-03 10:20:00-04:00,2025-09-03 10:45:00-04:00,2025-09-03 10:15:00-04:00,23442.75,23515.5,23369.75,23515.75,13,1.0,,68.25,73.0,147.74,1920.6200000000001,1891.5,1875.38,target,2099.5,325.0
2025-09-04,2025-09-04 11:55:00-04:00,2025-09-04 14:00:00-04:00,2025-09-04 11:50:00-04:00,23550.75,23583.25,23457.25,23644.25,10,1.0,,91.0,93.5,188.74,1887.4,650.0,637.6,time,1070.0,760.0
2025-09-08,2025-09-08 10:45:00-04:00,2025-09-08 13:50:00-04:00,2025-09-08 10:40:00-04:00,23881.5,23771.0,23771.25,23991.75,8,1.0,,105.25,110.25,222.24,1777.92,-1768.0,-1777.92,stop,104.0,1908.0
2025-09-11,2025-09-11 10:40:00-04:00,2025-09-11 14:00:00-04:00,2025-09-11 10:35:00-04:00,24012.5,24032.5,23909.75,24115.25,9,1.0,,88.0,102.75,207.24,1865.16,360.0,348.84,time,652.5,670.5
2025-09-12,2025-09-12 10:25:00-04:00,2025-09-12 14:00:00-04:00,2025-09-12 10:20:00-04:00,24071.25,24123.75,24002.0,24140.5,14,1.0,,61.5,69.25,140.24,1963.3600000000001,1470.0,1452.64,time,1617.0,189.0
2025-09-15,2025-09-15 11:05:00-04:00,2025-09-15 14:00:00-04:00,2025-09-15 11:00:00-04:00,24266.0,24286.5,24172.0,24360.0,10,1.0,,90.25,94.0,189.74,1897.4,410.0,397.6,time,565.0,510.0
2025-09-18,2025-09-18 10:05:00-04:00,2025-09-18 14:00:00-04:00,2025-09-18 10:00:00-04:00,24722.0,24734.5,24598.75,24845.25,8,1.0,,114.75,123.25,248.24,1985.92,200.0,190.08,time,1500.0,24.0
2025-09-19,2025-09-19 12:30:00-04:00,2025-09-19 14:00:00-04:00,2025-09-19 12:25:00-04:00,24818.0,24816.25,24737.25,24898.75,12,1.0,,78.75,80.75,163.24,1958.88,-42.0,-56.879999999999995,time,396.0,522.0
2025-09-22,2025-09-22 10:25:00-04:00,2025-09-22 12:15:00-04:00,2025-09-22 10:20:00-04:00,24890.25,24966.0,24814.25,24966.25,13,1.0,,66.25,76.0,153.74,1998.6200000000001,1969.5,1953.38,target,2028.0,156.0
2025-09-25,2025-09-25 10:20:00-04:00,2025-09-25 14:00:00-04:00,2025-09-25 10:15:00-04:00,24605.75,24517.25,24422.0,24789.5,5,1.0,,156.75,183.75,369.24,1846.2,-885.0,-891.2,time,912.5,1510.0
2025-09-29,2025-09-29 10:10:00-04:00,2025-09-29 11:35:00-04:00,2025-09-29 10:05:00-04:00,24969.25,24848.0,24848.25,25090.25,8,1.0,,106.75,121.0,243.74,1949.92,-1940.0,-1949.92,stop,36.0,2124.0
2025-09-30,2025-09-30 11:00:00-04:00,2025-09-30 14:00:00-04:00,2025-09-30 10:55:00-04:00,24842.75,24768.25,24722.5,24963.0,8,1.0,,108.25,120.25,242.24,1937.92,-1192.0,-1201.92,time,340.0,1784.0
2025-10-01,2025-10-01 10:20:00-04:00,2025-10-01 14:00:00-04:00,2025-10-01 10:15:00-04:00,24858.25,24982.75,24726.0,24990.5,7,1.0,,115.5,132.25,266.24,1863.68,1743.0,1734.32,time,2124.5,56.0
2025-10-06,2025-10-06 13:25:00-04:00,2025-10-06 14:00:00-04:00,2025-10-06 13:20:00-04:00,25225.25,25227.5,25117.0,25333.5,9,1.0,,104.75,108.25,218.24,1964.16,40.5,29.34,time,193.5,396.0
2025-10-08,2025-10-08 10:05:00-04:00,2025-10-08 14:00:00-04:00,2025-10-08 10:00:00-04:00,25203.5,25273.25,25073.25,25333.75,7,1.0,,110.25,130.25,262.24,1835.68,976.5,967.82,time,1260.0,430.5
2025-10-13,2025-10-13 10:05:00-04:00,2025-10-13 14:00:00-04:00,2025-10-13 10:00:00-04:00,24904.5,24926.0,24724.5,25084.5,5,1.0,,168.75,180.0,361.74,1808.7,215.0,208.8,time,540.0,1610.0
2025-10-14,2025-10-14 10:25:00-04:00,2025-10-14 14:00:00-04:00,2025-10-14 10:20:00-04:00,24688.75,24900.0,24423.25,24954.25,3,1.0,,218.75,265.5,532.74,1598.22,1267.5,1263.78,time,1551.0,109.5
2025-10-15,2025-10-15 10:05:00-04:00,2025-10-15 11:50:00-04:00,2025-10-15 10:00:00-04:00,25039.0,24896.75,24897.0,25181.0,6,1.0,,127.25,142.0,285.74,1714.44,-1707.0,-1714.44,stop,945.0,1950.0
2025-10-16,2025-10-16 10:40:00-04:00,2025-10-16 11:25:00-04:00,2025-10-16 10:35:00-04:00,25126.5,25025.75,25026.0,25227.0,9,1.0,,99.5,100.5,202.74,1824.66,-1813.5,-1824.66,stop,958.5,1939.5
2025-10-17,2025-10-17 10:15:00-04:00,2025-10-17 14:00:00-04:00,2025-10-17 10:10:00-04:00,24931.0,24935.25,24672.25,25189.75,3,1.0,,217.75,258.75,519.24,1557.72,25.5,21.78,time,294.0,1539.0
2025-10-20,2025-10-20 10:10:00-04:00,2025-10-20 14:00:00-04:00,2025-10-20 10:05:00-04:00,25248.75,25335.75,25114.75,25382.75,7,1.0,,124.75,134.0,269.74,1888.18,1218.0,1209.32,time,1487.5,469.0
2025-10-21,2025-10-21 11:50:00-04:00,2025-10-21 14:00:00-04:00,2025-10-21 11:45:00-04:00,25309.0,25313.25,25213.75,25404.25,10,1.0,,90.75,95.25,192.24,1922.4,85.0,72.6,time,770.0,1180.0
2025-10-23,2025-10-23 10:40:00-04:00,2025-10-23 14:00:00-04:00,2025-10-23 10:35:00-04:00,25187.0,25279.25,24998.75,25375.25,5,1.0,,181.0,188.25,378.24,1891.2,922.5,916.3,time,965.0,675.0
2025-10-24,2025-10-24 12:55:00-04:00,2025-10-24 14:00:00-04:00,2025-10-24 12:50:00-04:00,25552.25,25548.75,25430.0,25674.5,8,1.0,,120.5,122.25,246.24,1969.92,-56.0,-65.92,time,252.0,284.0
2025-10-27,2025-10-27 10:05:00-04:00,2025-10-27 14:00:00-04:00,2025-10-27 10:00:00-04:00,25866.75,25926.5,25796.25,25937.25,14,1.0,,63.5,70.5,142.74,1998.3600000000001,1673.0,1655.64,time,1827.0,1253.0
2025-10-28,2025-10-28 12:35:00-04:00,2025-10-28 14:00:00-04:00,2025-10-28 12:30:00-04:00,26109.25,26153.25,26029.0,26189.5,12,1.0,,65.0,80.25,162.24,1946.88,1056.0,1041.12,time,1218.0,444.0
2025-11-05,2025-11-05 10:35:00-05:00,2025-11-05 14:00:00-05:00,2025-11-05 10:30:00-05:00,25696.0,25863.75,25487.75,25904.25,4,1.0,,203.0,208.25,418.24,1672.96,1342.0,1337.04,time,1414.0,302.0
2025-11-10,2025-11-10 13:40:00-05:00,2025-11-10 14:00:00-05:00,2025-11-10 13:35:00-05:00,25668.5,25647.0,25524.0,25813.0,6,1.0,,133.75,144.5,290.74,1744.44,-258.0,-265.44,time,174.0,312.0
2025-11-11,2025-11-11 13:20:00-05:00,2025-11-11 14:00:00-05:00,2025-11-11 13:15:00-05:00,25657.5,25690.5,25560.5,25754.5,10,1.0,,85.5,97.0,195.74,1957.4,660.0,647.6,time,765.0,1005.0
2025-11-14,2025-11-14 10:30:00-05:00,2025-11-14 14:00:00-05:00,2025-11-14 10:25:00-05:00,25010.25,25171.5,24626.0,25394.5,2,1.0,,344.5,384.25,770.24,1540.48,645.0,642.52,time,1133.0,133.0
2025-11-19,2025-11-19 10:05:00-05:00,2025-11-19 12:30:00-05:00,2025-11-19 10:00:00-05:00,24924.25,24572.5,24572.75,25275.75,2,1.0,,328.75,351.5,704.74,1409.48,-1407.0,-1409.48,stop,255.0,1446.0
2025-11-20,2025-11-20 10:45:00-05:00,2025-11-20 11:00:00-05:00,2025-11-20 10:40:00-05:00,25297.0,25144.75,25145.0,25449.0,6,1.0,,148.5,152.0,305.74,1834.44,-1827.0,-1834.44,stop,42.0,2421.0
2025-11-21,2025-11-21 12:00:00-05:00,2025-11-21 14:00:00-05:00,2025-11-21 11:55:00-05:00,24372.25,24477.25,24101.0,24643.5,3,1.0,,197.25,271.25,544.24,1632.72,630.0,626.28,time,1114.5,1014.0
2025-11-24,2025-11-24 10:05:00-05:00,2025-11-24 14:00:00-05:00,2025-11-24 10:00:00-05:00,24734.5,24925.75,24513.5,24955.5,4,1.0,,208.75,221.0,443.74,1774.96,1530.0,1525.04,time,1758.0,564.0
2025-11-25,2025-11-25 11:55:00-05:00,2025-11-25 14:00:00-05:00,2025-11-25 11:50:00-05:00,24897.75,25024.0,24602.0,25193.5,3,1.0,,280.0,295.75,593.24,1779.72,757.5,753.78,time,981.0,48.0
2025-11-26,2025-11-26 11:05:00-05:00,2025-11-26 14:00:00-05:00,2025-11-26 11:00:00-05:00,25292.25,25316.25,25155.75,25428.75,7,1.0,,125.75,136.5,274.74,1923.18,336.0,327.32,time,1165.5,154.0
2025-12-01,2025-12-01 10:55:00-05:00,2025-12-01 14:00:00-05:00,2025-12-01 10:50:00-05:00,25410.0,25486.5,25209.0,25611.0,4,1.0,,170.75,201.0,403.74,1614.96,612.0,607.04,time,686.0,700.0
2025-12-02,2025-12-02 10:05:00-05:00,2025-12-02 11:20:00-05:00,2025-12-02 10:00:00-05:00,25635.75,25471.0,25471.25,25800.25,6,1.0,,141.75,164.5,330.74,1984.44,-1977.0,-1984.44,stop,411.0,2127.0
2025-12-03,2025-12-03 10:05:00-05:00,2025-12-03 14:00:00-05:00,2025-12-03 10:00:00-05:00,25571.75,25628.5,25430.0,25713.5,7,1.0,,108.0,141.75,285.24,1996.68,794.5,785.82,time,1155.0,1032.5
2025-12-05,2025-12-05 10:05:00-05:00,2025-12-05 11:30:00-05:00,2025-12-05 10:00:00-05:00,25812.5,25660.25,25660.5,25964.5,6,1.0,,142.75,152.0,305.74,1834.44,-1827.0,-1834.44,stop,663.0,1938.0
2025-12-09,2025-12-09 10:30:00-05:00,2025-12-09 14:00:00-05:00,2025-12-09 10:25:00-05:00,25657.25,25721.75,25560.0,25754.5,10,1.0,,93.25,97.25,196.24,1962.4,1290.0,1277.6,time,1625.0,435.0
2025-12-11,2025-12-11 13:40:00-05:00,2025-12-11 14:00:00-05:00,2025-12-11 13:35:00-05:00,25663.25,25637.25,25400.5,25926.0,3,1.0,,249.25,262.75,527.24,1581.72,-156.0,-159.72,time,141.0,199.5
2025-12-18,2025-12-18 10:35:00-05:00,2025-12-18 14:00:00-05:00,2025-12-18 10:30:00-05:00,25364.25,25338.25,25160.75,25567.75,4,1.0,,168.75,203.5,408.74,1634.96,-208.0,-212.96,time,422.0,1436.0
2025-12-19,2025-12-19 12:25:00-05:00,2025-12-19 14:00:00-05:00,2025-12-19 12:20:00-05:00,25577.25,25551.25,25356.25,25798.25,4,1.0,,217.0,221.0,443.74,1774.96,-208.0,-212.96,time,162.0,264.0
2025-12-23,2025-12-23 11:45:00-05:00,2025-12-23 14:00:00-05:00,2025-12-23 11:40:00-05:00,25752.0,25773.75,25638.0,25866.0,8,1.0,,113.25,114.0,229.74,1837.92,348.0,338.08,time,548.0,32.0
2025-12-24,2025-12-24 10:15:00-05:00,2025-12-24 11:35:00-05:00,2025-12-24 10:10:00-05:00,25828.5,25875.0,25781.75,25875.25,20,1.0,,45.75,46.75,95.24,1904.8,1860.0,1835.2,target,2220.0,980.0
2025-12-30,2025-12-30 11:25:00-05:00,2025-12-30 14:00:00-05:00,2025-12-30 11:20:00-05:00,25782.75,25732.0,25673.5,25892.0,9,1.0,,101.25,109.25,220.24,1982.16,-913.5,-924.66,time,0.0,1498.5
2026-01-05,2026-01-05 10:35:00-05:00,2026-01-05 14:00:00-05:00,2026-01-05 10:30:00-05:00,25683.5,25612.75,25538.5,25828.5,6,1.0,,134.75,145.0,291.74,1750.44,-849.0,-856.44,time,294.0,1518.0
2026-01-06,2026-01-06 10:25:00-05:00,2026-01-06 14:00:00-05:00,2026-01-06 10:20:00-05:00,25763.75,25804.75,25608.75,25918.75,6,1.0,,152.75,155.0,311.74,1870.44,492.0,484.56,time,570.0,1497.0
2026-01-07,2026-01-07 10:35:00-05:00,2026-01-07 12:40:00-05:00,2026-01-07 10:30:00-05:00,25882.5,25994.0,25770.75,25994.25,8,1.0,,109.25,111.75,225.24,1801.92,1784.0,1774.08,target,1848.0,1176.0
2026-01-09,2026-01-09 10:25:00-05:00,2026-01-09 13:35:00-05:00,2026-01-09 10:20:00-05:00,25800.25,25952.0,25648.25,25952.25,6,1.0,,142.75,152.0,305.74,1834.44,1821.0,1813.56,target,1824.0,471.0
2026-01-12,2026-01-12 11:10:00-05:00,2026-01-12 14:00:00-05:00,2026-01-12 11:05:00-05:00,25925.75,25978.5,25743.75,26107.75,5,1.0,,181.0,182.0,365.74,1828.7,527.5,521.3,time,715.0,50.0
2026-01-19,2026-01-19 10:05:00-05:00,2026-01-19 18:00:00-05:00,2026-01-19 10:00:00-05:00,25335.0,25396.0,25236.25,25433.75,10,1.0,,81.75,98.75,199.24,1992.4,1220.0,1207.6,time,1660.0,945.0
2026-01-20,2026-01-20 10:35:00-05:00,2026-01-20 13:30:00-05:00,2026-01-20 10:30:00-05:00,25385.75,25232.25,25232.5,25539.0,6,1.0,,136.5,153.25,308.24,1849.44,-1842.0,-1849.44,stop,531.0,2004.0
2026-01-21,2026-01-21 10:20:00-05:00,2026-01-21 14:00:00-05:00,2026-01-21 10:15:00-05:00,25348.25,25282.25,25128.5,25568.0,4,1.0,,211.25,219.75,441.24,1764.96,-528.0,-532.96,time,1186.0,1644.0
2026-01-23,2026-01-23 10:05:00-05:00,2026-01-23 14:00:00-05:00,2026-01-23 10:00:00-05:00,25711.75,25725.0,25562.5,25861.0,6,1.0,,111.5,149.25,300.24,1801.44,159.0,151.56,time,1605.0,483.0
2026-01-26,2026-01-26 10:20:00-05:00,2026-01-26 14:00:00-05:00,2026-01-26 10:15:00-05:00,25871.5,25898.5,25704.25,26038.75,5,1.0,,149.25,167.25,336.24,1681.2,270.0,263.8,time,612.5,385.0
2026-01-27,2026-01-27 10:10:00-05:00,2026-01-27 14:00:00-05:00,2026-01-27 10:05:00-05:00,26066.5,26089.75,25917.25,26215.75,6,1.0,,143.75,149.25,300.24,1801.44,279.0,271.56,time,486.0,357.0
2026-02-02,2026-02-02 10:10:00-05:00,2026-02-02 14:00:00-05:00,2026-02-02 10:05:00-05:00,25832.0,25941.5,25540.25,26123.75,3,1.0,,259.0,291.75,585.24,1755.72,657.0,653.28,time,702.0,172.5
2026-02-06,2026-02-06 11:15:00-05:00,2026-02-06 14:00:00-05:00,2026-02-06 11:10:00-05:00,25003.25,25084.0,24700.5,25306.0,3,1.0,,283.5,302.75,607.24,1821.72,484.5,480.78,time,723.0,174.0
2026-02-09,2026-02-09 10:10:00-05:00,2026-02-09 14:00:00-05:00,2026-02-09 10:05:00-05:00,25198.75,25369.75,24955.5,25442.0,4,1.0,,233.0,243.25,488.24,1952.96,1368.0,1363.04,time,1744.0,262.0
2026-02-10,2026-02-10 10:10:00-05:00,2026-02-10 14:00:00-05:00,2026-02-10 10:05:00-05:00,25435.25,25312.25,25251.25,25619.25,5,1.0,,159.0,184.0,369.74,1848.7,-1230.0,-1236.2,time,117.5,1642.5
2026-02-13,2026-02-13 10:35:00-05:00,2026-02-13 14:00:00-05:00,2026-02-13 10:30:00-05:00,24907.5,24939.75,24578.75,25236.25,3,1.0,,271.0,328.75,659.24,1977.72,193.5,189.78,time,528.0,1123.5
2026-02-16,2026-02-16 10:05:00-05:00,2026-02-16 10:30:00-05:00,2026-02-16 10:00:00-05:00,24787.5,24692.0,24692.25,24882.75,10,1.0,,90.25,95.25,192.24,1922.4,-1910.0,-1922.4,stop,200.0,2080.0
2026-02-17,2026-02-17 13:40:00-05:00,2026-02-17 14:00:00-05:00,2026-02-17 13:35:00-05:00,24819.75,24845.25,24475.75,25163.75,2,1.0,,339.75,344.0,689.74,1379.48,102.0,99.52,time,212.0,28.0
2026-02-18,2026-02-18 10:05:00-05:00,2026-02-18 14:00:00-05:00,2026-02-18 10:00:00-05:00,25016.5,25027.5,24752.0,25281.0,3,1.0,,206.75,264.5,530.74,1592.22,66.0,62.28,time,672.0,207.0
2026-02-19,2026-02-19 10:05:00-05:00,2026-02-19 13:20:00-05:00,2026-02-19 10:00:00-05:00,24925.25,24762.25,24762.5,25088.0,6,1.0,,157.5,162.75,327.24,1963.44,-1956.0,-1963.44,stop,438.0,2127.0
2026-02-20,2026-02-20 10:05:00-05:00,2026-02-20 14:00:00-05:00,2026-02-20 10:00:00-05:00,24974.0,25098.25,24677.0,25271.0,3,1.0,,281.0,297.0,595.74,1787.22,745.5,741.78,time,994.5,694.5
2026-02-24,2026-02-24 10:30:00-05:00,2026-02-24 14:00:00-05:00,2026-02-24 10:25:00-05:00,25011.5,25029.5,24694.0,25329.0,3,1.0,,270.25,317.5,636.74,1910.22,108.0,104.28,time,415.5,267.0
2026-02-25,2026-02-25 13:50:00-05:00,2026-02-25 14:00:00-05:00,2026-02-25 13:45:00-05:00,25353.0,25350.5,25156.75,25549.25,5,1.0,,195.25,196.25,394.24,1971.2,-25.0,-31.2,time,160.0,45.0
2026-02-27,2026-02-27 10:10:00-05:00,2026-02-27 14:00:00-05:00,2026-02-27 10:05:00-05:00,24955.5,24902.25,24780.0,25131.0,5,1.0,,158.75,175.5,352.74,1763.7,-532.5,-538.7,time,812.5,807.5
2026-03-02,2026-03-02 10:10:00-05:00,2026-03-02 14:00:00-05:00,2026-03-02 10:05:00-05:00,24903.0,24971.75,24605.25,25200.75,3,1.0,,293.75,297.75,597.24,1791.72,412.5,408.78,time,1041.0,366.0
2026-03-03,2026-03-03 11:50:00-05:00,2026-03-03 14:00:00-05:00,2026-03-03 11:45:00-05:00,24690.25,24799.5,24480.0,24900.5,4,1.0,,181.0,210.25,422.24,1688.96,874.0,869.04,time,1158.0,708.0
2026-03-04,2026-03-04 10:10:00-05:00,2026-03-04 12:50:00-05:00,2026-03-04 10:05:00-05:00,24995.25,25176.75,24813.5,25177.0,5,1.0,,157.0,181.75,365.24,1826.2,1815.0,1808.8,target,1860.0,377.5
2026-03-06,2026-03-06 10:05:00-05:00,2026-03-06 12:00:00-05:00,2026-03-06 10:00:00-05:00,24765.25,24918.5,24611.75,24918.75,6,1.0,,130.75,153.5,308.74,1852.44,1839.0,1831.56,target,1869.0,1212.0
2026-03-09,2026-03-09 10:45:00-04:00,2026-03-09 14:00:00-04:00,2026-03-09 10:40:00-04:00,24535.75,24611.5,24313.25,24758.25,4,1.0,,212.75,222.5,446.74,1786.96,606.0,601.04,time,1714.0,48.0
2026-03-10,2026-03-10 10:40:00-04:00,2026-03-10 14:00:00-04:00,2026-03-10 10:35:00-04:00,25091.5,25169.25,24945.5,25237.5,6,1.0,,135.5,146.0,293.74,1762.44,933.0,925.56,time,1515.0,219.0
2026-03-11,2026-03-11 10:05:00-04:00,2026-03-11 10:25:00-04:00,2026-03-11 10:00:00-04:00,25122.75,25014.5,25014.75,25230.75,9,1.0,,100.75,108.0,217.74,1959.66,-1948.5,-1959.66,stop,477.0,2592.0
2026-03-16,2026-03-16 10:25:00-04:00,2026-03-16 10:50:00-04:00,2026-03-16 10:20:00-04:00,24751.25,24622.75,24623.0,24879.5,7,1.0,,121.25,128.25,258.24,1807.68,-1799.0,-1807.68,stop,49.0,2086.0
2026-03-19,2026-03-19 11:05:00-04:00,2026-03-19 14:00:00-04:00,2026-03-19 11:00:00-04:00,24524.0,24453.0,24324.25,24723.75,4,1.0,,197.0,199.75,401.24,1604.96,-568.0,-572.96,time,430.0,1174.0
2026-03-23,2026-03-23 10:20:00-04:00,2026-03-23 11:50:00-04:00,2026-03-23 10:15:00-04:00,24643.0,24432.25,24432.5,24853.5,4,1.0,,175.75,210.5,422.74,1690.96,-1686.0,-1690.96,stop,376.0,1718.0
2026-03-24,2026-03-24 11:20:00-04:00,2026-03-24 14:00:00-04:00,2026-03-24 11:15:00-04:00,24333.5,24242.0,24134.75,24532.25,5,1.0,,182.25,198.75,399.24,1996.2,-915.0,-921.2,time,512.5,1732.5
2026-03-31,2026-03-31 12:40:00-04:00,2026-03-31 14:00:00-04:00,2026-03-31 12:35:00-04:00,23668.5,23760.0,23378.75,23958.25,3,1.0,,198.75,289.75,581.24,1743.72,549.0,545.28,time,1252.5,28.5
2026-04-01,2026-04-01 10:40:00-04:00,2026-04-01 14:00:00-04:00,2026-04-01 10:35:00-04:00,24214.25,24266.5,24043.5,24385.0,5,1.0,,151.0,170.75,343.24,1716.2,522.5,516.3,time,1347.5,462.5
2026-04-02,2026-04-02 10:10:00-04:00,2026-04-02 10:35:00-04:00,2026-04-02 10:05:00-04:00,23930.75,24183.25,23678.0,24183.5,3,1.0,,229.75,252.75,507.24,1521.72,1515.0,1511.28,target,2022.0,108.0
2026-04-09,2026-04-09 11:35:00-04:00,2026-04-09 12:00:00-04:00,2026-04-09 11:30:00-04:00,25122.0,25238.25,25005.5,25238.5,8,1.0,,107.25,116.5,234.74,1877.92,1860.0,1850.08,target,2280.0,520.0
2026-04-10,2026-04-10 11:25:00-04:00,2026-04-10 11:40:00-04:00,2026-04-10 11:20:00-04:00,25389.25,25289.75,25290.0,25488.5,9,1.0,,82.0,99.25,200.24,1802.16,-1791.0,-1802.16,stop,0.0,1867.5
2026-04-13,2026-04-13 10:05:00-04:00,2026-04-13 14:00:00-04:00,2026-04-13 10:00:00-04:00,25317.0,25404.25,25160.0,25474.0,6,1.0,,151.25,157.0,315.74,1894.44,1047.0,1039.56,time,1491.0,864.0
2026-04-14,2026-04-14 10:15:00-04:00,2026-04-14 11:50:00-04:00,2026-04-14 10:10:00-04:00,25775.5,25895.0,25655.75,25895.25,8,1.0,,108.0,119.75,241.24,1929.92,1912.0,1902.08,target,1988.0,208.0
2026-04-15,2026-04-15 10:05:00-04:00,2026-04-15 10:50:00-04:00,2026-04-15 10:00:00-04:00,26075.25,26167.5,25982.75,26167.75,10,1.0,,90.75,92.5,186.74,1867.4,1845.0,1832.6,target,1875.0,505.0
2026-04-16,2026-04-16 11:10:00-04:00,2026-04-16 14:00:00-04:00,2026-04-16 11:05:00-04:00,26465.25,26460.5,26275.75,26654.75,5,1.0,,177.75,189.5,380.74,1903.7,-47.5,-53.7,time,975.0,350.0
2026-04-17,2026-04-17 10:05:00-04:00,2026-04-17 11:30:00-04:00,2026-04-17 10:00:00-04:00,26750.25,26870.75,26629.5,26871.0,8,1.0,,109.5,120.75,243.24,1945.92,1928.0,1918.08,target,1976.0,820.0
2026-04-21,2026-04-21 10:10:00-04:00,2026-04-21 11:00:00-04:00,2026-04-21 10:05:00-04:00,26861.25,26726.0,26726.25,26996.25,7,1.0,,115.5,135.0,271.74,1902.18,-1893.5,-1902.18,stop,332.5,2663.5
2026-04-22,2026-04-22 10:15:00-04:00,2026-04-22 13:20:00-04:00,2026-04-22 10:10:00-04:00,26923.25,27038.5,26807.75,27038.75,8,1.0,,84.75,115.5,232.74,1861.92,1844.0,1834.08,target,2028.0,24.0
2026-04-23,2026-04-23 11:05:00-04:00,2026-04-23 13:05:00-04:00,2026-04-23 11:00:00-04:00,27105.75,26963.75,26964.0,27247.5,7,1.0,,138.5,141.75,285.24,1996.68,-1988.0,-1996.68,stop,703.5,2180.5
2026-04-24,2026-04-24 10:50:00-04:00,2026-04-24 11:45:00-04:00,2026-04-24 10:45:00-04:00,27261.5,27392.75,27130.0,27393.0,7,1.0,,130.25,131.5,264.74,1853.18,1837.5,1828.82,target,2191.0,206.5
2026-04-27,2026-04-27 13:35:00-04:00,2026-04-27 14:00:00-04:00,2026-04-27 13:30:00-04:00,27438.25,27428.5,27298.0,27578.5,7,1.0,,131.75,140.25,282.24,1975.68,-136.5,-145.18,time,24.5,308.0
2026-04-29,2026-04-29 10:25:00-04:00,2026-04-29 14:00:00-04:00,2026-04-29 10:20:00-04:00,27244.25,27251.0,27124.25,27364.25,8,1.0,,113.0,120.0,241.74,1933.92,108.0,98.08,time,1144.0,1460.0
2026-04-30,2026-04-30 13:40:00-04:00,2026-04-30 14:00:00-04:00,2026-04-30 13:35:00-04:00,27498.5,27543.0,27204.5,27792.5,3,1.0,,286.25,294.0,589.74,1769.22,267.0,263.28,time,529.5,51.0
2026-05-01,2026-05-01 10:05:00-04:00,2026-05-01 14:00:00-04:00,2026-05-01 10:00:00-04:00,27887.75,27883.25,27615.0,28160.5,3,1.0,,272.5,272.75,547.24,1641.72,-27.0,-30.72,time,178.5,817.5
2026-05-04,2026-05-04 10:20:00-04:00,2026-05-04 11:15:00-04:00,2026-05-04 10:15:00-04:00,27906.5,27808.0,27808.25,28004.75,10,1.0,,89.25,98.25,198.24,1982.4,-1970.0,-1982.4,stop,690.0,2675.0
2026-05-05,2026-05-05 10:30:00-04:00,2026-05-05 14:00:00-04:00,2026-05-05 10:25:00-04:00,28120.0,28159.0,27970.5,28269.5,6,1.0,,141.5,149.5,300.74,1804.44,468.0,460.56,time,684.0,582.0
2026-05-06,2026-05-06 10:45:00-04:00,2026-05-06 14:00:00-04:00,2026-05-06 10:40:00-04:00,28521.25,28599.75,28336.5,28706.0,5,1.0,,169.5,184.75,371.24,1856.2,785.0,778.8,time,892.5,90.0
2026-05-07,2026-05-07 10:05:00-04:00,2026-05-07 10:40:00-04:00,2026-05-07 10:00:00-04:00,28809.5,28910.75,28708.0,28911.0,9,1.0,,94.75,101.5,204.74,1842.66,1822.5,1811.34,target,1903.5,234.0
2026-05-08,2026-05-08 10:05:00-04:00,2026-05-08 14:00:00-04:00,2026-05-08 10:00:00-04:00,29116.25,29263.75,28863.5,29369.0,3,1.0,,247.25,252.75,507.24,1521.72,885.0,881.28,time,1227.0,259.5
2026-05-11,2026-05-11 11:50:00-04:00,2026-05-11 14:00:00-04:00,2026-05-11 11:45:00-04:00,29440.0,29441.75,29280.25,29599.75,6,1.0,,157.0,159.75,321.24,1927.44,21.0,13.56,time,486.0,867.0
2026-05-13,2026-05-13 10:55:00-04:00,2026-05-13 14:00:00-04:00,2026-05-13 10:50:00-04:00,29310.0,29444.25,29075.25,29544.75,4,1.0,,214.0,234.75,471.24,1884.96,1074.0,1069.04,time,1490.0,228.0
2026-05-14,2026-05-14 10:45:00-04:00,2026-05-14 14:00:00-04:00,2026-05-14 10:40:00-04:00,29686.25,29731.0,29454.0,29918.5,4,1.0,,230.75,232.25,466.24,1864.96,358.0,353.04,time,780.0,728.0
2026-05-15,2026-05-15 10:15:00-04:00,2026-05-15 14:00:00-04:00,2026-05-15 10:10:00-04:00,29301.5,29448.25,29089.5,29513.5,4,1.0,,202.25,212.0,425.74,1702.96,1174.0,1169.04,time,1308.0,720.0
2026-05-19,2026-05-19 13:10:00-04:00,2026-05-19 14:00:00-04:00,2026-05-19 13:05:00-04:00,29069.75,29069.25,28843.75,29295.75,4,1.0,,224.25,226.0,453.74,1814.96,-4.0,-8.96,time,452.0,488.0
2026-05-20,2026-05-20 10:30:00-04:00,2026-05-20 14:00:00-04:00,2026-05-20 10:25:00-04:00,29209.5,29301.75,29022.75,29396.25,5,1.0,,172.5,186.75,375.24,1876.2,922.5,916.3,time,1860.0,390.0
2026-05-21,2026-05-21 10:10:00-04:00,2026-05-21 10:20:00-04:00,2026-05-21 10:05:00-04:00,29321.0,29172.0,29172.25,29469.75,6,1.0,,142.5,148.75,299.24,1795.44,-1788.0,-1795.44,stop,27.0,2325.0
2026-05-22,2026-05-22 13:30:00-04:00,2026-05-22 14:00:00-04:00,2026-05-22 13:25:00-04:00,29736.25,29679.25,29531.5,29941.0,4,1.0,,186.75,204.75,411.24,1644.96,-456.0,-460.96,time,92.0,688.0
2026-05-26,2026-05-26 10:15:00-04:00,2026-05-26 14:00:00-04:00,2026-05-26 10:10:00-04:00,30029.0,29996.5,29826.5,30231.5,4,1.0,,179.75,202.5,406.74,1626.96,-260.0,-264.96,time,720.0,1148.0
2026-05-28,2026-05-28 10:15:00-04:00,2026-05-28 14:00:00-04:00,2026-05-28 10:10:00-04:00,30161.5,30319.25,29920.25,30402.75,4,1.0,,192.25,241.25,484.24,1936.96,1262.0,1257.04,time,1444.0,786.0
2026-06-01,2026-06-01 11:25:00-04:00,2026-06-01 13:40:00-04:00,2026-06-01 11:20:00-04:00,30477.75,30650.25,30305.0,30650.5,5,1.0,,162.25,172.75,347.24,1736.2,1725.0,1718.8,target,1892.5,277.5
2026-06-02,2026-06-02 10:05:00-04:00,2026-06-02 14:00:00-04:00,2026-06-02 10:00:00-04:00,30605.5,30628.0,30423.75,30787.25,5,1.0,,180.25,181.75,365.24,1826.2,225.0,218.8,time,1070.0,682.5
2026-06-04,2026-06-04 11:05:00-04:00,2026-06-04 13:50:00-04:00,2026-06-04 11:00:00-04:00,30369.75,30551.75,30187.5,30552.0,5,1.0,,177.0,182.25,366.24,1831.2,1820.0,1813.8,target,1857.5,77.5
2026-06-08,2026-06-08 10:40:00-04:00,2026-06-08 14:00:00-04:00,2026-06-08 10:35:00-04:00,29587.25,29558.5,29341.5,29833.0,4,1.0,,243.0,245.75,493.24,1972.96,-230.0,-234.96,time,1246.0,810.0
2026-06-10,2026-06-10 10:25:00-04:00,2026-06-10 11:10:00-04:00,2026-06-10 10:20:00-04:00,29217.75,28771.5,28771.75,29663.75,2,1.0,,390.5,446.0,893.74,1787.48,-1785.0,-1787.48,stop,133.0,1887.0
2026-06-11,2026-06-11 10:05:00-04:00,2026-06-11 10:55:00-04:00,2026-06-11 10:00:00-04:00,29039.5,28650.75,28651.0,29428.0,2,1.0,,363.75,388.5,778.74,1557.48,-1555.0,-1557.48,stop,0.0,1733.0
2026-06-12,2026-06-12 10:10:00-04:00,2026-06-12 14:00:00-04:00,2026-06-12 10:05:00-04:00,29578.75,29682.75,29231.25,29926.25,2,1.0,,271.25,347.5,696.74,1393.48,416.0,413.52,time,722.0,905.0
2026-06-15,2026-06-15 11:05:00-04:00,2026-06-15 14:00:00-04:00,2026-06-15 11:00:00-04:00,30502.5,30554.75,30305.0,30700.0,5,1.0,,191.5,197.5,396.74,1983.7,522.5,516.3,time,1097.5,65.0
2026-06-18,2026-06-18 10:25:00-04:00,2026-06-18 14:00:00-04:00,2026-06-18 10:20:00-04:00,30624.75,30708.25,30392.0,30857.5,4,1.0,,223.0,232.75,467.24,1868.96,668.0,663.04,time,904.0,1292.0
2026-06-22,2026-06-22 10:10:00-04:00,2026-06-22 10:25:00-04:00,2026-06-22 10:05:00-04:00,30950.75,30757.0,30757.25,31144.25,5,1.0,,180.5,193.5,388.74,1943.7,-1937.5,-1943.7,stop,170.0,2067.5
2026-06-23,2026-06-23 10:05:00-04:00,2026-06-23 14:00:00-04:00,2026-06-23 10:00:00-04:00,29986.25,29732.5,29616.5,30356.0,2,1.0,,317.5,369.75,741.24,1482.48,-1015.0,-1017.48,time,242.0,1165.0
2026-06-24,2026-06-24 11:00:00-04:00,2026-06-24 13:05:00-04:00,2026-06-24 10:55:00-04:00,29891.75,29563.75,29564.0,30219.5,3,1.0,,279.5,327.75,657.24,1971.72,-1968.0,-1971.72,stop,94.5,2088.0
2026-06-26,2026-06-26 10:05:00-04:00,2026-06-26 14:00:00-04:00,2026-06-26 10:00:00-04:00,29535.75,29544.5,29182.0,29889.5,2,1.0,,282.5,353.75,709.24,1418.48,35.0,32.52,time,726.0,507.0
2026-06-29,2026-06-29 12:00:00-04:00,2026-06-29 14:00:00-04:00,2026-06-29 11:55:00-04:00,29839.75,30003.75,29557.0,30122.5,3,1.0,,281.5,282.75,567.24,1701.72,984.0,980.28,time,1194.0,34.5
2026-06-30,2026-06-30 10:05:00-04:00,2026-06-30 14:00:00-04:00,2026-06-30 10:00:00-04:00,30391.75,30524.25,30034.25,30749.25,2,1.0,,333.5,357.5,716.74,1433.48,530.0,527.52,time,685.0,438.0
2026-07-01,2026-07-01 10:10:00-04:00,2026-07-01 14:00:00-04:00,2026-07-01 10:05:00-04:00,30296.75,30163.25,30087.25,30506.25,4,1.0,,200.25,209.5,420.74,1682.96,-1068.0,-1072.96,time,488.0,1282.0
2026-07-06,2026-07-06 10:15:00-04:00,2026-07-06 14:00:00-04:00,2026-07-06 10:10:00-04:00,30022.0,29896.25,29776.0,30268.0,4,1.0,,232.5,246.0,493.74,1974.96,-1006.0,-1010.96,time,576.0,1122.0
2026-07-08,2026-07-08 13:25:00-04:00,2026-07-08 14:00:00-04:00,2026-07-08 13:20:00-04:00,29420.0,29352.25,29201.75,29638.25,4,1.0,,197.25,218.25,438.24,1752.96,-542.0,-546.96,time,308.0,768.0
2026-07-09,2026-07-09 13:10:00-04:00,2026-07-09 14:00:00-04:00,2026-07-09 13:05:00-04:00,29942.25,29974.25,29671.5,30213.0,3,1.0,,259.0,270.75,543.24,1629.72,192.0,188.28,time,306.0,4.5
2026-07-10,2026-07-10 11:30:00-04:00,2026-07-10 14:00:00-04:00,2026-07-10 11:25:00-04:00,29979.5,30038.5,29796.5,30162.5,5,1.0,,172.0,183.0,367.74,1838.7,590.0,583.8,time,930.0,1457.5
2026-07-14,2026-07-14 11:10:00-04:00,2026-07-14 14:00:00-04:00,2026-07-14 11:05:00-04:00,29856.75,29862.75,29685.0,30028.5,5,1.0,,130.0,171.75,345.24,1726.2,60.0,53.8,time,392.5,1525.0
2026-07-17,2026-07-17 10:05:00-04:00,2026-07-17 12:50:00-04:00,2026-07-17 10:00:00-04:00,28718.0,29027.5,28408.25,29027.75,3,1.0,,277.25,309.75,621.24,1863.72,1857.0,1853.28,target,1864.5,276.0
2026-07-21,2026-07-21 11:10:00-04:00,2026-07-21 14:00:00-04:00,2026-07-21 11:05:00-04:00,29274.25,29341.5,29092.5,29456.0,5,1.0,,154.25,181.75,365.24,1826.2,672.5,666.3,time,892.5,200.0
2026-07-22,2026-07-22 11:10:00-04:00,2026-07-22 14:00:00-04:00,2026-07-22 11:05:00-04:00,29292.5,29244.0,29089.75,29495.25,4,1.0,,188.25,202.75,407.24,1628.96,-388.0,-392.96,time,400.0,484.0
2026-07-28,2026-07-28 11:40:00-04:00,2026-07-28 14:00:00-04:00,2026-07-28 11:35:00-04:00,28005.75,27974.25,27640.25,28371.25,2,1.0,,352.75,365.5,732.74,1465.48,-126.0,-128.48,time,296.0,325.0
2026-07-30,2026-07-30 10:05:00-04:00,2026-07-30 14:00:00-04:00,2026-07-30 10:00:00-04:00,28160.0,28177.5,27813.25,28506.75,2,1.0,,341.75,346.75,695.24,1390.48,70.0,67.52,time,343.0,658.0
2026-08-03,2026-08-03 10:25:00-04:00,2026-08-03 14:00:00-04:00,2026-08-03 10:20:00-04:00,28662.25,28917.25,28313.0,29011.5,2,1.0,,316.25,349.25,700.24,1400.48,1020.0,1017.52,time,1143.0,109.0
2026-08-04,2026-08-04 10:10:00-04:00,2026-08-04 13:35:00-04:00,2026-08-04 10:05:00-04:00,29518.5,29828.75,29208.0,29829.0,3,1.0,,296.5,310.5,622.74,1868.22,1861.5,1857.78,target,1978.5,217.5
2026-08-06,2026-08-06 10:10:00-04:00,2026-08-06 14:00:00-04:00,2026-08-06 10:05:00-04:00,29579.75,29528.5,29241.0,29918.5,2,1.0,,310.0,338.75,679.24,1358.48,-205.0,-207.48,time,426.0,524.0
2026-08-07,2026-08-07 11:30:00-04:00,2026-08-07 14:00:00-04:00,2026-08-07 11:25:00-04:00,29826.5,29743.25,29644.25,30008.75,5,1.0,,177.5,182.25,366.24,1831.2,-832.5,-838.7,time,285.0,1575.0
2026-08-10,2026-08-10 10:10:00-04:00,2026-08-10 14:00:00-04:00,2026-08-10 10:05:00-04:00,29875.0,29759.25,29719.0,30031.0,6,1.0,,122.25,156.0,313.74,1882.44,-1389.0,-1396.44,time,300.0,1737.0
2026-08-13,2026-08-13 10:15:00-04:00,2026-08-13 14:00:00-04:00,2026-08-13 10:10:00-04:00,30205.75,30204.75,29862.75,30548.75,2,1.0,,318.25,343.0,687.74,1375.48,-4.0,-6.48,time,245.0,407.0
2026-08-17,2026-08-17 11:05:00-04:00,2026-08-17 13:05:00-04:00,2026-08-17 11:00:00-04:00,30269.0,30165.0,30165.25,30372.75,9,1.0,,100.5,103.75,209.24,1883.16,-1872.0,-1883.16,stop,319.5,2052.0
2026-08-27,2026-08-27 10:30:00-04:00,2026-08-27 14:00:00-04:00,2026-08-27 10:25:00-04:00,29607.0,29611.5,29424.0,29790.0,5,1.0,,181.0,183.0,367.74,1838.7,45.0,38.8,time,712.5,962.5
2026-08-28,2026-08-28 10:45:00-04:00,2026-08-28 11:55:00-04:00,2026-08-28 10:40:00-04:00,29735.0,29562.25,29562.5,29907.5,5,1.0,,141.5,172.5,346.74,1733.7,-1727.5,-1733.7,stop,767.5,1902.5
2026-09-01,2026-09-01 10:25:00-04:00,2026-09-01 11:40:00-04:00,2026-09-01 10:20:00-04:00,29161.0,29281.75,29040.0,29282.0,8,1.0,,117.75,121.0,243.74,1949.92,1932.0,1922.08,target,2072.0,96.0
2026-09-02,2026-09-02 10:15:00-04:00,2026-09-02 14:00:00-04:00,2026-09-02 10:10:00-04:00,29127.75,29159.0,29017.25,29238.25,8,1.0,,101.75,110.5,222.74,1781.92,500.0,490.08,time,1344.0,344.0
2026-09-03,2026-09-03 11:05:00-04:00,2026-09-03 14:00:00-04:00,2026-09-03 11:00:00-04:00,29437.0,29543.25,29199.25,29674.75,4,1.0,,176.0,237.75,477.24,1908.96,850.0,845.04,time,1132.0,120.0
2026-09-09,2026-09-09 10:05:00-04:00,2026-09-09 11:10:00-04:00,2026-09-09 10:00:00-04:00,29578.25,29416.75,29417.0,29739.5,6,1.0,,150.0,161.25,324.24,1945.44,-1938.0,-1945.44,stop,189.0,2301.0
2026-09-10,2026-09-10 10:25:00-04:00,2026-09-10 14:00:00-04:00,2026-09-10 10:20:00-04:00,29230.25,29185.75,29057.75,29402.75,5,1.0,,146.0,172.5,346.74,1733.7,-445.0,-451.2,time,450.0,967.5
2026-09-11,2026-09-11 11:30:00-04:00,2026-09-11 14:00:00-04:00,2026-09-11 11:25:00-04:00,29485.25,29452.25,29347.25,29623.25,7,1.0,,127.75,138.0,277.74,1944.18,-462.0,-470.68,time,199.5,1305.5
2026-09-14,2026-09-14 10:10:00-04:00,2026-09-14 12:45:00-04:00,2026-09-14 10:05:00-04:00,29065.0,29249.25,28880.5,29249.5,5,1.0,,165.75,184.5,370.74,1853.7,1842.5,1836.3,target,2117.5,1092.5
2026-09-16,2026-09-16 11:00:00-04:00,2026-09-16 14:00:00-04:00,2026-09-16 10:55:00-04:00,29204.25,29190.5,29081.5,29327.0,8,1.0,,105.5,122.75,247.24,1977.92,-220.0,-229.92,time,800.0,1372.0
2026-09-17,2026-09-17 11:50:00-04:00,2026-09-17 14:00:00-04:00,2026-09-17 11:45:00-04:00,29741.0,29742.25,29605.75,29876.25,7,1.0,,132.0,135.25,272.24,1905.68,17.5,8.82,time,364.0,521.5
2026-09-21,2026-09-21 10:15:00-04:00,2026-09-21 12:10:00-04:00,2026-09-21 10:10:00-04:00,30437.75,30658.75,30216.5,30659.0,4,1.0,,206.25,221.25,444.24,1776.96,1768.0,1763.04,target,1790.0,2.0
2026-09-22,2026-09-22 10:15:00-04:00,2026-09-22 14:00:00-04:00,2026-09-22 10:10:00-04:00,30960.75,30977.25,30763.25,31158.25,5,1.0,,184.0,197.5,396.74,1983.7,165.0,158.8,time,370.0,772.5
2026-09-24,2026-09-24 10:30:00-04:00,2026-09-24 12:40:00-04:00,2026-09-24 10:25:00-04:00,30630.5,30770.5,30490.25,30770.75,7,1.0,,132.5,140.25,282.24,1975.68,1960.0,1951.32,target,2579.5,1802.5
