session_date,entry_time,exit_time,entry,exit,stop,target,qty,net_pnl,exit_reason
2021-01-05,2021-01-05 10:05:00-05:00,2021-01-05 14:00:00-05:00,12773.0,12751.75,12650.25,12858.925,1,-429.6,time
2021-01-06,2021-01-06 10:15:00-05:00,2021-01-06 10:50:00-05:00,12677.25,12765.2,12551.25,12765.45,1,1754.4000000000146,target
2021-01-07,2021-01-07 10:05:00-05:00,2021-01-07 14:00:00-05:00,12871.5,12912.75,12726.0,12973.35,1,820.4,time
2021-01-08,2021-01-08 12:15:00-05:00,2021-01-08 13:20:00-05:00,13056.5,12985.5,12985.75,13106.025,1,-1424.6,stop
2021-01-11,2021-01-11 10:10:00-05:00,2021-01-11 14:00:00-05:00,12980.5,12959.75,12892.25,13042.275,1,-419.6,time
2021-01-13,2021-01-13 10:40:00-05:00,2021-01-13 14:00:00-05:00,12958.75,12977.75,12864.5,13024.725,1,375.4,time
2021-01-14,2021-01-14 10:50:00-05:00,2021-01-14 11:55:00-05:00,13021.25,12968.5,12968.75,13058.0,1,-1059.6,stop
2021-01-19,2021-01-19 12:40:00-05:00,2021-01-19 13:45:00-05:00,12931.25,12980.525,12860.5,12980.775,1,980.8999999999927,target
2021-01-20,2021-01-20 10:10:00-05:00,2021-01-20 12:35:00-05:00,13206.75,13266.525,13121.0,13266.775,1,1190.8999999999928,target
2021-01-21,2021-01-21 10:15:00-05:00,2021-01-21 14:00:00-05:00,13364.75,13364.75,13283.25,13421.8,1,-4.6,time
2021-01-26,2021-01-26 10:50:00-05:00,2021-01-26 14:00:00-05:00,13514.25,13500.0,13426.75,13575.5,1,-289.6,time
2021-01-28,2021-01-28 10:20:00-05:00,2021-01-28 12:30:00-05:00,13267.0,13363.875,13128.25,13364.125,1,1932.9,target
2021-01-29,2021-01-29 10:25:00-05:00,2021-01-29 11:20:00-05:00,13147.25,12997.75,12998.0,13251.725,1,-2994.6,stop
2021-02-01,2021-02-01 10:45:00-05:00,2021-02-01 12:10:00-05:00,13116.5,13218.625,12970.25,13218.875,1,2037.9,target
2021-02-02,2021-02-02 10:20:00-05:00,2021-02-02 14:00:00-05:00,13434.5,13471.5,13345.0,13497.15,1,735.4,time
2021-02-04,2021-02-04 13:05:00-05:00,2021-02-04 14:00:00-05:00,13486.25,13494.75,13412.25,13538.05,1,165.4,time
2021-02-05,2021-02-05 12:20:00-05:00,2021-02-05 13:15:00-05:00,13595.75,13637.85,13535.25,13638.1,1,837.4000000000073,target
2021-02-08,2021-02-08 10:05:00-05:00,2021-02-08 11:25:00-05:00,13674.75,13632.5,13632.75,13704.15,1,-849.6,stop
2021-02-09,2021-02-09 10:10:00-05:00,2021-02-09 14:00:00-05:00,13713.75,13671.25,13645.25,13761.7,1,-854.6,time
2021-02-12,2021-02-12 10:15:00-05:00,2021-02-12 12:00:00-05:00,13707.5,13750.3,13646.0,13750.55,1,851.3999999999854,target
2021-02-15,2021-02-15 12:30:00-05:00,2021-02-15 12:40:00-05:00,13863.5,13873.925,13848.25,13874.175,1,203.89999999998545,target
2021-02-16,2021-02-16 10:40:00-05:00,2021-02-16 11:05:00-05:00,13871.5,13811.25,13811.5,13913.5,1,-1209.6,stop
2021-02-18,2021-02-18 13:25:00-05:00,2021-02-18 14:00:00-05:00,13596.5,13600.0,13522.5,13648.3,1,65.4,time
2021-02-23,2021-02-23 10:30:00-05:00,2021-02-23 14:00:00-05:00,13025.25,13045.25,12757.25,13212.85,1,395.4,time
2021-02-24,2021-02-24 11:15:00-05:00,2021-02-24 12:30:00-05:00,13143.5,13242.3,13002.0,13242.55,1,1971.3999999999855,target
2021-02-26,2021-02-26 12:10:00-05:00,2021-02-26 14:00:00-05:00,13052.75,12955.5,12858.75,13188.55,1,-1949.6,time
2021-03-01,2021-03-01 10:20:00-05:00,2021-03-01 11:05:00-05:00,13131.75,13195.375,13040.5,13195.625,1,1267.9,target
2021-03-04,2021-03-04 11:45:00-05:00,2021-03-04 12:25:00-05:00,12783.0,12568.0,12568.25,12933.325,1,-4304.6,stop
2021-03-08,2021-03-08 10:35:00-05:00,2021-03-08 11:50:00-05:00,12708.75,12526.5,12526.75,12836.15,1,-3649.6,stop
2021-03-09,2021-03-09 10:05:00-05:00,2021-03-09 13:00:00-05:00,12725.25,12821.775,12587.0,12822.025,1,1925.8999999999928,target
2021-03-11,2021-03-11 10:50:00-05:00,2021-03-11 11:35:00-05:00,13009.5,13064.025,12931.25,13064.275,1,1085.8999999999928,target
2021-03-12,2021-03-12 12:30:00-05:00,2021-03-12 14:00:00-05:00,12903.5,12882.75,12798.0,12977.35,1,-419.6,time
2021-03-15,2021-03-15 10:15:00-04:00,2021-03-15 11:30:00-04:00,12987.25,12896.75,12897.0,13050.425,1,-1814.6,stop
2021-03-16,2021-03-16 10:05:00-04:00,2021-03-16 14:00:00-04:00,13245.75,13189.5,13142.5,13318.025,1,-1129.6,time
2021-03-17,2021-03-17 10:20:00-04:00,2021-03-17 14:00:00-04:00,13079.75,13009.5,12946.5,13173.025,1,-1409.6,time
2021-03-22,2021-03-22 10:35:00-04:00,2021-03-22 11:40:00-04:00,13026.0,13094.525,12927.75,13094.775,1,1365.8999999999928,target
2021-03-23,2021-03-23 10:15:00-04:00,2021-03-23 14:00:00-04:00,13122.75,13080.25,13050.5,13173.325,1,-854.6,time
2021-03-25,2021-03-25 10:05:00-04:00,2021-03-25 10:45:00-04:00,12823.0,12688.5,12688.75,12916.975,1,-2694.6,stop
2021-03-26,2021-03-26 10:05:00-04:00,2021-03-26 14:00:00-04:00,12851.0,12798.75,12753.75,12919.075,1,-1049.6,time
2021-03-29,2021-03-29 13:05:00-04:00,2021-03-29 14:00:00-04:00,12986.5,12953.75,12852.25,13080.475,1,-659.6,time
2021-03-30,2021-03-30 11:35:00-04:00,2021-03-30 14:00:00-04:00,12895.25,12851.5,12805.25,12958.25,1,-879.6,time
2021-03-31,2021-03-31 10:05:00-04:00,2021-03-31 13:10:00-04:00,13067.5,13147.4,12953.0,13147.65,1,1593.3999999999928,target
2021-04-01,2021-04-01 10:10:00-04:00,2021-04-01 14:00:00-04:00,13306.5,13281.25,13241.75,13351.825,1,-509.6,time
2021-04-05,2021-04-05 10:10:00-04:00,2021-04-05 11:35:00-04:00,13490.25,13546.7,13409.25,13546.95,1,1124.4000000000146,target
2021-04-06,2021-04-06 10:05:00-04:00,2021-04-06 11:55:00-04:00,13605.0,13651.125,13538.75,13651.375,1,917.9,target
2021-04-07,2021-04-07 10:05:00-04:00,2021-04-07 14:00:00-04:00,13593.0,13596.25,13512.5,13649.35,1,60.4,time
2021-04-09,2021-04-09 10:05:00-04:00,2021-04-09 13:30:00-04:00,13732.5,13784.225,13658.25,13784.475,1,1029.9000000000074,target
2021-04-12,2021-04-12 12:35:00-04:00,2021-04-12 14:00:00-04:00,13814.0,13782.75,13742.5,13864.05,1,-629.6,time
2021-04-15,2021-04-15 10:30:00-04:00,2021-04-15 14:00:00-04:00,13989.25,14013.75,13923.0,14035.625,1,485.4,time
2021-04-21,2021-04-21 10:30:00-04:00,2021-04-21 14:00:00-04:00,13816.0,13859.25,13700.5,13896.85,1,860.4,time
2021-04-22,2021-04-22 10:35:00-04:00,2021-04-22 13:10:00-04:00,13931.25,13855.25,13855.5,13984.275,1,-1524.6,stop
2021-04-23,2021-04-23 10:05:00-04:00,2021-04-23 11:15:00-04:00,13837.75,13880.725,13776.0,13880.975,1,854.9000000000073,target
2021-04-26,2021-04-26 10:10:00-04:00,2021-04-26 11:10:00-04:00,13952.25,13987.0,13902.25,13987.25,1,690.4,target
2021-04-30,2021-04-30 10:25:00-04:00,2021-04-30 13:50:00-04:00,13923.25,13840.25,13840.5,13981.175,1,-1664.6,stop
2021-05-03,2021-05-03 10:15:00-04:00,2021-05-03 10:50:00-04:00,13929.75,13850.75,13851.0,13984.875,1,-1584.6,stop
2021-05-06,2021-05-06 11:35:00-04:00,2021-05-06 14:00:00-04:00,13524.0,13492.25,13424.5,13593.65,1,-639.6,time
2021-05-07,2021-05-07 10:10:00-04:00,2021-05-07 14:00:00-04:00,13764.5,13681.0,13661.5,13836.6,1,-1674.6,time
2021-05-11,2021-05-11 11:20:00-04:00,2021-05-11 14:00:00-04:00,13272.25,13335.0,13084.75,13403.5,1,1250.4,time
2021-05-13,2021-05-13 10:05:00-04:00,2021-05-13 11:40:00-04:00,13189.25,13086.5,13086.75,13261.0,1,-2059.6,stop
2021-05-14,2021-05-14 10:15:00-04:00,2021-05-14 11:35:00-04:00,13287.25,13341.95,13208.75,13342.2,1,1089.4000000000146,target
2021-05-18,2021-05-18 10:30:00-04:00,2021-05-18 14:00:00-04:00,13382.75,13331.0,13300.0,13440.675,1,-1039.6,time
2021-05-19,2021-05-19 10:30:00-04:00,2021-05-19 13:00:00-04:00,13092.25,13177.925,12969.5,13178.175,1,1708.8999999999855,target
2021-05-20,2021-05-20 10:05:00-04:00,2021-05-20 11:45:00-04:00,13406.0,13493.075,13281.25,13493.325,1,1736.9000000000146,target
2021-05-24,2021-05-24 10:05:00-04:00,2021-05-24 11:40:00-04:00,13589.5,13656.45,13493.5,13656.7,1,1334.4000000000146,target
2021-05-26,2021-05-26 11:10:00-04:00,2021-05-26 14:00:00-04:00,13711.5,13686.5,13662.0,13746.15,1,-504.6,time
2021-05-27,2021-05-27 10:20:00-04:00,2021-05-27 14:00:00-04:00,13699.25,13686.75,13644.0,13737.925,1,-254.6,time
2021-05-28,2021-05-28 11:45:00-04:00,2021-05-28 14:00:00-04:00,13745.5,13716.0,13695.75,13780.325,1,-594.6,time
2021-06-03,2021-06-03 11:00:00-04:00,2021-06-03 14:00:00-04:00,13579.0,13566.0,13462.25,13660.725,1,-264.6,time
2021-06-04,2021-06-04 10:05:00-04:00,2021-06-04 14:00:00-04:00,13733.25,13774.5,13605.5,13822.675,1,820.4,time
2021-06-14,2021-06-14 12:05:00-04:00,2021-06-14 14:00:00-04:00,14049.0,14067.0,13965.25,14107.625,1,355.4,time
2021-06-17,2021-06-17 10:05:00-04:00,2021-06-17 10:35:00-04:00,14050.75,14126.45,13942.25,14126.7,1,1509.4000000000146,target
2021-06-21,2021-06-21 10:40:00-04:00,2021-06-21 14:00:00-04:00,14082.0,14133.5,13958.5,14168.45,1,1025.4,time
2021-06-22,2021-06-22 11:10:00-04:00,2021-06-22 14:00:00-04:00,14187.5,14220.75,14107.5,14243.5,1,660.4,time
2021-06-24,2021-06-24 10:10:00-04:00,2021-06-24 12:10:00-04:00,14387.25,14417.275,14344.0,14417.525,1,595.8999999999927,target
2021-06-28,2021-06-28 10:10:00-04:00,2021-06-28 14:00:00-04:00,14467.25,14463.0,14390.75,14520.8,1,-89.6,time
2021-06-29,2021-06-29 12:20:00-04:00,2021-06-29 14:00:00-04:00,14534.0,14551.0,14470.5,14578.45,1,335.4,time
2021-07-02,2021-07-02 11:55:00-04:00,2021-07-02 14:00:00-04:00,14670.25,14690.25,14619.25,14705.95,1,395.4,time
2021-07-06,2021-07-06 10:10:00-04:00,2021-07-06 10:30:00-04:00,14786.25,14737.75,14738.0,14820.025,1,-974.6,stop
2021-07-08,2021-07-08 10:30:00-04:00,2021-07-08 12:30:00-04:00,14644.25,14716.625,14540.5,14716.875,1,1442.9,target
2021-07-09,2021-07-09 10:25:00-04:00,2021-07-09 10:50:00-04:00,14728.25,14770.175,14668.0,14770.425,1,833.8999999999854,target
2021-07-13,2021-07-13 10:05:00-04:00,2021-07-13 11:20:00-04:00,14927.5,14986.925,14842.25,14987.175,1,1183.8999999999855,target
2021-07-14,2021-07-14 10:05:00-04:00,2021-07-14 11:25:00-04:00,14992.25,14934.75,14935.0,15032.325,1,-1154.6,stop
2021-07-20,2021-07-20 10:25:00-04:00,2021-07-20 11:15:00-04:00,14608.75,14672.9,14516.75,14673.15,1,1278.3999999999928,target
2021-07-21,2021-07-21 10:25:00-04:00,2021-07-21 14:00:00-04:00,14761.25,14779.0,14692.25,14809.55,1,350.4,time
2021-07-22,2021-07-22 10:30:00-04:00,2021-07-22 14:00:00-04:00,14905.0,14905.5,14839.5,14950.85,1,5.4,time
2021-07-23,2021-07-23 10:20:00-04:00,2021-07-23 11:15:00-04:00,14997.75,15041.95,14934.25,15042.2,1,879.4000000000145,target
2021-07-26,2021-07-26 10:05:00-04:00,2021-07-26 14:00:00-04:00,15112.75,15105.0,15040.25,15163.5,1,-159.6,time
2021-07-28,2021-07-28 10:20:00-04:00,2021-07-28 14:00:00-04:00,15054.5,14973.25,14901.5,15161.6,1,-1629.6,time
2021-07-30,2021-07-30 10:05:00-04:00,2021-07-30 14:00:00-04:00,14977.0,14964.5,14866.0,15054.7,1,-254.6,time
2021-08-02,2021-08-02 11:25:00-04:00,2021-08-02 14:00:00-04:00,15045.75,14985.5,14935.75,15122.75,1,-1209.6,time
2021-08-03,2021-08-03 12:00:00-04:00,2021-08-03 14:00:00-04:00,15011.0,15019.5,14903.25,15086.425,1,165.4,time
2021-08-04,2021-08-04 13:05:00-04:00,2021-08-04 14:00:00-04:00,15075.25,15074.5,15018.5,15114.975,1,-19.6,time
2021-08-05,2021-08-05 10:10:00-04:00,2021-08-05 14:00:00-04:00,15129.0,15154.75,15073.0,15168.2,1,510.4,time
2021-08-12,2021-08-12 10:20:00-04:00,2021-08-12 10:50:00-04:00,15008.5,15051.65,14946.5,15051.9,1,858.3999999999927,target
2021-08-13,2021-08-13 10:20:00-04:00,2021-08-13 14:00:00-04:00,15133.75,15115.5,15068.25,15179.6,1,-369.6,time
2021-08-17,2021-08-17 10:45:00-04:00,2021-08-17 11:55:00-04:00,15050.0,14954.75,14955.0,15116.5,1,-1909.6,stop
2021-08-19,2021-08-19 10:10:00-04:00,2021-08-19 11:00:00-04:00,14847.0,14905.025,14763.75,14905.275,1,1155.8999999999928,target
2021-08-20,2021-08-20 10:05:00-04:00,2021-08-20 14:00:00-04:00,15059.75,15053.75,14959.0,15130.275,1,-124.6,time
2021-08-23,2021-08-23 10:05:00-04:00,2021-08-23 11:55:00-04:00,15230.25,15303.85,15124.75,15304.1,1,1467.4000000000074,target
2021-08-24,2021-08-24 10:10:00-04:00,2021-08-24 14:00:00-04:00,15361.25,15347.25,15313.0,15395.025,1,-284.6,time
2021-08-27,2021-08-27 10:05:00-04:00,2021-08-27 10:15:00-04:00,15361.25,15414.9,15284.25,15415.15,1,1068.3999999999928,target
2021-08-30,2021-08-30 10:05:00-04:00,2021-08-30 13:50:00-04:00,15545.75,15608.85,15455.25,15609.1,1,1257.4000000000074,target
2021-09-03,2021-09-03 10:05:00-04:00,2021-09-03 14:00:00-04:00,15661.5,15656.25,15554.25,15736.575,1,-109.6,time
2021-09-06,2021-09-06 10:05:00-04:00,2021-09-06 18:00:00-04:00,15706.25,15701.75,15686.75,15719.9,1,-94.6,time
2021-09-07,2021-09-07 10:55:00-04:00,2021-09-07 14:00:00-04:00,15673.5,15691.75,15613.5,15715.5,1,360.4,time
2021-09-15,2021-09-15 13:00:00-04:00,2021-09-15 14:00:00-04:00,15447.0,15460.25,15339.0,15522.6,1,260.4,time
2021-09-22,2021-09-22 10:05:00-04:00,2021-09-22 11:30:00-04:00,15094.0,15149.225,15014.75,15149.475,1,1099.9000000000074,target
2021-09-23,2021-09-23 10:05:00-04:00,2021-09-23 14:00:00-04:00,15319.0,15344.75,15182.0,15414.9,1,510.4,time
2021-09-24,2021-09-24 10:05:00-04:00,2021-09-24 14:00:00-04:00,15257.5,15261.5,15189.75,15304.925,1,75.4,time
2021-09-27,2021-09-27 11:05:00-04:00,2021-09-27 14:00:00-04:00,15221.75,15199.75,15084.0,15318.175,1,-444.6,time
2021-10-01,2021-10-01 13:50:00-04:00,2021-10-01 14:00:00-04:00,14740.25,14717.75,14606.75,14833.7,1,-454.6,time
2021-10-05,2021-10-05 10:05:00-04:00,2021-10-05 11:00:00-04:00,14606.5,14682.55,14497.5,14682.8,1,1516.3999999999855,target
2021-10-06,2021-10-06 10:25:00-04:00,2021-10-06 14:00:00-04:00,14658.75,14691.25,14511.5,14761.825,1,645.4,time
2021-10-07,2021-10-07 10:05:00-04:00,2021-10-07 14:00:00-04:00,14971.0,14962.25,14859.25,15049.225,1,-179.6,time
2021-10-11,2021-10-11 10:05:00-04:00,2021-10-11 14:00:00-04:00,14868.25,14782.25,14722.0,14970.625,1,-1724.6,time
2021-10-14,2021-10-14 10:05:00-04:00,2021-10-14 12:10:00-04:00,14973.5,15031.35,14890.5,15031.6,1,1152.4000000000074,target
2021-10-15,2021-10-15 11:00:00-04:00,2021-10-15 14:00:00-04:00,15110.5,15099.0,15049.25,15153.375,1,-234.6,time
2021-10-18,2021-10-18 10:10:00-04:00,2021-10-18 12:35:00-04:00,15153.75,15224.725,15052.0,15224.975,1,1414.9000000000074,target
2021-10-19,2021-10-19 10:30:00-04:00,2021-10-19 14:00:00-04:00,15359.5,15394.0,15302.0,15399.75,1,685.4,time
2021-10-20,2021-10-20 10:35:00-04:00,2021-10-20 11:00:00-04:00,15445.0,15397.0,15397.25,15478.425,1,-964.6,stop
2021-10-21,2021-10-21 10:10:00-04:00,2021-10-21 14:00:00-04:00,15399.75,15416.5,15334.0,15445.775,1,330.4,time
2021-10-22,2021-10-22 10:30:00-04:00,2021-10-22 11:15:00-04:00,15463.0,15385.25,15385.5,15517.25,1,-1559.6,stop
2021-10-25,2021-10-25 12:00:00-04:00,2021-10-25 14:00:00-04:00,15437.0,15490.25,15322.25,15517.325,1,1060.4,time
2021-10-26,2021-10-26 10:15:00-04:00,2021-10-26 12:00:00-04:00,15675.0,15579.75,15580.0,15741.5,1,-1909.6,stop
2021-10-27,2021-10-27 10:55:00-04:00,2021-10-27 13:25:00-04:00,15649.0,15711.925,15558.75,15712.175,1,1253.8999999999855,target
2021-10-28,2021-10-28 10:30:00-04:00,2021-10-28 10:45:00-04:00,15699.5,15744.05,15635.5,15744.3,1,886.3999999999854,target
2021-10-29,2021-10-29 11:10:00-04:00,2021-10-29 12:20:00-04:00,15708.25,15772.75,15615.75,15773.0,1,1285.4,target
2021-11-02,2021-11-02 11:45:00-04:00,2021-11-02 14:00:00-04:00,15972.25,15937.25,15864.0,16048.025,1,-704.6,time
2021-11-04,2021-11-04 10:05:00-04:00,2021-11-04 10:45:00-04:00,16253.75,16321.225,16157.0,16321.475,1,1344.9000000000074,target
2021-11-10,2021-11-10 10:05:00-05:00,2021-11-10 13:15:00-05:00,16182.75,16041.5,16041.75,16281.45,1,-2829.6,stop
2021-11-12,2021-11-12 10:50:00-05:00,2021-11-12 11:15:00-05:00,16087.25,16146.85,16001.75,16147.1,1,1187.4000000000074,target
2021-11-16,2021-11-16 11:05:00-05:00,2021-11-16 14:00:00-05:00,16255.75,16311.75,16149.25,16330.3,1,1115.4,time
2021-11-17,2021-11-17 10:40:00-05:00,2021-11-17 14:00:00-05:00,16345.0,16347.75,16270.0,16397.5,1,50.4,time
2021-11-18,2021-11-18 11:35:00-05:00,2021-11-18 12:25:00-05:00,16430.5,16484.325,16353.25,16484.575,1,1071.9000000000146,target
2021-11-19,2021-11-19 11:40:00-05:00,2021-11-19 14:00:00-05:00,16618.5,16581.0,16516.25,16690.075,1,-754.6,time
2021-11-22,2021-11-22 10:05:00-05:00,2021-11-22 11:10:00-05:00,16744.75,16638.0,16638.25,16819.3,1,-2139.6,stop
2021-11-24,2021-11-24 10:05:00-05:00,2021-11-24 11:20:00-05:00,16225.75,16312.125,16102.0,16312.375,1,1722.9,target
2021-11-29,2021-11-29 11:35:00-05:00,2021-11-29 12:30:00-05:00,16317.5,16393.55,16208.5,16393.8,1,1516.3999999999855,target
2021-11-30,2021-11-30 10:05:00-05:00,2021-11-30 10:45:00-05:00,16422.25,16318.75,16319.0,16494.525,1,-2074.6,stop
2021-12-01,2021-12-01 10:10:00-05:00,2021-12-01 12:55:00-05:00,16371.75,16270.25,16270.5,16442.625,1,-2034.6,stop
2021-12-02,2021-12-02 10:05:00-05:00,2021-12-02 10:40:00-05:00,16018.25,15788.25,15788.5,16179.075,1,-4604.6,stop
2021-12-06,2021-12-06 10:20:00-05:00,2021-12-06 14:00:00-05:00,15764.0,15871.25,15559.25,15907.325,1,2140.4,time
2021-12-07,2021-12-07 10:10:00-05:00,2021-12-07 12:55:00-05:00,16245.5,16333.8,16119.0,16334.05,1,1761.3999999999855,target
2021-12-08,2021-12-08 13:45:00-05:00,2021-12-08 14:00:00-05:00,16369.0,16356.0,16251.5,16451.25,1,-264.6,time
2021-12-21,2021-12-21 12:15:00-05:00,2021-12-21 13:40:00-05:00,15813.75,15918.325,15664.0,15918.575,1,2086.9000000000146,target
2021-12-22,2021-12-22 10:40:00-05:00,2021-12-22 14:00:00-05:00,16066.0,16065.75,15933.25,16158.925,1,-9.6,time
2021-12-23,2021-12-23 10:15:00-05:00,2021-12-23 11:35:00-05:00,16258.75,16316.075,16176.5,16316.325,1,1141.9000000000146,target
2021-12-27,2021-12-27 10:05:00-05:00,2021-12-27 11:10:00-05:00,16457.5,16536.35,16344.5,16536.6,1,1572.399999999971,target
2021-12-30,2021-12-30 10:10:00-05:00,2021-12-30 14:00:00-05:00,16538.25,16534.25,16449.25,16600.55,1,-84.6,time
2022-01-06,2022-01-06 11:15:00-05:00,2022-01-06 14:00:00-05:00,15860.5,15822.5,15672.0,15992.45,1,-764.6,time
2022-01-10,2022-01-10 13:55:00-05:00,2022-01-10 14:00:00-05:00,15418.75,15409.0,15241.75,15542.65,1,-199.6,time
2022-01-11,2022-01-11 10:05:00-05:00,2022-01-11 11:15:00-05:00,15620.75,15722.525,15475.0,15722.775,1,2030.8999999999928,target
2022-01-12,2022-01-12 10:15:00-05:00,2022-01-12 10:35:00-05:00,16003.5,15884.25,15884.5,16086.8,1,-2389.6,stop
2022-01-18,2022-01-18 10:10:00-05:00,2022-01-18 11:30:00-05:00,15408.25,15271.5,15271.75,15503.8,1,-2739.6,stop
2022-01-20,2022-01-20 10:35:00-05:00,2022-01-20 14:00:00-05:00,15302.5,15178.75,15160.25,15402.075,1,-2479.6,time
2022-01-21,2022-01-21 11:25:00-05:00,2022-01-21 12:20:00-05:00,14844.25,14631.0,14631.25,14993.35,1,-4269.6,stop
2022-01-26,2022-01-26 10:05:00-05:00,2022-01-26 10:40:00-05:00,14505.25,14350.0,14350.25,14613.75,1,-3109.6,stop
2022-01-27,2022-01-27 10:15:00-05:00,2022-01-27 10:30:00-05:00,14401.75,14231.75,14232.0,14520.575,1,-3404.6,stop
2022-01-28,2022-01-28 10:55:00-05:00,2022-01-28 11:55:00-05:00,14110.25,14280.275,13867.0,14280.525,1,3395.899999999993,target
2022-01-31,2022-01-31 10:05:00-05:00,2022-01-31 14:00:00-05:00,14650.0,14775.0,14416.25,14813.625,1,2495.4,time
2022-02-03,2022-02-03 10:30:00-05:00,2022-02-03 11:55:00-05:00,14823.25,14677.25,14677.5,14925.275,1,-2924.6,stop
2022-02-04,2022-02-04 10:05:00-05:00,2022-02-04 13:40:00-05:00,14610.25,14734.25,14432.75,14734.5,1,2475.4,target
2022-02-08,2022-02-08 10:50:00-05:00,2022-02-08 11:05:00-05:00,14592.25,14655.525,14501.5,14655.775,1,1260.8999999999928,target
2022-02-09,2022-02-09 11:05:00-05:00,2022-02-09 14:00:00-05:00,14964.25,14982.25,14863.75,15034.6,1,355.4,time
2022-02-10,2022-02-10 10:05:00-05:00,2022-02-10 13:35:00-05:00,14959.0,14734.75,14735.0,15115.8,1,-4489.6,stop
2022-02-14,2022-02-14 11:20:00-05:00,2022-02-14 13:50:00-05:00,14338.0,14181.75,14182.0,14447.2,1,-3129.6,stop
2022-02-15,2022-02-15 10:45:00-05:00,2022-02-15 12:45:00-05:00,14540.25,14444.75,14445.0,14606.925,1,-1914.6,stop
2022-02-22,2022-02-22 10:30:00-05:00,2022-02-22 11:50:00-05:00,14105.25,13861.75,13862.0,14275.525,1,-4874.6,stop
2022-02-24,2022-02-24 10:15:00-05:00,2022-02-24 13:40:00-05:00,13377.75,13601.325,13058.0,13601.575,1,4466.900000000014,target
2022-02-25,2022-02-25 10:45:00-05:00,2022-02-25 12:00:00-05:00,14038.75,14163.625,13860.0,14163.875,1,2492.9,target
2022-02-28,2022-02-28 10:40:00-05:00,2022-02-28 11:30:00-05:00,14181.0,14288.375,14027.25,14288.625,1,2142.9,target
2022-03-02,2022-03-02 11:10:00-05:00,2022-03-02 13:15:00-05:00,14158.75,14261.925,14011.0,14262.175,1,2058.8999999999855,target
2022-03-08,2022-03-08 12:15:00-05:00,2022-03-08 13:00:00-05:00,13458.25,13623.55,13221.75,13623.8,1,3301.3999999999855,target
2022-03-09,2022-03-09 10:25:00-05:00,2022-03-09 12:35:00-05:00,13641.0,13742.25,13496.0,13742.5,1,2020.4,target
2022-03-10,2022-03-10 10:20:00-05:00,2022-03-10 10:30:00-05:00,13605.75,13486.0,13486.25,13689.4,1,-2399.6,stop
2022-03-14,2022-03-14 10:15:00-04:00,2022-03-14 11:40:00-04:00,13373.75,13204.75,13205.0,13491.875,1,-3384.6,stop
2022-03-15,2022-03-15 10:05:00-04:00,2022-03-15 10:40:00-04:00,13219.25,13308.6,13091.25,13308.85,1,1782.4000000000074,target
2022-03-16,2022-03-16 10:15:00-04:00,2022-03-16 10:30:00-04:00,13753.25,13851.35,13612.75,13851.6,1,1957.4000000000074,target
2022-03-17,2022-03-17 10:05:00-04:00,2022-03-17 14:00:00-04:00,13997.0,14074.0,13822.75,14118.975,1,1535.4,time
2022-03-22,2022-03-22 10:05:00-04:00,2022-03-22 11:05:00-04:00,14531.25,14641.075,14374.0,14641.325,1,2191.9000000000146,target
2022-03-23,2022-03-23 10:15:00-04:00,2022-03-23 11:20:00-04:00,14563.75,14635.6,14460.75,14635.85,1,1432.4000000000074,target
2022-03-24,2022-03-24 11:15:00-04:00,2022-03-24 11:25:00-04:00,14563.0,14628.9,14468.5,14629.15,1,1313.3999999999928,target
2022-03-25,2022-03-25 10:45:00-04:00,2022-03-25 11:00:00-04:00,14792.5,14708.0,14708.25,14851.475,1,-1694.6,stop
2022-03-30,2022-03-30 10:15:00-04:00,2022-03-30 11:00:00-04:00,15219.5,15141.0,15141.25,15274.275,1,-1574.6,stop
2022-04-04,2022-04-04 10:40:00-04:00,2022-04-04 14:00:00-04:00,15062.5,15119.25,14883.5,15187.8,1,1130.4,time
2022-04-08,2022-04-08 12:25:00-04:00,2022-04-08 14:00:00-04:00,14483.75,14391.25,14312.5,14603.625,1,-1854.6,time
2022-04-13,2022-04-13 10:20:00-04:00,2022-04-13 12:40:00-04:00,14082.0,14194.45,13921.0,14194.7,1,2244.4000000000146,target
2022-04-18,2022-04-18 10:15:00-04:00,2022-04-18 12:10:00-04:00,13945.5,13826.75,13827.0,14028.45,1,-2379.6,stop
2022-04-19,2022-04-19 10:05:00-04:00,2022-04-19 11:15:00-04:00,14023.0,14155.4,13833.5,14155.65,1,2643.399999999993,target
2022-04-25,2022-04-25 10:30:00-04:00,2022-04-25 14:00:00-04:00,13392.75,13351.5,13236.0,13502.475,1,-829.6,time
2022-04-28,2022-04-28 12:40:00-04:00,2022-04-28 13:15:00-04:00,13292.0,13429.125,13095.75,13429.375,1,2737.9,target
2022-05-02,2022-05-02 10:30:00-04:00,2022-05-02 13:45:00-04:00,12983.25,12742.5,12742.75,13151.6,1,-4819.6,stop
2022-05-03,2022-05-03 10:05:00-04:00,2022-05-03 14:00:00-04:00,13140.0,13137.5,12968.5,13260.05,1,-54.6,time
2022-05-04,2022-05-04 13:05:00-04:00,2022-05-04 14:00:00-04:00,13121.0,13143.75,13016.75,13193.975,1,450.4,time
2022-05-06,2022-05-06 10:50:00-04:00,2022-05-06 14:00:00-04:00,12807.5,12685.25,12519.0,13009.45,1,-2449.6,time
2022-05-12,2022-05-12 10:10:00-04:00,2022-05-12 10:55:00-04:00,11910.25,12061.9,11693.25,12062.15,1,3028.399999999993,target
2022-05-13,2022-05-13 10:05:00-04:00,2022-05-13 14:00:00-04:00,12288.5,12303.25,12064.75,12445.125,1,290.4,time
2022-05-16,2022-05-16 10:30:00-04:00,2022-05-16 10:55:00-04:00,12366.5,12216.75,12217.0,12471.15,1,-2999.6,stop
2022-05-19,2022-05-19 11:25:00-04:00,2022-05-19 14:00:00-04:00,11979.25,11974.75,11795.25,12108.05,1,-94.6,time
2022-05-23,2022-05-23 11:35:00-04:00,2022-05-23 14:00:00-04:00,12001.5,12003.0,11817.75,12130.125,1,25.4,time
2022-05-25,2022-05-25 10:30:00-04:00,2022-05-25 14:00:00-04:00,11890.25,11849.5,11708.0,12017.825,1,-819.6,time
2022-05-26,2022-05-26 10:15:00-04:00,2022-05-26 14:00:00-04:00,12162.0,12318.5,11899.0,12346.1,1,3125.4,time
2022-05-27,2022-05-27 10:05:00-04:00,2022-05-27 14:00:00-04:00,12533.25,12588.5,12402.0,12625.125,1,1100.4,time
2022-05-30,2022-05-30 10:50:00-04:00,2022-05-30 12:25:00-04:00,12792.25,12824.375,12746.0,12824.625,1,637.9,target
2022-05-31,2022-05-31 11:55:00-04:00,2022-05-31 14:00:00-04:00,12698.25,12757.5,12520.75,12822.5,1,1180.4,time
2022-06-02,2022-06-02 10:15:00-04:00,2022-06-02 12:20:00-04:00,12618.0,12740.6,12442.5,12740.85,1,2447.4000000000074,target
2022-06-06,2022-06-06 10:05:00-04:00,2022-06-06 11:15:00-04:00,12788.75,12673.25,12673.5,12869.425,1,-2314.6,stop
2022-06-07,2022-06-07 10:30:00-04:00,2022-06-07 14:00:00-04:00,12591.5,12647.25,12412.5,12716.8,1,1110.4,time
2022-06-09,2022-06-09 10:40:00-04:00,2022-06-09 13:40:00-04:00,12659.75,12505.75,12506.0,12767.375,1,-3084.6,stop
2022-06-15,2022-06-15 10:10:00-04:00,2022-06-15 14:00:00-04:00,11524.5,11546.0,11427.75,11592.225,1,425.4,time
2022-06-20,2022-06-20 10:20:00-04:00,2022-06-20 11:50:00-04:00,11378.0,11409.25,11333.0,11409.5,1,620.4,target
2022-06-21,2022-06-21 10:05:00-04:00,2022-06-21 14:00:00-04:00,11646.75,11603.0,11475.75,11766.45,1,-879.6,time
2022-06-22,2022-06-22 10:15:00-04:00,2022-06-22 14:00:00-04:00,11629.75,11659.5,11446.75,11757.85,1,590.4,time
2022-06-23,2022-06-23 10:45:00-04:00,2022-06-23 14:00:00-04:00,11702.25,11618.5,11543.0,11813.725,1,-1679.6,time
2022-06-24,2022-06-24 10:05:00-04:00,2022-06-24 14:00:00-04:00,12036.25,12007.25,11838.75,12174.5,1,-584.6,time
2022-06-29,2022-06-29 10:05:00-04:00,2022-06-29 14:00:00-04:00,11731.75,11690.5,11564.5,11848.825,1,-829.6,time
2022-06-30,2022-06-30 11:55:00-04:00,2022-06-30 14:00:00-04:00,11592.0,11644.0,11392.75,11731.475,1,1035.4,time
2022-07-05,2022-07-05 10:15:00-04:00,2022-07-05 10:35:00-04:00,11507.5,11590.025,11389.25,11590.275,1,1645.8999999999928,target
2022-07-07,2022-07-07 10:55:00-04:00,2022-07-07 14:00:00-04:00,12064.5,12126.0,11918.25,12166.875,1,1225.4,time
2022-07-08,2022-07-08 10:30:00-04:00,2022-07-08 14:00:00-04:00,12117.75,12125.0,11978.25,12215.4,1,140.4,time
2022-07-13,2022-07-13 10:35:00-04:00,2022-07-13 13:00:00-04:00,11710.0,11841.0,11522.5,11841.25,1,2615.4,target
2022-07-14,2022-07-14 11:45:00-04:00,2022-07-14 14:00:00-04:00,11696.5,11726.75,11547.5,11800.8,1,600.4,time
2022-07-15,2022-07-15 11:15:00-04:00,2022-07-15 14:00:00-04:00,11986.75,11980.5,11853.5,12080.025,1,-129.6,time
2022-07-19,2022-07-19 10:30:00-04:00,2022-07-19 11:00:00-04:00,12085.75,12150.425,11993.0,12150.675,1,1288.8999999999855,target
2022-07-20,2022-07-20 10:25:00-04:00,2022-07-20 10:35:00-04:00,12358.5,12428.95,12257.5,12429.2,1,1404.4000000000146,target
2022-07-21,2022-07-21 11:35:00-04:00,2022-07-21 14:00:00-04:00,12537.0,12578.75,12409.25,12626.425,1,830.4,time
2022-07-27,2022-07-27 10:15:00-04:00,2022-07-27 14:00:00-04:00,12416.25,12438.0,12276.5,12514.075,1,430.4,time
2022-07-28,2022-07-28 11:30:00-04:00,2022-07-28 14:00:00-04:00,12665.75,12729.0,12453.75,12814.15,1,1260.4,time
2022-07-29,2022-07-29 10:05:00-04:00,2022-07-29 14:00:00-04:00,12895.75,12925.25,12744.25,13001.8,1,585.4,time
2022-08-01,2022-08-01 10:10:00-04:00,2022-08-01 14:00:00-04:00,13043.25,12933.0,12851.75,13177.3,1,-2209.6,time
2022-08-02,2022-08-02 10:55:00-04:00,2022-08-02 14:00:00-04:00,12997.5,12930.75,12853.0,13098.65,1,-1339.6,time
2022-08-03,2022-08-03 10:05:00-04:00,2022-08-03 12:45:00-04:00,13146.25,13255.725,12989.5,13255.975,1,2184.9000000000074,target
2022-08-05,2022-08-05 10:05:00-04:00,2022-08-05 10:20:00-04:00,13228.5,13308.05,13114.5,13308.3,1,1586.3999999999855,target
2022-08-10,2022-08-10 11:05:00-04:00,2022-08-10 14:00:00-04:00,13368.5,13371.0,13268.5,13438.5,1,45.4,time
2022-08-11,2022-08-11 10:05:00-04:00,2022-08-11 11:05:00-04:00,13527.25,13455.25,13455.5,13577.475,1,-1444.6,stop
2022-08-12,2022-08-12 10:20:00-04:00,2022-08-12 14:00:00-04:00,13458.75,13504.25,13359.25,13528.4,1,905.4,time
2022-08-15,2022-08-15 11:45:00-04:00,2022-08-15 14:00:00-04:00,13636.75,13661.0,13534.25,13708.5,1,480.4,time
2022-08-16,2022-08-16 11:55:00-04:00,2022-08-16 14:00:00-04:00,13672.0,13698.25,13583.0,13734.3,1,520.4,time
2022-08-18,2022-08-18 10:45:00-04:00,2022-08-18 11:25:00-04:00,13507.25,13557.575,13435.0,13557.825,1,1001.9000000000145,target
2022-08-23,2022-08-23 10:10:00-04:00,2022-08-23 14:00:00-04:00,12994.5,12919.75,12866.0,13084.45,1,-1499.6,time
2022-08-24,2022-08-24 10:20:00-04:00,2022-08-24 11:55:00-04:00,12941.25,13003.825,12851.5,13004.075,1,1246.9000000000146,target
2022-08-25,2022-08-25 10:05:00-04:00,2022-08-25 14:00:00-04:00,13055.25,13081.5,12962.0,13120.525,1,520.4,time
2022-08-26,2022-08-26 10:10:00-04:00,2022-08-26 10:20:00-04:00,13177.75,13084.5,13084.75,13242.85,1,-1869.6,stop
2022-09-02,2022-09-02 10:35:00-04:00,2022-09-02 12:30:00-04:00,12432.0,12291.5,12291.75,12530.175,1,-2814.6,stop
2022-09-05,2022-09-05 10:35:00-04:00,2022-09-05 18:00:00-04:00,12154.75,12135.75,12104.25,12190.1,1,-384.6,time
2022-09-07,2022-09-07 11:15:00-04:00,2022-09-07 13:45:00-04:00,12140.75,12213.825,12036.0,12214.075,1,1456.9000000000146,target
2022-09-08,2022-09-08 10:35:00-04:00,2022-09-08 14:00:00-04:00,12275.0,12259.25,12115.75,12386.475,1,-319.6,time
2022-09-09,2022-09-09 10:05:00-04:00,2022-09-09 13:35:00-04:00,12524.5,12600.55,12415.5,12600.8,1,1516.3999999999855,target
2022-09-12,2022-09-12 10:10:00-04:00,2022-09-12 12:10:00-04:00,12743.25,12641.25,12641.5,12814.475,1,-2044.6,stop
2022-09-14,2022-09-14 10:55:00-04:00,2022-09-14 14:00:00-04:00,12145.25,12068.25,12019.0,12233.625,1,-1544.6,time
2022-09-19,2022-09-19 10:40:00-04:00,2022-09-19 14:00:00-04:00,11946.25,11918.0,11815.75,12037.6,1,-569.6,time
2022-09-20,2022-09-20 10:55:00-04:00,2022-09-20 11:50:00-04:00,11953.5,11999.8,11887.0,12000.05,1,921.3999999999854,target
2022-09-21,2022-09-21 12:35:00-04:00,2022-09-21 13:55:00-04:00,12004.75,12051.225,11938.0,12051.475,1,924.9000000000073,target
2022-09-26,2022-09-26 10:20:00-04:00,2022-09-26 12:25:00-04:00,11527.0,11342.25,11342.5,11656.15,1,-3699.6,stop
2022-09-28,2022-09-28 10:25:00-04:00,2022-09-28 11:20:00-04:00,11371.75,11445.525,11266.0,11445.775,1,1470.8999999999928,target
2022-09-30,2022-09-30 10:35:00-04:00,2022-09-30 14:00:00-04:00,11299.25,11160.5,11143.0,11408.625,1,-2779.6,time
2022-10-03,2022-10-03 10:05:00-04:00,2022-10-03 13:20:00-04:00,11157.75,11240.1,11039.75,11240.35,1,1642.4000000000074,target
2022-10-04,2022-10-04 10:05:00-04:00,2022-10-04 14:00:00-04:00,11649.75,11607.75,11514.25,11744.6,1,-844.6,time
2022-10-05,2022-10-05 12:50:00-04:00,2022-10-05 14:00:00-04:00,11560.5,11566.25,11465.25,11627.175,1,110.4,time
2022-10-11,2022-10-11 11:45:00-04:00,2022-10-11 14:00:00-04:00,10972.25,10974.0,10821.0,11078.125,1,30.4,time
2022-10-13,2022-10-13 10:05:00-04:00,2022-10-13 11:05:00-04:00,10638.5,10745.875,10484.75,10746.125,1,2142.9,target
2022-10-17,2022-10-17 10:15:00-04:00,2022-10-17 14:00:00-04:00,11127.5,11128.25,10999.0,11217.45,1,10.4,time
2022-10-19,2022-10-19 10:20:00-04:00,2022-10-19 12:45:00-04:00,11224.0,11109.75,11110.0,11303.8,1,-2289.6,stop
2022-10-20,2022-10-20 10:05:00-04:00,2022-10-20 13:45:00-04:00,11245.75,11090.75,11091.0,11354.075,1,-3104.6,stop
2022-10-21,2022-10-21 10:05:00-04:00,2022-10-21 13:50:00-04:00,11165.0,11283.575,10995.25,11283.825,1,2366.9000000000146,target
2022-10-24,2022-10-24 12:20:00-04:00,2022-10-24 14:00:00-04:00,11442.5,11395.25,11300.5,11541.9,1,-949.6,time
2022-10-25,2022-10-25 11:10:00-04:00,2022-10-25 14:00:00-04:00,11671.0,11647.5,11515.0,11780.2,1,-474.6,time
2022-10-26,2022-10-26 10:10:00-04:00,2022-10-26 10:35:00-04:00,11531.0,11599.35,11433.0,11599.6,1,1362.4000000000074,target
2022-10-28,2022-10-28 10:30:00-04:00,2022-10-28 12:20:00-04:00,11381.0,11503.075,11206.25,11503.325,1,2436.9000000000146,target
2022-11-03,2022-11-03 10:50:00-04:00,2022-11-03 14:00:00-04:00,10873.5,10778.25,10723.0,10978.85,1,-1909.6,time
2022-11-08,2022-11-08 10:20:00-05:00,2022-11-08 11:10:00-05:00,11088.0,11144.625,11006.75,11144.875,1,1127.9,target
2022-11-10,2022-11-10 11:15:00-05:00,2022-11-10 14:00:00-05:00,11455.25,11500.5,11269.25,11585.45,1,900.4,time
2022-11-11,2022-11-11 10:15:00-05:00,2022-11-11 13:15:00-05:00,11712.0,11811.675,11569.25,11811.925,1,1988.8999999999855,target
2022-11-14,2022-11-14 10:10:00-05:00,2022-11-14 12:35:00-05:00,11789.5,11850.5,11702.0,11850.75,1,1215.4,target
2022-11-17,2022-11-17 10:20:00-05:00,2022-11-17 12:55:00-05:00,11659.75,11740.7,11543.75,11740.95,1,1614.4000000000146,target
2022-11-22,2022-11-22 10:50:00-05:00,2022-11-22 14:00:00-05:00,11642.25,11698.25,11527.25,11722.75,1,1115.4,time
2022-11-23,2022-11-23 10:15:00-05:00,2022-11-23 12:55:00-05:00,11855.0,11745.0,11745.25,11931.825,1,-2204.6,stop
2022-11-24,2022-11-24 11:00:00-05:00,2022-11-24 18:00:00-05:00,11920.0,11914.0,11898.75,11934.875,1,-124.6,time
2022-11-30,2022-11-30 13:35:00-05:00,2022-11-30 13:35:00-05:00,11609.0,11671.925,11518.75,11672.175,1,1253.8999999999855,target
2022-12-02,2022-12-02 10:15:00-05:00,2022-12-02 14:00:00-05:00,11943.0,11936.25,11837.25,12017.025,1,-139.6,time
2022-12-08,2022-12-08 10:05:00-05:00,2022-12-08 14:00:00-05:00,11611.0,11649.0,11477.25,11704.625,1,755.4,time
2022-12-09,2022-12-09 10:40:00-05:00,2022-12-09 14:00:00-05:00,11669.25,11661.0,11550.0,11752.725,1,-169.6,time
2022-12-14,2022-12-14 10:05:00-05:00,2022-12-14 14:00:00-05:00,11897.25,11934.75,11811.25,11957.45,1,745.4,time
2022-12-20,2022-12-20 10:05:00-05:00,2022-12-20 14:00:00-05:00,11178.75,11189.25,11066.75,11257.15,1,205.4,time
2022-12-21,2022-12-21 10:10:00-05:00,2022-12-21 11:00:00-05:00,11289.5,11365.2,11181.0,11365.45,1,1509.4000000000146,target
2022-12-23,2022-12-23 10:35:00-05:00,2022-12-23 14:00:00-05:00,11071.0,11038.0,10922.25,11175.125,1,-664.6,time
2022-12-29,2022-12-29 10:15:00-05:00,2022-12-29 14:00:00-05:00,10988.0,11045.75,10856.5,11080.05,1,1150.4,time
2022-12-30,2022-12-30 10:50:00-05:00,2022-12-30 14:00:00-05:00,10965.75,10906.75,10855.5,11042.925,1,-1184.6,time
2023-01-04,2023-01-04 11:40:00-05:00,2023-01-04 14:00:00-05:00,11057.75,11016.0,10954.5,11130.025,1,-839.6,time
2023-01-06,2023-01-06 10:40:00-05:00,2023-01-06 14:00:00-05:00,10955.0,11072.5,10766.25,11087.125,1,2345.4,time
2023-01-09,2023-01-09 10:05:00-05:00,2023-01-09 14:00:00-05:00,11323.5,11282.5,11194.75,11413.625,1,-824.6,time
2023-01-10,2023-01-10 10:15:00-05:00,2023-01-10 10:40:00-05:00,11256.5,11137.75,11138.0,11339.45,1,-2379.6,stop
2023-01-11,2023-01-11 10:25:00-05:00,2023-01-11 13:10:00-05:00,11372.0,11428.45,11291.0,11428.7,1,1124.4000000000146,target
2023-01-12,2023-01-12 12:20:00-05:00,2023-01-12 14:00:00-05:00,11522.5,11565.25,11311.25,11670.375,1,850.4,time
2023-01-13,2023-01-13 10:10:00-05:00,2023-01-13 10:45:00-05:00,11483.25,11535.15,11408.75,11535.4,1,1033.3999999999928,target
2023-01-17,2023-01-17 10:05:00-05:00,2023-01-17 14:00:00-05:00,11663.5,11645.0,11549.5,11743.3,1,-374.6,time
2023-01-18,2023-01-18 10:05:00-05:00,2023-01-18 10:35:00-05:00,11739.25,11672.0,11672.25,11786.15,1,-1349.6,stop
2023-01-20,2023-01-20 10:10:00-05:00,2023-01-20 11:30:00-05:00,11475.0,11538.8,11383.5,11539.05,1,1271.3999999999855,target
2023-01-23,2023-01-23 10:20:00-05:00,2023-01-23 11:15:00-05:00,11827.25,11935.85,11671.75,11936.1,1,2167.4000000000074,target
2023-01-25,2023-01-25 11:20:00-05:00,2023-01-25 13:25:00-05:00,11729.75,11804.925,11622.0,11805.175,1,1498.8999999999855,target
2023-01-27,2023-01-27 10:05:00-05:00,2023-01-27 12:40:00-05:00,12156.25,12236.15,12041.75,12236.4,1,1593.3999999999928,target
2023-01-30,2023-01-30 10:05:00-05:00,2023-01-30 10:20:00-05:00,12135.75,12059.25,12059.5,12189.125,1,-1534.6,stop
2023-01-31,2023-01-31 10:30:00-05:00,2023-01-31 14:00:00-05:00,12059.25,12095.0,11969.0,12122.425,1,710.4,time
2023-02-02,2023-02-02 10:35:00-05:00,2023-02-02 13:30:00-05:00,12790.75,12875.9,12668.75,12876.15,1,1698.3999999999928,target
2023-02-03,2023-02-03 10:15:00-05:00,2023-02-03 14:00:00-05:00,12756.0,12675.25,12558.5,12894.25,1,-1619.6,time
2023-02-06,2023-02-06 10:05:00-05:00,2023-02-06 10:20:00-05:00,12571.75,12502.25,12502.5,12620.225,1,-1394.6,stop
2023-02-07,2023-02-07 11:15:00-05:00,2023-02-07 12:40:00-05:00,12556.5,12603.675,12488.75,12603.925,1,938.8999999999854,target
2023-02-10,2023-02-10 10:20:00-05:00,2023-02-10 10:50:00-05:00,12397.5,12311.25,12311.5,12457.7,1,-1729.6,stop
2023-02-13,2023-02-13 10:50:00-05:00,2023-02-13 14:00:00-05:00,12486.0,12559.75,12352.0,12579.8,1,1470.4,time
2023-02-14,2023-02-14 10:05:00-05:00,2023-02-14 14:00:00-05:00,12631.25,12583.5,12390.5,12799.775,1,-959.6,time
2023-02-15,2023-02-15 11:30:00-05:00,2023-02-15 14:00:00-05:00,12632.75,12682.0,12543.5,12695.225,1,980.4,time
2023-02-16,2023-02-16 10:25:00-05:00,2023-02-16 12:30:00-05:00,12605.0,12680.7,12496.5,12680.95,1,1509.4000000000146,target
2023-02-27,2023-02-27 10:05:00-05:00,2023-02-27 10:35:00-05:00,12156.0,12106.0,12106.25,12190.825,1,-1004.6,stop
2023-02-28,2023-02-28 10:05:00-05:00,2023-02-28 13:30:00-05:00,12113.75,12164.075,12041.5,12164.325,1,1001.9000000000145,target
2023-03-02,2023-03-02 10:05:00-05:00,2023-03-02 13:35:00-05:00,11923.25,11976.9,11846.25,11977.15,1,1068.3999999999928,target
2023-03-03,2023-03-03 10:25:00-05:00,2023-03-03 13:05:00-05:00,12207.5,12274.45,12111.5,12274.7,1,1334.4000000000146,target
2023-03-06,2023-03-06 10:15:00-05:00,2023-03-06 10:40:00-05:00,12408.75,12451.55,12347.25,12451.8,1,851.3999999999854,target
2023-03-08,2023-03-08 10:35:00-05:00,2023-03-08 13:25:00-05:00,12217.75,12154.75,12155.0,12261.675,1,-1264.6,stop
2023-03-09,2023-03-09 10:05:00-05:00,2023-03-09 12:45:00-05:00,12342.25,12229.75,12230.0,12420.825,1,-2254.6,stop
2023-03-10,2023-03-10 11:30:00-05:00,2023-03-10 13:25:00-05:00,12045.0,11864.75,11865.0,12171.0,1,-3609.6,stop
2023-03-13,2023-03-13 10:35:00-04:00,2023-03-13 14:00:00-04:00,11930.5,12007.0,11705.0,12088.35,1,1525.4,time
2023-03-14,2023-03-14 10:25:00-04:00,2023-03-14 14:00:00-04:00,12163.0,12111.25,12070.5,12227.75,1,-1039.6,time
2023-03-15,2023-03-15 11:50:00-04:00,2023-03-15 12:55:00-04:00,12174.0,12069.75,12070.0,12246.8,1,-2089.6,stop
2023-03-16,2023-03-16 10:45:00-04:00,2023-03-16 11:05:00-04:00,12317.25,12406.6,12189.25,12406.85,1,1782.4000000000074,target
2023-03-20,2023-03-20 10:50:00-04:00,2023-03-20 14:00:00-04:00,12635.0,12660.5,12529.5,12708.85,1,505.4,time
2023-03-22,2023-03-22 10:25:00-04:00,2023-03-22 10:25:00-04:00,12901.5,12936.425,12851.25,12936.675,1,693.8999999999854,target
2023-03-23,2023-03-23 10:10:00-04:00,2023-03-23 10:25:00-04:00,12912.25,12957.5,12847.25,12957.75,1,900.4,target
2023-03-29,2023-03-29 10:05:00-04:00,2023-03-29 10:30:00-04:00,12928.5,12880.75,12881.0,12961.75,1,-959.6,stop
2023-03-30,2023-03-30 10:30:00-04:00,2023-03-30 13:30:00-04:00,13093.75,13036.75,13037.0,13133.475,1,-1144.6,stop
2023-03-31,2023-03-31 10:35:00-04:00,2023-03-31 12:25:00-04:00,13168.25,13229.6,13080.25,13229.85,1,1222.4000000000074,target
2023-04-03,2023-04-03 10:25:00-04:00,2023-04-03 10:50:00-04:00,13264.0,13198.0,13198.25,13310.025,1,-1324.6,stop
2023-04-04,2023-04-04 10:05:00-04:00,2023-04-04 11:05:00-04:00,13303.0,13229.75,13230.0,13354.1,1,-1469.6,stop
2023-04-06,2023-04-06 10:10:00-04:00,2023-04-06 11:20:00-04:00,13026.5,13077.525,12953.25,13077.775,1,1015.8999999999927,target
2023-04-10,2023-04-10 11:10:00-04:00,2023-04-10 12:45:00-04:00,13052.5,13111.75,12967.5,13112.0,1,1180.4,target
2023-04-13,2023-04-13 10:10:00-04:00,2023-04-13 12:05:00-04:00,13096.25,13149.55,13019.75,13149.8,1,1061.3999999999855,target
2023-04-19,2023-04-19 10:40:00-04:00,2023-04-19 11:55:00-04:00,13136.0,13174.6,13080.5,13174.85,1,767.4000000000073,target
2023-04-20,2023-04-20 10:10:00-04:00,2023-04-20 14:00:00-04:00,13137.5,13169.75,13046.25,13201.375,1,640.4,time
2023-04-21,2023-04-21 11:35:00-04:00,2023-04-21 14:00:00-04:00,13078.75,13100.5,12994.5,13137.725,1,430.4,time
2023-04-26,2023-04-26 11:10:00-04:00,2023-04-26 14:00:00-04:00,12970.0,12921.25,12899.25,13019.525,1,-979.6,time
2023-04-27,2023-04-27 10:15:00-04:00,2023-04-27 11:20:00-04:00,13077.5,13122.05,13013.5,13122.3,1,886.3999999999854,target
2023-04-28,2023-04-28 10:15:00-04:00,2023-04-28 14:00:00-04:00,13265.75,13277.0,13172.25,13331.2,1,220.4,time
2023-05-01,2023-05-01 12:35:00-04:00,2023-05-01 14:00:00-04:00,13334.75,13349.75,13285.75,13369.05,1,295.4,time
2023-05-04,2023-05-04 11:10:00-04:00,2023-05-04 14:00:00-04:00,13089.75,13109.25,13027.0,13133.675,1,385.4,time
2023-05-05,2023-05-05 10:05:00-04:00,2023-05-05 10:35:00-04:00,13200.0,13252.775,13124.25,13253.025,1,1050.8999999999928,target
2023-05-08,2023-05-08 11:55:00-04:00,2023-05-08 14:00:00-04:00,13321.25,13345.5,13261.25,13363.25,1,480.4,time
2023-05-10,2023-05-10 10:10:00-04:00,2023-05-10 10:45:00-04:00,13424.0,13321.0,13321.25,13495.925,1,-2064.6,stop
2023-05-11,2023-05-11 11:30:00-04:00,2023-05-11 14:00:00-04:00,13434.75,13426.25,13372.25,13478.5,1,-174.6,time
2023-05-15,2023-05-15 11:25:00-04:00,2023-05-15 13:10:00-04:00,13432.0,13472.175,13374.25,13472.425,1,798.8999999999854,target
2023-05-16,2023-05-16 11:00:00-04:00,2023-05-16 14:00:00-04:00,13519.25,13544.5,13434.5,13578.575,1,500.4,time
2023-05-17,2023-05-17 11:40:00-04:00,2023-05-17 12:45:00-04:00,13541.0,13586.6,13475.5,13586.85,1,907.4000000000073,target
2023-05-18,2023-05-18 10:10:00-04:00,2023-05-18 10:30:00-04:00,13731.5,13786.375,13652.75,13786.625,1,1092.9,target
2023-05-25,2023-05-25 11:15:00-04:00,2023-05-25 14:00:00-04:00,13976.75,13991.0,13851.25,14064.6,1,280.4,time
2023-05-26,2023-05-26 10:05:00-04:00,2023-05-26 10:35:00-04:00,14133.5,14216.375,14014.75,14216.625,1,1652.9,target
2023-05-29,2023-05-29 10:25:00-04:00,2023-05-29 10:45:00-04:00,14379.75,14387.725,14368.0,14387.975,1,154.90000000000728,target
2023-06-01,2023-06-01 10:15:00-04:00,2023-06-01 10:45:00-04:00,14327.0,14379.25,14252.0,14379.5,1,1040.4,target
2023-06-05,2023-06-05 10:55:00-04:00,2023-06-05 14:00:00-04:00,14657.25,14632.25,14567.75,14719.9,1,-504.6,time
2023-06-06,2023-06-06 10:25:00-04:00,2023-06-06 14:00:00-04:00,14578.5,14552.25,14504.5,14630.3,1,-529.6,time
2023-06-08,2023-06-08 10:15:00-04:00,2023-06-08 11:00:00-04:00,14406.75,14461.625,14328.0,14461.875,1,1092.9,target
2023-06-09,2023-06-09 10:15:00-04:00,2023-06-09 11:25:00-04:00,14670.25,14556.75,14557.0,14749.525,1,-2274.6,stop
2023-06-12,2023-06-12 10:50:00-04:00,2023-06-12 11:40:00-04:00,14641.5,14669.95,14600.5,14670.2,1,564.4000000000145,target
2023-06-14,2023-06-14 10:05:00-04:00,2023-06-14 10:40:00-04:00,14941.25,14991.75,14868.75,14992.0,1,1005.4,target
2023-06-15,2023-06-15 10:10:00-04:00,2023-06-15 13:50:00-04:00,15066.5,15161.275,14930.75,15161.525,1,1890.8999999999928,target
2023-06-22,2023-06-22 10:15:00-04:00,2023-06-22 14:00:00-04:00,15132.75,15153.25,14964.0,15250.875,1,405.4,time
2023-06-23,2023-06-23 12:20:00-04:00,2023-06-23 14:00:00-04:00,15103.25,15126.0,14985.25,15185.85,1,450.4,time
2023-06-26,2023-06-26 10:15:00-04:00,2023-06-26 11:05:00-04:00,15140.75,15024.25,15024.5,15222.125,1,-2334.6,stop
2023-06-27,2023-06-27 11:30:00-04:00,2023-06-27 12:40:00-04:00,14982.75,15041.825,14898.0,15042.075,1,1176.9000000000146,target
2023-06-28,2023-06-28 10:20:00-04:00,2023-06-28 10:35:00-04:00,15114.5,15176.55,15025.5,15176.8,1,1236.3999999999855,target
2023-06-30,2023-06-30 10:15:00-04:00,2023-06-30 14:00:00-04:00,15336.5,15355.25,15238.5,15405.1,1,370.4,time
2023-07-05,2023-07-05 10:20:00-04:00,2023-07-05 14:00:00-04:00,15406.75,15371.0,15292.5,15486.725,1,-719.6,time
2023-07-06,2023-07-06 13:00:00-04:00,2023-07-06 14:00:00-04:00,15215.75,15237.75,15129.25,15276.3,1,435.4,time
2023-07-07,2023-07-07 12:00:00-04:00,2023-07-07 13:05:00-04:00,15280.75,15344.9,15188.75,15345.15,1,1278.3999999999928,target
2023-07-11,2023-07-11 12:00:00-04:00,2023-07-11 14:00:00-04:00,15236.0,15203.25,15141.5,15302.15,1,-659.6,time
2023-07-12,2023-07-12 10:10:00-04:00,2023-07-12 11:35:00-04:00,15487.5,15408.25,15408.5,15542.8,1,-1589.6,stop
2023-07-13,2023-07-13 12:00:00-04:00,2023-07-13 14:00:00-04:00,15631.25,15660.25,15552.25,15686.55,1,575.4,time
2023-07-14,2023-07-14 10:10:00-04:00,2023-07-14 14:00:00-04:00,15812.25,15740.0,15721.5,15875.775,1,-1449.6,time
2023-07-17,2023-07-17 11:35:00-04:00,2023-07-17 14:00:00-04:00,15784.75,15819.25,15708.75,15837.95,1,685.4,time
2023-07-18,2023-07-18 11:45:00-04:00,2023-07-18 12:25:00-04:00,15831.75,15900.625,15733.0,15900.875,1,1372.9,target
2023-07-19,2023-07-19 11:15:00-04:00,2023-07-19 12:20:00-04:00,16041.75,15977.25,15977.5,16086.725,1,-1294.6,stop
2023-07-25,2023-07-25 11:40:00-04:00,2023-07-25 14:00:00-04:00,15672.75,15690.0,15587.75,15732.25,1,340.4,time
2023-07-28,2023-07-28 10:05:00-04:00,2023-07-28 14:00:00-04:00,15825.0,15834.5,15715.75,15901.475,1,185.4,time
2023-08-01,2023-08-01 10:40:00-04:00,2023-08-01 14:00:00-04:00,15811.25,15828.25,15764.25,15844.15,1,335.4,time
2023-08-03,2023-08-03 11:20:00-04:00,2023-08-03 14:00:00-04:00,15473.25,15452.5,15351.25,15558.65,1,-419.6,time
2023-08-04,2023-08-04 12:30:00-04:00,2023-08-04 14:00:00-04:00,15591.5,15524.75,15440.0,15697.55,1,-1339.6,time
2023-08-10,2023-08-10 10:05:00-04:00,2023-08-10 11:20:00-04:00,15430.25,15273.0,15273.25,15540.15,1,-3149.6,stop
2023-08-11,2023-08-11 10:15:00-04:00,2023-08-11 11:30:00-04:00,15131.5,15051.75,15052.0,15187.15,1,-1599.6,stop
2023-08-14,2023-08-14 10:05:00-04:00,2023-08-14 10:35:00-04:00,15130.5,15197.1,15035.0,15197.35,1,1327.4000000000074,target
2023-08-16,2023-08-16 10:20:00-04:00,2023-08-16 11:50:00-04:00,15136.25,15050.75,15051.0,15195.925,1,-1714.6,stop
2023-08-18,2023-08-18 11:05:00-04:00,2023-08-18 14:00:00-04:00,14705.75,14730.0,14623.5,14763.325,1,480.4,time
2023-08-21,2023-08-21 10:05:00-04:00,2023-08-21 11:10:00-04:00,14916.0,14805.25,14805.5,14993.35,1,-2219.6,stop
2023-08-23,2023-08-23 10:10:00-04:00,2023-08-23 10:50:00-04:00,15106.0,15180.3,14999.5,15180.55,1,1481.3999999999855,target
2023-08-25,2023-08-25 10:15:00-04:00,2023-08-25 10:25:00-04:00,14999.25,14892.0,14892.25,15074.15,1,-2149.6,stop
2023-08-29,2023-08-29 10:05:00-04:00,2023-08-29 11:20:00-04:00,15229.75,15346.4,15062.75,15346.65,1,2328.399999999993,target
2023-08-30,2023-08-30 10:10:00-04:00,2023-08-30 10:25:00-04:00,15478.5,15386.25,15386.5,15542.9,1,-1849.6,stop
2023-08-31,2023-08-31 10:15:00-04:00,2023-08-31 14:00:00-04:00,15581.75,15557.0,15488.75,15646.85,1,-499.6,time
2023-09-05,2023-09-05 10:25:00-04:00,2023-09-05 11:00:00-04:00,15510.75,15555.65,15446.25,15555.9,1,893.3999999999927,target
2023-09-07,2023-09-07 10:45:00-04:00,2023-09-07 14:00:00-04:00,15270.5,15279.75,15157.5,15349.6,1,180.4,time
2023-09-08,2023-09-08 10:20:00-04:00,2023-09-08 14:00:00-04:00,15374.5,15327.0,15270.0,15447.65,1,-954.6,time
2023-09-11,2023-09-11 13:40:00-04:00,2023-09-11 14:00:00-04:00,15453.75,15468.0,15351.75,15525.15,1,280.4,time
2023-09-13,2023-09-13 11:05:00-04:00,2023-09-13 14:00:00-04:00,15386.25,15408.75,15299.0,15447.325,1,445.4,time
2023-09-14,2023-09-14 10:45:00-04:00,2023-09-14 14:00:00-04:00,15450.0,15482.75,15341.75,15525.775,1,650.4,time
2023-09-18,2023-09-18 11:35:00-04:00,2023-09-18 14:00:00-04:00,15435.25,15436.0,15343.0,15499.825,1,10.4,time
2023-09-19,2023-09-19 13:55:00-04:00,2023-09-19 14:00:00-04:00,15378.0,15373.0,15303.25,15430.325,1,-104.6,time
2023-09-22,2023-09-22 10:25:00-04:00,2023-09-22 10:35:00-04:00,14955.75,15002.925,14888.0,15003.175,1,938.8999999999854,target
2023-09-25,2023-09-25 11:20:00-04:00,2023-09-25 14:00:00-04:00,14914.0,14903.25,14782.5,15006.05,1,-219.6,time
2023-09-28,2023-09-28 10:05:00-04:00,2023-09-28 11:30:00-04:00,14771.25,14850.275,14658.0,14850.525,1,1575.8999999999928,target
2023-09-29,2023-09-29 10:05:00-04:00,2023-09-29 10:20:00-04:00,15051.25,14976.5,14976.75,15103.4,1,-1499.6,stop
2023-10-02,2023-10-02 10:05:00-04:00,2023-10-02 14:00:00-04:00,14982.5,14909.25,14847.75,15076.825,1,-1469.6,time
2023-10-04,2023-10-04 11:20:00-04:00,2023-10-04 14:00:00-04:00,14845.5,14820.0,14749.0,14913.05,1,-514.6,time
2023-10-06,2023-10-06 10:25:00-04:00,2023-10-06 11:00:00-04:00,14824.25,14909.4,14702.25,14909.65,1,1698.3999999999928,target
2023-10-09,2023-10-09 12:20:00-04:00,2023-10-09 13:40:00-04:00,15074.5,15161.75,14949.5,15162.0,1,1740.4,target
2023-10-10,2023-10-10 10:05:00-04:00,2023-10-10 10:50:00-04:00,15264.25,15322.975,15180.0,15323.225,1,1169.9000000000074,target
2023-10-12,2023-10-12 10:10:00-04:00,2023-10-12 11:20:00-04:00,15423.0,15462.65,15366.0,15462.9,1,788.3999999999927,target
2023-10-16,2023-10-16 10:20:00-04:00,2023-10-16 14:00:00-04:00,15264.0,15308.75,15168.75,15330.675,1,890.4,time
2023-10-17,2023-10-17 10:15:00-04:00,2023-10-17 10:35:00-04:00,15158.75,15234.45,15050.25,15234.7,1,1509.4000000000146,target
2023-10-18,2023-10-18 10:20:00-04:00,2023-10-18 10:35:00-04:00,15200.5,15122.25,15122.5,15255.1,1,-1569.6,stop
2023-10-19,2023-10-19 12:25:00-04:00,2023-10-19 12:30:00-04:00,15115.75,15021.0,15021.25,15181.9,1,-1899.6,stop
2023-10-23,2023-10-23 10:15:00-04:00,2023-10-23 11:35:00-04:00,14657.25,14757.1,14514.25,14757.35,1,1992.4000000000074,target
2023-10-24,2023-10-24 10:30:00-04:00,2023-10-24 12:20:00-04:00,14848.0,14758.25,14758.5,14910.65,1,-1799.6,stop
2023-10-27,2023-10-27 11:10:00-04:00,2023-10-27 11:20:00-04:00,14359.0,14406.35,14291.0,14406.6,1,942.4000000000073,target
2023-10-31,2023-10-31 12:50:00-04:00,2023-10-31 14:00:00-04:00,14435.25,14477.25,14311.25,14522.05,1,835.4,time
2023-11-01,2023-11-01 10:25:00-04:00,2023-11-01 14:00:00-04:00,14631.0,14605.5,14515.25,14712.025,1,-514.6,time
2023-11-02,2023-11-02 10:55:00-04:00,2023-11-02 13:50:00-04:00,14955.25,14993.15,14900.75,14993.4,1,753.3999999999927,target
2023-11-03,2023-11-03 11:50:00-04:00,2023-11-03 14:00:00-04:00,15144.0,15191.25,15040.5,15216.45,1,940.4,time
2023-11-07,2023-11-07 10:05:00-05:00,2023-11-07 10:45:00-05:00,15309.25,15368.675,15224.0,15368.925,1,1183.8999999999855,target
2023-11-09,2023-11-09 11:50:00-05:00,2023-11-09 13:00:00-05:00,15429.75,15365.25,15365.5,15474.725,1,-1294.6,stop
2023-11-10,2023-11-10 11:05:00-05:00,2023-11-10 12:05:00-05:00,15404.0,15472.7,15305.5,15472.95,1,1369.4000000000146,target
2023-11-13,2023-11-13 10:55:00-05:00,2023-11-13 14:00:00-05:00,15543.5,15558.5,15465.25,15598.275,1,295.4,time
2023-11-14,2023-11-14 10:05:00-05:00,2023-11-14 14:00:00-05:00,15884.75,15851.75,15790.25,15950.9,1,-664.6,time
2023-11-17,2023-11-17 12:05:00-05:00,2023-11-17 13:35:00-05:00,15883.75,15920.075,15831.5,15920.325,1,721.9000000000145,target
2023-11-20,2023-11-20 11:00:00-05:00,2023-11-20 13:25:00-05:00,15999.75,16073.0,15894.75,16073.25,1,1460.4,target
2023-11-23,2023-11-23 11:00:00-05:00,2023-11-23 18:00:00-05:00,16073.5,16062.25,16054.75,16086.625,1,-229.6,time
2023-11-27,2023-11-27 10:10:00-05:00,2023-11-27 14:00:00-05:00,16044.25,16053.25,15970.25,16096.05,1,175.4,time
2023-11-28,2023-11-28 10:40:00-05:00,2023-11-28 10:40:00-05:00,16010.5,16046.65,15958.5,16046.9,1,718.3999999999927,target
2023-12-01,2023-12-01 11:15:00-05:00,2023-12-01 12:55:00-05:00,15976.5,16046.95,15875.5,16047.2,1,1404.4000000000146,target
2023-12-05,2023-12-05 10:05:00-05:00,2023-12-05 14:00:00-05:00,15925.75,15873.0,15783.25,16025.5,1,-1059.6,time
2023-12-07,2023-12-07 10:25:00-05:00,2023-12-07 14:00:00-05:00,15993.75,16033.5,15887.5,16068.125,1,790.4,time
2023-12-08,2023-12-08 10:05:00-05:00,2023-12-08 10:20:00-05:00,16045.0,16113.175,15947.25,16113.425,1,1358.8999999999855,target
2023-12-11,2023-12-11 10:10:00-05:00,2023-12-11 13:50:00-05:00,16168.75,16238.5,16068.75,16238.75,1,1390.4,target
2023-12-12,2023-12-12 10:05:00-05:00,2023-12-12 13:45:00-05:00,16257.25,16307.4,16185.25,16307.65,1,998.3999999999927,target
2023-12-18,2023-12-18 10:05:00-05:00,2023-12-18 13:15:00-05:00,16896.5,16941.05,16832.5,16941.3,1,886.3999999999854,target
2023-12-19,2023-12-19 10:35:00-05:00,2023-12-19 14:00:00-05:00,16997.75,16993.5,16944.5,17035.025,1,-89.6,time
2023-12-20,2023-12-20 10:05:00-05:00,2023-12-20 10:30:00-05:00,17026.5,17065.1,16971.0,17065.35,1,767.3999999999709,target
2023-12-26,2023-12-26 10:40:00-05:00,2023-12-26 14:00:00-05:00,17057.5,17049.0,17005.5,17093.9,1,-174.6,time
2024-01-04,2024-01-04 10:10:00-05:00,2024-01-04 11:10:00-05:00,16514.0,16563.275,16443.25,16563.525,1,980.9000000000291,target
2024-01-05,2024-01-05 10:05:00-05:00,2024-01-05 13:15:00-05:00,16540.75,16437.25,16437.5,16613.025,1,-2074.6,stop
2024-01-08,2024-01-08 10:05:00-05:00,2024-01-08 13:55:00-05:00,16641.25,16736.025,16505.5,16736.275,1,1890.9000000000292,target
2024-01-09,2024-01-09 10:10:00-05:00,2024-01-09 11:10:00-05:00,16720.5,16762.25,16660.5,16762.5,1,830.4,target
2024-01-10,2024-01-10 10:45:00-05:00,2024-01-10 14:00:00-05:00,16885.5,16924.25,16813.5,16935.9,1,770.4,time
2024-01-15,2024-01-15 10:50:00-05:00,2024-01-15 18:00:00-05:00,16968.75,16960.75,16936.25,16991.5,1,-164.6,time
2024-01-16,2024-01-16 10:20:00-05:00,2024-01-16 14:00:00-05:00,16965.0,16902.25,16855.0,17042.0,1,-1259.6,time
2024-01-18,2024-01-18 10:40:00-05:00,2024-01-18 12:10:00-05:00,17059.5,16994.5,16994.75,17104.825,1,-1304.6,stop
2024-01-19,2024-01-19 10:05:00-05:00,2024-01-19 11:10:00-05:00,17217.5,17253.125,17166.25,17253.375,1,707.9,target
2024-01-23,2024-01-23 13:00:00-05:00,2024-01-23 14:00:00-05:00,17490.0,17481.5,17409.5,17546.35,1,-174.6,time
2024-01-24,2024-01-24 10:20:00-05:00,2024-01-24 10:40:00-05:00,17703.25,17749.025,17637.5,17749.275,1,910.9000000000291,target
2024-01-25,2024-01-25 10:30:00-05:00,2024-01-25 12:30:00-05:00,17730.5,17660.25,17660.5,17779.5,1,-1409.6,stop
2024-01-26,2024-01-26 10:30:00-05:00,2024-01-26 10:55:00-05:00,17581.0,17625.375,17517.25,17625.625,1,882.9,target
2024-01-29,2024-01-29 12:15:00-05:00,2024-01-29 14:00:00-05:00,17584.25,17587.75,17529.75,17622.4,1,65.4,time
2024-02-01,2024-02-01 10:10:00-05:00,2024-02-01 10:55:00-05:00,17352.75,17285.0,17285.25,17400.0,1,-1359.6,stop
2024-02-02,2024-02-02 10:45:00-05:00,2024-02-02 14:00:00-05:00,17654.0,17728.75,17465.5,17785.95,1,1490.4,time
2024-02-07,2024-02-07 10:15:00-05:00,2024-02-07 10:30:00-05:00,17807.5,17869.375,17718.75,17869.625,1,1232.9,target
2024-02-08,2024-02-08 10:05:00-05:00,2024-02-08 10:50:00-05:00,17853.0,17884.25,17808.0,17884.5,1,620.4,target
2024-02-09,2024-02-09 10:20:00-05:00,2024-02-09 12:45:00-05:00,17954.75,18010.325,17875.0,18010.575,1,1106.9000000000146,target
2024-02-12,2024-02-12 10:45:00-05:00,2024-02-12 11:25:00-05:00,18060.0,18096.675,18007.25,18096.925,1,728.8999999999854,target
2024-02-13,2024-02-13 10:25:00-05:00,2024-02-13 10:40:00-05:00,17705.0,17787.525,17586.75,17787.775,1,1645.9000000000292,target
2024-02-14,2024-02-14 10:20:00-05:00,2024-02-14 11:00:00-05:00,17825.5,17742.75,17743.0,17883.25,1,-1659.6,stop
2024-02-15,2024-02-15 13:20:00-05:00,2024-02-15 14:00:00-05:00,17916.5,17911.0,17810.5,17990.7,1,-114.6,time
2024-02-21,2024-02-21 10:05:00-05:00,2024-02-21 12:10:00-05:00,17522.75,17448.0,17448.25,17574.9,1,-1499.6,stop
2024-02-22,2024-02-22 11:20:00-05:00,2024-02-22 13:45:00-05:00,17971.5,18046.5,17864.0,18046.75,1,1495.4,target
2024-02-26,2024-02-26 11:55:00-05:00,2024-02-26 14:00:00-05:00,18056.0,18014.25,17966.0,18119.0,1,-839.6,time
2024-02-27,2024-02-27 10:20:00-05:00,2024-02-27 12:50:00-05:00,18028.25,17940.75,17941.0,18089.325,1,-1754.6,stop
2024-02-28,2024-02-28 11:05:00-05:00,2024-02-28 14:00:00-05:00,17951.25,17949.0,17876.0,18003.925,1,-49.6,time
2024-03-01,2024-03-01 10:10:00-05:00,2024-03-01 11:05:00-05:00,18173.0,18228.225,18093.75,18228.475,1,1099.899999999971,target
2024-03-06,2024-03-06 12:05:00-05:00,2024-03-06 13:50:00-05:00,18132.0,18036.25,18036.5,18198.85,1,-1919.6,stop
2024-03-07,2024-03-07 10:25:00-05:00,2024-03-07 11:55:00-05:00,18227.0,18302.525,18118.75,18302.775,1,1505.9000000000292,target
2024-03-08,2024-03-08 10:05:00-05:00,2024-03-08 11:05:00-05:00,18396.5,18287.75,18288.0,18472.45,1,-2179.6,stop
2024-03-11,2024-03-11 10:55:00-04:00,2024-03-11 14:00:00-04:00,18009.0,17975.25,17898.25,18086.525,1,-679.6,time
2024-03-12,2024-03-12 10:25:00-04:00,2024-03-12 14:00:00-04:00,18110.25,18154.25,17930.0,18236.425,1,875.4,time
2024-03-18,2024-03-18 10:30:00-04:00,2024-03-18 11:50:00-04:00,18372.5,18277.25,18277.5,18439.0,1,-1909.6,stop
2024-03-19,2024-03-19 11:35:00-04:00,2024-03-19 12:35:00-04:00,18152.5,18221.725,18053.25,18221.975,1,1379.899999999971,target
2024-03-22,2024-03-22 10:05:00-04:00,2024-03-22 13:10:00-04:00,18557.75,18597.925,18500.0,18598.175,1,798.8999999999854,target
2024-03-25,2024-03-25 10:10:00-04:00,2024-03-25 13:40:00-04:00,18497.0,18554.325,18414.75,18554.575,1,1141.9000000000146,target
2024-03-26,2024-03-26 10:05:00-04:00,2024-03-26 10:25:00-04:00,18606.75,18549.75,18550.0,18646.475,1,-1144.6,stop
2024-04-02,2024-04-02 13:05:00-04:00,2024-04-02 14:00:00-04:00,18294.0,18277.5,18223.25,18343.525,1,-334.6,time
2024-04-03,2024-04-03 10:05:00-04:00,2024-04-03 10:55:00-04:00,18352.5,18431.35,18239.5,18431.6,1,1572.399999999971,target
2024-04-05,2024-04-05 10:15:00-04:00,2024-04-05 11:45:00-04:00,18239.25,18334.725,18102.5,18334.975,1,1904.899999999971,target
2024-04-08,2024-04-08 10:30:00-04:00,2024-04-08 14:00:00-04:00,18340.0,18307.25,18237.5,18411.75,1,-659.6,time
2024-04-10,2024-04-10 10:40:00-04:00,2024-04-10 14:00:00-04:00,18221.5,18164.5,18107.75,18301.125,1,-1144.6,time
2024-04-11,2024-04-11 11:55:00-04:00,2024-04-11 11:55:00-04:00,18278.75,18317.7,18222.75,18317.95,1,774.4000000000145,target
2024-04-16,2024-04-16 10:15:00-04:00,2024-04-16 13:30:00-04:00,17912.75,17821.75,17822.0,17976.275,1,-1824.6,stop
2024-04-18,2024-04-18 10:40:00-04:00,2024-04-18 13:20:00-04:00,17683.0,17551.75,17552.0,17774.7,1,-2629.6,stop
2024-04-22,2024-04-22 13:30:00-04:00,2024-04-22 13:50:00-04:00,17344.5,17400.6,17264.0,17400.85,1,1117.399999999971,target
2024-04-23,2024-04-23 10:25:00-04:00,2024-04-23 12:15:00-04:00,17530.0,17611.125,17413.75,17611.375,1,1617.9,target
2024-04-25,2024-04-25 10:15:00-04:00,2024-04-25 12:50:00-04:00,17411.5,17483.525,17308.25,17483.775,1,1435.9000000000292,target
2024-04-26,2024-04-26 10:05:00-04:00,2024-04-26 14:00:00-04:00,17808.75,17877.25,17668.25,17907.1,1,1365.4,time
2024-05-02,2024-05-02 13:30:00-04:00,2024-05-02 14:00:00-04:00,17604.75,17595.25,17483.0,17689.975,1,-194.6,time
2024-05-06,2024-05-06 11:45:00-04:00,2024-05-06 14:00:00-04:00,18111.75,18128.25,18042.75,18160.05,1,325.4,time
2024-05-07,2024-05-07 11:00:00-04:00,2024-05-07 13:55:00-04:00,18250.75,18187.75,18188.0,18294.675,1,-1264.6,stop
2024-05-08,2024-05-08 10:25:00-04:00,2024-05-08 14:00:00-04:00,18194.25,18178.75,18078.5,18275.275,1,-314.6,time
2024-05-09,2024-05-09 10:40:00-04:00,2024-05-09 14:00:00-04:00,18204.25,18206.25,18108.75,18271.1,1,35.4,time
2024-05-14,2024-05-14 10:25:00-04:00,2024-05-14 14:00:00-04:00,18344.0,18331.0,18265.5,18398.95,1,-264.6,time
2024-05-15,2024-05-15 10:25:00-04:00,2024-05-15 11:15:00-04:00,18536.5,18599.075,18446.75,18599.325,1,1246.9000000000146,target
2024-05-16,2024-05-16 10:25:00-04:00,2024-05-16 11:00:00-04:00,18718.5,18750.8,18672.0,18751.05,1,641.3999999999854,target
2024-05-17,2024-05-17 10:35:00-04:00,2024-05-17 12:45:00-04:00,18675.5,18620.25,18620.5,18714.0,1,-1109.6,stop
2024-05-20,2024-05-20 10:45:00-04:00,2024-05-20 14:00:00-04:00,18756.25,18745.5,18635.25,18840.95,1,-219.6,time
2024-05-21,2024-05-21 10:05:00-04:00,2024-05-21 10:35:00-04:00,18724.0,18755.95,18678.0,18756.2,1,634.4000000000145,target
2024-05-22,2024-05-22 11:15:00-04:00,2024-05-22 13:35:00-04:00,18834.5,18788.5,18788.75,18866.525,1,-924.6,stop
2024-05-24,2024-05-24 10:15:00-04:00,2024-05-24 10:25:00-04:00,18791.0,18831.7,18732.5,18831.95,1,809.4000000000145,target
2024-05-27,2024-05-27 11:05:00-04:00,2024-05-27 11:45:00-04:00,18913.75,18938.525,18878.0,18938.775,1,490.9000000000291,target
2024-05-28,2024-05-28 13:35:00-04:00,2024-05-28 14:00:00-04:00,18937.0,18902.0,18839.0,19005.6,1,-704.6,time
2024-05-29,2024-05-29 10:25:00-04:00,2024-05-29 14:00:00-04:00,18856.75,18859.0,18761.0,18923.775,1,40.4,time
2024-06-05,2024-06-05 10:25:00-04:00,2024-06-05 10:30:00-04:00,18876.25,18919.75,18813.75,18920.0,1,865.4,target
2024-06-07,2024-06-07 10:40:00-04:00,2024-06-07 12:55:00-04:00,19073.75,19130.375,18992.5,19130.625,1,1127.9,target
2024-06-10,2024-06-10 10:30:00-04:00,2024-06-10 11:05:00-04:00,19035.5,19075.675,18977.75,19075.925,1,798.8999999999854,target
2024-06-11,2024-06-11 10:40:00-04:00,2024-06-11 13:50:00-04:00,19092.5,19160.85,18994.5,19161.1,1,1362.399999999971,target
2024-06-12,2024-06-12 10:15:00-04:00,2024-06-12 14:00:00-04:00,19509.5,19518.25,19374.75,19603.825,1,170.4,time
2024-06-14,2024-06-14 10:25:00-04:00,2024-06-14 14:00:00-04:00,19647.5,19657.25,19557.25,19710.675,1,190.4,time
2024-06-17,2024-06-17 11:00:00-04:00,2024-06-17 12:15:00-04:00,19714.0,19765.2,19640.5,19765.45,1,1019.4000000000145,target
2024-06-18,2024-06-18 13:50:00-04:00,2024-06-18 14:00:00-04:00,19949.75,19927.5,19889.75,19991.75,1,-449.6,time
2024-06-24,2024-06-24 10:05:00-04:00,2024-06-24 10:40:00-04:00,19976.0,19866.5,19866.75,20052.475,1,-2194.6,stop
2024-06-25,2024-06-25 10:05:00-04:00,2024-06-25 11:15:00-04:00,19874.75,19932.25,19792.25,19932.5,1,1145.4,target
2024-06-26,2024-06-26 10:10:00-04:00,2024-06-26 11:10:00-04:00,20002.5,19919.0,19919.25,20060.775,1,-1674.6,stop
2024-06-27,2024-06-27 10:15:00-04:00,2024-06-27 11:25:00-04:00,20110.75,19989.5,19989.75,20195.45,1,-2429.6,stop
2024-06-28,2024-06-28 10:05:00-04:00,2024-06-28 12:15:00-04:00,20220.0,20039.0,20039.25,20346.525,1,-3624.6,stop
2024-07-01,2024-07-01 12:10:00-04:00,2024-07-01 14:00:00-04:00,20004.75,19999.25,19841.25,20119.2,1,-114.6,time
2024-07-02,2024-07-02 10:55:00-04:00,2024-07-02 13:55:00-04:00,20113.75,20209.4,19976.75,20209.65,1,1908.4000000000292,target
2024-07-03,2024-07-03 10:20:00-04:00,2024-07-03 11:10:00-04:00,20284.0,20331.35,20216.0,20331.6,1,942.3999999999709,target
2024-07-05,2024-07-05 10:05:00-04:00,2024-07-05 11:45:00-04:00,20529.5,20600.125,20428.25,20600.375,1,1407.9,target
2024-07-08,2024-07-08 11:25:00-04:00,2024-07-08 14:00:00-04:00,20658.75,20653.25,20600.5,20699.525,1,-114.6,time
2024-07-10,2024-07-10 10:10:00-04:00,2024-07-10 11:00:00-04:00,20785.75,20721.25,20721.5,20830.725,1,-1294.6,stop
2024-07-12,2024-07-12 10:05:00-04:00,2024-07-12 10:45:00-04:00,20557.25,20649.4,20425.25,20649.65,1,1838.4000000000292,target
2024-07-15,2024-07-15 10:10:00-04:00,2024-07-15 10:50:00-04:00,20668.25,20728.55,20581.75,20728.8,1,1201.3999999999855,target
2024-07-23,2024-07-23 11:15:00-04:00,2024-07-23 12:55:00-04:00,20052.75,19933.25,19933.5,20136.225,1,-2394.6,stop
2024-07-25,2024-07-25 11:15:00-04:00,2024-07-25 14:00:00-04:00,19246.75,19289.0,19016.5,19407.925,1,840.4,time
2024-07-26,2024-07-26 11:50:00-04:00,2024-07-26 12:45:00-04:00,19190.5,19281.25,19060.5,19281.5,1,1810.4,target
2024-07-31,2024-07-31 10:10:00-04:00,2024-07-31 14:00:00-04:00,19444.5,19431.25,19310.75,19538.125,1,-269.6,time
2024-08-05,2024-08-05 10:05:00-04:00,2024-08-05 14:00:00-04:00,18043.0,18079.25,17509.25,18416.625,1,720.4,time
2024-08-06,2024-08-06 10:05:00-04:00,2024-08-06 10:45:00-04:00,18181.0,18331.25,17966.0,18331.5,1,3000.4,target
2024-08-08,2024-08-08 10:05:00-04:00,2024-08-08 10:45:00-04:00,18275.75,18423.55,18064.25,18423.8,1,2951.3999999999855,target
2024-08-09,2024-08-09 10:15:00-04:00,2024-08-09 13:25:00-04:00,18547.0,18633.375,18423.25,18633.625,1,1722.9,target
2024-08-12,2024-08-12 10:20:00-04:00,2024-08-12 14:00:00-04:00,18674.0,18618.25,18523.5,18779.35,1,-1119.6,time
2024-08-13,2024-08-13 10:05:00-04:00,2024-08-13 11:40:00-04:00,18913.25,18980.9,18816.25,18981.15,1,1348.4000000000292,target
2024-08-14,2024-08-14 11:55:00-04:00,2024-08-14 14:00:00-04:00,19176.25,19071.5,19011.0,19291.925,1,-2099.6,time
2024-08-15,2024-08-15 10:25:00-04:00,2024-08-15 12:15:00-04:00,19464.5,19554.025,19336.25,19554.275,1,1785.9000000000292,target
2024-08-16,2024-08-16 10:10:00-04:00,2024-08-16 12:10:00-04:00,19546.5,19605.05,19462.5,19605.3,1,1166.3999999999855,target
2024-08-19,2024-08-19 10:55:00-04:00,2024-08-19 14:00:00-04:00,19654.0,19721.5,19544.5,19730.65,1,1345.4,time
2024-08-21,2024-08-21 10:05:00-04:00,2024-08-21 10:40:00-04:00,19900.25,19961.075,19813.0,19961.325,1,1211.9000000000146,target
2024-08-23,2024-08-23 10:05:00-04:00,2024-08-23 10:45:00-04:00,19846.75,19706.25,19706.5,19944.925,1,-2814.6,stop
2024-08-27,2024-08-27 10:15:00-04:00,2024-08-27 10:30:00-04:00,19572.0,19663.1,19441.5,19663.35,1,1817.399999999971,target
2024-08-29,2024-08-29 10:50:00-04:00,2024-08-29 14:00:00-04:00,19681.0,19633.0,19478.25,19822.925,1,-964.6,time
2024-08-30,2024-08-30 10:05:00-04:00,2024-08-30 10:55:00-04:00,19605.75,19513.75,19514.0,19669.975,1,-1844.6,stop
2024-09-02,2024-09-02 10:40:00-04:00,2024-09-02 18:00:00-04:00,19651.75,19646.25,19613.5,19678.525,1,-114.6,time
2024-09-04,2024-09-04 10:30:00-04:00,2024-09-04 10:55:00-04:00,18992.75,19085.425,18860.0,19085.675,1,1848.8999999999855,target
2024-09-05,2024-09-05 10:05:00-04:00,2024-09-05 11:25:00-04:00,19084.75,18884.75,18885.0,19224.575,1,-4004.6,stop
2024-09-09,2024-09-09 10:15:00-04:00,2024-09-09 10:30:00-04:00,18698.5,18604.5,18604.75,18764.125,1,-1884.6,stop
2024-09-11,2024-09-11 12:30:00-04:00,2024-09-11 13:40:00-04:00,18914.25,19012.7,18773.25,19012.95,1,1964.4000000000146,target
2024-09-12,2024-09-12 10:15:00-04:00,2024-09-12 13:15:00-04:00,19312.0,19400.65,19185.0,19400.9,1,1768.4000000000292,target
2024-09-13,2024-09-13 10:10:00-04:00,2024-09-13 14:00:00-04:00,19507.25,19560.75,19398.25,19583.55,1,1065.4,time
2024-09-17,2024-09-17 10:50:00-04:00,2024-09-17 12:15:00-04:00,19604.25,19475.0,19475.25,19694.55,1,-2589.6,stop
2024-09-19,2024-09-19 10:20:00-04:00,2024-09-19 12:30:00-04:00,19850.0,19935.675,19727.25,19935.925,1,1708.8999999999855,target
2024-09-23,2024-09-23 10:45:00-04:00,2024-09-23 13:00:00-04:00,20104.75,20031.0,20031.25,20156.2,1,-1479.6,stop
2024-09-24,2024-09-24 11:50:00-04:00,2024-09-24 14:00:00-04:00,20164.0,20165.0,20082.0,20221.4,1,15.4,time
2024-09-25,2024-09-25 10:10:00-04:00,2024-09-25 13:00:00-04:00,20246.0,20137.75,20138.0,20321.6,1,-2169.6,stop
2024-10-02,2024-10-02 10:20:00-04:00,2024-10-02 14:00:00-04:00,19998.0,20044.0,19833.5,20113.15,1,915.4,time
2024-10-03,2024-10-03 10:05:00-04:00,2024-10-03 13:00:00-04:00,20090.75,19894.5,19894.75,20227.95,1,-3929.6,stop
2024-10-07,2024-10-07 10:20:00-04:00,2024-10-07 14:00:00-04:00,20169.25,20148.25,20088.5,20225.775,1,-424.6,time
2024-10-08,2024-10-08 10:05:00-04:00,2024-10-08 10:45:00-04:00,20188.25,20270.95,20069.75,20271.2,1,1649.4000000000146,target
2024-10-09,2024-10-09 10:15:00-04:00,2024-10-09 10:25:00-04:00,20301.25,20344.925,20238.5,20345.175,1,868.8999999999854,target
2024-10-10,2024-10-10 10:15:00-04:00,2024-10-10 11:55:00-04:00,20402.25,20472.525,20301.5,20472.775,1,1400.9000000000292,target
2024-10-11,2024-10-11 10:10:00-04:00,2024-10-11 14:00:00-04:00,20414.5,20436.5,20314.75,20484.325,1,435.4,time
2024-10-18,2024-10-18 10:10:00-04:00,2024-10-18 14:00:00-04:00,20514.25,20485.5,20433.0,20571.125,1,-579.6,time
2024-10-21,2024-10-21 10:10:00-04:00,2024-10-21 10:40:00-04:00,20527.5,20422.5,20422.75,20600.825,1,-2104.6,stop
2024-10-22,2024-10-22 10:10:00-04:00,2024-10-22 14:00:00-04:00,20491.5,20574.5,20369.5,20576.9,1,1655.4,time
2024-10-24,2024-10-24 13:05:00-04:00,2024-10-24 14:00:00-04:00,20377.0,20345.0,20296.25,20433.525,1,-644.6,time
2024-10-25,2024-10-25 10:05:00-04:00,2024-10-25 13:40:00-04:00,20679.0,20490.0,20490.25,20811.125,1,-3784.6,stop
2024-10-29,2024-10-29 10:05:00-04:00,2024-10-29 10:25:00-04:00,20531.75,20601.15,20432.25,20601.4,1,1383.4000000000292,target
2024-10-30,2024-10-30 10:20:00-04:00,2024-10-30 14:00:00-04:00,20679.5,20575.75,20542.75,20775.225,1,-2079.6,time
2024-11-01,2024-11-01 10:15:00-04:00,2024-11-01 14:00:00-04:00,20215.5,20157.5,20057.5,20326.1,1,-1164.6,time
2024-11-04,2024-11-04 10:20:00-05:00,2024-11-04 14:00:00-05:00,20161.5,20148.5,20013.0,20265.45,1,-264.6,time
2024-11-05,2024-11-05 10:25:00-05:00,2024-11-05 14:00:00-05:00,20305.75,20308.25,20147.0,20416.875,1,45.4,time
2024-11-06,2024-11-06 12:15:00-05:00,2024-11-06 14:00:00-05:00,20813.0,20861.25,20644.0,20931.3,1,960.4,time
2024-11-07,2024-11-07 10:10:00-05:00,2024-11-07 11:50:00-05:00,21116.25,21194.575,21004.0,21194.825,1,1561.9000000000146,target
2024-11-08,2024-11-08 13:30:00-05:00,2024-11-08 14:00:00-05:00,21232.75,21250.0,21176.25,21272.3,1,340.4,time
2024-11-13,2024-11-13 12:15:00-05:00,2024-11-13 13:45:00-05:00,21196.0,21247.9,21121.5,21248.15,1,1033.4000000000292,target
2024-11-18,2024-11-18 10:05:00-05:00,2024-11-18 10:25:00-05:00,20586.75,20646.525,20501.0,20646.775,1,1190.9000000000292,target
2024-11-19,2024-11-19 10:30:00-05:00,2024-11-19 11:15:00-05:00,20602.5,20668.4,20508.0,20668.65,1,1313.4000000000292,target
2024-11-28,2024-11-28 10:25:00-05:00,2024-11-28 18:00:00-05:00,20899.5,20883.75,20874.0,20917.35,1,-319.6,time
2024-12-02,2024-12-02 10:05:00-05:00,2024-12-02 14:00:00-05:00,21174.75,21212.25,21026.5,21278.525,1,745.4,time
2024-12-03,2024-12-03 10:05:00-05:00,2024-12-03 14:00:00-05:00,21210.5,21232.25,21134.25,21263.875,1,430.4,time
2024-12-04,2024-12-04 10:15:00-05:00,2024-12-04 10:35:00-05:00,21444.75,21484.05,21388.25,21484.3,1,781.3999999999854,target
2024-12-05,2024-12-05 12:15:00-05:00,2024-12-05 13:20:00-05:00,21560.0,21497.5,21497.75,21603.575,1,-1254.6,stop
2024-12-06,2024-12-06 10:15:00-05:00,2024-12-06 14:00:00-05:00,21624.0,21658.25,21486.0,21720.6,1,680.4,time
2024-12-10,2024-12-10 10:10:00-05:00,2024-12-10 10:55:00-05:00,21593.75,21505.25,21505.5,21655.525,1,-1774.6,stop
2024-12-11,2024-12-11 10:10:00-05:00,2024-12-11 14:00:00-05:00,21724.0,21792.75,21573.0,21829.7,1,1370.4,time
2024-12-12,2024-12-12 10:30:00-05:00,2024-12-12 13:25:00-05:00,21707.75,21743.725,21656.0,21743.975,1,714.8999999999709,target
2024-12-16,2024-12-16 10:05:00-05:00,2024-12-16 11:55:00-05:00,21989.5,22054.7,21896.0,22054.95,1,1299.4000000000146,target
2024-12-17,2024-12-17 11:40:00-05:00,2024-12-17 14:00:00-05:00,22074.75,22004.0,21977.25,22143.0,1,-1419.6,time
2024-12-18,2024-12-18 10:15:00-05:00,2024-12-18 14:00:00-05:00,22013.0,22000.75,21913.25,22082.825,1,-249.6,time
2024-12-23,2024-12-23 11:55:00-05:00,2024-12-23 14:00:00-05:00,21681.25,21744.75,21553.0,21771.025,1,1265.4,time
2024-12-24,2024-12-24 10:05:00-05:00,2024-12-24 12:55:00-05:00,21928.75,22019.15,21799.25,22019.4,1,1803.4000000000292,target
2024-12-26,2024-12-26 11:15:00-05:00,2024-12-26 14:00:00-05:00,22012.5,22016.5,21870.25,22112.075,1,75.4,time
2024-12-30,2024-12-30 11:40:00-05:00,2024-12-30 12:40:00-05:00,21432.0,21535.875,21283.25,21536.125,1,2072.9,target
2025-01-02,2025-01-02 10:05:00-05:00,2025-01-02 12:25:00-05:00,21413.0,21166.25,21166.5,21585.55,1,-4939.6,stop
2025-01-03,2025-01-03 11:35:00-05:00,2025-01-03 14:00:00-05:00,21452.75,21509.25,21277.75,21575.25,1,1125.4,time
2025-01-06,2025-01-06 10:15:00-05:00,2025-01-06 13:45:00-05:00,21853.0,21723.25,21723.5,21943.65,1,-2599.6,stop
2025-01-08,2025-01-08 10:05:00-05:00,2025-01-08 10:10:00-05:00,21387.75,21285.75,21286.0,21458.975,1,-2044.6,stop
2025-01-13,2025-01-13 10:45:00-05:00,2025-01-13 14:00:00-05:00,20856.0,20891.5,20702.0,20963.8,1,705.4,time
2025-01-15,2025-01-15 10:05:00-05:00,2025-01-15 14:00:00-05:00,21364.25,21380.5,21186.75,21488.5,1,320.4,time
2025-01-17,2025-01-17 13:15:00-05:00,2025-01-17 14:00:00-05:00,21657.5,21631.75,21487.0,21776.85,1,-519.6,time
2025-01-21,2025-01-21 12:50:00-05:00,2025-01-21 14:00:00-05:00,21720.5,21752.5,21572.75,21823.925,1,635.4,time
2025-01-22,2025-01-22 10:15:00-05:00,2025-01-22 14:00:00-05:00,22028.25,22027.25,21902.5,22116.275,1,-24.6,time
2025-01-23,2025-01-23 10:35:00-05:00,2025-01-23 11:30:00-05:00,21920.75,21958.825,21866.0,21959.075,1,756.9000000000145,target
2025-01-27,2025-01-27 10:30:00-05:00,2025-01-27 14:00:00-05:00,21367.75,21151.5,21109.0,21548.875,1,-4329.6,time
2025-01-28,2025-01-28 10:05:00-05:00,2025-01-28 12:00:00-05:00,21357.25,21495.425,21159.5,21495.675,1,2758.8999999999855,target
2025-01-31,2025-01-31 10:05:00-05:00,2025-01-31 13:30:00-05:00,21900.5,21764.75,21765.0,21995.35,1,-2719.6,stop
2025-02-03,2025-02-03 10:30:00-05:00,2025-02-03 14:00:00-05:00,21352.5,21466.75,21171.5,21479.2,1,2280.4,time
2025-02-04,2025-02-04 10:05:00-05:00,2025-02-04 14:00:00-05:00,21603.25,21622.5,21405.25,21741.85,1,380.4,time
2025-02-05,2025-02-05 10:40:00-05:00,2025-02-05 11:35:00-05:00,21592.0,21642.85,21519.0,21643.1,1,1012.3999999999709,target
2025-02-06,2025-02-06 10:15:00-05:00,2025-02-06 14:00:00-05:00,21836.25,21815.0,21738.25,21904.85,1,-429.6,time
2025-02-10,2025-02-10 10:05:00-05:00,2025-02-10 10:20:00-05:00,21815.0,21864.45,21744.0,21864.7,1,984.4000000000145,target
2025-02-11,2025-02-11 10:25:00-05:00,2025-02-11 14:00:00-05:00,21808.75,21802.0,21700.75,21884.35,1,-139.6,time
2025-02-12,2025-02-12 10:25:00-05:00,2025-02-12 14:00:00-05:00,21718.25,21792.75,21536.25,21845.65,1,1485.4,time
2025-02-13,2025-02-13 10:20:00-05:00,2025-02-13 14:00:00-05:00,21973.5,21995.75,21834.75,22070.625,1,440.4,time
2025-02-14,2025-02-14 10:10:00-05:00,2025-02-14 13:30:00-05:00,22144.5,22182.4,22090.0,22182.65,1,753.4000000000291,target
2025-02-17,2025-02-17 11:05:00-05:00,2025-02-17 18:00:00-05:00,22245.75,22224.5,22192.5,22283.025,1,-429.6,time
2025-02-19,2025-02-19 11:45:00-05:00,2025-02-19 14:00:00-05:00,22238.0,22232.25,22154.75,22296.275,1,-119.6,time
2025-02-26,2025-02-26 10:15:00-05:00,2025-02-26 13:25:00-05:00,21329.25,21188.75,21189.0,21427.425,1,-2814.6,stop
2025-02-28,2025-02-28 10:15:00-05:00,2025-02-28 14:00:00-05:00,20692.75,20541.25,20460.5,20855.325,1,-3034.6,time
2025-03-04,2025-03-04 13:15:00-05:00,2025-03-04 14:00:00-05:00,20480.75,20499.75,20227.5,20658.025,1,375.4,time
2025-03-05,2025-03-05 10:10:00-05:00,2025-03-05 11:10:00-05:00,20455.0,20270.0,20270.25,20584.325,1,-3704.6,stop
2025-03-06,2025-03-06 10:05:00-05:00,2025-03-06 10:15:00-05:00,20359.25,20450.7,20228.25,20450.95,1,1824.4000000000146,target
2025-03-14,2025-03-14 11:05:00-04:00,2025-03-14 14:00:00-04:00,19636.25,19629.75,19450.75,19766.1,1,-134.6,time
2025-03-19,2025-03-19 10:05:00-04:00,2025-03-19 14:00:00-04:00,19658.75,19603.0,19504.25,19766.9,1,-1119.6,time
2025-03-20,2025-03-20 10:05:00-04:00,2025-03-20 14:00:00-04:00,19800.0,19650.5,19554.25,19972.025,1,-2994.6,time
2025-03-24,2025-03-24 10:25:00-04:00,2025-03-24 14:00:00-04:00,20344.25,20342.5,20229.25,20424.75,1,-39.6,time
2025-03-25,2025-03-25 10:25:00-04:00,2025-03-25 10:40:00-04:00,20431.25,20479.65,20361.75,20479.9,1,963.4000000000291,target
2025-03-27,2025-03-27 10:30:00-04:00,2025-03-27 14:00:00-04:00,20120.75,20014.5,19937.25,20249.2,1,-2129.6,time
2025-03-31,2025-03-31 11:25:00-04:00,2025-03-31 14:00:00-04:00,19216.75,19222.25,18976.75,19384.75,1,105.4,time
2025-04-01,2025-04-01 10:55:00-04:00,2025-04-01 11:25:00-04:00,19494.0,19602.775,19338.25,19603.025,1,2170.900000000029,target
2025-04-02,2025-04-02 10:05:00-04:00,2025-04-02 12:50:00-04:00,19614.25,19822.425,19316.5,19822.675,1,4158.899999999985,target
2025-04-07,2025-04-07 10:15:00-04:00,2025-04-07 14:00:00-04:00,17955.25,17784.5,16673.5,18852.475,1,-3419.6,time
2025-04-08,2025-04-08 10:05:00-04:00,2025-04-08 11:10:00-04:00,18283.0,18059.0,18059.25,18439.625,1,-4484.6,stop
2025-04-09,2025-04-09 13:05:00-04:00,2025-04-09 13:15:00-04:00,17695.25,18040.1,17202.25,18040.35,1,6892.3999999999705,target
2025-04-11,2025-04-11 12:35:00-04:00,2025-04-11 14:00:00-04:00,18666.5,18821.25,18351.25,18887.175,1,3090.4,time
2025-04-16,2025-04-16 11:25:00-04:00,2025-04-16 13:30:00-04:00,18705.25,18523.0,18523.25,18832.65,1,-3649.6,stop
2025-04-22,2025-04-22 10:05:00-04:00,2025-04-22 11:15:00-04:00,18265.5,18380.75,18100.5,18381.0,1,2300.4,target
2025-04-23,2025-04-23 10:35:00-04:00,2025-04-23 11:20:00-04:00,19135.25,18916.25,18916.5,19288.375,1,-4384.6,stop
2025-04-24,2025-04-24 10:05:00-04:00,2025-04-24 12:25:00-04:00,19072.75,19230.875,18846.5,19231.125,1,3157.9,target
2025-04-25,2025-04-25 10:10:00-04:00,2025-04-25 10:30:00-04:00,19376.25,19235.5,19235.75,19474.6,1,-2819.6,stop
2025-04-29,2025-04-29 10:10:00-04:00,2025-04-29 14:00:00-04:00,19575.75,19656.25,19403.75,19696.15,1,1605.4,time
2025-04-30,2025-04-30 10:30:00-04:00,2025-04-30 11:55:00-04:00,19309.5,19451.7,19106.0,19451.95,1,2839.4000000000146,target
2025-05-01,2025-05-01 10:30:00-04:00,2025-05-01 11:15:00-04:00,19999.25,20096.475,19860.0,20096.725,1,1939.899999999971,target
2025-05-02,2025-05-02 10:10:00-04:00,2025-05-02 12:00:00-04:00,20131.0,20208.625,20019.75,20208.875,1,1547.9,target
2025-05-05,2025-05-05 10:20:00-04:00,2025-05-05 13:50:00-04:00,20085.25,20155.0,19985.25,20155.25,1,1390.4,target
2025-05-06,2025-05-06 10:20:00-04:00,2025-05-06 12:10:00-04:00,19868.0,19952.45,19747.0,19952.7,1,1684.4000000000146,target
2025-05-07,2025-05-07 10:15:00-04:00,2025-05-07 10:50:00-04:00,19946.25,19857.25,19857.5,20008.375,1,-1784.6,stop
2025-05-08,2025-05-08 11:35:00-04:00,2025-05-08 11:40:00-04:00,20193.75,20286.425,20061.0,20286.675,1,1848.8999999999855,target
2025-05-12,2025-05-12 13:10:00-04:00,2025-05-12 14:00:00-04:00,20929.25,20908.75,20746.5,21057.175,1,-414.6,time
2025-05-13,2025-05-13 10:05:00-04:00,2025-05-13 11:10:00-04:00,21142.75,21261.5,20972.75,21261.75,1,2370.4,target
2025-05-14,2025-05-14 12:35:00-04:00,2025-05-14 14:00:00-04:00,21412.0,21365.0,21273.75,21508.775,1,-944.6,time
2025-05-15,2025-05-15 11:05:00-04:00,2025-05-15 11:40:00-04:00,21362.0,21441.725,21247.75,21441.975,1,1589.899999999971,target
2025-05-16,2025-05-16 13:35:00-04:00,2025-05-16 14:00:00-04:00,21472.0,21445.25,21388.25,21530.625,1,-539.6,time
2025-05-19,2025-05-19 10:05:00-04:00,2025-05-19 13:00:00-04:00,21391.0,21522.875,21202.25,21523.125,1,2632.9,target
2025-05-20,2025-05-20 10:45:00-04:00,2025-05-20 14:00:00-04:00,21445.0,21430.25,21354.75,21508.175,1,-299.6,time
2025-05-21,2025-05-21 10:10:00-04:00,2025-05-21 11:05:00-04:00,21411.75,21505.825,21277.0,21506.075,1,1876.9000000000146,target
2025-05-22,2025-05-22 10:05:00-04:00,2025-05-22 14:00:00-04:00,21309.0,21292.0,21113.75,21445.675,1,-344.6,time
2025-05-23,2025-05-23 10:15:00-04:00,2025-05-23 13:25:00-04:00,20970.0,21073.0,20822.5,21073.25,1,2055.4,target
2025-05-27,2025-05-27 10:05:00-04:00,2025-05-27 12:35:00-04:00,21333.25,21431.35,21192.75,21431.6,1,1957.399999999971,target
2025-05-30,2025-05-30 10:40:00-04:00,2025-05-30 12:25:00-04:00,21395.0,21234.5,21234.75,21507.175,1,-3214.6,stop
2025-06-02,2025-06-02 13:05:00-04:00,2025-06-02 14:00:00-04:00,21458.75,21445.25,21286.75,21579.15,1,-274.6,time
2025-06-03,2025-06-03 10:05:00-04:00,2025-06-03 12:00:00-04:00,21615.75,21689.7,21509.75,21689.95,1,1474.4000000000146,target
2025-06-05,2025-06-05 11:00:00-04:00,2025-06-05 12:50:00-04:00,21858.5,21691.25,21691.5,21975.4,1,-3349.6,stop
2025-06-09,2025-06-09 10:10:00-04:00,2025-06-09 10:30:00-04:00,21823.0,21873.325,21750.75,21873.575,1,1001.9000000000145,target
2025-06-10,2025-06-10 12:05:00-04:00,2025-06-10 14:00:00-04:00,21894.25,21873.25,21818.0,21947.625,1,-424.6,time
2025-06-11,2025-06-11 10:25:00-04:00,2025-06-11 12:20:00-04:00,22031.0,21915.5,21915.75,22111.675,1,-2314.6,stop
2025-06-12,2025-06-12 10:15:00-04:00,2025-06-12 14:00:00-04:00,21915.25,21937.5,21818.5,21982.975,1,440.4,time
2025-06-13,2025-06-13 11:30:00-04:00,2025-06-13 14:00:00-04:00,21797.75,21788.0,21662.0,21892.775,1,-199.6,time
2025-06-16,2025-06-16 10:05:00-04:00,2025-06-16 14:00:00-04:00,21947.25,21938.5,21792.25,22055.75,1,-179.6,time
2025-06-17,2025-06-17 10:15:00-04:00,2025-06-17 12:55:00-04:00,21896.75,21802.0,21802.25,21962.9,1,-1899.6,stop
2025-06-18,2025-06-18 10:15:00-04:00,2025-06-18 14:00:00-04:00,21821.5,21806.75,21704.5,21903.4,1,-299.6,time
2025-06-23,2025-06-23 10:05:00-04:00,2025-06-23 12:35:00-04:00,21957.25,21758.25,21758.5,22096.375,1,-3984.6,stop
2025-06-24,2025-06-24 10:45:00-04:00,2025-06-24 12:25:00-04:00,22337.25,22391.075,22260.0,22391.325,1,1071.9000000000146,target
2025-06-26,2025-06-26 10:25:00-04:00,2025-06-26 13:25:00-04:00,22571.5,22638.1,22476.0,22638.35,1,1327.399999999971,target
2025-06-27,2025-06-27 10:05:00-04:00,2025-06-27 14:00:00-04:00,22794.25,22736.0,22685.25,22870.55,1,-1169.6,time
2025-07-02,2025-07-02 10:05:00-04:00,2025-07-02 10:25:00-04:00,22733.0,22789.975,22651.25,22790.225,1,1134.899999999971,target
2025-07-03,2025-07-03 10:05:00-04:00,2025-07-03 18:00:00-04:00,23038.75,23059.0,22930.25,23114.7,1,400.4,time
2025-07-08,2025-07-08 12:25:00-04:00,2025-07-08 13:15:00-04:00,22947.0,22880.75,22881.0,22993.2,1,-1329.6,stop
2025-07-11,2025-07-11 10:15:00-04:00,2025-07-11 14:00:00-04:00,22978.75,22997.5,22863.0,23059.775,1,370.4,time
2025-07-14,2025-07-14 11:00:00-04:00,2025-07-14 14:00:00-04:00,22991.75,23044.75,22842.25,23096.4,1,1055.4,time
2025-07-17,2025-07-17 10:05:00-04:00,2025-07-17 11:50:00-04:00,23172.75,23247.4,23065.75,23247.65,1,1488.4000000000292,target
2025-07-21,2025-07-21 10:15:00-04:00,2025-07-21 14:00:00-04:00,23399.5,23411.25,23255.25,23500.475,1,230.4,time
2025-07-24,2025-07-24 13:15:00-04:00,2025-07-24 14:00:00-04:00,23411.75,23383.5,23334.25,23466.0,1,-569.6,time
2025-07-25,2025-07-25 10:45:00-04:00,2025-07-25 12:25:00-04:00,23408.75,23463.1,23330.75,23463.35,1,1082.399999999971,target
2025-07-28,2025-07-28 10:10:00-04:00,2025-07-28 11:15:00-04:00,23522.75,23464.5,23464.75,23563.35,1,-1169.6,stop
2025-07-30,2025-07-30 10:55:00-04:00,2025-07-30 14:00:00-04:00,23532.25,23541.75,23450.75,23589.3,1,185.4,time
2025-08-04,2025-08-04 12:10:00-04:00,2025-08-04 14:00:00-04:00,23260.75,23268.0,23088.75,23381.15,1,140.4,time
2025-08-06,2025-08-06 10:05:00-04:00,2025-08-06 11:50:00-04:00,23269.75,23354.375,23148.5,23354.625,1,1687.9,target
2025-08-08,2025-08-08 10:05:00-04:00,2025-08-08 14:00:00-04:00,23649.5,23700.25,23530.0,23733.15,1,1010.4,time
2025-08-11,2025-08-11 10:15:00-04:00,2025-08-11 12:05:00-04:00,23746.5,23792.275,23680.75,23792.525,1,910.9000000000291,target
2025-08-12,2025-08-12 11:10:00-04:00,2025-08-12 14:00:00-04:00,23810.5,23914.0,23649.25,23923.375,1,2065.4,time
2025-08-14,2025-08-14 10:35:00-04:00,2025-08-14 14:00:00-04:00,23972.75,23962.75,23841.25,24064.8,1,-204.6,time
2025-08-21,2025-08-21 10:20:00-04:00,2025-08-21 12:10:00-04:00,23301.75,23175.5,23175.75,23389.95,1,-2529.6,stop
2025-08-22,2025-08-22 10:05:00-04:00,2025-08-22 14:00:00-04:00,23486.25,23606.0,23205.5,23682.775,1,2390.4,time
2025-08-25,2025-08-25 10:05:00-04:00,2025-08-25 11:50:00-04:00,23543.0,23612.575,23443.25,23612.825,1,1386.9000000000146,target
2025-08-26,2025-08-26 10:25:00-04:00,2025-08-26 14:00:00-04:00,23540.5,23502.5,23427.0,23619.95,1,-764.6,time
2025-08-27,2025-08-27 10:15:00-04:00,2025-08-27 11:45:00-04:00,23566.25,23621.125,23487.5,23621.375,1,1092.9,target
2025-08-28,2025-08-28 12:30:00-04:00,2025-08-28 14:00:00-04:00,23754.75,23766.0,23572.5,23882.325,1,220.4,time
2025-09-01,2025-09-01 11:20:00-04:00,2025-09-01 18:00:00-04:00,23495.25,23502.0,23441.75,23532.7,1,130.4,time
2025-09-02,2025-09-02 10:30:00-04:00,2025-09-02 14:00:00-04:00,23261.5,23188.75,23025.25,23426.875,1,-1459.6,time
2025-09-03,2025-09-03 10:20:00-04:00,2025-09-03 10:40:00-04:00,23442.5,23493.0,23370.0,23493.25,1,1005.4,target
2025-09-04,2025-09-04 11:55:00-04:00,2025-09-04 14:00:00-04:00,23551.25,23583.0,23457.25,23617.05,1,630.4,time
2025-09-08,2025-09-08 10:45:00-04:00,2025-09-08 13:50:00-04:00,23881.5,23771.5,23771.75,23958.325,1,-2204.6,stop
2025-09-11,2025-09-11 10:35:00-04:00,2025-09-11 14:00:00-04:00,23998.0,24032.5,23909.75,24059.775,1,685.4,time
2025-09-12,2025-09-12 10:25:00-04:00,2025-09-12 12:55:00-04:00,24071.25,24119.825,24001.5,24120.075,1,966.9000000000145,target
2025-09-15,2025-09-15 11:05:00-04:00,2025-09-15 14:00:00-04:00,24266.5,24286.25,24172.75,24332.125,1,390.4,time
2025-09-18,2025-09-18 10:05:00-04:00,2025-09-18 11:20:00-04:00,24478.25,24563.575,24356.0,24563.825,1,1701.9000000000146,target
2025-09-22,2025-09-22 10:25:00-04:00,2025-09-22 12:05:00-04:00,24890.25,24943.2,24814.25,24943.45,1,1054.4000000000146,target
2025-09-25,2025-09-25 10:20:00-04:00,2025-09-25 14:00:00-04:00,24605.75,24517.25,24422.5,24734.025,1,-1774.6,time
2025-09-29,2025-09-29 10:10:00-04:00,2025-09-29 11:35:00-04:00,24969.25,24848.0,24848.25,25053.95,1,-2429.6,stop
2025-09-30,2025-09-30 11:00:00-04:00,2025-09-30 14:00:00-04:00,24842.75,24768.25,24722.25,24927.1,1,-1494.6,time
2025-10-01,2025-10-01 10:20:00-04:00,2025-10-01 12:30:00-04:00,24858.0,24950.15,24726.0,24950.4,1,1838.4000000000292,target
2025-10-06,2025-10-06 13:25:00-04:00,2025-10-06 14:00:00-04:00,25225.25,25227.5,25116.75,25301.2,1,40.4,time
2025-10-08,2025-10-08 10:05:00-04:00,2025-10-08 14:00:00-04:00,25203.5,25273.0,25074.0,25294.15,1,1385.4,time
2025-10-13,2025-10-13 10:05:00-04:00,2025-10-13 14:00:00-04:00,24904.25,24926.0,24724.5,25030.075,1,430.4,time
2025-10-14,2025-10-14 10:25:00-04:00,2025-10-14 12:20:00-04:00,24688.25,24875.075,24421.0,24875.325,1,3731.9000000000146,target
2025-10-15,2025-10-15 10:05:00-04:00,2025-10-15 11:50:00-04:00,25038.75,24896.75,24897.0,25137.975,1,-2844.6,stop
2025-10-16,2025-10-16 10:40:00-04:00,2025-10-16 11:25:00-04:00,25126.5,25026.5,25026.75,25196.325,1,-2004.6,stop
2025-10-17,2025-10-17 10:15:00-04:00,2025-10-17 14:00:00-04:00,24931.5,24935.0,24672.5,25112.8,1,65.4,time
2025-10-20,2025-10-20 10:10:00-04:00,2025-10-20 11:50:00-04:00,25248.75,25342.3,25114.75,25342.55,1,1866.3999999999855,target
2025-10-21,2025-10-21 11:50:00-04:00,2025-10-21 14:00:00-04:00,25309.0,25313.25,25211.5,25377.25,1,80.4,time
2025-10-23,2025-10-23 10:40:00-04:00,2025-10-23 14:00:00-04:00,25187.0,25279.25,24999.0,25318.6,1,1840.4,time
2025-10-24,2025-10-24 10:15:00-04:00,2025-10-24 14:00:00-04:00,25538.75,25548.75,25429.75,25615.05,1,195.4,time
2025-10-27,2025-10-27 10:05:00-04:00,2025-10-27 12:35:00-04:00,25866.75,25915.675,25796.5,25915.925,1,973.8999999999854,target
2025-10-28,2025-10-28 12:35:00-04:00,2025-10-28 14:00:00-04:00,26109.5,26153.25,26029.5,26165.5,1,870.4,time
2025-11-05,2025-11-05 10:40:00-05:00,2025-11-05 13:35:00-05:00,25704.25,25855.375,25488.0,25855.625,1,3017.9,target
2025-11-10,2025-11-10 13:40:00-05:00,2025-11-10 14:00:00-05:00,25668.5,25647.0,25525.25,25768.775,1,-434.6,time
2025-11-11,2025-11-11 13:20:00-05:00,2025-11-11 14:00:00-05:00,25657.25,25690.25,25560.25,25725.15,1,655.4,time
2025-11-14,2025-11-14 10:30:00-05:00,2025-11-14 12:10:00-05:00,25010.5,25279.4,24626.0,25279.65,1,5373.400000000029,target
2025-11-19,2025-11-19 10:05:00-05:00,2025-11-19 12:30:00-05:00,24924.75,24572.25,24572.5,25171.325,1,-7054.6,stop
2025-11-20,2025-11-20 10:40:00-05:00,2025-11-20 11:00:00-05:00,25292.0,25145.75,25146.0,25394.2,1,-2929.6,stop
2025-11-21,2025-11-21 12:00:00-05:00,2025-11-21 14:00:00-05:00,24372.0,24477.25,24101.5,24561.35,1,2100.4,time
2025-11-24,2025-11-24 10:05:00-05:00,2025-11-24 11:45:00-05:00,24734.75,24887.1,24516.75,24887.35,1,3042.399999999971,target
2025-11-25,2025-11-25 11:55:00-05:00,2025-11-25 14:00:00-05:00,24898.0,25023.75,24602.0,25105.2,1,2510.4,time
2025-11-26,2025-11-26 11:05:00-05:00,2025-11-26 14:00:00-05:00,25292.25,25316.25,25155.25,25388.15,1,475.4,time
2025-12-01,2025-12-01 10:55:00-05:00,2025-12-01 14:00:00-05:00,25409.75,25486.5,25209.25,25550.1,1,1530.4,time
2025-12-02,2025-12-02 10:05:00-05:00,2025-12-02 11:20:00-05:00,25635.75,25471.0,25471.25,25750.9,1,-3299.6,stop
2025-12-03,2025-12-03 10:05:00-05:00,2025-12-03 14:00:00-05:00,25572.0,25628.25,25430.0,25671.4,1,1120.4,time
2025-12-05,2025-12-05 10:05:00-05:00,2025-12-05 11:30:00-05:00,25812.5,25673.25,25673.5,25909.8,1,-2789.6,stop
2025-12-09,2025-12-09 10:30:00-05:00,2025-12-09 12:00:00-05:00,25657.0,25724.65,25560.0,25724.9,1,1348.4000000000292,target
2025-12-11,2025-12-11 13:40:00-05:00,2025-12-11 14:00:00-05:00,25663.0,25636.5,25400.5,25846.75,1,-534.6,time
2025-12-18,2025-12-18 10:35:00-05:00,2025-12-18 14:00:00-05:00,25130.25,25102.75,24929.5,25270.775,1,-554.6,time
2025-12-23,2025-12-23 11:45:00-05:00,2025-12-23 14:00:00-05:00,25752.5,25773.75,25638.0,25832.65,1,420.4,time
2025-12-24,2025-12-24 10:15:00-05:00,2025-12-24 11:30:00-05:00,25828.25,25858.975,25784.0,25859.225,1,609.8999999999709,target
2025-12-30,2025-12-30 11:25:00-05:00,2025-12-30 14:00:00-05:00,25782.75,25732.25,25674.25,25858.7,1,-1014.6,time
2026-01-05,2026-01-05 10:30:00-05:00,2026-01-05 14:00:00-05:00,25674.5,25612.5,25538.5,25769.7,1,-1244.6,time
2026-01-06,2026-01-06 10:25:00-05:00,2026-01-06 14:00:00-05:00,25763.5,25804.75,25608.0,25872.35,1,820.4,time
2026-01-07,2026-01-07 10:35:00-05:00,2026-01-07 11:45:00-05:00,25882.25,25959.875,25771.0,25960.125,1,1547.9,target
2026-01-09,2026-01-09 10:25:00-05:00,2026-01-09 11:50:00-05:00,25800.25,25906.225,25648.5,25906.475,1,2114.899999999971,target
2026-01-12,2026-01-12 11:10:00-05:00,2026-01-12 14:00:00-05:00,25925.75,25978.25,25743.5,26053.325,1,1045.4,time
2026-01-19,2026-01-19 10:05:00-05:00,2026-01-19 12:20:00-05:00,25335.0,25403.7,25236.5,25403.95,1,1369.4000000000146,target
2026-01-20,2026-01-20 10:35:00-05:00,2026-01-20 13:30:00-05:00,25385.75,25233.5,25233.75,25492.15,1,-3049.6,stop
2026-01-21,2026-01-21 10:20:00-05:00,2026-01-21 14:00:00-05:00,25347.75,25282.0,25127.5,25501.925,1,-1319.6,time
2026-01-23,2026-01-23 10:05:00-05:00,2026-01-23 10:50:00-05:00,25712.0,25816.4,25562.5,25816.65,1,2083.400000000029,target
2026-01-26,2026-01-26 10:20:00-05:00,2026-01-26 14:00:00-05:00,25871.5,25898.0,25704.25,25988.575,1,525.4,time
2026-01-27,2026-01-27 10:10:00-05:00,2026-01-27 14:00:00-05:00,26066.75,26089.75,25917.25,26171.4,1,455.4,time
2026-02-02,2026-02-02 10:10:00-05:00,2026-02-02 14:00:00-05:00,25831.25,25941.5,25539.75,26035.3,1,2200.4,time
2026-02-06,2026-02-06 11:15:00-05:00,2026-02-06 14:00:00-05:00,25002.5,25084.0,24700.75,25213.725,1,1625.4,time
2026-02-09,2026-02-09 10:10:00-05:00,2026-02-09 11:45:00-05:00,25198.75,25368.775,24955.5,25369.025,1,3395.900000000029,target
2026-02-10,2026-02-10 10:10:00-05:00,2026-02-10 14:00:00-05:00,25435.5,25312.25,25255.75,25561.325,1,-2469.6,time
2026-02-13,2026-02-13 10:35:00-05:00,2026-02-13 14:00:00-05:00,24908.25,24940.25,24578.75,25138.9,1,635.4,time
2026-02-16,2026-02-16 10:05:00-05:00,2026-02-16 10:30:00-05:00,24788.0,24692.5,24692.75,24854.675,1,-1914.6,stop
2026-02-17,2026-02-17 13:40:00-05:00,2026-02-17 14:00:00-05:00,24818.75,24845.25,24475.0,25059.375,1,525.4,time
2026-02-18,2026-02-18 10:05:00-05:00,2026-02-18 14:00:00-05:00,25017.0,25025.5,24752.0,25202.5,1,165.4,time
2026-02-19,2026-02-19 10:05:00-05:00,2026-02-19 13:20:00-05:00,24925.25,24762.75,24763.0,25038.825,1,-3254.6,stop
2026-02-20,2026-02-20 10:05:00-05:00,2026-02-20 14:00:00-05:00,24975.0,25098.25,24678.5,25182.55,1,2460.4,time
2026-02-24,2026-02-24 10:30:00-05:00,2026-02-24 14:00:00-05:00,25011.5,25029.75,24694.5,25233.4,1,360.4,time
2026-02-25,2026-02-25 13:55:00-05:00,2026-02-25 14:00:00-05:00,25354.5,25350.0,25156.75,25492.925,1,-94.6,time
2026-02-27,2026-02-27 10:10:00-05:00,2026-02-27 14:00:00-05:00,24956.25,24902.25,24782.0,25078.225,1,-1084.6,time
2026-03-02,2026-03-02 10:10:00-05:00,2026-03-02 14:00:00-05:00,24903.0,24971.75,24605.0,25111.6,1,1370.4,time
2026-03-03,2026-03-03 11:50:00-05:00,2026-03-03 14:00:00-05:00,24690.75,24799.25,24480.25,24838.1,1,2165.4,time
2026-03-04,2026-03-04 10:10:00-05:00,2026-03-04 10:25:00-05:00,24995.25,25113.475,24826.0,25113.725,1,2359.899999999971,target
2026-03-06,2026-03-06 10:05:00-05:00,2026-03-06 10:35:00-05:00,24765.5,24874.975,24608.75,24875.225,1,2184.899999999971,target
2026-03-09,2026-03-09 10:45:00-04:00,2026-03-09 12:25:00-04:00,24535.75,24691.425,24313.0,24691.675,1,3108.8999999999855,target
2026-03-10,2026-03-10 10:40:00-04:00,2026-03-10 13:15:00-04:00,25092.0,25193.075,24947.25,25193.325,1,2016.9000000000146,target
2026-03-11,2026-03-11 10:05:00-04:00,2026-03-11 10:25:00-04:00,25121.75,25015.0,25015.25,25196.3,1,-2139.6,stop
2026-03-16,2026-03-16 10:25:00-04:00,2026-03-16 10:50:00-04:00,24751.75,24622.75,24623.0,24841.875,1,-2584.6,stop
2026-03-19,2026-03-19 11:05:00-04:00,2026-03-19 14:00:00-04:00,24312.25,24239.0,24115.0,24450.325,1,-1469.6,time
2026-03-23,2026-03-23 10:20:00-04:00,2026-03-23 11:50:00-04:00,24643.25,24432.25,24432.5,24790.775,1,-4224.6,stop
2026-03-24,2026-03-24 11:20:00-04:00,2026-03-24 14:00:00-04:00,24333.5,24242.75,24134.0,24473.15,1,-1819.6,time
2026-03-31,2026-03-31 12:40:00-04:00,2026-03-31 13:15:00-04:00,23667.75,23869.8,23378.75,23870.05,1,4036.3999999999855,target
2026-04-01,2026-04-01 10:40:00-04:00,2026-04-01 13:00:00-04:00,24213.75,24332.85,24043.25,24333.1,1,2377.399999999971,target
2026-04-02,2026-04-02 10:10:00-04:00,2026-04-02 10:35:00-04:00,23930.5,24107.0,23678.0,24107.25,1,3525.4,target
2026-04-09,2026-04-09 11:35:00-04:00,2026-04-09 12:00:00-04:00,25123.0,25205.0,25005.5,25205.25,1,1635.4,target
2026-04-10,2026-04-10 11:15:00-04:00,2026-04-10 11:40:00-04:00,25369.0,25290.25,25290.5,25423.95,1,-1579.6,stop
2026-04-13,2026-04-13 10:05:00-04:00,2026-04-13 12:50:00-04:00,25317.0,25426.65,25160.0,25426.9,1,2188.400000000029,target
2026-04-14,2026-04-14 10:15:00-04:00,2026-04-14 11:35:00-04:00,25775.25,25858.475,25656.0,25858.725,1,1659.899999999971,target
2026-04-15,2026-04-15 10:05:00-04:00,2026-04-15 10:30:00-04:00,26074.75,26139.25,25982.25,26139.5,1,1285.4,target
2026-04-16,2026-04-16 11:10:00-04:00,2026-04-16 14:00:00-04:00,26465.25,26460.0,26275.5,26598.075,1,-109.6,time
2026-04-17,2026-04-17 10:05:00-04:00,2026-04-17 10:40:00-04:00,26750.5,26834.95,26629.5,26835.2,1,1684.4000000000146,target
2026-04-21,2026-04-21 10:10:00-04:00,2026-04-21 11:00:00-04:00,26861.0,26726.5,26726.75,26954.975,1,-2694.6,stop
2026-04-22,2026-04-22 10:15:00-04:00,2026-04-22 10:35:00-04:00,26923.25,27001.225,26811.5,27001.475,1,1554.899999999971,target
2026-04-23,2026-04-23 11:05:00-04:00,2026-04-23 13:05:00-04:00,27105.75,26964.75,26965.0,27204.275,1,-2824.6,stop
2026-04-24,2026-04-24 10:50:00-04:00,2026-04-24 11:40:00-04:00,27261.5,27353.125,27130.25,27353.375,1,1827.9,target
2026-04-27,2026-04-27 13:35:00-04:00,2026-04-27 14:00:00-04:00,27438.25,27428.25,27298.5,27536.075,1,-204.6,time
2026-04-29,2026-04-29 10:25:00-04:00,2026-04-29 14:00:00-04:00,27244.0,27249.25,27124.25,27327.825,1,100.4,time
2026-04-30,2026-04-30 13:40:00-04:00,2026-04-30 14:00:00-04:00,27498.5,27543.25,27203.0,27705.35,1,890.4,time
2026-05-01,2026-05-01 10:05:00-04:00,2026-05-01 14:00:00-04:00,27888.0,27883.0,27617.75,28077.175,1,-104.6,time
2026-05-04,2026-05-04 10:20:00-04:00,2026-05-04 11:15:00-04:00,27906.0,27808.0,27808.25,27974.425,1,-1964.6,stop
2026-05-05,2026-05-05 10:30:00-04:00,2026-05-05 14:00:00-04:00,28119.75,28159.25,27971.0,28223.875,1,785.4,time
2026-05-06,2026-05-06 10:45:00-04:00,2026-05-06 14:00:00-04:00,28521.25,28599.25,28336.0,28650.925,1,1555.4,time
2026-05-07,2026-05-07 10:05:00-04:00,2026-05-07 10:20:00-04:00,28809.5,28880.3,28708.0,28880.55,1,1411.3999999999855,target
2026-05-08,2026-05-08 10:05:00-04:00,2026-05-08 13:05:00-04:00,29116.0,29295.3,28859.5,29295.55,1,3581.3999999999855,target
2026-05-11,2026-05-11 11:50:00-04:00,2026-05-11 14:00:00-04:00,29440.0,29441.75,29281.5,29550.95,1,30.4,time
2026-05-13,2026-05-13 10:55:00-04:00,2026-05-13 13:00:00-04:00,29310.0,29474.25,29075.0,29474.5,1,3280.4,target
2026-05-14,2026-05-14 10:45:00-04:00,2026-05-14 14:00:00-04:00,29686.75,29730.5,29458.5,29846.525,1,870.4,time
2026-05-15,2026-05-15 10:15:00-04:00,2026-05-15 13:55:00-04:00,29301.0,29448.625,29089.75,29448.875,1,2947.9,target
2026-05-19,2026-05-19 13:10:00-04:00,2026-05-19 14:00:00-04:00,29069.75,29069.0,28850.25,29223.4,1,-19.6,time
2026-05-20,2026-05-20 10:30:00-04:00,2026-05-20 11:15:00-04:00,29209.0,29338.775,29023.25,29339.025,1,2590.900000000029,target
2026-05-21,2026-05-21 10:10:00-04:00,2026-05-21 10:20:00-04:00,29321.0,29173.75,29174.0,29423.9,1,-2949.6,stop
2026-05-22,2026-05-22 13:30:00-04:00,2026-05-22 14:00:00-04:00,29736.75,29679.0,29551.25,29866.6,1,-1159.6,time
2026-05-26,2026-05-26 10:15:00-04:00,2026-05-26 14:00:00-04:00,30029.0,29996.25,29826.75,30170.575,1,-659.6,time
2026-05-28,2026-05-28 10:15:00-04:00,2026-05-28 13:00:00-04:00,30161.25,30329.7,29920.25,30329.95,1,3364.4000000000146,target
2026-06-01,2026-06-01 11:25:00-04:00,2026-06-01 13:25:00-04:00,30477.5,30597.3,30306.0,30597.55,1,2391.3999999999855,target
2026-06-02,2026-06-02 10:10:00-04:00,2026-06-02 14:00:00-04:00,30612.25,30628.25,30423.75,30744.2,1,315.4,time
2026-06-04,2026-06-04 11:05:00-04:00,2026-06-04 13:10:00-04:00,30370.0,30497.325,30187.75,30497.575,1,2541.9000000000146,target
2026-06-08,2026-06-08 10:40:00-04:00,2026-06-08 14:00:00-04:00,29586.5,29559.0,29341.0,29758.35,1,-554.6,time
2026-06-10,2026-06-10 10:25:00-04:00,2026-06-10 11:10:00-04:00,29217.75,28772.25,28772.5,29529.425,1,-8914.6,stop
2026-06-11,2026-06-11 10:05:00-04:00,2026-06-11 10:55:00-04:00,29039.5,28650.5,28650.75,29311.625,1,-7784.6,stop
2026-06-12,2026-06-12 10:10:00-04:00,2026-06-12 14:00:00-04:00,29578.5,29683.75,29230.0,29822.45,1,2100.4,time
2026-06-15,2026-06-15 11:05:00-04:00,2026-06-15 14:00:00-04:00,30502.5,30555.25,30302.25,30642.675,1,1050.4,time
2026-06-22,2026-06-22 10:10:00-04:00,2026-06-22 10:25:00-04:00,30950.5,30756.5,30756.75,31086.125,1,-3884.6,stop
2026-06-23,2026-06-23 10:05:00-04:00,2026-06-23 14:00:00-04:00,29986.75,29732.5,29616.5,30245.925,1,-5089.6,time
2026-06-24,2026-06-24 11:00:00-04:00,2026-06-24 13:05:00-04:00,29891.5,29562.0,29562.25,30121.975,1,-6594.6,stop
2026-06-26,2026-06-26 10:05:00-04:00,2026-06-26 14:00:00-04:00,29534.5,29545.0,29181.5,29781.6,1,205.4,time
2026-06-29,2026-06-29 12:05:00-04:00,2026-06-29 14:00:00-04:00,29868.5,30003.75,29557.0,30086.55,1,2700.4,time
2026-06-30,2026-06-30 10:05:00-04:00,2026-06-30 14:00:00-04:00,30392.0,30524.5,30033.0,30643.3,1,2645.4,time
2026-07-01,2026-07-01 10:10:00-04:00,2026-07-01 14:00:00-04:00,30296.75,30164.0,30087.75,30443.05,1,-2659.6,time
2026-07-06,2026-07-06 10:15:00-04:00,2026-07-06 14:00:00-04:00,30022.0,29896.0,29776.25,30194.025,1,-2524.6,time
2026-07-08,2026-07-08 13:25:00-04:00,2026-07-08 14:00:00-04:00,29420.75,29352.0,29201.0,29574.575,1,-1379.6,time
2026-07-09,2026-07-09 13:10:00-04:00,2026-07-09 14:00:00-04:00,29942.0,29974.5,29672.0,30131.0,1,645.4,time
2026-07-10,2026-07-10 11:30:00-04:00,2026-07-10 14:00:00-04:00,29980.25,30038.75,29798.0,30107.825,1,1165.4,time
2026-07-14,2026-07-14 11:10:00-04:00,2026-07-14 14:00:00-04:00,29857.75,29862.75,29685.0,29978.675,1,95.4,time
2026-07-17,2026-07-17 10:05:00-04:00,2026-07-17 11:55:00-04:00,28718.25,28935.0,28408.25,28935.25,1,4330.4,target
2026-07-21,2026-07-21 11:10:00-04:00,2026-07-21 14:00:00-04:00,29274.5,29341.25,29092.5,29401.9,1,1330.4,time
2026-07-22,2026-07-22 11:10:00-04:00,2026-07-22 14:00:00-04:00,29292.75,29243.75,29090.0,29434.675,1,-984.6,time
2026-07-28,2026-07-28 11:40:00-04:00,2026-07-28 14:00:00-04:00,28005.75,27973.75,27641.75,28260.55,1,-644.6,time
2026-07-30,2026-07-30 10:25:00-04:00,2026-07-30 14:00:00-04:00,28164.25,28177.25,27813.25,28409.95,1,255.4,time
2026-08-03,2026-08-03 10:25:00-04:00,2026-08-03 13:55:00-04:00,28662.25,28906.125,28313.5,28906.375,1,4872.9,target
2026-08-04,2026-08-04 10:10:00-04:00,2026-08-04 12:45:00-04:00,29518.75,29735.85,29208.25,29736.1,1,4337.3999999999705,target
2026-08-06,2026-08-06 10:10:00-04:00,2026-08-06 14:00:00-04:00,29580.25,29528.75,29241.25,29817.55,1,-1034.6,time
2026-08-07,2026-08-07 11:30:00-04:00,2026-08-07 14:00:00-04:00,29826.25,29743.25,29643.75,29954.0,1,-1664.6,time
2026-08-10,2026-08-10 10:10:00-04:00,2026-08-10 14:00:00-04:00,29875.0,29758.75,29718.75,29984.375,1,-2329.6,time
2026-08-13,2026-08-13 10:15:00-04:00,2026-08-13 14:00:00-04:00,30206.5,30204.75,29863.5,30446.6,1,-39.6,time
2026-08-17,2026-08-17 11:05:00-04:00,2026-08-17 13:05:00-04:00,30269.0,30165.25,30165.5,30341.45,1,-2079.6,stop
2026-08-27,2026-08-27 10:30:00-04:00,2026-08-27 14:00:00-04:00,29606.75,29611.75,29423.75,29734.85,1,95.4,time
2026-08-28,2026-08-28 10:45:00-04:00,2026-08-28 11:55:00-04:00,29735.0,29562.5,29562.75,29855.575,1,-3454.6,stop
2026-09-01,2026-09-01 10:25:00-04:00,2026-09-01 10:45:00-04:00,29161.5,29246.125,29040.25,29246.375,1,1687.9,target
2026-09-02,2026-09-02 10:15:00-04:00,2026-09-02 10:30:00-04:00,29128.0,29205.275,29017.25,29205.525,1,1540.9000000000292,target
2026-09-03,2026-09-03 11:05:00-04:00,2026-09-03 14:00:00-04:00,29437.25,29543.25,29199.5,29603.675,1,2115.4,time
2026-09-09,2026-09-09 10:05:00-04:00,2026-09-09 11:10:00-04:00,29578.5,29418.0,29418.25,29690.675,1,-3214.6,stop
2026-09-10,2026-09-10 10:25:00-04:00,2026-09-10 14:00:00-04:00,29229.75,29186.0,29057.5,29350.325,1,-879.6,time
2026-09-11,2026-09-11 11:30:00-04:00,2026-09-11 14:00:00-04:00,29485.5,29452.0,29347.25,29582.275,1,-674.6,time
2026-09-14,2026-09-14 10:10:00-04:00,2026-09-14 11:40:00-04:00,29065.5,29195.975,28878.75,29196.225,1,2604.899999999971,target
2026-09-16,2026-09-16 11:00:00-04:00,2026-09-16 14:00:00-04:00,29204.25,29182.75,29081.5,29290.175,1,-434.6,time
2026-09-17,2026-09-17 11:45:00-04:00,2026-09-17 14:00:00-04:00,29443.25,29447.0,29309.0,29537.225,1,70.4,time
2026-09-21,2026-09-21 10:15:00-04:00,2026-09-21 11:30:00-04:00,30437.75,30592.375,30216.5,30592.625,1,3087.9,target
2026-09-22,2026-09-22 10:15:00-04:00,2026-09-22 14:00:00-04:00,30961.25,30977.0,30763.5,31099.675,1,310.4,time
2026-09-24,2026-09-24 10:30:00-04:00,2026-09-24 12:15:00-04:00,30630.25,30725.9,30493.25,30726.15,1,1908.4000000000292,target
