session_date,entry_time,exit_time,entry,exit,stop,target,qty,net_pnl,exit_reason
2021-01-05,2021-01-05 10:05:00-05:00,2021-01-05 14:00:00-05:00,12773.0,12751.75,12650.25,12846.65,1,-429.6,time
2021-01-06,2021-01-06 10:15:00-05:00,2021-01-06 10:50:00-05:00,12677.25,12752.6,12551.25,12752.85,1,1502.4000000000074,target
2021-01-07,2021-01-07 10:05:00-05:00,2021-01-07 14:00:00-05:00,12871.5,12912.75,12726.0,12958.8,1,820.4,time
2021-01-08,2021-01-08 12:15:00-05:00,2021-01-08 13:20:00-05:00,13056.5,12985.5,12985.75,13098.95,1,-1424.6,stop
2021-01-11,2021-01-11 10:10:00-05:00,2021-01-11 14:00:00-05:00,12980.5,12959.75,12892.25,13033.45,1,-419.6,time
2021-01-13,2021-01-13 10:40:00-05:00,2021-01-13 14:00:00-05:00,12958.75,12977.75,12864.5,13015.3,1,375.4,time
2021-01-14,2021-01-14 10:50:00-05:00,2021-01-14 11:55:00-05:00,13021.25,12968.5,12968.75,13052.75,1,-1059.6,stop
2021-01-19,2021-01-19 12:40:00-05:00,2021-01-19 13:35:00-05:00,12931.25,12973.45,12860.5,12973.7,1,839.4000000000145,target
2021-01-20,2021-01-20 10:10:00-05:00,2021-01-20 12:00:00-05:00,13206.75,13257.95,13121.0,13258.2,1,1019.4000000000145,target
2021-01-21,2021-01-21 10:15:00-05:00,2021-01-21 14:00:00-05:00,13364.75,13364.75,13283.25,13413.65,1,-4.6,time
2021-01-26,2021-01-26 10:50:00-05:00,2021-01-26 14:00:00-05:00,13514.25,13500.0,13426.75,13566.75,1,-289.6,time
2021-01-28,2021-01-28 10:20:00-05:00,2021-01-28 12:20:00-05:00,13267.0,13350.0,13128.25,13350.25,1,1655.4,target
2021-01-29,2021-01-29 10:25:00-05:00,2021-01-29 11:20:00-05:00,13147.25,12997.75,12998.0,13236.8,1,-2994.6,stop
2021-02-01,2021-02-01 10:45:00-05:00,2021-02-01 12:00:00-05:00,13116.5,13204.0,12970.25,13204.25,1,1745.4,target
2021-02-02,2021-02-02 10:20:00-05:00,2021-02-02 14:00:00-05:00,13434.5,13471.5,13345.0,13488.2,1,735.4,time
2021-02-04,2021-02-04 13:05:00-05:00,2021-02-04 14:00:00-05:00,13486.25,13494.75,13412.25,13530.65,1,165.4,time
2021-02-05,2021-02-05 12:20:00-05:00,2021-02-05 12:55:00-05:00,13595.75,13631.8,13535.25,13632.05,1,716.3999999999854,target
2021-02-08,2021-02-08 10:05:00-05:00,2021-02-08 11:25:00-05:00,13674.75,13632.5,13632.75,13699.95,1,-849.6,stop
2021-02-09,2021-02-09 10:10:00-05:00,2021-02-09 14:00:00-05:00,13713.75,13671.25,13645.25,13754.85,1,-854.6,time
2021-02-12,2021-02-12 10:15:00-05:00,2021-02-12 11:25:00-05:00,13707.5,13744.15,13646.0,13744.4,1,728.3999999999927,target
2021-02-15,2021-02-15 12:30:00-05:00,2021-02-15 12:40:00-05:00,13863.5,13872.4,13848.25,13872.65,1,173.39999999999273,target
2021-02-16,2021-02-16 10:40:00-05:00,2021-02-16 11:05:00-05:00,13871.5,13811.25,13811.5,13907.5,1,-1209.6,stop
2021-02-18,2021-02-18 13:25:00-05:00,2021-02-18 14:00:00-05:00,13596.5,13600.0,13522.5,13640.9,1,65.4,time
2021-02-23,2021-02-23 10:30:00-05:00,2021-02-23 14:00:00-05:00,13025.25,13045.25,12757.25,13186.05,1,395.4,time
2021-02-24,2021-02-24 11:15:00-05:00,2021-02-24 12:25:00-05:00,13143.5,13228.15,13002.0,13228.4,1,1688.3999999999928,target
2021-02-26,2021-02-26 12:10:00-05:00,2021-02-26 14:00:00-05:00,13052.75,12955.5,12858.75,13169.15,1,-1949.6,time
2021-03-01,2021-03-01 10:20:00-05:00,2021-03-01 10:55:00-05:00,13131.75,13186.25,13040.5,13186.5,1,1085.4,target
2021-03-04,2021-03-04 11:45:00-05:00,2021-03-04 12:25:00-05:00,12783.0,12568.0,12568.25,12911.85,1,-4304.6,stop
2021-03-08,2021-03-08 10:35:00-05:00,2021-03-08 11:50:00-05:00,12708.75,12526.5,12526.75,12817.95,1,-3649.6,stop
2021-03-09,2021-03-09 10:05:00-05:00,2021-03-09 13:00:00-05:00,12725.25,12807.95,12587.0,12808.2,1,1649.4000000000146,target
2021-03-11,2021-03-11 10:50:00-05:00,2021-03-11 11:20:00-05:00,13009.5,13056.2,12931.25,13056.45,1,929.4000000000145,target
2021-03-12,2021-03-12 12:30:00-05:00,2021-03-12 14:00:00-05:00,12903.5,12882.75,12798.0,12966.8,1,-419.6,time
2021-03-15,2021-03-15 10:15:00-04:00,2021-03-15 11:30:00-04:00,12987.25,12896.75,12897.0,13041.4,1,-1814.6,stop
2021-03-16,2021-03-16 10:05:00-04:00,2021-03-16 14:00:00-04:00,13245.75,13189.5,13142.5,13307.7,1,-1129.6,time
2021-03-17,2021-03-17 10:20:00-04:00,2021-03-17 14:00:00-04:00,13079.75,13009.5,12946.5,13159.7,1,-1409.6,time
2021-03-22,2021-03-22 10:35:00-04:00,2021-03-22 11:20:00-04:00,13026.0,13084.7,12927.75,13084.95,1,1169.4000000000146,target
2021-03-23,2021-03-23 10:15:00-04:00,2021-03-23 11:15:00-04:00,13122.75,13165.85,13050.5,13166.1,1,857.4000000000073,target
2021-03-25,2021-03-25 10:05:00-04:00,2021-03-25 10:45:00-04:00,12823.0,12688.5,12688.75,12903.55,1,-2694.6,stop
2021-03-26,2021-03-26 10:05:00-04:00,2021-03-26 14:00:00-04:00,12851.0,12798.75,12753.75,12909.35,1,-1049.6,time
2021-03-29,2021-03-29 13:05:00-04:00,2021-03-29 14:00:00-04:00,12986.5,12953.75,12852.25,13067.05,1,-659.6,time
2021-03-30,2021-03-30 11:35:00-04:00,2021-03-30 14:00:00-04:00,12895.25,12851.5,12805.25,12949.25,1,-879.6,time
2021-03-31,2021-03-31 10:05:00-04:00,2021-03-31 12:15:00-04:00,13067.5,13135.95,12953.0,13136.2,1,1364.4000000000146,target
2021-04-01,2021-04-01 10:10:00-04:00,2021-04-01 14:00:00-04:00,13306.5,13281.25,13241.75,13345.35,1,-509.6,time
2021-04-05,2021-04-05 10:10:00-04:00,2021-04-05 11:30:00-04:00,13490.25,13538.6,13409.25,13538.85,1,962.4000000000073,target
2021-04-06,2021-04-06 10:05:00-04:00,2021-04-06 11:15:00-04:00,13605.0,13644.5,13538.75,13644.75,1,785.4,target
2021-04-07,2021-04-07 10:05:00-04:00,2021-04-07 14:00:00-04:00,13593.0,13596.25,13512.5,13641.3,1,60.4,time
2021-04-09,2021-04-09 10:05:00-04:00,2021-04-09 12:05:00-04:00,13732.5,13776.8,13658.25,13777.05,1,881.3999999999854,target
2021-04-12,2021-04-12 12:35:00-04:00,2021-04-12 14:00:00-04:00,13814.0,13782.75,13742.5,13856.9,1,-629.6,time
2021-04-15,2021-04-15 10:30:00-04:00,2021-04-15 14:00:00-04:00,13989.25,14013.75,13923.0,14029.0,1,485.4,time
2021-04-21,2021-04-21 10:30:00-04:00,2021-04-21 14:00:00-04:00,13816.0,13859.25,13700.5,13885.3,1,860.4,time
2021-04-22,2021-04-22 10:35:00-04:00,2021-04-22 13:10:00-04:00,13931.25,13855.25,13855.5,13976.7,1,-1524.6,stop
2021-04-23,2021-04-23 10:05:00-04:00,2021-04-23 11:00:00-04:00,13837.75,13874.55,13776.0,13874.8,1,731.3999999999854,target
2021-04-26,2021-04-26 10:10:00-04:00,2021-04-26 11:00:00-04:00,13952.25,13982.0,13902.25,13982.25,1,590.4,target
2021-04-30,2021-04-30 10:25:00-04:00,2021-04-30 13:50:00-04:00,13923.25,13840.25,13840.5,13972.9,1,-1664.6,stop
2021-05-03,2021-05-03 10:15:00-04:00,2021-05-03 10:50:00-04:00,13929.75,13850.75,13851.0,13977.0,1,-1584.6,stop
2021-05-06,2021-05-06 11:35:00-04:00,2021-05-06 12:30:00-04:00,13524.0,13583.45,13424.5,13583.7,1,1184.4000000000146,target
2021-05-07,2021-05-07 10:10:00-04:00,2021-05-07 14:00:00-04:00,13764.5,13681.0,13661.5,13826.3,1,-1674.6,time
2021-05-11,2021-05-11 11:20:00-04:00,2021-05-11 14:00:00-04:00,13272.25,13335.0,13084.75,13384.75,1,1250.4,time
2021-05-13,2021-05-13 10:05:00-04:00,2021-05-13 11:40:00-04:00,13189.25,13086.5,13086.75,13250.75,1,-2059.6,stop
2021-05-14,2021-05-14 10:15:00-04:00,2021-05-14 11:15:00-04:00,13287.25,13334.1,13208.75,13334.35,1,932.4000000000073,target
2021-05-18,2021-05-18 10:30:00-04:00,2021-05-18 14:00:00-04:00,13382.75,13331.0,13300.0,13432.4,1,-1039.6,time
2021-05-19,2021-05-19 10:30:00-04:00,2021-05-19 12:20:00-04:00,13092.25,13165.65,12969.5,13165.9,1,1463.3999999999928,target
2021-05-20,2021-05-20 10:05:00-04:00,2021-05-20 11:35:00-04:00,13406.0,13480.6,13281.25,13480.85,1,1487.4000000000074,target
2021-05-24,2021-05-24 10:05:00-04:00,2021-05-24 10:40:00-04:00,13589.5,13646.85,13493.5,13647.1,1,1142.4000000000074,target
2021-05-26,2021-05-26 11:10:00-04:00,2021-05-26 14:00:00-04:00,13711.5,13686.5,13662.0,13741.2,1,-504.6,time
2021-05-27,2021-05-27 10:20:00-04:00,2021-05-27 14:00:00-04:00,13699.25,13686.75,13644.0,13732.4,1,-254.6,time
2021-05-28,2021-05-28 11:45:00-04:00,2021-05-28 14:00:00-04:00,13745.5,13716.0,13695.75,13775.35,1,-594.6,time
2021-06-03,2021-06-03 11:00:00-04:00,2021-06-03 14:00:00-04:00,13579.0,13566.0,13462.25,13649.05,1,-264.6,time
2021-06-04,2021-06-04 10:05:00-04:00,2021-06-04 14:00:00-04:00,13733.25,13774.5,13605.5,13809.9,1,820.4,time
2021-06-14,2021-06-14 12:05:00-04:00,2021-06-14 14:00:00-04:00,14049.0,14067.0,13965.25,14099.25,1,355.4,time
2021-06-17,2021-06-17 10:05:00-04:00,2021-06-17 10:30:00-04:00,14050.75,14115.6,13942.25,14115.85,1,1292.4000000000074,target
2021-06-21,2021-06-21 10:40:00-04:00,2021-06-21 14:00:00-04:00,14082.0,14133.5,13958.5,14156.1,1,1025.4,time
2021-06-22,2021-06-22 11:10:00-04:00,2021-06-22 14:00:00-04:00,14187.5,14220.75,14107.5,14235.5,1,660.4,time
2021-06-24,2021-06-24 10:10:00-04:00,2021-06-24 12:10:00-04:00,14387.25,14412.95,14344.0,14413.2,1,509.40000000001453,target
2021-06-28,2021-06-28 10:10:00-04:00,2021-06-28 14:00:00-04:00,14467.25,14463.0,14390.75,14513.15,1,-89.6,time
2021-06-29,2021-06-29 12:20:00-04:00,2021-06-29 14:00:00-04:00,14534.0,14551.0,14470.5,14572.1,1,335.4,time
2021-07-02,2021-07-02 11:55:00-04:00,2021-07-02 14:00:00-04:00,14670.25,14690.25,14619.25,14700.85,1,395.4,time
2021-07-06,2021-07-06 10:10:00-04:00,2021-07-06 10:30:00-04:00,14786.25,14737.75,14738.0,14815.2,1,-974.6,stop
2021-07-08,2021-07-08 10:30:00-04:00,2021-07-08 12:30:00-04:00,14644.25,14706.25,14540.5,14706.5,1,1235.4,target
2021-07-09,2021-07-09 10:25:00-04:00,2021-07-09 10:50:00-04:00,14728.25,14764.15,14668.0,14764.4,1,713.3999999999927,target
2021-07-13,2021-07-13 10:05:00-04:00,2021-07-13 11:20:00-04:00,14927.5,14978.4,14842.25,14978.65,1,1013.3999999999927,target
2021-07-14,2021-07-14 10:05:00-04:00,2021-07-14 11:25:00-04:00,14992.25,14934.75,14935.0,15026.6,1,-1154.6,stop
2021-07-20,2021-07-20 10:25:00-04:00,2021-07-20 11:05:00-04:00,14608.75,14663.7,14516.75,14663.95,1,1094.4000000000146,target
2021-07-21,2021-07-21 10:25:00-04:00,2021-07-21 14:00:00-04:00,14761.25,14779.0,14692.25,14802.65,1,350.4,time
2021-07-22,2021-07-22 10:30:00-04:00,2021-07-22 14:00:00-04:00,14905.0,14905.5,14839.5,14944.3,1,5.4,time
2021-07-23,2021-07-23 10:20:00-04:00,2021-07-23 11:15:00-04:00,14997.75,15035.6,14934.25,15035.85,1,752.4000000000073,target
2021-07-26,2021-07-26 10:05:00-04:00,2021-07-26 14:00:00-04:00,15112.75,15105.0,15040.25,15156.25,1,-159.6,time
2021-07-28,2021-07-28 10:20:00-04:00,2021-07-28 14:00:00-04:00,15054.5,14973.25,14901.5,15146.3,1,-1629.6,time
2021-07-30,2021-07-30 10:05:00-04:00,2021-07-30 14:00:00-04:00,14977.0,14964.5,14866.0,15043.6,1,-254.6,time
2021-08-02,2021-08-02 11:25:00-04:00,2021-08-02 14:00:00-04:00,15045.75,14985.5,14935.75,15111.75,1,-1209.6,time
2021-08-03,2021-08-03 12:00:00-04:00,2021-08-03 14:00:00-04:00,15011.0,15019.5,14903.25,15075.65,1,165.4,time
2021-08-04,2021-08-04 13:05:00-04:00,2021-08-04 14:00:00-04:00,15075.25,15074.5,15018.5,15109.3,1,-19.6,time
2021-08-05,2021-08-05 10:10:00-04:00,2021-08-05 11:00:00-04:00,15129.0,15162.35,15073.0,15162.6,1,662.4000000000073,target
2021-08-12,2021-08-12 10:20:00-04:00,2021-08-12 10:50:00-04:00,15008.5,15045.45,14946.5,15045.7,1,734.4000000000145,target
2021-08-13,2021-08-13 10:20:00-04:00,2021-08-13 14:00:00-04:00,15133.75,15115.5,15068.25,15173.05,1,-369.6,time
2021-08-17,2021-08-17 10:45:00-04:00,2021-08-17 11:55:00-04:00,15050.0,14954.75,14955.0,15107.0,1,-1909.6,stop
2021-08-19,2021-08-19 10:10:00-04:00,2021-08-19 10:55:00-04:00,14847.0,14896.7,14763.75,14896.95,1,989.4000000000145,target
2021-08-20,2021-08-20 10:05:00-04:00,2021-08-20 14:00:00-04:00,15059.75,15053.75,14959.0,15120.2,1,-124.6,time
2021-08-23,2021-08-23 10:05:00-04:00,2021-08-23 11:35:00-04:00,15230.25,15293.3,15124.75,15293.55,1,1256.3999999999855,target
2021-08-24,2021-08-24 10:10:00-04:00,2021-08-24 14:00:00-04:00,15361.25,15347.25,15313.0,15390.2,1,-284.6,time
2021-08-27,2021-08-27 10:05:00-04:00,2021-08-27 10:15:00-04:00,15361.25,15407.2,15284.25,15407.45,1,914.4000000000145,target
2021-08-30,2021-08-30 10:05:00-04:00,2021-08-30 13:30:00-04:00,15545.75,15599.8,15455.25,15600.05,1,1076.3999999999855,target
2021-09-03,2021-09-03 10:05:00-04:00,2021-09-03 14:00:00-04:00,15661.5,15656.25,15554.25,15725.85,1,-109.6,time
2021-09-06,2021-09-06 10:05:00-04:00,2021-09-06 18:00:00-04:00,15706.25,15701.75,15686.75,15717.95,1,-94.6,time
2021-09-07,2021-09-07 10:55:00-04:00,2021-09-07 14:00:00-04:00,15673.5,15691.75,15613.5,15709.5,1,360.4,time
2021-09-15,2021-09-15 13:00:00-04:00,2021-09-15 14:00:00-04:00,15447.0,15460.25,15339.0,15511.8,1,260.4,time
2021-09-22,2021-09-22 10:05:00-04:00,2021-09-22 11:00:00-04:00,15094.0,15141.3,15014.75,15141.55,1,941.3999999999854,target
2021-09-23,2021-09-23 10:05:00-04:00,2021-09-23 14:00:00-04:00,15319.0,15344.75,15182.0,15401.2,1,510.4,time
2021-09-24,2021-09-24 10:05:00-04:00,2021-09-24 14:00:00-04:00,15257.5,15261.5,15189.75,15298.15,1,75.4,time
2021-09-27,2021-09-27 11:05:00-04:00,2021-09-27 14:00:00-04:00,15221.75,15199.75,15084.0,15304.4,1,-444.6,time
2021-10-01,2021-10-01 13:50:00-04:00,2021-10-01 14:00:00-04:00,14740.25,14717.75,14606.75,14820.35,1,-454.6,time
2021-10-05,2021-10-05 10:05:00-04:00,2021-10-05 10:50:00-04:00,14606.5,14671.65,14497.5,14671.9,1,1298.3999999999928,target
2021-10-06,2021-10-06 10:25:00-04:00,2021-10-06 14:00:00-04:00,14658.75,14691.25,14511.5,14747.1,1,645.4,time
2021-10-07,2021-10-07 10:05:00-04:00,2021-10-07 14:00:00-04:00,14971.0,14962.25,14859.25,15038.05,1,-179.6,time
2021-10-11,2021-10-11 10:05:00-04:00,2021-10-11 14:00:00-04:00,14868.25,14782.25,14722.0,14956.0,1,-1724.6,time
2021-10-14,2021-10-14 10:05:00-04:00,2021-10-14 12:05:00-04:00,14973.5,15023.05,14890.5,15023.3,1,986.3999999999854,target
2021-10-15,2021-10-15 11:00:00-04:00,2021-10-15 14:00:00-04:00,15110.5,15099.0,15049.25,15147.25,1,-234.6,time
2021-10-18,2021-10-18 10:10:00-04:00,2021-10-18 11:50:00-04:00,15153.75,15214.55,15052.0,15214.8,1,1211.3999999999855,target
2021-10-19,2021-10-19 10:30:00-04:00,2021-10-19 12:55:00-04:00,15359.5,15393.75,15302.0,15394.0,1,680.4,target
2021-10-20,2021-10-20 10:35:00-04:00,2021-10-20 11:00:00-04:00,15445.0,15397.0,15397.25,15473.65,1,-964.6,stop
2021-10-21,2021-10-21 10:10:00-04:00,2021-10-21 10:45:00-04:00,15399.75,15438.95,15334.0,15439.2,1,779.4000000000145,target
2021-10-22,2021-10-22 10:30:00-04:00,2021-10-22 11:15:00-04:00,15463.0,15385.25,15385.5,15509.5,1,-1559.6,stop
2021-10-25,2021-10-25 12:00:00-04:00,2021-10-25 13:10:00-04:00,15437.0,15505.6,15322.25,15505.85,1,1367.4000000000074,target
2021-10-26,2021-10-26 10:15:00-04:00,2021-10-26 12:00:00-04:00,15675.0,15579.75,15580.0,15732.0,1,-1909.6,stop
2021-10-27,2021-10-27 10:55:00-04:00,2021-10-27 13:20:00-04:00,15649.0,15702.9,15558.75,15703.15,1,1073.3999999999928,target
2021-10-28,2021-10-28 10:30:00-04:00,2021-10-28 10:45:00-04:00,15699.5,15737.65,15635.5,15737.9,1,758.3999999999927,target
2021-10-29,2021-10-29 11:10:00-04:00,2021-10-29 12:10:00-04:00,15708.25,15763.5,15615.75,15763.75,1,1100.4,target
2021-11-02,2021-11-02 11:45:00-04:00,2021-11-02 14:00:00-04:00,15972.25,15937.25,15864.0,16037.2,1,-704.6,time
2021-11-04,2021-11-04 10:05:00-04:00,2021-11-04 10:30:00-04:00,16253.75,16311.55,16157.0,16311.8,1,1151.3999999999855,target
2021-11-10,2021-11-10 10:05:00-05:00,2021-11-10 13:15:00-05:00,16182.75,16041.5,16041.75,16267.35,1,-2829.6,stop
2021-11-12,2021-11-12 10:50:00-05:00,2021-11-12 11:05:00-05:00,16087.25,16138.3,16001.75,16138.55,1,1016.3999999999854,target
2021-11-16,2021-11-16 11:05:00-05:00,2021-11-16 14:00:00-05:00,16255.75,16311.75,16149.25,16319.65,1,1115.4,time
2021-11-17,2021-11-17 10:40:00-05:00,2021-11-17 11:55:00-05:00,16345.0,16389.75,16270.0,16390.0,1,890.4,target
2021-11-18,2021-11-18 11:35:00-05:00,2021-11-18 11:45:00-05:00,16430.5,16476.6,16353.25,16476.85,1,917.3999999999709,target
2021-11-19,2021-11-19 11:40:00-05:00,2021-11-19 14:00:00-05:00,16618.5,16581.0,16516.25,16679.85,1,-754.6,time
2021-11-22,2021-11-22 10:05:00-05:00,2021-11-22 11:10:00-05:00,16744.75,16638.0,16638.25,16808.65,1,-2139.6,stop
2021-11-24,2021-11-24 10:05:00-05:00,2021-11-24 11:20:00-05:00,16225.75,16299.75,16102.0,16300.0,1,1475.4,target
2021-11-29,2021-11-29 11:35:00-05:00,2021-11-29 12:15:00-05:00,16317.5,16382.65,16208.5,16382.9,1,1298.3999999999928,target
2021-11-30,2021-11-30 10:05:00-05:00,2021-11-30 10:45:00-05:00,16422.25,16318.75,16319.0,16484.2,1,-2074.6,stop
2021-12-01,2021-12-01 10:10:00-05:00,2021-12-01 12:55:00-05:00,16371.75,16270.25,16270.5,16432.5,1,-2034.6,stop
2021-12-02,2021-12-02 10:05:00-05:00,2021-12-02 10:40:00-05:00,16018.25,15788.25,15788.5,16156.1,1,-4604.6,stop
2021-12-06,2021-12-06 10:20:00-05:00,2021-12-06 14:00:00-05:00,15764.0,15871.25,15559.25,15886.85,1,2140.4,time
2021-12-07,2021-12-07 10:10:00-05:00,2021-12-07 12:35:00-05:00,16245.5,16321.15,16119.0,16321.4,1,1508.3999999999928,target
2021-12-08,2021-12-08 13:45:00-05:00,2021-12-08 14:00:00-05:00,16369.0,16356.0,16251.5,16439.5,1,-264.6,time
2021-12-21,2021-12-21 12:15:00-05:00,2021-12-21 13:35:00-05:00,15813.75,15903.35,15664.0,15903.6,1,1787.4000000000074,target
2021-12-22,2021-12-22 10:40:00-05:00,2021-12-22 14:00:00-05:00,16066.0,16065.75,15933.25,16145.65,1,-9.6,time
2021-12-23,2021-12-23 10:15:00-05:00,2021-12-23 11:10:00-05:00,16258.75,16307.85,16176.5,16308.1,1,977.4000000000073,target
2021-12-27,2021-12-27 10:05:00-05:00,2021-12-27 10:35:00-05:00,16457.5,16525.05,16344.5,16525.3,1,1346.3999999999855,target
2021-12-30,2021-12-30 10:10:00-05:00,2021-12-30 14:00:00-05:00,16538.25,16534.25,16449.25,16591.65,1,-84.6,time
2022-01-06,2022-01-06 11:15:00-05:00,2022-01-06 14:00:00-05:00,15860.5,15822.5,15672.0,15973.6,1,-764.6,time
2022-01-10,2022-01-10 13:55:00-05:00,2022-01-10 14:00:00-05:00,15418.75,15409.0,15241.75,15524.95,1,-199.6,time
2022-01-11,2022-01-11 10:05:00-05:00,2022-01-11 11:10:00-05:00,15620.75,15707.95,15475.0,15708.2,1,1739.4000000000146,target
2022-01-12,2022-01-12 10:15:00-05:00,2022-01-12 10:35:00-05:00,16003.5,15884.25,15884.5,16074.9,1,-2389.6,stop
2022-01-18,2022-01-18 10:10:00-05:00,2022-01-18 11:30:00-05:00,15408.25,15271.5,15271.75,15490.15,1,-2739.6,stop
2022-01-20,2022-01-20 10:35:00-05:00,2022-01-20 14:00:00-05:00,15302.5,15178.75,15160.25,15387.85,1,-2479.6,time
2022-01-21,2022-01-21 11:25:00-05:00,2022-01-21 12:20:00-05:00,14844.25,14631.0,14631.25,14972.05,1,-4269.6,stop
2022-01-26,2022-01-26 10:05:00-05:00,2022-01-26 10:40:00-05:00,14505.25,14350.0,14350.25,14598.25,1,-3109.6,stop
2022-01-27,2022-01-27 10:15:00-05:00,2022-01-27 10:30:00-05:00,14401.75,14231.75,14232.0,14503.6,1,-3404.6,stop
2022-01-28,2022-01-28 10:55:00-05:00,2022-01-28 11:25:00-05:00,14110.25,14255.95,13867.0,14256.2,1,2909.4000000000146,target
2022-01-31,2022-01-31 10:05:00-05:00,2022-01-31 14:00:00-05:00,14650.0,14775.0,14416.25,14790.25,1,2495.4,time
2022-02-03,2022-02-03 10:30:00-05:00,2022-02-03 11:55:00-05:00,14823.25,14677.25,14677.5,14910.7,1,-2924.6,stop
2022-02-04,2022-02-04 10:05:00-05:00,2022-02-04 13:20:00-05:00,14610.25,14716.5,14432.75,14716.75,1,2120.4,target
2022-02-08,2022-02-08 10:50:00-05:00,2022-02-08 11:00:00-05:00,14592.25,14646.45,14501.5,14646.7,1,1079.4000000000146,target
2022-02-09,2022-02-09 11:05:00-05:00,2022-02-09 14:00:00-05:00,14964.25,14982.25,14863.75,15024.55,1,355.4,time
2022-02-10,2022-02-10 10:05:00-05:00,2022-02-10 13:35:00-05:00,14959.0,14734.75,14735.0,15093.4,1,-4489.6,stop
2022-02-14,2022-02-14 11:20:00-05:00,2022-02-14 13:50:00-05:00,14338.0,14181.75,14182.0,14431.6,1,-3129.6,stop
2022-02-15,2022-02-15 10:45:00-05:00,2022-02-15 12:45:00-05:00,14540.25,14444.75,14445.0,14597.4,1,-1914.6,stop
2022-02-22,2022-02-22 10:30:00-05:00,2022-02-22 11:50:00-05:00,14105.25,13861.75,13862.0,14251.2,1,-4874.6,stop
2022-02-24,2022-02-24 10:15:00-05:00,2022-02-24 13:35:00-05:00,13377.75,13569.35,13058.0,13569.6,1,3827.4000000000074,target
2022-02-25,2022-02-25 10:45:00-05:00,2022-02-25 11:50:00-05:00,14038.75,14145.75,13860.0,14146.0,1,2135.4,target
2022-02-28,2022-02-28 10:40:00-05:00,2022-02-28 11:25:00-05:00,14181.0,14273.0,14027.25,14273.25,1,1835.4,target
2022-03-02,2022-03-02 11:10:00-05:00,2022-03-02 13:10:00-05:00,14158.75,14247.15,14011.0,14247.4,1,1763.3999999999928,target
2022-03-08,2022-03-08 12:15:00-05:00,2022-03-08 12:45:00-05:00,13458.25,13599.9,13221.75,13600.15,1,2828.399999999993,target
2022-03-09,2022-03-09 10:25:00-05:00,2022-03-09 12:35:00-05:00,13641.0,13727.75,13496.0,13728.0,1,1730.4,target
2022-03-10,2022-03-10 10:20:00-05:00,2022-03-10 10:30:00-05:00,13605.75,13486.0,13486.25,13677.45,1,-2399.6,stop
2022-03-14,2022-03-14 10:15:00-04:00,2022-03-14 11:40:00-04:00,13373.75,13204.75,13205.0,13475.0,1,-3384.6,stop
2022-03-15,2022-03-15 10:05:00-04:00,2022-03-15 10:30:00-04:00,13219.25,13295.8,13091.25,13296.05,1,1526.3999999999855,target
2022-03-16,2022-03-16 10:15:00-04:00,2022-03-16 10:25:00-04:00,13753.25,13837.3,13612.75,13837.55,1,1676.3999999999855,target
2022-03-17,2022-03-17 10:05:00-04:00,2022-03-17 14:00:00-04:00,13997.0,14074.0,13822.75,14101.55,1,1535.4,time
2022-03-22,2022-03-22 10:05:00-04:00,2022-03-22 10:40:00-04:00,14531.25,14625.35,14374.0,14625.6,1,1877.4000000000074,target
2022-03-23,2022-03-23 10:15:00-04:00,2022-03-23 11:20:00-04:00,14563.75,14625.3,14460.75,14625.55,1,1226.3999999999855,target
2022-03-24,2022-03-24 11:15:00-04:00,2022-03-24 11:25:00-04:00,14563.0,14619.45,14468.5,14619.7,1,1124.4000000000146,target
2022-03-25,2022-03-25 10:45:00-04:00,2022-03-25 11:00:00-04:00,14792.5,14708.0,14708.25,14843.05,1,-1694.6,stop
2022-03-30,2022-03-30 10:15:00-04:00,2022-03-30 11:00:00-04:00,15219.5,15141.0,15141.25,15266.45,1,-1574.6,stop
2022-04-04,2022-04-04 10:40:00-04:00,2022-04-04 14:00:00-04:00,15062.5,15119.25,14883.5,15169.9,1,1130.4,time
2022-04-08,2022-04-08 12:25:00-04:00,2022-04-08 14:00:00-04:00,14483.75,14391.25,14312.5,14586.5,1,-1854.6,time
2022-04-13,2022-04-13 10:20:00-04:00,2022-04-13 12:25:00-04:00,14082.0,14178.35,13921.0,14178.6,1,1922.4000000000074,target
2022-04-18,2022-04-18 10:15:00-04:00,2022-04-18 12:10:00-04:00,13945.5,13826.75,13827.0,14016.6,1,-2379.6,stop
2022-04-19,2022-04-19 10:05:00-04:00,2022-04-19 10:40:00-04:00,14023.0,14136.45,13833.5,14136.7,1,2264.4000000000146,target
2022-04-25,2022-04-25 10:30:00-04:00,2022-04-25 14:00:00-04:00,13392.75,13351.5,13236.0,13486.8,1,-829.6,time
2022-04-28,2022-04-28 12:40:00-04:00,2022-04-28 13:10:00-04:00,13292.0,13409.5,13095.75,13409.75,1,2345.4,target
2022-05-02,2022-05-02 10:30:00-04:00,2022-05-02 13:45:00-04:00,12983.25,12742.5,12742.75,13127.55,1,-4819.6,stop
2022-05-03,2022-05-03 10:05:00-04:00,2022-05-03 14:00:00-04:00,13140.0,13137.5,12968.5,13242.9,1,-54.6,time
2022-05-04,2022-05-04 13:05:00-04:00,2022-05-04 14:00:00-04:00,13121.0,13143.75,13016.75,13183.55,1,450.4,time
2022-05-06,2022-05-06 10:50:00-04:00,2022-05-06 14:00:00-04:00,12807.5,12685.25,12519.0,12980.6,1,-2449.6,time
2022-05-12,2022-05-12 10:10:00-04:00,2022-05-12 10:20:00-04:00,11910.25,12040.2,11693.25,12040.45,1,2594.4000000000146,target
2022-05-13,2022-05-13 10:05:00-04:00,2022-05-13 12:10:00-04:00,12288.5,12422.5,12064.75,12422.75,1,2675.4,target
2022-05-16,2022-05-16 10:30:00-04:00,2022-05-16 10:55:00-04:00,12366.5,12216.75,12217.0,12456.2,1,-2999.6,stop
2022-05-19,2022-05-19 11:25:00-04:00,2022-05-19 14:00:00-04:00,11979.25,11974.75,11795.25,12089.65,1,-94.6,time
2022-05-23,2022-05-23 11:35:00-04:00,2022-05-23 14:00:00-04:00,12001.5,12003.0,11817.75,12111.75,1,25.4,time
2022-05-25,2022-05-25 10:30:00-04:00,2022-05-25 14:00:00-04:00,11890.25,11849.5,11708.0,11999.6,1,-819.6,time
2022-05-26,2022-05-26 10:15:00-04:00,2022-05-26 12:55:00-04:00,12162.0,12319.55,11899.0,12319.8,1,3146.3999999999855,target
2022-05-27,2022-05-27 10:05:00-04:00,2022-05-27 12:10:00-04:00,12533.25,12611.75,12402.0,12612.0,1,1565.4,target
2022-05-30,2022-05-30 10:50:00-04:00,2022-05-30 12:25:00-04:00,12792.25,12819.75,12746.0,12820.0,1,545.4,target
2022-05-31,2022-05-31 11:55:00-04:00,2022-05-31 14:00:00-04:00,12698.25,12757.5,12520.75,12804.75,1,1180.4,time
2022-06-02,2022-06-02 10:15:00-04:00,2022-06-02 11:50:00-04:00,12618.0,12723.05,12442.5,12723.3,1,2096.3999999999855,target
2022-06-06,2022-06-06 10:05:00-04:00,2022-06-06 11:15:00-04:00,12788.75,12673.25,12673.5,12857.9,1,-2314.6,stop
2022-06-07,2022-06-07 10:30:00-04:00,2022-06-07 10:45:00-04:00,12591.5,12698.65,12412.5,12698.9,1,2138.399999999993,target
2022-06-09,2022-06-09 10:40:00-04:00,2022-06-09 13:40:00-04:00,12659.75,12505.75,12506.0,12752.0,1,-3084.6,stop
2022-06-15,2022-06-15 10:10:00-04:00,2022-06-15 14:00:00-04:00,11524.5,11546.0,11427.75,11582.55,1,425.4,time
2022-06-20,2022-06-20 10:20:00-04:00,2022-06-20 11:45:00-04:00,11378.0,11404.75,11333.0,11405.0,1,530.4,target
2022-06-21,2022-06-21 10:05:00-04:00,2022-06-21 14:00:00-04:00,11646.75,11603.0,11475.75,11749.35,1,-879.6,time
2022-06-22,2022-06-22 10:15:00-04:00,2022-06-22 10:35:00-04:00,11629.75,11739.3,11446.75,11739.55,1,2186.3999999999855,target
2022-06-23,2022-06-23 10:45:00-04:00,2022-06-23 14:00:00-04:00,11702.25,11618.5,11543.0,11797.8,1,-1679.6,time
2022-06-24,2022-06-24 10:05:00-04:00,2022-06-24 14:00:00-04:00,12036.25,12007.25,11838.75,12154.75,1,-584.6,time
2022-06-29,2022-06-29 10:05:00-04:00,2022-06-29 14:00:00-04:00,11731.75,11690.5,11564.5,11832.1,1,-829.6,time
2022-06-30,2022-06-30 11:55:00-04:00,2022-06-30 14:00:00-04:00,11592.0,11644.0,11392.75,11711.55,1,1035.4,time
2022-07-05,2022-07-05 10:15:00-04:00,2022-07-05 10:35:00-04:00,11507.5,11578.2,11389.25,11578.45,1,1409.4000000000146,target
2022-07-07,2022-07-07 10:55:00-04:00,2022-07-07 14:00:00-04:00,12064.5,12126.0,11918.25,12152.25,1,1225.4,time
2022-07-08,2022-07-08 10:30:00-04:00,2022-07-08 11:25:00-04:00,12117.75,12201.2,11978.25,12201.45,1,1664.4000000000146,target
2022-07-13,2022-07-13 10:35:00-04:00,2022-07-13 10:50:00-04:00,11710.0,11822.25,11522.5,11822.5,1,2240.4,target
2022-07-14,2022-07-14 11:45:00-04:00,2022-07-14 14:00:00-04:00,11696.5,11726.75,11547.5,11785.9,1,600.4,time
2022-07-15,2022-07-15 11:15:00-04:00,2022-07-15 14:00:00-04:00,11986.75,11980.5,11853.5,12066.7,1,-129.6,time
2022-07-19,2022-07-19 10:30:00-04:00,2022-07-19 10:50:00-04:00,12085.75,12141.15,11993.0,12141.4,1,1103.3999999999928,target
2022-07-20,2022-07-20 10:25:00-04:00,2022-07-20 10:30:00-04:00,12358.5,12418.85,12257.5,12419.1,1,1202.4000000000074,target
2022-07-21,2022-07-21 11:35:00-04:00,2022-07-21 12:30:00-04:00,12537.0,12613.4,12409.25,12613.65,1,1523.3999999999928,target
2022-07-27,2022-07-27 10:15:00-04:00,2022-07-27 14:00:00-04:00,12416.25,12438.0,12276.5,12500.1,1,430.4,time
2022-07-28,2022-07-28 11:30:00-04:00,2022-07-28 14:00:00-04:00,12665.75,12729.0,12453.75,12792.95,1,1260.4,time
2022-07-29,2022-07-29 10:05:00-04:00,2022-07-29 14:00:00-04:00,12895.75,12925.25,12744.25,12986.65,1,585.4,time
2022-08-01,2022-08-01 10:10:00-04:00,2022-08-01 14:00:00-04:00,13043.25,12933.0,12851.75,13158.15,1,-2209.6,time
2022-08-02,2022-08-02 10:55:00-04:00,2022-08-02 12:35:00-04:00,12997.5,13083.95,12853.0,13084.2,1,1724.4000000000146,target
2022-08-03,2022-08-03 10:05:00-04:00,2022-08-03 12:30:00-04:00,13146.25,13240.05,12989.5,13240.3,1,1871.3999999999855,target
2022-08-05,2022-08-05 10:05:00-04:00,2022-08-05 10:20:00-04:00,13228.5,13296.65,13114.5,13296.9,1,1358.3999999999928,target
2022-08-10,2022-08-10 11:05:00-04:00,2022-08-10 14:00:00-04:00,13368.5,13371.0,13268.5,13428.5,1,45.4,time
2022-08-11,2022-08-11 10:05:00-04:00,2022-08-11 10:15:00-04:00,13527.25,13570.05,13455.5,13570.3,1,851.3999999999854,target
2022-08-12,2022-08-12 10:20:00-04:00,2022-08-12 14:00:00-04:00,13458.75,13504.25,13359.25,13518.45,1,905.4,time
2022-08-15,2022-08-15 11:45:00-04:00,2022-08-15 14:00:00-04:00,13636.75,13661.0,13534.25,13698.25,1,480.4,time
2022-08-16,2022-08-16 11:55:00-04:00,2022-08-16 14:00:00-04:00,13672.0,13698.25,13583.0,13725.4,1,520.4,time
2022-08-18,2022-08-18 10:45:00-04:00,2022-08-18 11:20:00-04:00,13507.25,13550.35,13435.0,13550.6,1,857.4000000000073,target
2022-08-23,2022-08-23 10:10:00-04:00,2022-08-23 14:00:00-04:00,12994.5,12919.75,12866.0,13071.6,1,-1499.6,time
2022-08-24,2022-08-24 10:20:00-04:00,2022-08-24 11:45:00-04:00,12941.25,12994.85,12851.5,12995.1,1,1067.4000000000074,target
2022-08-25,2022-08-25 10:05:00-04:00,2022-08-25 10:40:00-04:00,13055.25,13110.95,12962.0,13111.2,1,1109.4000000000146,target
2022-08-26,2022-08-26 10:10:00-04:00,2022-08-26 10:20:00-04:00,13177.75,13084.5,13084.75,13233.55,1,-1869.6,stop
2022-09-02,2022-09-02 10:35:00-04:00,2022-09-02 12:30:00-04:00,12432.0,12291.5,12291.75,12516.15,1,-2814.6,stop
2022-09-05,2022-09-05 10:35:00-04:00,2022-09-05 18:00:00-04:00,12154.75,12135.75,12104.25,12185.05,1,-384.6,time
2022-09-07,2022-09-07 11:15:00-04:00,2022-09-07 13:40:00-04:00,12140.75,12203.35,12036.0,12203.6,1,1247.4000000000074,target
2022-09-08,2022-09-08 10:35:00-04:00,2022-09-08 11:05:00-04:00,12275.0,12370.3,12115.75,12370.55,1,1901.3999999999855,target
2022-09-09,2022-09-09 10:05:00-04:00,2022-09-09 13:15:00-04:00,12524.5,12589.65,12415.5,12589.9,1,1298.3999999999928,target
2022-09-12,2022-09-12 10:10:00-04:00,2022-09-12 12:10:00-04:00,12743.25,12641.25,12641.5,12804.3,1,-2044.6,stop
2022-09-14,2022-09-14 10:55:00-04:00,2022-09-14 14:00:00-04:00,12145.25,12068.25,12019.0,12221.0,1,-1544.6,time
2022-09-19,2022-09-19 10:40:00-04:00,2022-09-19 14:00:00-04:00,11946.25,11918.0,11815.75,12024.55,1,-569.6,time
2022-09-20,2022-09-20 10:55:00-04:00,2022-09-20 11:50:00-04:00,11953.5,11993.15,11887.0,11993.4,1,788.3999999999927,target
2022-09-21,2022-09-21 12:35:00-04:00,2022-09-21 13:55:00-04:00,12004.75,12044.55,11938.0,12044.8,1,791.3999999999854,target
2022-09-26,2022-09-26 10:20:00-04:00,2022-09-26 12:25:00-04:00,11527.0,11342.25,11342.5,11637.7,1,-3699.6,stop
2022-09-28,2022-09-28 10:25:00-04:00,2022-09-28 11:20:00-04:00,11371.75,11434.95,11266.0,11435.2,1,1259.4000000000146,target
2022-09-30,2022-09-30 10:35:00-04:00,2022-09-30 14:00:00-04:00,11299.25,11160.5,11143.0,11393.0,1,-2779.6,time
2022-10-03,2022-10-03 10:05:00-04:00,2022-10-03 10:45:00-04:00,11157.75,11228.3,11039.75,11228.55,1,1406.3999999999855,target
2022-10-04,2022-10-04 10:05:00-04:00,2022-10-04 14:00:00-04:00,11649.75,11607.75,11514.25,11731.05,1,-844.6,time
2022-10-05,2022-10-05 12:50:00-04:00,2022-10-05 13:20:00-04:00,11560.5,11617.4,11465.25,11617.65,1,1133.3999999999928,target
2022-10-11,2022-10-11 11:45:00-04:00,2022-10-11 14:00:00-04:00,10972.25,10974.0,10821.0,11063.0,1,30.4,time
2022-10-13,2022-10-13 10:05:00-04:00,2022-10-13 11:05:00-04:00,10638.5,10730.5,10484.75,10730.75,1,1835.4,target
2022-10-17,2022-10-17 10:15:00-04:00,2022-10-17 14:00:00-04:00,11127.5,11128.25,10999.0,11204.6,1,10.4,time
2022-10-19,2022-10-19 10:20:00-04:00,2022-10-19 12:45:00-04:00,11224.0,11109.75,11110.0,11292.4,1,-2289.6,stop
2022-10-20,2022-10-20 10:05:00-04:00,2022-10-20 13:45:00-04:00,11245.75,11090.75,11091.0,11338.6,1,-3104.6,stop
2022-10-21,2022-10-21 10:05:00-04:00,2022-10-21 13:30:00-04:00,11165.0,11266.6,10995.25,11266.85,1,2027.4000000000074,target
2022-10-24,2022-10-24 12:20:00-04:00,2022-10-24 14:00:00-04:00,11442.5,11395.25,11300.5,11527.7,1,-949.6,time
2022-10-25,2022-10-25 11:10:00-04:00,2022-10-25 14:00:00-04:00,11671.0,11647.5,11515.0,11764.6,1,-474.6,time
2022-10-26,2022-10-26 10:10:00-04:00,2022-10-26 10:35:00-04:00,11531.0,11589.55,11433.0,11589.8,1,1166.3999999999855,target
2022-10-28,2022-10-28 10:30:00-04:00,2022-10-28 11:10:00-04:00,11381.0,11485.6,11206.25,11485.85,1,2087.4000000000074,target
2022-11-03,2022-11-03 10:50:00-04:00,2022-11-03 14:00:00-04:00,10873.5,10778.25,10723.0,10963.8,1,-1909.6,time
2022-11-08,2022-11-08 10:20:00-05:00,2022-11-08 10:50:00-05:00,11088.0,11136.5,11006.75,11136.75,1,965.4,target
2022-11-10,2022-11-10 11:15:00-05:00,2022-11-10 14:00:00-05:00,11455.25,11500.5,11269.25,11566.85,1,900.4,time
2022-11-11,2022-11-11 10:15:00-05:00,2022-11-11 13:10:00-05:00,11712.0,11797.4,11569.25,11797.65,1,1703.3999999999928,target
2022-11-14,2022-11-14 10:10:00-05:00,2022-11-14 12:35:00-05:00,11789.5,11841.75,11702.0,11842.0,1,1040.4,target
2022-11-17,2022-11-17 10:20:00-05:00,2022-11-17 12:50:00-05:00,11659.75,11729.1,11543.75,11729.35,1,1382.4000000000074,target
2022-11-22,2022-11-22 10:50:00-05:00,2022-11-22 14:00:00-05:00,11642.25,11698.25,11527.25,11711.25,1,1115.4,time
2022-11-23,2022-11-23 10:15:00-05:00,2022-11-23 12:55:00-05:00,11855.0,11745.0,11745.25,11920.85,1,-2204.6,stop
2022-11-24,2022-11-24 11:00:00-05:00,2022-11-24 18:00:00-05:00,11920.0,11914.0,11898.75,11932.75,1,-124.6,time
2022-11-30,2022-11-30 13:35:00-05:00,2022-11-30 13:35:00-05:00,11609.0,11662.9,11518.75,11663.15,1,1073.3999999999928,target
2022-12-02,2022-12-02 10:15:00-05:00,2022-12-02 14:00:00-05:00,11943.0,11936.25,11837.25,12006.45,1,-139.6,time
2022-12-08,2022-12-08 10:05:00-05:00,2022-12-08 14:00:00-05:00,11611.0,11649.0,11477.25,11691.25,1,755.4,time
2022-12-09,2022-12-09 10:40:00-05:00,2022-12-09 14:00:00-05:00,11669.25,11661.0,11550.0,11740.8,1,-169.6,time
2022-12-14,2022-12-14 10:05:00-05:00,2022-12-14 14:00:00-05:00,11897.25,11934.75,11811.25,11948.85,1,745.4,time
2022-12-20,2022-12-20 10:05:00-05:00,2022-12-20 10:30:00-05:00,11178.75,11245.7,11066.75,11245.95,1,1334.4000000000146,target
2022-12-21,2022-12-21 10:10:00-05:00,2022-12-21 11:00:00-05:00,11289.5,11354.35,11181.0,11354.6,1,1292.4000000000074,target
2022-12-23,2022-12-23 10:35:00-05:00,2022-12-23 14:00:00-05:00,11071.0,11038.0,10922.25,11160.25,1,-664.6,time
2022-12-29,2022-12-29 10:15:00-05:00,2022-12-29 11:50:00-05:00,10988.0,11066.65,10856.5,11066.9,1,1568.3999999999928,target
2022-12-30,2022-12-30 10:50:00-05:00,2022-12-30 14:00:00-05:00,10965.75,10906.75,10855.5,11031.9,1,-1184.6,time
2023-01-04,2023-01-04 11:40:00-05:00,2023-01-04 14:00:00-05:00,11057.75,11016.0,10954.5,11119.7,1,-839.6,time
2023-01-06,2023-01-06 10:40:00-05:00,2023-01-06 13:40:00-05:00,10955.0,11068.0,10766.25,11068.25,1,2255.4,target
2023-01-09,2023-01-09 10:05:00-05:00,2023-01-09 14:00:00-05:00,11323.5,11282.5,11194.75,11400.75,1,-824.6,time
2023-01-10,2023-01-10 10:15:00-05:00,2023-01-10 10:40:00-05:00,11256.5,11137.75,11138.0,11327.6,1,-2379.6,stop
2023-01-11,2023-01-11 10:25:00-05:00,2023-01-11 13:00:00-05:00,11372.0,11420.35,11291.0,11420.6,1,962.4000000000073,target
2023-01-12,2023-01-12 12:20:00-05:00,2023-01-12 14:00:00-05:00,11522.5,11565.25,11311.25,11649.25,1,850.4,time
2023-01-13,2023-01-13 10:10:00-05:00,2023-01-13 10:30:00-05:00,11483.25,11527.7,11408.75,11527.95,1,884.4000000000145,target
2023-01-17,2023-01-17 10:05:00-05:00,2023-01-17 14:00:00-05:00,11663.5,11645.0,11549.5,11731.9,1,-374.6,time
2023-01-18,2023-01-18 10:05:00-05:00,2023-01-18 10:35:00-05:00,11739.25,11672.0,11672.25,11779.45,1,-1349.6,stop
2023-01-20,2023-01-20 10:10:00-05:00,2023-01-20 11:25:00-05:00,11475.0,11529.65,11383.5,11529.9,1,1088.3999999999928,target
2023-01-23,2023-01-23 10:20:00-05:00,2023-01-23 11:05:00-05:00,11827.25,11920.3,11671.75,11920.55,1,1856.3999999999855,target
2023-01-25,2023-01-25 11:20:00-05:00,2023-01-25 13:10:00-05:00,11729.75,11794.15,11622.0,11794.4,1,1283.3999999999928,target
2023-01-27,2023-01-27 10:05:00-05:00,2023-01-27 12:20:00-05:00,12156.25,12224.7,12041.75,12224.95,1,1364.4000000000146,target
2023-01-30,2023-01-30 10:05:00-05:00,2023-01-30 10:20:00-05:00,12135.75,12059.25,12059.5,12181.5,1,-1534.6,stop
2023-01-31,2023-01-31 10:30:00-05:00,2023-01-31 14:00:00-05:00,12059.25,12095.0,11969.0,12113.4,1,710.4,time
2023-02-02,2023-02-02 10:35:00-05:00,2023-02-02 13:30:00-05:00,12790.75,12863.7,12668.75,12863.95,1,1454.4000000000146,target
2023-02-03,2023-02-03 10:15:00-05:00,2023-02-03 11:35:00-05:00,12756.0,12874.25,12558.5,12874.5,1,2360.4,target
2023-02-06,2023-02-06 10:05:00-05:00,2023-02-06 10:20:00-05:00,12571.75,12502.25,12502.5,12613.3,1,-1394.6,stop
2023-02-07,2023-02-07 11:15:00-05:00,2023-02-07 12:40:00-05:00,12556.5,12596.9,12488.75,12597.15,1,803.3999999999927,target
2023-02-10,2023-02-10 10:20:00-05:00,2023-02-10 10:50:00-05:00,12397.5,12311.25,12311.5,12449.1,1,-1729.6,stop
2023-02-13,2023-02-13 10:50:00-05:00,2023-02-13 13:30:00-05:00,12486.0,12566.15,12352.0,12566.4,1,1598.3999999999928,target
2023-02-14,2023-02-14 10:05:00-05:00,2023-02-14 14:00:00-05:00,12631.25,12583.5,12390.5,12775.7,1,-959.6,time
2023-02-15,2023-02-15 11:30:00-05:00,2023-02-15 14:00:00-05:00,12632.75,12682.0,12543.5,12686.3,1,980.4,time
2023-02-16,2023-02-16 10:25:00-05:00,2023-02-16 10:50:00-05:00,12605.0,12669.85,12496.5,12670.1,1,1292.4000000000074,target
2023-02-27,2023-02-27 10:05:00-05:00,2023-02-27 10:05:00-05:00,12156.0,12185.6,12106.25,12185.85,1,587.4000000000073,target
2023-02-28,2023-02-28 10:05:00-05:00,2023-02-28 13:05:00-05:00,12113.75,12156.85,12041.5,12157.1,1,857.4000000000073,target
2023-03-02,2023-03-02 10:05:00-05:00,2023-03-02 13:35:00-05:00,11923.25,11969.2,11846.25,11969.45,1,914.4000000000145,target
2023-03-03,2023-03-03 10:25:00-05:00,2023-03-03 12:55:00-05:00,12207.5,12264.85,12111.5,12265.1,1,1142.4000000000074,target
2023-03-06,2023-03-06 10:15:00-05:00,2023-03-06 10:30:00-05:00,12408.75,12445.4,12347.25,12445.65,1,728.3999999999927,target
2023-03-08,2023-03-08 10:35:00-05:00,2023-03-08 13:25:00-05:00,12217.75,12154.75,12155.0,12255.4,1,-1264.6,stop
2023-03-09,2023-03-09 10:05:00-05:00,2023-03-09 12:45:00-05:00,12342.25,12229.75,12230.0,12409.6,1,-2254.6,stop
2023-03-10,2023-03-10 11:30:00-05:00,2023-03-10 13:25:00-05:00,12045.0,11864.75,11865.0,12153.0,1,-3609.6,stop
2023-03-13,2023-03-13 10:35:00-04:00,2023-03-13 12:00:00-04:00,11930.5,12065.55,11705.0,12065.8,1,2696.3999999999855,target
2023-03-14,2023-03-14 10:25:00-04:00,2023-03-14 11:30:00-04:00,12163.0,12218.25,12070.5,12218.5,1,1100.4,target
2023-03-15,2023-03-15 11:50:00-04:00,2023-03-15 12:55:00-04:00,12174.0,12069.75,12070.0,12236.4,1,-2089.6,stop
2023-03-16,2023-03-16 10:45:00-04:00,2023-03-16 10:55:00-04:00,12317.25,12393.8,12189.25,12394.05,1,1526.3999999999855,target
2023-03-20,2023-03-20 10:50:00-04:00,2023-03-20 14:00:00-04:00,12635.0,12660.5,12529.5,12698.3,1,505.4,time
2023-03-22,2023-03-22 10:25:00-04:00,2023-03-22 10:25:00-04:00,12901.5,12931.4,12851.25,12931.65,1,593.3999999999927,target
2023-03-23,2023-03-23 10:10:00-04:00,2023-03-23 10:25:00-04:00,12912.25,12951.0,12847.25,12951.25,1,770.4,target
2023-03-29,2023-03-29 10:05:00-04:00,2023-03-29 10:30:00-04:00,12928.5,12880.75,12881.0,12957.0,1,-959.6,stop
2023-03-30,2023-03-30 10:30:00-04:00,2023-03-30 13:30:00-04:00,13093.75,13036.75,13037.0,13127.8,1,-1144.6,stop
2023-03-31,2023-03-31 10:35:00-04:00,2023-03-31 12:20:00-04:00,13168.25,13220.8,13080.25,13221.05,1,1046.3999999999855,target
2023-04-03,2023-04-03 10:25:00-04:00,2023-04-03 10:50:00-04:00,13264.0,13198.0,13198.25,13303.45,1,-1324.6,stop
2023-04-04,2023-04-04 10:05:00-04:00,2023-04-04 11:05:00-04:00,13303.0,13229.75,13230.0,13346.8,1,-1469.6,stop
2023-04-06,2023-04-06 10:10:00-04:00,2023-04-06 11:15:00-04:00,13026.5,13070.2,12953.25,13070.45,1,869.4000000000145,target
2023-04-10,2023-04-10 11:10:00-04:00,2023-04-10 12:35:00-04:00,13052.5,13103.25,12967.5,13103.5,1,1010.4,target
2023-04-13,2023-04-13 10:10:00-04:00,2023-04-13 11:55:00-04:00,13096.25,13141.9,13019.75,13142.15,1,908.3999999999927,target
2023-04-19,2023-04-19 10:40:00-04:00,2023-04-19 11:50:00-04:00,13136.0,13169.05,13080.5,13169.3,1,656.3999999999854,target
2023-04-20,2023-04-20 10:10:00-04:00,2023-04-20 13:10:00-04:00,13137.5,13192.0,13046.25,13192.25,1,1085.4,target
2023-04-21,2023-04-21 11:35:00-04:00,2023-04-21 14:00:00-04:00,13078.75,13100.5,12994.5,13129.3,1,430.4,time
2023-04-26,2023-04-26 11:10:00-04:00,2023-04-26 14:00:00-04:00,12970.0,12921.25,12899.25,13012.45,1,-979.6,time
2023-04-27,2023-04-27 10:15:00-04:00,2023-04-27 10:40:00-04:00,13077.5,13115.65,13013.5,13115.9,1,758.3999999999927,target
2023-04-28,2023-04-28 10:15:00-04:00,2023-04-28 14:00:00-04:00,13265.75,13277.0,13172.25,13321.85,1,220.4,time
2023-05-01,2023-05-01 12:35:00-04:00,2023-05-01 14:00:00-04:00,13334.75,13349.75,13285.75,13364.15,1,295.4,time
2023-05-04,2023-05-04 11:10:00-04:00,2023-05-04 13:30:00-04:00,13089.75,13127.15,13027.0,13127.4,1,743.3999999999927,target
2023-05-05,2023-05-05 10:05:00-04:00,2023-05-05 10:30:00-04:00,13200.0,13245.2,13124.25,13245.45,1,899.4000000000145,target
2023-05-08,2023-05-08 11:55:00-04:00,2023-05-08 14:00:00-04:00,13321.25,13345.5,13261.25,13357.25,1,480.4,time
2023-05-10,2023-05-10 10:10:00-04:00,2023-05-10 10:45:00-04:00,13424.0,13321.0,13321.25,13485.65,1,-2064.6,stop
2023-05-11,2023-05-11 11:30:00-04:00,2023-05-11 14:00:00-04:00,13434.75,13426.25,13372.25,13472.25,1,-174.6,time
2023-05-15,2023-05-15 11:25:00-04:00,2023-05-15 13:10:00-04:00,13432.0,13466.4,13374.25,13466.65,1,683.3999999999927,target
2023-05-16,2023-05-16 11:00:00-04:00,2023-05-16 14:00:00-04:00,13519.25,13544.5,13434.5,13570.1,1,500.4,time
2023-05-17,2023-05-17 11:40:00-04:00,2023-05-17 12:40:00-04:00,13541.0,13580.05,13475.5,13580.3,1,776.3999999999854,target
2023-05-18,2023-05-18 10:10:00-04:00,2023-05-18 10:30:00-04:00,13731.5,13778.5,13652.75,13778.75,1,935.4,target
2023-05-25,2023-05-25 11:15:00-04:00,2023-05-25 14:00:00-04:00,13976.75,13991.0,13851.25,14052.05,1,280.4,time
2023-05-26,2023-05-26 10:05:00-04:00,2023-05-26 10:25:00-04:00,14133.5,14204.5,14014.75,14204.75,1,1415.4,target
2023-05-29,2023-05-29 10:25:00-04:00,2023-05-29 10:45:00-04:00,14379.75,14386.55,14368.0,14386.8,1,131.39999999998545,target
2023-06-01,2023-06-01 10:15:00-04:00,2023-06-01 10:45:00-04:00,14327.0,14371.75,14252.0,14372.0,1,890.4,target
2023-06-05,2023-06-05 10:55:00-04:00,2023-06-05 14:00:00-04:00,14657.25,14632.25,14567.75,14710.95,1,-504.6,time
2023-06-06,2023-06-06 10:25:00-04:00,2023-06-06 12:00:00-04:00,14578.5,14622.65,14504.5,14622.9,1,878.3999999999927,target
2023-06-08,2023-06-08 10:15:00-04:00,2023-06-08 10:55:00-04:00,14406.75,14453.75,14328.0,14454.0,1,935.4,target
2023-06-09,2023-06-09 10:15:00-04:00,2023-06-09 11:25:00-04:00,14670.25,14556.75,14557.0,14738.2,1,-2274.6,stop
2023-06-12,2023-06-12 10:50:00-04:00,2023-06-12 11:40:00-04:00,14641.5,14665.85,14600.5,14666.1,1,482.40000000000725,target
2023-06-14,2023-06-14 10:05:00-04:00,2023-06-14 10:20:00-04:00,14941.25,14984.5,14868.75,14984.75,1,860.4,target
2023-06-15,2023-06-15 10:10:00-04:00,2023-06-15 13:45:00-04:00,15066.5,15147.7,14930.75,15147.95,1,1619.4000000000146,target
2023-06-22,2023-06-22 10:15:00-04:00,2023-06-22 14:00:00-04:00,15132.75,15153.25,14964.0,15234.0,1,405.4,time
2023-06-23,2023-06-23 12:20:00-04:00,2023-06-23 14:00:00-04:00,15103.25,15126.0,14985.25,15174.05,1,450.4,time
2023-06-26,2023-06-26 10:15:00-04:00,2023-06-26 11:05:00-04:00,15140.75,15024.25,15024.5,15210.5,1,-2334.6,stop
2023-06-27,2023-06-27 11:30:00-04:00,2023-06-27 12:30:00-04:00,14982.75,15033.35,14898.0,15033.6,1,1007.4000000000073,target
2023-06-28,2023-06-28 10:20:00-04:00,2023-06-28 10:30:00-04:00,15114.5,15167.65,15025.5,15167.9,1,1058.3999999999928,target
2023-06-30,2023-06-30 10:15:00-04:00,2023-06-30 14:00:00-04:00,15336.5,15355.25,15238.5,15395.3,1,370.4,time
2023-07-05,2023-07-05 10:20:00-04:00,2023-07-05 14:00:00-04:00,15406.75,15371.0,15292.5,15475.3,1,-719.6,time
2023-07-06,2023-07-06 13:00:00-04:00,2023-07-06 14:00:00-04:00,15215.75,15237.75,15129.25,15267.65,1,435.4,time
2023-07-07,2023-07-07 12:00:00-04:00,2023-07-07 12:35:00-04:00,15280.75,15335.7,15188.75,15335.95,1,1094.4000000000146,target
2023-07-11,2023-07-11 12:00:00-04:00,2023-07-11 14:00:00-04:00,15236.0,15203.25,15141.5,15292.7,1,-659.6,time
2023-07-12,2023-07-12 10:10:00-04:00,2023-07-12 11:35:00-04:00,15487.5,15408.25,15408.5,15534.9,1,-1589.6,stop
2023-07-13,2023-07-13 12:00:00-04:00,2023-07-13 14:00:00-04:00,15631.25,15660.25,15552.25,15678.65,1,575.4,time
2023-07-14,2023-07-14 10:10:00-04:00,2023-07-14 14:00:00-04:00,15812.25,15740.0,15721.5,15866.7,1,-1449.6,time
2023-07-17,2023-07-17 11:35:00-04:00,2023-07-17 14:00:00-04:00,15784.75,15819.25,15708.75,15830.35,1,685.4,time
2023-07-18,2023-07-18 11:45:00-04:00,2023-07-18 12:00:00-04:00,15831.75,15890.75,15733.0,15891.0,1,1175.4,target
2023-07-19,2023-07-19 11:15:00-04:00,2023-07-19 12:20:00-04:00,16041.75,15977.25,15977.5,16080.3,1,-1294.6,stop
2023-07-25,2023-07-25 11:40:00-04:00,2023-07-25 14:00:00-04:00,15672.75,15690.0,15587.75,15723.75,1,340.4,time
2023-07-28,2023-07-28 10:05:00-04:00,2023-07-28 11:50:00-04:00,15825.0,15890.3,15715.75,15890.55,1,1301.3999999999855,target
2023-08-01,2023-08-01 10:40:00-04:00,2023-08-01 13:05:00-04:00,15811.25,15839.2,15764.25,15839.45,1,554.4000000000145,target
2023-08-03,2023-08-03 11:20:00-04:00,2023-08-03 14:00:00-04:00,15473.25,15452.5,15351.25,15546.45,1,-419.6,time
2023-08-04,2023-08-04 12:30:00-04:00,2023-08-04 14:00:00-04:00,15591.5,15524.75,15440.0,15682.4,1,-1339.6,time
2023-08-10,2023-08-10 10:05:00-04:00,2023-08-10 11:20:00-04:00,15430.25,15273.0,15273.25,15524.45,1,-3149.6,stop
2023-08-11,2023-08-11 10:15:00-04:00,2023-08-11 11:30:00-04:00,15131.5,15051.75,15052.0,15179.2,1,-1599.6,stop
2023-08-14,2023-08-14 10:05:00-04:00,2023-08-14 10:35:00-04:00,15130.5,15187.55,15035.0,15187.8,1,1136.3999999999855,target
2023-08-16,2023-08-16 10:20:00-04:00,2023-08-16 11:50:00-04:00,15136.25,15050.75,15051.0,15187.4,1,-1714.6,stop
2023-08-18,2023-08-18 11:05:00-04:00,2023-08-18 14:00:00-04:00,14705.75,14730.0,14623.5,14755.1,1,480.4,time
2023-08-21,2023-08-21 10:05:00-04:00,2023-08-21 11:10:00-04:00,14916.0,14805.25,14805.5,14982.3,1,-2219.6,stop
2023-08-23,2023-08-23 10:10:00-04:00,2023-08-23 10:45:00-04:00,15106.0,15169.65,14999.5,15169.9,1,1268.3999999999928,target
2023-08-25,2023-08-25 10:15:00-04:00,2023-08-25 10:25:00-04:00,14999.25,14892.0,14892.25,15063.45,1,-2149.6,stop
2023-08-29,2023-08-29 10:05:00-04:00,2023-08-29 11:10:00-04:00,15229.75,15329.7,15062.75,15329.95,1,1994.4000000000146,target
2023-08-30,2023-08-30 10:10:00-04:00,2023-08-30 10:25:00-04:00,15478.5,15386.25,15386.5,15533.7,1,-1849.6,stop
2023-08-31,2023-08-31 10:15:00-04:00,2023-08-31 14:00:00-04:00,15581.75,15557.0,15488.75,15637.55,1,-499.6,time
2023-09-05,2023-09-05 10:25:00-04:00,2023-09-05 11:00:00-04:00,15510.75,15549.2,15446.25,15549.45,1,764.4000000000145,target
2023-09-07,2023-09-07 10:45:00-04:00,2023-09-07 14:00:00-04:00,15270.5,15279.75,15157.5,15338.3,1,180.4,time
2023-09-08,2023-09-08 10:20:00-04:00,2023-09-08 14:00:00-04:00,15374.5,15327.0,15270.0,15437.2,1,-954.6,time
2023-09-11,2023-09-11 13:40:00-04:00,2023-09-11 14:00:00-04:00,15453.75,15468.0,15351.75,15514.95,1,280.4,time
2023-09-13,2023-09-13 11:05:00-04:00,2023-09-13 14:00:00-04:00,15386.25,15408.75,15299.0,15438.6,1,445.4,time
2023-09-14,2023-09-14 10:45:00-04:00,2023-09-14 14:00:00-04:00,15450.0,15482.75,15341.75,15514.95,1,650.4,time
2023-09-18,2023-09-18 11:35:00-04:00,2023-09-18 14:00:00-04:00,15435.25,15436.0,15343.0,15490.6,1,10.4,time
2023-09-19,2023-09-19 13:55:00-04:00,2023-09-19 14:00:00-04:00,15378.0,15373.0,15303.25,15422.85,1,-104.6,time
2023-09-22,2023-09-22 10:25:00-04:00,2023-09-22 10:35:00-04:00,14955.75,14996.15,14888.0,14996.4,1,803.3999999999927,target
2023-09-25,2023-09-25 11:20:00-04:00,2023-09-25 14:00:00-04:00,14914.0,14903.25,14782.5,14992.9,1,-219.6,time
2023-09-28,2023-09-28 10:05:00-04:00,2023-09-28 11:30:00-04:00,14771.25,14838.95,14658.0,14839.2,1,1349.4000000000146,target
2023-09-29,2023-09-29 10:05:00-04:00,2023-09-29 10:20:00-04:00,15051.25,14976.5,14976.75,15095.95,1,-1499.6,stop
2023-10-02,2023-10-02 10:05:00-04:00,2023-10-02 14:00:00-04:00,14982.5,14909.25,14847.75,15063.35,1,-1469.6,time
2023-10-04,2023-10-04 11:20:00-04:00,2023-10-04 14:00:00-04:00,14845.5,14820.0,14749.0,14903.4,1,-514.6,time
2023-10-06,2023-10-06 10:25:00-04:00,2023-10-06 10:45:00-04:00,14824.25,14897.2,14702.25,14897.45,1,1454.4000000000146,target
2023-10-09,2023-10-09 12:20:00-04:00,2023-10-09 13:40:00-04:00,15074.5,15149.25,14949.5,15149.5,1,1490.4,target
2023-10-10,2023-10-10 10:05:00-04:00,2023-10-10 10:30:00-04:00,15264.25,15314.55,15180.0,15314.8,1,1001.3999999999854,target
2023-10-12,2023-10-12 10:10:00-04:00,2023-10-12 10:10:00-04:00,15423.0,15456.95,15366.0,15457.2,1,674.4000000000145,target
2023-10-16,2023-10-16 10:20:00-04:00,2023-10-16 10:30:00-04:00,15264.0,15320.9,15168.75,15321.15,1,1133.3999999999928,target
2023-10-17,2023-10-17 10:15:00-04:00,2023-10-17 10:35:00-04:00,15158.75,15223.6,15050.25,15223.85,1,1292.4000000000074,target
2023-10-18,2023-10-18 10:20:00-04:00,2023-10-18 10:35:00-04:00,15200.5,15122.25,15122.5,15247.3,1,-1569.6,stop
2023-10-19,2023-10-19 12:25:00-04:00,2023-10-19 12:30:00-04:00,15115.75,15021.0,15021.25,15172.45,1,-1899.6,stop
2023-10-23,2023-10-23 10:15:00-04:00,2023-10-23 11:20:00-04:00,14657.25,14742.8,14514.25,14743.05,1,1706.3999999999855,target
2023-10-24,2023-10-24 10:30:00-04:00,2023-10-24 12:20:00-04:00,14848.0,14758.25,14758.5,14901.7,1,-1799.6,stop
2023-10-27,2023-10-27 11:10:00-04:00,2023-10-27 11:15:00-04:00,14359.0,14399.55,14291.0,14399.8,1,806.3999999999854,target
2023-10-31,2023-10-31 12:50:00-04:00,2023-10-31 14:00:00-04:00,14435.25,14477.25,14311.25,14509.65,1,835.4,time
2023-11-01,2023-11-01 10:25:00-04:00,2023-11-01 14:00:00-04:00,14631.0,14605.5,14515.25,14700.45,1,-514.6,time
2023-11-02,2023-11-02 10:55:00-04:00,2023-11-02 13:30:00-04:00,14955.25,14987.7,14900.75,14987.95,1,644.4000000000145,target
2023-11-03,2023-11-03 11:50:00-04:00,2023-11-03 14:00:00-04:00,15144.0,15191.25,15040.5,15206.1,1,940.4,time
2023-11-07,2023-11-07 10:05:00-05:00,2023-11-07 10:40:00-05:00,15309.25,15360.15,15224.0,15360.4,1,1013.3999999999927,target
2023-11-09,2023-11-09 11:50:00-05:00,2023-11-09 13:00:00-05:00,15429.75,15365.25,15365.5,15468.3,1,-1294.6,stop
2023-11-10,2023-11-10 11:05:00-05:00,2023-11-10 12:00:00-05:00,15404.0,15462.85,15305.5,15463.1,1,1172.4000000000074,target
2023-11-13,2023-11-13 10:55:00-05:00,2023-11-13 14:00:00-05:00,15543.5,15558.5,15465.25,15590.45,1,295.4,time
2023-11-14,2023-11-14 10:05:00-05:00,2023-11-14 14:00:00-05:00,15884.75,15851.75,15790.25,15941.45,1,-664.6,time
2023-11-17,2023-11-17 12:05:00-05:00,2023-11-17 13:15:00-05:00,15883.75,15914.85,15831.5,15915.1,1,617.4000000000073,target
2023-11-20,2023-11-20 11:00:00-05:00,2023-11-20 13:05:00-05:00,15999.75,16062.5,15894.75,16062.75,1,1250.4,target
2023-11-23,2023-11-23 11:00:00-05:00,2023-11-23 18:00:00-05:00,16073.5,16062.25,16054.75,16084.75,1,-229.6,time
2023-11-27,2023-11-27 10:10:00-05:00,2023-11-27 13:15:00-05:00,16044.25,16088.4,15970.25,16088.65,1,878.3999999999927,target
2023-11-28,2023-11-28 10:40:00-05:00,2023-11-28 10:40:00-05:00,16010.5,16041.45,15958.5,16041.7,1,614.4000000000145,target
2023-12-01,2023-12-01 11:15:00-05:00,2023-12-01 12:45:00-05:00,15976.5,16036.85,15875.5,16037.1,1,1202.4000000000074,target
2023-12-05,2023-12-05 10:05:00-05:00,2023-12-05 14:00:00-05:00,15925.75,15873.0,15783.25,16011.25,1,-1059.6,time
2023-12-07,2023-12-07 10:25:00-05:00,2023-12-07 14:00:00-05:00,15993.75,16033.5,15887.5,16057.5,1,790.4,time
2023-12-08,2023-12-08 10:05:00-05:00,2023-12-08 10:15:00-05:00,16045.0,16103.4,15947.25,16103.65,1,1163.3999999999928,target
2023-12-11,2023-12-11 10:10:00-05:00,2023-12-11 13:30:00-05:00,16168.75,16228.5,16068.75,16228.75,1,1190.4,target
2023-12-12,2023-12-12 10:05:00-05:00,2023-12-12 11:20:00-05:00,16257.25,16300.2,16185.25,16300.45,1,854.4000000000145,target
2023-12-18,2023-12-18 10:05:00-05:00,2023-12-18 12:15:00-05:00,16896.5,16934.65,16832.5,16934.9,1,758.4000000000291,target
2023-12-19,2023-12-19 10:35:00-05:00,2023-12-19 14:00:00-05:00,16997.75,16993.5,16944.5,17029.7,1,-89.6,time
2023-12-20,2023-12-20 10:05:00-05:00,2023-12-20 10:30:00-05:00,17026.5,17059.55,16971.0,17059.8,1,656.3999999999854,target
2023-12-26,2023-12-26 10:40:00-05:00,2023-12-26 14:00:00-05:00,17057.5,17049.0,17005.5,17088.7,1,-174.6,time
2024-01-04,2024-01-04 10:10:00-05:00,2024-01-04 11:10:00-05:00,16514.0,16556.2,16443.25,16556.45,1,839.4000000000145,target
2024-01-05,2024-01-05 10:05:00-05:00,2024-01-05 13:15:00-05:00,16540.75,16437.25,16437.5,16602.7,1,-2074.6,stop
2024-01-08,2024-01-08 10:05:00-05:00,2024-01-08 13:40:00-05:00,16641.25,16722.45,16505.5,16722.7,1,1619.4000000000146,target
2024-01-09,2024-01-09 10:10:00-05:00,2024-01-09 11:00:00-05:00,16720.5,16756.25,16660.5,16756.5,1,710.4,target
2024-01-10,2024-01-10 10:45:00-05:00,2024-01-10 13:00:00-05:00,16885.5,16928.45,16813.5,16928.7,1,854.4000000000145,target
2024-01-15,2024-01-15 10:50:00-05:00,2024-01-15 18:00:00-05:00,16968.75,16960.75,16936.25,16988.25,1,-164.6,time
2024-01-16,2024-01-16 10:20:00-05:00,2024-01-16 10:50:00-05:00,16965.0,17030.75,16855.0,17031.0,1,1310.4,target
2024-01-18,2024-01-18 10:40:00-05:00,2024-01-18 11:30:00-05:00,17059.5,17098.1,16994.75,17098.35,1,767.3999999999709,target
2024-01-19,2024-01-19 10:05:00-05:00,2024-01-19 11:05:00-05:00,17217.5,17248.0,17166.25,17248.25,1,605.4,target
2024-01-23,2024-01-23 13:00:00-05:00,2024-01-23 14:00:00-05:00,17490.0,17481.5,17409.5,17538.3,1,-174.6,time
2024-01-24,2024-01-24 10:20:00-05:00,2024-01-24 10:35:00-05:00,17703.25,17742.45,17637.5,17742.7,1,779.4000000000145,target
2024-01-25,2024-01-25 10:30:00-05:00,2024-01-25 12:30:00-05:00,17730.5,17660.25,17660.5,17772.5,1,-1409.6,stop
2024-01-26,2024-01-26 10:30:00-05:00,2024-01-26 10:55:00-05:00,17581.0,17619.0,17517.25,17619.25,1,755.4,target
2024-01-29,2024-01-29 12:15:00-05:00,2024-01-29 14:00:00-05:00,17584.25,17587.75,17529.75,17616.95,1,65.4,time
2024-02-01,2024-02-01 10:10:00-05:00,2024-02-01 10:55:00-05:00,17352.75,17285.0,17285.25,17393.25,1,-1359.6,stop
2024-02-02,2024-02-02 10:45:00-05:00,2024-02-02 14:00:00-05:00,17654.0,17728.75,17465.5,17767.1,1,1490.4,time
2024-02-07,2024-02-07 10:15:00-05:00,2024-02-07 10:25:00-05:00,17807.5,17860.5,17718.75,17860.75,1,1055.4,target
2024-02-08,2024-02-08 10:05:00-05:00,2024-02-08 10:50:00-05:00,17853.0,17879.75,17808.0,17880.0,1,530.4,target
2024-02-09,2024-02-09 10:20:00-05:00,2024-02-09 11:00:00-05:00,17954.75,18002.35,17875.0,18002.6,1,947.3999999999709,target
2024-02-12,2024-02-12 10:45:00-05:00,2024-02-12 11:25:00-05:00,18060.0,18091.4,18007.25,18091.65,1,623.4000000000291,target
2024-02-13,2024-02-13 10:25:00-05:00,2024-02-13 10:35:00-05:00,17705.0,17775.7,17586.75,17775.95,1,1409.4000000000146,target
2024-02-14,2024-02-14 10:20:00-05:00,2024-02-14 11:00:00-05:00,17825.5,17742.75,17743.0,17875.0,1,-1659.6,stop
2024-02-15,2024-02-15 13:20:00-05:00,2024-02-15 14:00:00-05:00,17916.5,17911.0,17810.5,17980.1,1,-114.6,time
2024-02-21,2024-02-21 10:05:00-05:00,2024-02-21 12:10:00-05:00,17522.75,17448.0,17448.25,17567.45,1,-1499.6,stop
2024-02-22,2024-02-22 11:20:00-05:00,2024-02-22 13:35:00-05:00,17971.5,18035.75,17864.0,18036.0,1,1280.4,target
2024-02-26,2024-02-26 11:55:00-05:00,2024-02-26 14:00:00-05:00,18056.0,18014.25,17966.0,18110.0,1,-839.6,time
2024-02-27,2024-02-27 10:20:00-05:00,2024-02-27 12:50:00-05:00,18028.25,17940.75,17941.0,18080.6,1,-1754.6,stop
2024-02-28,2024-02-28 11:05:00-05:00,2024-02-28 14:00:00-05:00,17951.25,17949.0,17876.0,17996.4,1,-49.6,time
2024-03-01,2024-03-01 10:10:00-05:00,2024-03-01 11:05:00-05:00,18173.0,18220.3,18093.75,18220.55,1,941.3999999999854,target
2024-03-06,2024-03-06 12:05:00-05:00,2024-03-06 13:50:00-05:00,18132.0,18036.25,18036.5,18189.3,1,-1919.6,stop
2024-03-07,2024-03-07 10:25:00-05:00,2024-03-07 11:25:00-05:00,18227.0,18291.7,18118.75,18291.95,1,1289.4000000000146,target
2024-03-08,2024-03-08 10:05:00-05:00,2024-03-08 11:05:00-05:00,18396.5,18287.75,18288.0,18461.6,1,-2179.6,stop
2024-03-11,2024-03-11 10:55:00-04:00,2024-03-11 14:00:00-04:00,18009.0,17975.25,17898.25,18075.45,1,-679.6,time
2024-03-12,2024-03-12 10:25:00-04:00,2024-03-12 14:00:00-04:00,18110.25,18154.25,17930.0,18218.4,1,875.4,time
2024-03-18,2024-03-18 10:30:00-04:00,2024-03-18 11:50:00-04:00,18372.5,18277.25,18277.5,18429.5,1,-1909.6,stop
2024-03-19,2024-03-19 11:35:00-04:00,2024-03-19 12:30:00-04:00,18152.5,18211.8,18053.25,18212.05,1,1181.3999999999855,target
2024-03-22,2024-03-22 10:05:00-04:00,2024-03-22 13:05:00-04:00,18557.75,18592.15,18500.0,18592.4,1,683.4000000000291,target
2024-03-25,2024-03-25 10:10:00-04:00,2024-03-25 11:40:00-04:00,18497.0,18546.1,18414.75,18546.35,1,977.3999999999709,target
2024-03-26,2024-03-26 10:05:00-04:00,2024-03-26 10:25:00-04:00,18606.75,18549.75,18550.0,18640.8,1,-1144.6,stop
2024-04-02,2024-04-02 13:05:00-04:00,2024-04-02 14:00:00-04:00,18294.0,18277.5,18223.25,18336.45,1,-334.6,time
2024-04-03,2024-04-03 10:05:00-04:00,2024-04-03 10:30:00-04:00,18352.5,18420.05,18239.5,18420.3,1,1346.3999999999855,target
2024-04-05,2024-04-05 10:15:00-04:00,2024-04-05 11:00:00-04:00,18239.25,18321.05,18102.5,18321.3,1,1631.3999999999855,target
2024-04-08,2024-04-08 10:30:00-04:00,2024-04-08 14:00:00-04:00,18340.0,18307.25,18237.5,18401.5,1,-659.6,time
2024-04-10,2024-04-10 10:40:00-04:00,2024-04-10 14:00:00-04:00,18221.5,18164.5,18107.75,18289.75,1,-1144.6,time
2024-04-11,2024-04-11 11:55:00-04:00,2024-04-11 11:55:00-04:00,18278.75,18312.1,18222.75,18312.35,1,662.3999999999709,target
2024-04-16,2024-04-16 10:15:00-04:00,2024-04-16 13:30:00-04:00,17912.75,17821.75,17822.0,17967.2,1,-1824.6,stop
2024-04-18,2024-04-18 10:40:00-04:00,2024-04-18 13:20:00-04:00,17683.0,17551.75,17552.0,17761.6,1,-2629.6,stop
2024-04-22,2024-04-22 13:30:00-04:00,2024-04-22 13:50:00-04:00,17344.5,17392.55,17264.0,17392.8,1,956.3999999999854,target
2024-04-23,2024-04-23 10:25:00-04:00,2024-04-23 11:00:00-04:00,17530.0,17599.5,17413.75,17599.75,1,1385.4,target
2024-04-25,2024-04-25 10:15:00-04:00,2024-04-25 12:45:00-04:00,17411.5,17473.2,17308.25,17473.45,1,1229.4000000000146,target
2024-04-26,2024-04-26 10:05:00-04:00,2024-04-26 13:15:00-04:00,17808.75,17892.8,17668.25,17893.05,1,1676.3999999999855,target
2024-05-02,2024-05-02 13:30:00-04:00,2024-05-02 14:00:00-04:00,17604.75,17595.25,17483.0,17677.8,1,-194.6,time
2024-05-06,2024-05-06 11:45:00-04:00,2024-05-06 14:00:00-04:00,18111.75,18128.25,18042.75,18153.15,1,325.4,time
2024-05-07,2024-05-07 11:00:00-04:00,2024-05-07 13:55:00-04:00,18250.75,18187.75,18188.0,18288.4,1,-1264.6,stop
2024-05-08,2024-05-08 10:25:00-04:00,2024-05-08 14:00:00-04:00,18194.25,18178.75,18078.5,18263.7,1,-314.6,time
2024-05-09,2024-05-09 10:40:00-04:00,2024-05-09 14:00:00-04:00,18204.25,18206.25,18108.75,18261.55,1,35.4,time
2024-05-14,2024-05-14 10:25:00-04:00,2024-05-14 14:00:00-04:00,18344.0,18331.0,18265.5,18391.1,1,-264.6,time
2024-05-15,2024-05-15 10:25:00-04:00,2024-05-15 11:05:00-04:00,18536.5,18590.1,18446.75,18590.35,1,1067.399999999971,target
2024-05-16,2024-05-16 10:25:00-04:00,2024-05-16 10:55:00-04:00,18718.5,18746.15,18672.0,18746.4,1,548.4000000000291,target
2024-05-17,2024-05-17 10:35:00-04:00,2024-05-17 12:45:00-04:00,18675.5,18620.25,18620.5,18708.5,1,-1109.6,stop
2024-05-20,2024-05-20 10:45:00-04:00,2024-05-20 14:00:00-04:00,18756.25,18745.5,18635.25,18828.85,1,-219.6,time
2024-05-21,2024-05-21 10:05:00-04:00,2024-05-21 10:35:00-04:00,18724.0,18751.35,18678.0,18751.6,1,542.3999999999709,target
2024-05-22,2024-05-22 11:15:00-04:00,2024-05-22 13:35:00-04:00,18834.5,18788.5,18788.75,18861.95,1,-924.6,stop
2024-05-24,2024-05-24 10:15:00-04:00,2024-05-24 10:25:00-04:00,18791.0,18825.85,18732.5,18826.1,1,692.3999999999709,target
2024-05-27,2024-05-27 11:05:00-04:00,2024-05-27 11:45:00-04:00,18913.75,18934.95,18878.0,18935.2,1,419.40000000001453,target
2024-05-28,2024-05-28 13:35:00-04:00,2024-05-28 14:00:00-04:00,18937.0,18902.0,18839.0,18995.8,1,-704.6,time
2024-05-29,2024-05-29 10:25:00-04:00,2024-05-29 14:00:00-04:00,18856.75,18859.0,18761.0,18914.2,1,40.4,time
2024-06-05,2024-06-05 10:25:00-04:00,2024-06-05 10:30:00-04:00,18876.25,18913.5,18813.75,18913.75,1,740.4,target
2024-06-07,2024-06-07 10:40:00-04:00,2024-06-07 12:30:00-04:00,19073.75,19122.25,18992.5,19122.5,1,965.4,target
2024-06-10,2024-06-10 10:30:00-04:00,2024-06-10 11:00:00-04:00,19035.5,19069.9,18977.75,19070.15,1,683.4000000000291,target
2024-06-11,2024-06-11 10:40:00-04:00,2024-06-11 13:50:00-04:00,19092.5,19151.05,18994.5,19151.3,1,1166.3999999999855,target
2024-06-12,2024-06-12 10:15:00-04:00,2024-06-12 14:00:00-04:00,19509.5,19518.25,19374.75,19590.35,1,170.4,time
2024-06-14,2024-06-14 10:25:00-04:00,2024-06-14 14:00:00-04:00,19647.5,19657.25,19557.25,19701.65,1,190.4,time
2024-06-17,2024-06-17 11:00:00-04:00,2024-06-17 11:45:00-04:00,19714.0,19757.85,19640.5,19758.1,1,872.3999999999709,target
2024-06-18,2024-06-18 13:50:00-04:00,2024-06-18 14:00:00-04:00,19949.75,19927.5,19889.75,19985.75,1,-449.6,time
2024-06-24,2024-06-24 10:05:00-04:00,2024-06-24 10:40:00-04:00,19976.0,19866.5,19866.75,20041.55,1,-2194.6,stop
2024-06-25,2024-06-25 10:05:00-04:00,2024-06-25 11:15:00-04:00,19874.75,19924.0,19792.25,19924.25,1,980.4,target
2024-06-26,2024-06-26 10:10:00-04:00,2024-06-26 11:10:00-04:00,20002.5,19919.0,19919.25,20052.45,1,-1674.6,stop
2024-06-27,2024-06-27 10:15:00-04:00,2024-06-27 11:25:00-04:00,20110.75,19989.5,19989.75,20183.35,1,-2429.6,stop
2024-06-28,2024-06-28 10:05:00-04:00,2024-06-28 12:15:00-04:00,20220.0,20039.0,20039.25,20328.45,1,-3624.6,stop
2024-07-01,2024-07-01 12:10:00-04:00,2024-07-01 14:00:00-04:00,20004.75,19999.25,19841.25,20102.85,1,-114.6,time
2024-07-02,2024-07-02 10:55:00-04:00,2024-07-02 13:50:00-04:00,20113.75,20195.7,19976.75,20195.95,1,1634.4000000000146,target
2024-07-03,2024-07-03 10:20:00-04:00,2024-07-03 11:05:00-04:00,20284.0,20324.55,20216.0,20324.8,1,806.3999999999854,target
2024-07-05,2024-07-05 10:05:00-04:00,2024-07-05 11:40:00-04:00,20529.5,20590.0,20428.25,20590.25,1,1205.4,target
2024-07-08,2024-07-08 11:25:00-04:00,2024-07-08 14:00:00-04:00,20658.75,20653.25,20600.5,20693.7,1,-114.6,time
2024-07-10,2024-07-10 10:10:00-04:00,2024-07-10 11:00:00-04:00,20785.75,20721.25,20721.5,20824.3,1,-1294.6,stop
2024-07-12,2024-07-12 10:05:00-04:00,2024-07-12 10:40:00-04:00,20557.25,20636.2,20425.25,20636.45,1,1574.4000000000146,target
2024-07-15,2024-07-15 10:10:00-04:00,2024-07-15 10:50:00-04:00,20668.25,20719.9,20581.75,20720.15,1,1028.4000000000292,target
2024-07-23,2024-07-23 11:15:00-04:00,2024-07-23 12:55:00-04:00,20052.75,19933.25,19933.5,20124.3,1,-2394.6,stop
2024-07-25,2024-07-25 11:15:00-04:00,2024-07-25 13:00:00-04:00,19246.75,19384.65,19016.5,19384.9,1,2753.400000000029,target
2024-07-26,2024-07-26 11:50:00-04:00,2024-07-26 12:40:00-04:00,19190.5,19268.25,19060.5,19268.5,1,1550.4,target
2024-07-31,2024-07-31 10:10:00-04:00,2024-07-31 14:00:00-04:00,19444.5,19431.25,19310.75,19524.75,1,-269.6,time
2024-08-05,2024-08-05 10:05:00-04:00,2024-08-05 14:00:00-04:00,18043.0,18079.25,17509.25,18363.25,1,720.4,time
2024-08-06,2024-08-06 10:05:00-04:00,2024-08-06 10:45:00-04:00,18181.0,18309.75,17966.0,18310.0,1,2570.4,target
2024-08-08,2024-08-08 10:05:00-04:00,2024-08-08 10:35:00-04:00,18275.75,18402.4,18064.25,18402.65,1,2528.400000000029,target
2024-08-09,2024-08-09 10:15:00-04:00,2024-08-09 13:15:00-04:00,18547.0,18621.0,18423.25,18621.25,1,1475.4,target
2024-08-12,2024-08-12 10:20:00-04:00,2024-08-12 11:00:00-04:00,18674.0,18764.05,18523.5,18764.3,1,1796.3999999999855,target
2024-08-13,2024-08-13 10:05:00-04:00,2024-08-13 11:25:00-04:00,18913.25,18971.2,18816.25,18971.45,1,1154.4000000000146,target
2024-08-14,2024-08-14 11:55:00-04:00,2024-08-14 14:00:00-04:00,19176.25,19071.5,19011.0,19275.4,1,-2099.6,time
2024-08-15,2024-08-15 10:25:00-04:00,2024-08-15 11:40:00-04:00,19464.5,19541.2,19336.25,19541.45,1,1529.4000000000146,target
2024-08-16,2024-08-16 10:10:00-04:00,2024-08-16 12:10:00-04:00,19546.5,19596.65,19462.5,19596.9,1,998.4000000000291,target
2024-08-19,2024-08-19 10:55:00-04:00,2024-08-19 13:55:00-04:00,19654.0,19719.45,19544.5,19719.7,1,1304.4000000000146,target
2024-08-21,2024-08-21 10:05:00-04:00,2024-08-21 10:40:00-04:00,19900.25,19952.35,19813.0,19952.6,1,1037.399999999971,target
2024-08-23,2024-08-23 10:05:00-04:00,2024-08-23 10:45:00-04:00,19846.75,19706.25,19706.5,19930.9,1,-2814.6,stop
2024-08-27,2024-08-27 10:15:00-04:00,2024-08-27 10:30:00-04:00,19572.0,19650.05,19441.5,19650.3,1,1556.3999999999855,target
2024-08-29,2024-08-29 10:50:00-04:00,2024-08-29 14:00:00-04:00,19681.0,19633.0,19478.25,19802.65,1,-964.6,time
2024-08-30,2024-08-30 10:05:00-04:00,2024-08-30 10:55:00-04:00,19605.75,19513.75,19514.0,19660.8,1,-1844.6,stop
2024-09-02,2024-09-02 10:40:00-04:00,2024-09-02 18:00:00-04:00,19651.75,19646.25,19613.5,19674.7,1,-114.6,time
2024-09-04,2024-09-04 10:30:00-04:00,2024-09-04 10:55:00-04:00,18992.75,19072.15,18860.0,19072.4,1,1583.4000000000292,target
2024-09-05,2024-09-05 10:05:00-04:00,2024-09-05 11:25:00-04:00,19084.75,18884.75,18885.0,19204.6,1,-4004.6,stop
2024-09-09,2024-09-09 10:15:00-04:00,2024-09-09 10:30:00-04:00,18698.5,18604.5,18604.75,18754.75,1,-1884.6,stop
2024-09-11,2024-09-11 12:30:00-04:00,2024-09-11 13:30:00-04:00,18914.25,18998.6,18773.25,18998.85,1,1682.399999999971,target
2024-09-12,2024-09-12 10:15:00-04:00,2024-09-12 11:10:00-04:00,19312.0,19387.95,19185.0,19388.2,1,1514.4000000000146,target
2024-09-13,2024-09-13 10:10:00-04:00,2024-09-13 13:30:00-04:00,19507.25,19572.4,19398.25,19572.65,1,1298.4000000000292,target
2024-09-17,2024-09-17 10:50:00-04:00,2024-09-17 12:15:00-04:00,19604.25,19475.0,19475.25,19681.65,1,-2589.6,stop
2024-09-19,2024-09-19 10:20:00-04:00,2024-09-19 12:25:00-04:00,19850.0,19923.4,19727.25,19923.65,1,1463.4000000000292,target
2024-09-23,2024-09-23 10:45:00-04:00,2024-09-23 13:00:00-04:00,20104.75,20031.0,20031.25,20148.85,1,-1479.6,stop
2024-09-24,2024-09-24 11:50:00-04:00,2024-09-24 11:55:00-04:00,20164.0,20212.95,20082.0,20213.2,1,974.4000000000145,target
2024-09-25,2024-09-25 10:10:00-04:00,2024-09-25 13:00:00-04:00,20246.0,20137.75,20138.0,20310.8,1,-2169.6,stop
2024-10-02,2024-10-02 10:20:00-04:00,2024-10-02 14:00:00-04:00,19998.0,20044.0,19833.5,20096.7,1,915.4,time
2024-10-03,2024-10-03 10:05:00-04:00,2024-10-03 13:00:00-04:00,20090.75,19894.5,19894.75,20208.35,1,-3929.6,stop
2024-10-07,2024-10-07 10:20:00-04:00,2024-10-07 14:00:00-04:00,20169.25,20148.25,20088.5,20217.7,1,-424.6,time
2024-10-08,2024-10-08 10:05:00-04:00,2024-10-08 10:45:00-04:00,20188.25,20259.1,20069.75,20259.35,1,1412.399999999971,target
2024-10-09,2024-10-09 10:15:00-04:00,2024-10-09 10:25:00-04:00,20301.25,20338.65,20238.5,20338.9,1,743.4000000000291,target
2024-10-10,2024-10-10 10:15:00-04:00,2024-10-10 11:55:00-04:00,20402.25,20462.45,20301.5,20462.7,1,1199.4000000000146,target
2024-10-11,2024-10-11 10:10:00-04:00,2024-10-11 10:25:00-04:00,20414.5,20474.1,20314.75,20474.35,1,1187.399999999971,target
2024-10-18,2024-10-18 10:10:00-04:00,2024-10-18 14:00:00-04:00,20514.25,20485.5,20433.0,20563.0,1,-579.6,time
2024-10-21,2024-10-21 10:10:00-04:00,2024-10-21 10:40:00-04:00,20527.5,20422.5,20422.75,20590.35,1,-2104.6,stop
2024-10-22,2024-10-22 10:10:00-04:00,2024-10-22 13:50:00-04:00,20491.5,20564.45,20369.5,20564.7,1,1454.4000000000146,target
2024-10-24,2024-10-24 13:05:00-04:00,2024-10-24 14:00:00-04:00,20377.0,20345.0,20296.25,20425.45,1,-644.6,time
2024-10-25,2024-10-25 10:05:00-04:00,2024-10-25 13:40:00-04:00,20679.0,20490.0,20490.25,20792.25,1,-3784.6,stop
2024-10-29,2024-10-29 10:05:00-04:00,2024-10-29 10:25:00-04:00,20531.75,20591.2,20432.25,20591.45,1,1184.4000000000146,target
2024-10-30,2024-10-30 10:20:00-04:00,2024-10-30 14:00:00-04:00,20679.5,20575.75,20542.75,20761.55,1,-2079.6,time
2024-11-01,2024-11-01 10:15:00-04:00,2024-11-01 14:00:00-04:00,20215.5,20157.5,20057.5,20310.3,1,-1164.6,time
2024-11-04,2024-11-04 10:20:00-05:00,2024-11-04 14:00:00-05:00,20161.5,20148.5,20013.0,20250.6,1,-264.6,time
2024-11-05,2024-11-05 10:25:00-05:00,2024-11-05 14:00:00-05:00,20305.75,20308.25,20147.0,20401.0,1,45.4,time
2024-11-06,2024-11-06 12:15:00-05:00,2024-11-06 14:00:00-05:00,20813.0,20861.25,20644.0,20914.4,1,960.4,time
2024-11-07,2024-11-07 10:10:00-05:00,2024-11-07 11:45:00-05:00,21116.25,21183.35,21004.0,21183.6,1,1337.399999999971,target
2024-11-08,2024-11-08 13:30:00-05:00,2024-11-08 14:00:00-05:00,21232.75,21250.0,21176.25,21266.65,1,340.4,time
2024-11-13,2024-11-13 12:15:00-05:00,2024-11-13 13:45:00-05:00,21196.0,21240.45,21121.5,21240.7,1,884.4000000000145,target
2024-11-18,2024-11-18 10:05:00-05:00,2024-11-18 10:25:00-05:00,20586.75,20637.95,20501.0,20638.2,1,1019.4000000000145,target
2024-11-19,2024-11-19 10:30:00-05:00,2024-11-19 11:00:00-05:00,20602.5,20658.95,20508.0,20659.2,1,1124.4000000000146,target
2024-11-28,2024-11-28 10:25:00-05:00,2024-11-28 18:00:00-05:00,20899.5,20883.75,20874.0,20914.8,1,-319.6,time
2024-12-02,2024-12-02 10:05:00-05:00,2024-12-02 14:00:00-05:00,21174.75,21212.25,21026.5,21263.7,1,745.4,time
2024-12-03,2024-12-03 10:05:00-05:00,2024-12-03 11:30:00-05:00,21210.5,21256.0,21134.25,21256.25,1,905.4,target
2024-12-04,2024-12-04 10:15:00-05:00,2024-12-04 10:35:00-05:00,21444.75,21478.4,21388.25,21478.65,1,668.4000000000291,target
2024-12-05,2024-12-05 12:15:00-05:00,2024-12-05 13:20:00-05:00,21560.0,21497.5,21497.75,21597.35,1,-1254.6,stop
2024-12-06,2024-12-06 10:15:00-05:00,2024-12-06 14:00:00-05:00,21624.0,21658.25,21486.0,21706.8,1,680.4,time
2024-12-10,2024-12-10 10:10:00-05:00,2024-12-10 10:55:00-05:00,21593.75,21505.25,21505.5,21646.7,1,-1774.6,stop
2024-12-11,2024-12-11 10:10:00-05:00,2024-12-11 14:00:00-05:00,21724.0,21792.75,21573.0,21814.6,1,1370.4,time
2024-12-12,2024-12-12 10:30:00-05:00,2024-12-12 11:05:00-05:00,21707.75,21738.55,21656.0,21738.8,1,611.3999999999854,target
2024-12-16,2024-12-16 10:05:00-05:00,2024-12-16 11:20:00-05:00,21989.5,22045.35,21896.0,22045.6,1,1112.399999999971,target
2024-12-17,2024-12-17 11:40:00-05:00,2024-12-17 14:00:00-05:00,22074.75,22004.0,21977.25,22133.25,1,-1419.6,time
2024-12-18,2024-12-18 10:15:00-05:00,2024-12-18 14:00:00-05:00,22013.0,22000.75,21913.25,22072.85,1,-249.6,time
2024-12-23,2024-12-23 11:55:00-05:00,2024-12-23 14:00:00-05:00,21681.25,21744.75,21553.0,21758.2,1,1265.4,time
2024-12-24,2024-12-24 10:05:00-05:00,2024-12-24 12:50:00-05:00,21928.75,22006.2,21799.25,22006.45,1,1544.4000000000146,target
2024-12-26,2024-12-26 11:15:00-05:00,2024-12-26 14:00:00-05:00,22012.5,22016.5,21870.25,22097.85,1,75.4,time
2024-12-30,2024-12-30 11:40:00-05:00,2024-12-30 12:30:00-05:00,21432.0,21521.0,21283.25,21521.25,1,1775.4,target
2025-01-02,2025-01-02 10:05:00-05:00,2025-01-02 12:25:00-05:00,21413.0,21166.25,21166.5,21560.9,1,-4939.6,stop
2025-01-03,2025-01-03 11:35:00-05:00,2025-01-03 14:00:00-05:00,21452.75,21509.25,21277.75,21557.75,1,1125.4,time
2025-01-06,2025-01-06 10:15:00-05:00,2025-01-06 13:45:00-05:00,21853.0,21723.25,21723.5,21930.7,1,-2599.6,stop
2025-01-08,2025-01-08 10:05:00-05:00,2025-01-08 10:10:00-05:00,21387.75,21285.75,21286.0,21448.8,1,-2044.6,stop
2025-01-13,2025-01-13 10:45:00-05:00,2025-01-13 14:00:00-05:00,20856.0,20891.5,20702.0,20948.4,1,705.4,time
2025-01-15,2025-01-15 10:05:00-05:00,2025-01-15 14:00:00-05:00,21364.25,21380.5,21186.75,21470.75,1,320.4,time
2025-01-17,2025-01-17 13:15:00-05:00,2025-01-17 14:00:00-05:00,21657.5,21631.75,21487.0,21759.8,1,-519.6,time
2025-01-21,2025-01-21 12:50:00-05:00,2025-01-21 14:00:00-05:00,21720.5,21752.5,21572.75,21809.15,1,635.4,time
2025-01-22,2025-01-22 10:15:00-05:00,2025-01-22 14:00:00-05:00,22028.25,22027.25,21902.5,22103.7,1,-24.6,time
2025-01-23,2025-01-23 10:35:00-05:00,2025-01-23 11:30:00-05:00,21920.75,21953.35,21866.0,21953.6,1,647.3999999999709,target
2025-01-27,2025-01-27 10:30:00-05:00,2025-01-27 14:00:00-05:00,21367.75,21151.5,21109.0,21523.0,1,-4329.6,time
2025-01-28,2025-01-28 10:05:00-05:00,2025-01-28 10:25:00-05:00,21357.25,21475.65,21159.5,21475.9,1,2363.400000000029,target
2025-01-31,2025-01-31 10:05:00-05:00,2025-01-31 13:30:00-05:00,21900.5,21764.75,21765.0,21981.8,1,-2719.6,stop
2025-02-03,2025-02-03 10:30:00-05:00,2025-02-03 11:20:00-05:00,21352.5,21460.85,21171.5,21461.1,1,2162.399999999971,target
2025-02-04,2025-02-04 10:05:00-05:00,2025-02-04 14:00:00-05:00,21603.25,21622.5,21405.25,21722.05,1,380.4,time
2025-02-05,2025-02-05 10:40:00-05:00,2025-02-05 11:35:00-05:00,21592.0,21635.55,21519.0,21635.8,1,866.3999999999854,target
2025-02-06,2025-02-06 10:15:00-05:00,2025-02-06 14:00:00-05:00,21836.25,21815.0,21738.25,21895.05,1,-429.6,time
2025-02-10,2025-02-10 10:05:00-05:00,2025-02-10 10:20:00-05:00,21815.0,21857.35,21744.0,21857.6,1,842.3999999999709,target
2025-02-11,2025-02-11 10:25:00-05:00,2025-02-11 14:00:00-05:00,21808.75,21802.0,21700.75,21873.55,1,-139.6,time
2025-02-12,2025-02-12 10:25:00-05:00,2025-02-12 14:00:00-05:00,21718.25,21792.75,21536.25,21827.45,1,1485.4,time
2025-02-13,2025-02-13 10:20:00-05:00,2025-02-13 10:40:00-05:00,21973.5,22056.5,21834.75,22056.75,1,1655.4,target
2025-02-14,2025-02-14 10:10:00-05:00,2025-02-14 13:30:00-05:00,22144.5,22176.95,22090.0,22177.2,1,644.4000000000145,target
2025-02-17,2025-02-17 11:05:00-05:00,2025-02-17 18:00:00-05:00,22245.75,22224.5,22192.5,22277.7,1,-429.6,time
2025-02-19,2025-02-19 11:45:00-05:00,2025-02-19 14:00:00-05:00,22238.0,22232.25,22154.75,22287.95,1,-119.6,time
2025-02-26,2025-02-26 10:15:00-05:00,2025-02-26 13:25:00-05:00,21329.25,21188.75,21189.0,21413.4,1,-2814.6,stop
2025-02-28,2025-02-28 10:15:00-05:00,2025-02-28 14:00:00-05:00,20692.75,20541.25,20460.5,20832.1,1,-3034.6,time
2025-03-04,2025-03-04 13:15:00-05:00,2025-03-04 14:00:00-05:00,20480.75,20499.75,20227.5,20632.7,1,375.4,time
2025-03-05,2025-03-05 10:10:00-05:00,2025-03-05 11:10:00-05:00,20455.0,20270.0,20270.25,20565.85,1,-3704.6,stop
2025-03-06,2025-03-06 10:05:00-05:00,2025-03-06 10:15:00-05:00,20359.25,20437.6,20228.25,20437.85,1,1562.399999999971,target
2025-03-14,2025-03-14 11:05:00-04:00,2025-03-14 14:00:00-04:00,19636.25,19629.75,19450.75,19747.55,1,-134.6,time
2025-03-19,2025-03-19 10:05:00-04:00,2025-03-19 14:00:00-04:00,19658.75,19603.0,19504.25,19751.45,1,-1119.6,time
2025-03-20,2025-03-20 10:05:00-04:00,2025-03-20 14:00:00-04:00,19800.0,19650.5,19554.25,19947.45,1,-2994.6,time
2025-03-24,2025-03-24 10:25:00-04:00,2025-03-24 14:00:00-04:00,20344.25,20342.5,20229.25,20413.25,1,-39.6,time
2025-03-25,2025-03-25 10:25:00-04:00,2025-03-25 10:40:00-04:00,20431.25,20472.7,20361.75,20472.95,1,824.4000000000145,target
2025-03-27,2025-03-27 10:30:00-04:00,2025-03-27 14:00:00-04:00,20120.75,20014.5,19937.25,20230.85,1,-2129.6,time
2025-03-31,2025-03-31 11:25:00-04:00,2025-03-31 14:00:00-04:00,19216.75,19222.25,18976.75,19360.75,1,105.4,time
2025-04-01,2025-04-01 10:55:00-04:00,2025-04-01 11:15:00-04:00,19494.0,19587.2,19338.25,19587.45,1,1859.4000000000146,target
2025-04-02,2025-04-02 10:05:00-04:00,2025-04-02 12:45:00-04:00,19614.25,19792.65,19316.5,19792.9,1,3563.400000000029,target
2025-04-07,2025-04-07 10:15:00-04:00,2025-04-07 14:00:00-04:00,17955.25,17784.5,16673.5,18724.3,1,-3419.6,time
2025-04-08,2025-04-08 10:05:00-04:00,2025-04-08 11:10:00-04:00,18283.0,18059.0,18059.25,18417.25,1,-4484.6,stop
2025-04-09,2025-04-09 13:05:00-04:00,2025-04-09 13:15:00-04:00,17695.25,17990.8,17202.25,17991.05,1,5906.399999999985,target
2025-04-11,2025-04-11 12:35:00-04:00,2025-04-11 13:50:00-04:00,18666.5,18855.4,18351.25,18855.65,1,3773.400000000029,target
2025-04-16,2025-04-16 11:25:00-04:00,2025-04-16 13:30:00-04:00,18705.25,18523.0,18523.25,18814.45,1,-3649.6,stop
2025-04-22,2025-04-22 10:05:00-04:00,2025-04-22 11:00:00-04:00,18265.5,18364.25,18100.5,18364.5,1,1970.4,target
2025-04-23,2025-04-23 10:35:00-04:00,2025-04-23 11:20:00-04:00,19135.25,18916.25,18916.5,19266.5,1,-4384.6,stop
2025-04-24,2025-04-24 10:05:00-04:00,2025-04-24 11:10:00-04:00,19072.75,19208.25,18846.5,19208.5,1,2705.4,target
2025-04-25,2025-04-25 10:10:00-04:00,2025-04-25 10:30:00-04:00,19376.25,19235.5,19235.75,19460.55,1,-2819.6,stop
2025-04-29,2025-04-29 10:10:00-04:00,2025-04-29 14:00:00-04:00,19575.75,19656.25,19403.75,19678.95,1,1605.4,time
2025-04-30,2025-04-30 10:30:00-04:00,2025-04-30 11:20:00-04:00,19309.5,19431.35,19106.0,19431.6,1,2432.399999999971,target
2025-05-01,2025-05-01 10:30:00-04:00,2025-05-01 11:05:00-04:00,19999.25,20082.55,19860.0,20082.8,1,1661.3999999999855,target
2025-05-02,2025-05-02 10:10:00-04:00,2025-05-02 11:45:00-04:00,20131.0,20197.5,20019.75,20197.75,1,1325.4,target
2025-05-05,2025-05-05 10:20:00-04:00,2025-05-05 12:50:00-04:00,20085.25,20145.0,19985.25,20145.25,1,1190.4,target
2025-05-06,2025-05-06 10:20:00-04:00,2025-05-06 11:20:00-04:00,19868.0,19940.35,19747.0,19940.6,1,1442.399999999971,target
2025-05-07,2025-05-07 10:15:00-04:00,2025-05-07 10:50:00-04:00,19946.25,19857.25,19857.5,19999.5,1,-1784.6,stop
2025-05-08,2025-05-08 11:35:00-04:00,2025-05-08 11:40:00-04:00,20193.75,20273.15,20061.0,20273.4,1,1583.4000000000292,target
2025-05-12,2025-05-12 13:10:00-04:00,2025-05-12 14:00:00-04:00,20929.25,20908.75,20746.5,21038.9,1,-414.6,time
2025-05-13,2025-05-13 10:05:00-04:00,2025-05-13 10:15:00-04:00,21142.75,21244.5,20972.75,21244.75,1,2030.4,target
2025-05-14,2025-05-14 12:35:00-04:00,2025-05-14 14:00:00-04:00,21412.0,21365.0,21273.75,21494.95,1,-944.6,time
2025-05-15,2025-05-15 11:05:00-04:00,2025-05-15 11:40:00-04:00,21362.0,21430.3,21247.75,21430.55,1,1361.3999999999855,target
2025-05-16,2025-05-16 13:35:00-04:00,2025-05-16 14:00:00-04:00,21472.0,21445.25,21388.25,21522.25,1,-539.6,time
2025-05-19,2025-05-19 10:05:00-04:00,2025-05-19 13:00:00-04:00,21391.0,21504.0,21202.25,21504.25,1,2255.4,target
2025-05-20,2025-05-20 10:45:00-04:00,2025-05-20 14:00:00-04:00,21445.0,21430.25,21354.75,21499.15,1,-299.6,time
2025-05-21,2025-05-21 10:10:00-04:00,2025-05-21 11:05:00-04:00,21411.75,21492.35,21277.0,21492.6,1,1607.399999999971,target
2025-05-22,2025-05-22 10:05:00-04:00,2025-05-22 14:00:00-04:00,21309.0,21292.0,21113.75,21426.15,1,-344.6,time
2025-05-23,2025-05-23 10:15:00-04:00,2025-05-23 13:15:00-04:00,20970.0,21058.25,20822.5,21058.5,1,1760.4,target
2025-05-27,2025-05-27 10:05:00-04:00,2025-05-27 12:05:00-04:00,21333.25,21417.3,21192.75,21417.55,1,1676.3999999999855,target
2025-05-30,2025-05-30 10:40:00-04:00,2025-05-30 12:25:00-04:00,21395.0,21234.5,21234.75,21491.15,1,-3214.6,stop
2025-06-02,2025-06-02 13:05:00-04:00,2025-06-02 14:00:00-04:00,21458.75,21445.25,21286.75,21561.95,1,-274.6,time
2025-06-03,2025-06-03 10:05:00-04:00,2025-06-03 11:20:00-04:00,21615.75,21679.1,21509.75,21679.35,1,1262.399999999971,target
2025-06-05,2025-06-05 11:00:00-04:00,2025-06-05 12:50:00-04:00,21858.5,21691.25,21691.5,21958.7,1,-3349.6,stop
2025-06-09,2025-06-09 10:10:00-04:00,2025-06-09 10:30:00-04:00,21823.0,21866.1,21750.75,21866.35,1,857.3999999999709,target
2025-06-10,2025-06-10 12:05:00-04:00,2025-06-10 14:00:00-04:00,21894.25,21873.25,21818.0,21940.0,1,-424.6,time
2025-06-11,2025-06-11 10:25:00-04:00,2025-06-11 12:20:00-04:00,22031.0,21915.5,21915.75,22100.15,1,-2314.6,stop
2025-06-12,2025-06-12 10:15:00-04:00,2025-06-12 11:00:00-04:00,21915.25,21973.05,21818.5,21973.3,1,1151.3999999999855,target
2025-06-13,2025-06-13 11:30:00-04:00,2025-06-13 14:00:00-04:00,21797.75,21788.0,21662.0,21879.2,1,-199.6,time
2025-06-16,2025-06-16 10:05:00-04:00,2025-06-16 14:00:00-04:00,21947.25,21938.5,21792.25,22040.25,1,-179.6,time
2025-06-17,2025-06-17 10:15:00-04:00,2025-06-17 12:55:00-04:00,21896.75,21802.0,21802.25,21953.45,1,-1899.6,stop
2025-06-18,2025-06-18 10:15:00-04:00,2025-06-18 14:00:00-04:00,21821.5,21806.75,21704.5,21891.7,1,-299.6,time
2025-06-23,2025-06-23 10:05:00-04:00,2025-06-23 12:35:00-04:00,21957.25,21758.25,21758.5,22076.5,1,-3984.6,stop
2025-06-24,2025-06-24 10:45:00-04:00,2025-06-24 11:45:00-04:00,22337.25,22383.35,22260.0,22383.6,1,917.3999999999709,target
2025-06-26,2025-06-26 10:25:00-04:00,2025-06-26 12:00:00-04:00,22571.5,22628.55,22476.0,22628.8,1,1136.3999999999855,target
2025-06-27,2025-06-27 10:05:00-04:00,2025-06-27 14:00:00-04:00,22794.25,22736.0,22685.25,22859.65,1,-1169.6,time
2025-07-02,2025-07-02 10:05:00-04:00,2025-07-02 10:25:00-04:00,22733.0,22781.8,22651.25,22782.05,1,971.3999999999854,target
2025-07-03,2025-07-03 10:05:00-04:00,2025-07-03 18:00:00-04:00,23038.75,23059.0,22930.25,23103.85,1,400.4,time
2025-07-08,2025-07-08 12:25:00-04:00,2025-07-08 13:15:00-04:00,22947.0,22880.75,22881.0,22986.6,1,-1329.6,stop
2025-07-11,2025-07-11 10:15:00-04:00,2025-07-11 14:00:00-04:00,22978.75,22997.5,22863.0,23048.2,1,370.4,time
2025-07-14,2025-07-14 11:00:00-04:00,2025-07-14 14:00:00-04:00,22991.75,23044.75,22842.25,23081.45,1,1055.4,time
2025-07-17,2025-07-17 10:05:00-04:00,2025-07-17 11:05:00-04:00,23172.75,23236.7,23065.75,23236.95,1,1274.4000000000146,target
2025-07-21,2025-07-21 10:15:00-04:00,2025-07-21 14:00:00-04:00,23399.5,23411.25,23255.25,23486.05,1,230.4,time
2025-07-24,2025-07-24 13:15:00-04:00,2025-07-24 14:00:00-04:00,23411.75,23383.5,23334.25,23458.25,1,-569.6,time
2025-07-25,2025-07-25 10:45:00-04:00,2025-07-25 12:20:00-04:00,23408.75,23455.3,23330.75,23455.55,1,926.3999999999854,target
2025-07-28,2025-07-28 10:10:00-04:00,2025-07-28 11:15:00-04:00,23522.75,23464.5,23464.75,23557.55,1,-1169.6,stop
2025-07-30,2025-07-30 10:55:00-04:00,2025-07-30 14:00:00-04:00,23532.25,23541.75,23450.75,23581.15,1,185.4,time
2025-08-04,2025-08-04 12:10:00-04:00,2025-08-04 14:00:00-04:00,23260.75,23268.0,23088.75,23363.95,1,140.4,time
2025-08-06,2025-08-06 10:05:00-04:00,2025-08-06 11:30:00-04:00,23269.75,23342.25,23148.5,23342.5,1,1445.4,target
2025-08-08,2025-08-08 10:05:00-04:00,2025-08-08 14:00:00-04:00,23649.5,23700.25,23530.0,23721.2,1,1010.4,time
2025-08-11,2025-08-11 10:15:00-04:00,2025-08-11 12:05:00-04:00,23746.5,23785.7,23680.75,23785.95,1,779.4000000000145,target
2025-08-12,2025-08-12 11:10:00-04:00,2025-08-12 12:55:00-04:00,23810.5,23907.0,23649.25,23907.25,1,1925.4,target
2025-08-14,2025-08-14 10:35:00-04:00,2025-08-14 14:00:00-04:00,23972.75,23962.75,23841.25,24051.65,1,-204.6,time
2025-08-21,2025-08-21 10:20:00-04:00,2025-08-21 12:10:00-04:00,23301.75,23175.5,23175.75,23377.35,1,-2529.6,stop
2025-08-22,2025-08-22 10:05:00-04:00,2025-08-22 14:00:00-04:00,23486.25,23606.0,23205.5,23654.7,1,2390.4,time
2025-08-25,2025-08-25 10:05:00-04:00,2025-08-25 11:30:00-04:00,23543.0,23602.6,23443.25,23602.85,1,1187.399999999971,target
2025-08-26,2025-08-26 10:25:00-04:00,2025-08-26 14:00:00-04:00,23540.5,23502.5,23427.0,23608.6,1,-764.6,time
2025-08-27,2025-08-27 10:15:00-04:00,2025-08-27 10:40:00-04:00,23566.25,23613.25,23487.5,23613.5,1,935.4,target
2025-08-28,2025-08-28 12:30:00-04:00,2025-08-28 14:00:00-04:00,23754.75,23766.0,23572.5,23864.1,1,220.4,time
2025-09-01,2025-09-01 11:20:00-04:00,2025-09-01 18:00:00-04:00,23495.25,23502.0,23441.75,23527.35,1,130.4,time
2025-09-02,2025-09-02 10:30:00-04:00,2025-09-02 14:00:00-04:00,23261.5,23188.75,23025.25,23403.25,1,-1459.6,time
2025-09-03,2025-09-03 10:20:00-04:00,2025-09-03 10:40:00-04:00,23442.5,23485.75,23370.0,23486.0,1,860.4,target
2025-09-04,2025-09-04 11:55:00-04:00,2025-09-04 13:50:00-04:00,23551.25,23607.4,23457.25,23607.65,1,1118.4000000000292,target
2025-09-08,2025-09-08 10:45:00-04:00,2025-09-08 13:50:00-04:00,23881.5,23771.5,23771.75,23947.35,1,-2204.6,stop
2025-09-11,2025-09-11 10:35:00-04:00,2025-09-11 14:00:00-04:00,23998.0,24032.5,23909.75,24050.95,1,685.4,time
2025-09-12,2025-09-12 10:25:00-04:00,2025-09-12 10:55:00-04:00,24071.25,24112.85,24001.5,24113.1,1,827.3999999999709,target
2025-09-15,2025-09-15 11:05:00-04:00,2025-09-15 14:00:00-04:00,24266.5,24286.25,24172.75,24322.75,1,390.4,time
2025-09-18,2025-09-18 10:05:00-04:00,2025-09-18 10:30:00-04:00,24478.25,24551.35,24356.0,24551.6,1,1457.399999999971,target
2025-09-22,2025-09-22 10:25:00-04:00,2025-09-22 11:00:00-04:00,24890.25,24935.6,24814.25,24935.85,1,902.3999999999709,target
2025-09-25,2025-09-25 10:20:00-04:00,2025-09-25 14:00:00-04:00,24605.75,24517.25,24422.5,24715.7,1,-1774.6,time
2025-09-29,2025-09-29 10:10:00-04:00,2025-09-29 11:35:00-04:00,24969.25,24848.0,24848.25,25041.85,1,-2429.6,stop
2025-09-30,2025-09-30 11:00:00-04:00,2025-09-30 14:00:00-04:00,24842.75,24768.25,24722.25,24915.05,1,-1494.6,time
2025-10-01,2025-10-01 10:20:00-04:00,2025-10-01 11:55:00-04:00,24858.0,24936.95,24726.0,24937.2,1,1574.4000000000146,target
2025-10-06,2025-10-06 13:25:00-04:00,2025-10-06 14:00:00-04:00,25225.25,25227.5,25116.75,25290.35,1,40.4,time
2025-10-08,2025-10-08 10:05:00-04:00,2025-10-08 13:45:00-04:00,25203.5,25280.95,25074.0,25281.2,1,1544.4000000000146,target
2025-10-13,2025-10-13 10:05:00-04:00,2025-10-13 14:00:00-04:00,24904.25,24926.0,24724.5,25012.1,1,430.4,time
2025-10-14,2025-10-14 10:25:00-04:00,2025-10-14 12:20:00-04:00,24688.25,24848.35,24421.0,24848.6,1,3197.399999999971,target
2025-10-15,2025-10-15 10:05:00-04:00,2025-10-15 11:50:00-04:00,25038.75,24896.75,24897.0,25123.8,1,-2844.6,stop
2025-10-16,2025-10-16 10:40:00-04:00,2025-10-16 11:25:00-04:00,25126.5,25026.5,25026.75,25186.35,1,-2004.6,stop
2025-10-17,2025-10-17 10:15:00-04:00,2025-10-17 14:00:00-04:00,24931.5,24935.0,24672.5,25086.9,1,65.4,time
2025-10-20,2025-10-20 10:10:00-04:00,2025-10-20 11:45:00-04:00,25248.75,25328.9,25114.75,25329.15,1,1598.4000000000292,target
2025-10-21,2025-10-21 11:50:00-04:00,2025-10-21 14:00:00-04:00,25309.0,25313.25,25211.5,25367.5,1,80.4,time
2025-10-23,2025-10-23 10:40:00-04:00,2025-10-23 14:00:00-04:00,25187.0,25279.25,24999.0,25299.8,1,1840.4,time
2025-10-24,2025-10-24 10:15:00-04:00,2025-10-24 14:00:00-04:00,25538.75,25548.75,25429.75,25604.15,1,195.4,time
2025-10-27,2025-10-27 10:05:00-04:00,2025-10-27 11:40:00-04:00,25866.75,25908.65,25796.5,25908.9,1,833.4000000000291,target
2025-10-28,2025-10-28 12:35:00-04:00,2025-10-28 13:50:00-04:00,26109.5,26157.25,26029.5,26157.5,1,950.4,target
2025-11-05,2025-11-05 10:40:00-05:00,2025-11-05 13:15:00-05:00,25704.25,25833.75,25488.0,25834.0,1,2585.4,target
2025-11-10,2025-11-10 13:40:00-05:00,2025-11-10 14:00:00-05:00,25668.5,25647.0,25525.25,25754.45,1,-434.6,time
2025-11-11,2025-11-11 13:20:00-05:00,2025-11-11 14:00:00-05:00,25657.25,25690.25,25560.25,25715.45,1,655.4,time
2025-11-14,2025-11-14 10:30:00-05:00,2025-11-14 11:25:00-05:00,25010.5,25240.95,24626.0,25241.2,1,4604.400000000014,target
2025-11-19,2025-11-19 10:05:00-05:00,2025-11-19 12:30:00-05:00,24924.75,24572.25,24572.5,25136.1,1,-7054.6,stop
2025-11-20,2025-11-20 10:40:00-05:00,2025-11-20 11:00:00-05:00,25292.0,25145.75,25146.0,25379.6,1,-2929.6,stop
2025-11-21,2025-11-21 12:00:00-05:00,2025-11-21 13:50:00-05:00,24372.0,24534.05,24101.5,24534.3,1,3236.3999999999855,target
2025-11-24,2025-11-24 10:05:00-05:00,2025-11-24 11:10:00-05:00,24734.75,24865.3,24516.75,24865.55,1,2606.3999999999855,target
2025-11-25,2025-11-25 11:55:00-05:00,2025-11-25 14:00:00-05:00,24898.0,25023.75,24602.0,25075.6,1,2510.4,time
2025-11-26,2025-11-26 11:05:00-05:00,2025-11-26 11:40:00-05:00,25292.25,25374.2,25155.25,25374.45,1,1634.4000000000146,target
2025-11-28,2025-11-28 11:10:00-05:00,2025-11-28 13:00:00-05:00,25434.25,25495.95,25331.0,25496.2,1,1229.4000000000146,target
2025-12-01,2025-12-01 10:55:00-05:00,2025-12-01 14:00:00-05:00,25409.75,25486.5,25209.25,25530.05,1,1530.4,time
2025-12-02,2025-12-02 10:05:00-05:00,2025-12-02 11:20:00-05:00,25635.75,25471.0,25471.25,25734.45,1,-3299.6,stop
2025-12-03,2025-12-03 10:05:00-05:00,2025-12-03 14:00:00-05:00,25572.0,25628.25,25430.0,25657.2,1,1120.4,time
2025-12-05,2025-12-05 10:05:00-05:00,2025-12-05 11:30:00-05:00,25812.5,25673.25,25673.5,25895.9,1,-2789.6,stop
2025-12-09,2025-12-09 10:30:00-05:00,2025-12-09 11:55:00-05:00,25657.0,25714.95,25560.0,25715.2,1,1154.4000000000146,target
2025-12-11,2025-12-11 13:40:00-05:00,2025-12-11 14:00:00-05:00,25663.0,25636.5,25400.5,25820.5,1,-534.6,time
2025-12-18,2025-12-18 10:35:00-05:00,2025-12-18 14:00:00-05:00,25130.25,25102.75,24929.5,25250.7,1,-554.6,time
2025-12-23,2025-12-23 11:45:00-05:00,2025-12-23 14:00:00-05:00,25752.5,25773.75,25638.0,25821.2,1,420.4,time
2025-12-24,2025-12-24 10:15:00-05:00,2025-12-24 11:20:00-05:00,25828.25,25854.55,25784.0,25854.8,1,521.3999999999854,target
2025-12-30,2025-12-30 11:25:00-05:00,2025-12-30 14:00:00-05:00,25782.75,25732.25,25674.25,25847.85,1,-1014.6,time
2026-01-05,2026-01-05 10:30:00-05:00,2026-01-05 14:00:00-05:00,25674.5,25612.5,25538.5,25756.1,1,-1244.6,time
2026-01-06,2026-01-06 10:25:00-05:00,2026-01-06 14:00:00-05:00,25763.5,25804.75,25608.0,25856.8,1,820.4,time
2026-01-07,2026-01-07 10:35:00-05:00,2026-01-07 11:45:00-05:00,25882.25,25948.75,25771.0,25949.0,1,1325.4,target
2026-01-09,2026-01-09 10:25:00-05:00,2026-01-09 11:10:00-05:00,25800.25,25891.05,25648.5,25891.3,1,1811.3999999999855,target
2026-01-12,2026-01-12 11:10:00-05:00,2026-01-12 14:00:00-05:00,25925.75,25978.25,25743.5,26035.1,1,1045.4,time
2026-01-19,2026-01-19 10:05:00-05:00,2026-01-19 12:05:00-05:00,25335.0,25393.85,25236.5,25394.1,1,1172.399999999971,target
2026-01-20,2026-01-20 10:35:00-05:00,2026-01-20 13:30:00-05:00,25385.75,25233.5,25233.75,25476.95,1,-3049.6,stop
2026-01-21,2026-01-21 10:20:00-05:00,2026-01-21 10:50:00-05:00,25347.75,25479.65,25127.5,25479.9,1,2633.400000000029,target
2026-01-23,2026-01-23 10:05:00-05:00,2026-01-23 10:45:00-05:00,25712.0,25801.45,25562.5,25801.7,1,1784.4000000000146,target
2026-01-26,2026-01-26 10:20:00-05:00,2026-01-26 14:00:00-05:00,25871.5,25898.0,25704.25,25971.85,1,525.4,time
2026-01-27,2026-01-27 10:10:00-05:00,2026-01-27 14:00:00-05:00,26066.75,26089.75,25917.25,26156.45,1,455.4,time
2026-02-02,2026-02-02 10:10:00-05:00,2026-02-02 14:00:00-05:00,25831.25,25941.5,25539.75,26006.15,1,2200.4,time
2026-02-06,2026-02-06 11:15:00-05:00,2026-02-06 14:00:00-05:00,25002.5,25084.0,24700.75,25183.55,1,1625.4,time
2026-02-09,2026-02-09 10:10:00-05:00,2026-02-09 11:25:00-05:00,25198.75,25344.45,24955.5,25344.7,1,2909.4000000000146,target
2026-02-10,2026-02-10 10:10:00-05:00,2026-02-10 14:00:00-05:00,25435.5,25312.25,25255.75,25543.35,1,-2469.6,time
2026-02-13,2026-02-13 10:35:00-05:00,2026-02-13 14:00:00-05:00,24908.25,24940.25,24578.75,25105.95,1,635.4,time
2026-02-16,2026-02-16 10:05:00-05:00,2026-02-16 10:30:00-05:00,24788.0,24692.5,24692.75,24845.15,1,-1914.6,stop
2026-02-17,2026-02-17 13:40:00-05:00,2026-02-17 14:00:00-05:00,24818.75,24845.25,24475.0,25025.0,1,525.4,time
2026-02-18,2026-02-18 10:05:00-05:00,2026-02-18 14:00:00-05:00,25017.0,25025.5,24752.0,25176.0,1,165.4,time
2026-02-19,2026-02-19 10:05:00-05:00,2026-02-19 13:20:00-05:00,24925.25,24762.75,24763.0,25022.6,1,-3254.6,stop
2026-02-20,2026-02-20 10:05:00-05:00,2026-02-20 14:00:00-05:00,24975.0,25098.25,24678.5,25152.9,1,2460.4,time
2026-02-24,2026-02-24 10:30:00-05:00,2026-02-24 14:00:00-05:00,25011.5,25029.75,24694.5,25201.7,1,360.4,time
2026-02-25,2026-02-25 13:55:00-05:00,2026-02-25 14:00:00-05:00,25354.5,25350.0,25156.75,25473.15,1,-94.6,time
2026-02-27,2026-02-27 10:10:00-05:00,2026-02-27 14:00:00-05:00,24956.25,24902.25,24782.0,25060.8,1,-1084.6,time
2026-03-02,2026-03-02 10:10:00-05:00,2026-03-02 14:00:00-05:00,24903.0,24971.75,24605.0,25081.8,1,1370.4,time
2026-03-03,2026-03-03 11:50:00-05:00,2026-03-03 13:40:00-05:00,24690.75,24816.8,24480.25,24817.05,1,2516.3999999999855,target
2026-03-04,2026-03-04 10:10:00-05:00,2026-03-04 10:25:00-05:00,24995.25,25096.55,24826.0,25096.8,1,2021.3999999999855,target
2026-03-06,2026-03-06 10:05:00-05:00,2026-03-06 10:30:00-05:00,24765.5,24859.3,24608.75,24859.55,1,1871.3999999999855,target
2026-03-09,2026-03-09 10:45:00-04:00,2026-03-09 12:00:00-04:00,24535.75,24669.15,24313.0,24669.4,1,2663.400000000029,target
2026-03-10,2026-03-10 10:40:00-04:00,2026-03-10 11:00:00-04:00,25092.0,25178.6,24947.25,25178.85,1,1727.399999999971,target
2026-03-11,2026-03-11 10:05:00-04:00,2026-03-11 10:25:00-04:00,25121.75,25015.0,25015.25,25185.65,1,-2139.6,stop
2026-03-16,2026-03-16 10:25:00-04:00,2026-03-16 10:50:00-04:00,24751.75,24622.75,24623.0,24829.0,1,-2584.6,stop
2026-03-19,2026-03-19 11:05:00-04:00,2026-03-19 14:00:00-04:00,24312.25,24239.0,24115.0,24430.6,1,-1469.6,time
2026-03-23,2026-03-23 10:20:00-04:00,2026-03-23 11:50:00-04:00,24643.25,24432.25,24432.5,24769.7,1,-4224.6,stop
2026-03-24,2026-03-24 11:20:00-04:00,2026-03-24 14:00:00-04:00,24333.5,24242.75,24134.0,24453.2,1,-1819.6,time
2026-03-31,2026-03-31 12:40:00-04:00,2026-03-31 12:40:00-04:00,23667.75,23840.9,23378.75,23841.15,1,3458.400000000029,target
2026-04-01,2026-04-01 10:40:00-04:00,2026-04-01 11:55:00-04:00,24213.75,24315.8,24043.25,24316.05,1,2036.3999999999855,target
2026-04-02,2026-04-02 10:10:00-04:00,2026-04-02 10:35:00-04:00,23930.5,24081.75,23678.0,24082.0,1,3020.4,target
2026-04-09,2026-04-09 11:35:00-04:00,2026-04-09 11:55:00-04:00,25123.0,25193.25,25005.5,25193.5,1,1400.4,target
2026-04-10,2026-04-10 11:15:00-04:00,2026-04-10 11:40:00-04:00,25369.0,25290.25,25290.5,25416.1,1,-1579.6,stop
2026-04-13,2026-04-13 10:05:00-04:00,2026-04-13 12:35:00-04:00,25317.0,25410.95,25160.0,25411.2,1,1874.4000000000146,target
2026-04-14,2026-04-14 10:15:00-04:00,2026-04-14 11:30:00-04:00,25775.25,25846.55,25656.0,25846.8,1,1421.3999999999855,target
2026-04-15,2026-04-15 10:05:00-04:00,2026-04-15 10:20:00-04:00,26074.75,26130.0,25982.25,26130.25,1,1100.4,target
2026-04-16,2026-04-16 11:10:00-04:00,2026-04-16 14:00:00-04:00,26465.25,26460.0,26275.5,26579.1,1,-109.6,time
2026-04-17,2026-04-17 10:05:00-04:00,2026-04-17 10:40:00-04:00,26750.5,26822.85,26629.5,26823.1,1,1442.399999999971,target
2026-04-21,2026-04-21 10:10:00-04:00,2026-04-21 11:00:00-04:00,26861.0,26726.5,26726.75,26941.55,1,-2694.6,stop
2026-04-22,2026-04-22 10:15:00-04:00,2026-04-22 10:25:00-04:00,26923.25,26990.05,26811.5,26990.3,1,1331.3999999999855,target
2026-04-23,2026-04-23 11:05:00-04:00,2026-04-23 13:05:00-04:00,27105.75,26964.75,26965.0,27190.2,1,-2824.6,stop
2026-04-24,2026-04-24 10:50:00-04:00,2026-04-24 11:30:00-04:00,27261.5,27340.0,27130.25,27340.25,1,1565.4,target
2026-04-27,2026-04-27 13:35:00-04:00,2026-04-27 14:00:00-04:00,27438.25,27428.25,27298.5,27522.1,1,-204.6,time
2026-04-29,2026-04-29 10:25:00-04:00,2026-04-29 14:00:00-04:00,27244.0,27249.25,27124.25,27315.85,1,100.4,time
2026-04-30,2026-04-30 13:40:00-04:00,2026-04-30 14:00:00-04:00,27498.5,27543.25,27203.0,27675.8,1,890.4,time
2026-05-01,2026-05-01 10:05:00-04:00,2026-05-01 14:00:00-04:00,27888.0,27883.0,27617.75,28050.15,1,-104.6,time
2026-05-04,2026-05-04 10:20:00-04:00,2026-05-04 11:15:00-04:00,27906.0,27808.0,27808.25,27964.65,1,-1964.6,stop
2026-05-05,2026-05-05 10:30:00-04:00,2026-05-05 14:00:00-04:00,28119.75,28159.25,27971.0,28209.0,1,785.4,time
2026-05-06,2026-05-06 10:45:00-04:00,2026-05-06 14:00:00-04:00,28521.25,28599.25,28336.0,28632.4,1,1555.4,time
2026-05-07,2026-05-07 10:05:00-04:00,2026-05-07 10:20:00-04:00,28809.5,28870.15,28708.0,28870.4,1,1208.4000000000292,target
2026-05-08,2026-05-08 10:05:00-04:00,2026-05-08 13:00:00-04:00,29116.0,29269.65,28859.5,29269.9,1,3068.400000000029,target
2026-05-11,2026-05-11 11:50:00-04:00,2026-05-11 14:00:00-04:00,29440.0,29441.75,29281.5,29535.1,1,30.4,time
2026-05-13,2026-05-13 10:55:00-04:00,2026-05-13 12:55:00-04:00,29310.0,29450.75,29075.0,29451.0,1,2810.4,target
2026-05-14,2026-05-14 10:45:00-04:00,2026-05-14 14:00:00-04:00,29686.75,29730.5,29458.5,29823.7,1,870.4,time
2026-05-15,2026-05-15 10:15:00-04:00,2026-05-15 13:25:00-04:00,29301.0,29427.5,29089.75,29427.75,1,2525.4,target
2026-05-19,2026-05-19 13:10:00-04:00,2026-05-19 14:00:00-04:00,29069.75,29069.0,28850.25,29201.45,1,-19.6,time
2026-05-20,2026-05-20 10:30:00-04:00,2026-05-20 11:15:00-04:00,29209.0,29320.2,29023.25,29320.45,1,2219.4000000000146,target
2026-05-21,2026-05-21 10:10:00-04:00,2026-05-21 10:20:00-04:00,29321.0,29173.75,29174.0,29409.2,1,-2949.6,stop
2026-05-22,2026-05-22 13:30:00-04:00,2026-05-22 14:00:00-04:00,29736.75,29679.0,29551.25,29848.05,1,-1159.6,time
2026-05-26,2026-05-26 10:15:00-04:00,2026-05-26 14:00:00-04:00,30029.0,29996.25,29826.75,30150.35,1,-659.6,time
2026-05-28,2026-05-28 10:15:00-04:00,2026-05-28 12:20:00-04:00,30161.25,30305.6,29920.25,30305.85,1,2882.399999999971,target
2026-06-01,2026-06-01 11:25:00-04:00,2026-06-01 12:55:00-04:00,30477.5,30580.15,30306.0,30580.4,1,2048.400000000029,target
2026-06-02,2026-06-02 10:10:00-04:00,2026-06-02 14:00:00-04:00,30612.25,30628.25,30423.75,30725.35,1,315.4,time
2026-06-04,2026-06-04 11:05:00-04:00,2026-06-04 12:20:00-04:00,30370.0,30479.1,30187.75,30479.35,1,2177.399999999971,target
2026-06-08,2026-06-08 10:40:00-04:00,2026-06-08 11:10:00-04:00,29586.5,29733.55,29341.0,29733.8,1,2936.3999999999855,target
2026-06-10,2026-06-10 10:25:00-04:00,2026-06-10 11:10:00-04:00,29217.75,28772.25,28772.5,29484.9,1,-8914.6,stop
2026-06-11,2026-06-11 10:05:00-04:00,2026-06-11 10:55:00-04:00,29039.5,28650.5,28650.75,29272.75,1,-7784.6,stop
2026-06-12,2026-06-12 10:10:00-04:00,2026-06-12 14:00:00-04:00,29578.5,29683.75,29230.0,29787.6,1,2100.4,time
2026-06-15,2026-06-15 11:05:00-04:00,2026-06-15 14:00:00-04:00,30502.5,30555.25,30302.25,30622.65,1,1050.4,time
2026-06-22,2026-06-22 10:10:00-04:00,2026-06-22 10:25:00-04:00,30950.5,30756.5,30756.75,31066.75,1,-3884.6,stop
2026-06-23,2026-06-23 10:05:00-04:00,2026-06-23 14:00:00-04:00,29986.75,29732.5,29616.5,30208.9,1,-5089.6,time
2026-06-24,2026-06-24 11:00:00-04:00,2026-06-24 13:05:00-04:00,29891.5,29562.0,29562.25,30089.05,1,-6594.6,stop
2026-06-26,2026-06-26 10:05:00-04:00,2026-06-26 14:00:00-04:00,29534.5,29545.0,29181.5,29746.3,1,205.4,time
2026-06-29,2026-06-29 12:05:00-04:00,2026-06-29 14:00:00-04:00,29868.5,30003.75,29557.0,30055.4,1,2700.4,time
2026-06-30,2026-06-30 10:05:00-04:00,2026-06-30 14:00:00-04:00,30392.0,30524.5,30033.0,30607.4,1,2645.4,time
2026-07-01,2026-07-01 10:10:00-04:00,2026-07-01 14:00:00-04:00,30296.75,30164.0,30087.75,30422.15,1,-2659.6,time
2026-07-06,2026-07-06 10:15:00-04:00,2026-07-06 14:00:00-04:00,30022.0,29896.0,29776.25,30169.45,1,-2524.6,time
2026-07-08,2026-07-08 13:25:00-04:00,2026-07-08 14:00:00-04:00,29420.75,29352.0,29201.0,29552.6,1,-1379.6,time
2026-07-09,2026-07-09 13:10:00-04:00,2026-07-09 14:00:00-04:00,29942.0,29974.5,29672.0,30104.0,1,645.4,time
2026-07-10,2026-07-10 11:30:00-04:00,2026-07-10 14:00:00-04:00,29980.25,30038.75,29798.0,30089.6,1,1165.4,time
2026-07-14,2026-07-14 11:10:00-04:00,2026-07-14 14:00:00-04:00,29857.75,29862.75,29685.0,29961.4,1,95.4,time
2026-07-17,2026-07-17 10:05:00-04:00,2026-07-17 11:55:00-04:00,28718.25,28904.0,28408.25,28904.25,1,3710.4,target
2026-07-21,2026-07-21 11:10:00-04:00,2026-07-21 14:00:00-04:00,29274.5,29341.25,29092.5,29383.7,1,1330.4,time
2026-07-22,2026-07-22 11:10:00-04:00,2026-07-22 14:00:00-04:00,29292.75,29243.75,29090.0,29414.4,1,-984.6,time
2026-07-28,2026-07-28 11:40:00-04:00,2026-07-28 14:00:00-04:00,28005.75,27973.75,27641.75,28224.15,1,-644.6,time
2026-07-30,2026-07-30 10:25:00-04:00,2026-07-30 14:00:00-04:00,28164.25,28177.25,27813.25,28374.85,1,255.4,time
2026-08-03,2026-08-03 10:25:00-04:00,2026-08-03 13:20:00-04:00,28662.25,28871.25,28313.5,28871.5,1,4175.4,target
2026-08-04,2026-08-04 10:10:00-04:00,2026-08-04 12:15:00-04:00,29518.75,29704.8,29208.25,29705.05,1,3716.3999999999855,target
2026-08-06,2026-08-06 10:10:00-04:00,2026-08-06 14:00:00-04:00,29580.25,29528.75,29241.25,29783.65,1,-1034.6,time
2026-08-07,2026-08-07 11:30:00-04:00,2026-08-07 14:00:00-04:00,29826.25,29743.25,29643.75,29935.75,1,-1664.6,time
2026-08-10,2026-08-10 10:10:00-04:00,2026-08-10 14:00:00-04:00,29875.0,29758.75,29718.75,29968.75,1,-2329.6,time
2026-08-13,2026-08-13 10:15:00-04:00,2026-08-13 14:00:00-04:00,30206.5,30204.75,29863.5,30412.3,1,-39.6,time
2026-08-17,2026-08-17 11:05:00-04:00,2026-08-17 13:05:00-04:00,30269.0,30165.25,30165.5,30331.1,1,-2079.6,stop
2026-08-27,2026-08-27 10:30:00-04:00,2026-08-27 14:00:00-04:00,29606.75,29611.75,29423.75,29716.55,1,95.4,time
2026-08-28,2026-08-28 10:45:00-04:00,2026-08-28 11:55:00-04:00,29735.0,29562.5,29562.75,29838.35,1,-3454.6,stop
2026-09-01,2026-09-01 10:25:00-04:00,2026-09-01 10:40:00-04:00,29161.5,29234.0,29040.25,29234.25,1,1445.4,target
2026-09-02,2026-09-02 10:15:00-04:00,2026-09-02 10:30:00-04:00,29128.0,29194.2,29017.25,29194.45,1,1319.4000000000146,target
2026-09-03,2026-09-03 11:05:00-04:00,2026-09-03 14:00:00-04:00,29437.25,29543.25,29199.5,29579.9,1,2115.4,time
2026-09-09,2026-09-09 10:05:00-04:00,2026-09-09 11:10:00-04:00,29578.5,29418.0,29418.25,29674.65,1,-3214.6,stop
2026-09-10,2026-09-10 10:25:00-04:00,2026-09-10 14:00:00-04:00,29229.75,29186.0,29057.5,29333.1,1,-879.6,time
2026-09-11,2026-09-11 11:30:00-04:00,2026-09-11 14:00:00-04:00,29485.5,29452.0,29347.25,29568.45,1,-674.6,time
2026-09-14,2026-09-14 10:10:00-04:00,2026-09-14 11:35:00-04:00,29065.5,29177.3,28878.75,29177.55,1,2231.3999999999855,target
2026-09-16,2026-09-16 11:00:00-04:00,2026-09-16 14:00:00-04:00,29204.25,29182.75,29081.5,29277.9,1,-434.6,time
2026-09-17,2026-09-17 11:45:00-04:00,2026-09-17 14:00:00-04:00,29443.25,29447.0,29309.0,29523.8,1,70.4,time
2026-09-21,2026-09-21 10:15:00-04:00,2026-09-21 11:00:00-04:00,30437.75,30570.25,30216.5,30570.5,1,2645.4,target
2026-09-22,2026-09-22 10:15:00-04:00,2026-09-22 14:00:00-04:00,30961.25,30977.0,30763.5,31079.9,1,310.4,time
2026-09-24,2026-09-24 10:30:00-04:00,2026-09-24 12:15:00-04:00,30630.25,30712.2,30493.25,30712.45,1,1634.4000000000146,target
